[2024-06-07T19:23:09.863111+00:00] main.DEBUG: cache_invalidate:  {"method":"GET","url":"http:/","invalidateInfo":{"tags":["CONFIG"],"mode":"matchingTag"}} []
[2024-06-07T19:23:09.865660+00:00] main.DEBUG: cache_invalidate:  {"method":"GET","url":"http:/","invalidateInfo":{"tags":["LAYOUT_GENERAL_CACHE_TAG"],"mode":"matchingTag"}} []
[2024-06-07T19:23:09.869685+00:00] main.DEBUG: cache_invalidate:  {"method":"GET","url":"http:/","invalidateInfo":{"tags":["BLOCK_HTML"],"mode":"matchingTag"}} []
[2024-06-07T19:23:09.872566+00:00] main.DEBUG: cache_invalidate:  {"method":"GET","url":"http:/","invalidateInfo":{"tags":["COLLECTION_DATA"],"mode":"matchingTag"}} []
[2024-06-07T19:23:09.875789+00:00] main.DEBUG: cache_invalidate:  {"method":"GET","url":"http:/","invalidateInfo":{"tags":["REFLECTION"],"mode":"matchingTag"}} []
[2024-06-07T19:23:09.878010+00:00] main.DEBUG: cache_invalidate:  {"method":"GET","url":"http:/","invalidateInfo":{"tags":["DB_DDL"],"mode":"matchingTag"}} []
[2024-06-07T19:23:09.880833+00:00] main.DEBUG: cache_invalidate:  {"method":"GET","url":"http:/","invalidateInfo":{"tags":["COMPILED_CONFIG"],"mode":"matchingTag"}} []
[2024-06-07T19:23:09.883322+00:00] main.DEBUG: cache_invalidate:  {"method":"GET","url":"http:/","invalidateInfo":{"tags":["EAV"],"mode":"matchingTag"}} []
[2024-06-07T19:23:09.885837+00:00] main.DEBUG: cache_invalidate:  {"method":"GET","url":"http:/","invalidateInfo":{"tags":["CUSTOMER_NOTIFICATION"],"mode":"matchingTag"}} []
[2024-06-07T19:23:09.888224+00:00] main.DEBUG: cache_invalidate:  {"method":"GET","url":"http:/","invalidateInfo":{"tags":["INTEGRATION"],"mode":"matchingTag"}} []
[2024-06-07T19:23:09.890892+00:00] main.DEBUG: cache_invalidate:  {"method":"GET","url":"http:/","invalidateInfo":{"tags":["INTEGRATION_API_CONFIG"],"mode":"matchingTag"}} []
[2024-06-07T19:23:09.947339+00:00] main.DEBUG: cache_invalidate:  {"method":"GET","url":"http:/","invalidateInfo":{"tags":["FPC"],"mode":"matchingTag"}} []
[2024-06-07T19:23:09.950090+00:00] main.DEBUG: cache_invalidate:  {"method":"GET","url":"http:/","invalidateInfo":{"tags":["WEBSERVICE"],"mode":"matchingTag"}} []
[2024-06-07T19:23:09.953109+00:00] main.DEBUG: cache_invalidate:  {"method":"GET","url":"http:/","invalidateInfo":{"tags":["TRANSLATE"],"mode":"matchingTag"}} []
[2024-06-07T19:23:21.458869+00:00] main.DEBUG: cache_invalidate:  {"method":"GET","url":"http:/","invalidateInfo":{"tags":["CONFIG"],"mode":"matchingTag"}} []
[2024-06-07T19:23:21.571541+00:00] main.DEBUG: cache_invalidate:  {"method":"GET","url":"http:/","invalidateInfo":{"tags":["CONFIG"],"mode":"matchingTag"}} []
[2024-06-07T19:23:21.574272+00:00] main.DEBUG: cache_invalidate:  {"method":"GET","url":"http:/","invalidateInfo":{"tags":["LAYOUT_GENERAL_CACHE_TAG"],"mode":"matchingTag"}} []
[2024-06-07T19:23:21.578151+00:00] main.DEBUG: cache_invalidate:  {"method":"GET","url":"http:/","invalidateInfo":{"tags":["BLOCK_HTML"],"mode":"matchingTag"}} []
[2024-06-07T19:23:21.580590+00:00] main.DEBUG: cache_invalidate:  {"method":"GET","url":"http:/","invalidateInfo":{"tags":["COLLECTION_DATA"],"mode":"matchingTag"}} []
[2024-06-07T19:23:21.583703+00:00] main.DEBUG: cache_invalidate:  {"method":"GET","url":"http:/","invalidateInfo":{"tags":["REFLECTION"],"mode":"matchingTag"}} []
[2024-06-07T19:23:21.586065+00:00] main.DEBUG: cache_invalidate:  {"method":"GET","url":"http:/","invalidateInfo":{"tags":["DB_DDL"],"mode":"matchingTag"}} []
[2024-06-07T19:23:21.588204+00:00] main.DEBUG: cache_invalidate:  {"method":"GET","url":"http:/","invalidateInfo":{"tags":["COMPILED_CONFIG"],"mode":"matchingTag"}} []
[2024-06-07T19:23:21.590995+00:00] main.DEBUG: cache_invalidate:  {"method":"GET","url":"http:/","invalidateInfo":{"tags":["EAV"],"mode":"matchingTag"}} []
[2024-06-07T19:23:21.593427+00:00] main.DEBUG: cache_invalidate:  {"method":"GET","url":"http:/","invalidateInfo":{"tags":["CUSTOMER_NOTIFICATION"],"mode":"matchingTag"}} []
[2024-06-07T19:23:21.596180+00:00] main.DEBUG: cache_invalidate:  {"method":"GET","url":"http:/","invalidateInfo":{"tags":["INTEGRATION"],"mode":"matchingTag"}} []
[2024-06-07T19:23:21.599143+00:00] main.DEBUG: cache_invalidate:  {"method":"GET","url":"http:/","invalidateInfo":{"tags":["INTEGRATION_API_CONFIG"],"mode":"matchingTag"}} []
[2024-06-07T19:23:21.602180+00:00] main.DEBUG: cache_invalidate:  {"method":"GET","url":"http:/","invalidateInfo":{"tags":["FPC"],"mode":"matchingTag"}} []
[2024-06-07T19:23:21.604561+00:00] main.DEBUG: cache_invalidate:  {"method":"GET","url":"http:/","invalidateInfo":{"tags":["WEBSERVICE"],"mode":"matchingTag"}} []
[2024-06-07T19:23:21.606922+00:00] main.DEBUG: cache_invalidate:  {"method":"GET","url":"http:/","invalidateInfo":{"tags":["TRANSLATE"],"mode":"matchingTag"}} []
[2024-06-07T19:23:27.454635+00:00] main.DEBUG: cache_invalidate:  {"method":"GET","url":"http:/","invalidateInfo":{"tags":["LAYOUT_GENERAL_CACHE_TAG"],"mode":"matchingTag"}} []
[2024-06-07T19:23:27.456898+00:00] main.DEBUG: cache_invalidate:  {"method":"GET","url":"http:/","invalidateInfo":{"tags":["BLOCK_HTML"],"mode":"matchingTag"}} []
[2024-06-07T19:23:27.459113+00:00] main.DEBUG: cache_invalidate:  {"method":"GET","url":"http:/","invalidateInfo":{"tags":["FPC"],"mode":"matchingTag"}} []
[2024-06-07T19:24:06.840340+00:00] main.DEBUG: cache_invalidate:  {"method":"GET","url":"http:/","invalidateInfo":{"tags":[],"mode":"all"}} []
[2024-06-07T19:24:06.902458+00:00] main.DEBUG: cache_invalidate:  {"method":"GET","url":"http:/","invalidateInfo":{"tags":[],"mode":"all"}} []
[2024-06-07T19:26:43.718087+00:00] main.DEBUG: cache_invalidate:  {"method":"GET","url":"http:/","invalidateInfo":{"tags":["FPC"],"mode":"matchingTag"}} []
[2024-06-11T06:40:25.672515+00:00] main.DEBUG: cache_invalidate:  {"method":"GET","url":"http:/","invalidateInfo":{"tags":["CONFIG"],"mode":"matchingTag"}} []
[2024-06-11T06:40:25.674771+00:00] main.DEBUG: cache_invalidate:  {"method":"GET","url":"http:/","invalidateInfo":{"tags":["LAYOUT_GENERAL_CACHE_TAG"],"mode":"matchingTag"}} []
[2024-06-11T06:40:25.676075+00:00] main.DEBUG: cache_invalidate:  {"method":"GET","url":"http:/","invalidateInfo":{"tags":["BLOCK_HTML"],"mode":"matchingTag"}} []
[2024-06-11T06:40:25.677472+00:00] main.DEBUG: cache_invalidate:  {"method":"GET","url":"http:/","invalidateInfo":{"tags":["COLLECTION_DATA"],"mode":"matchingTag"}} []
[2024-06-11T06:40:25.678815+00:00] main.DEBUG: cache_invalidate:  {"method":"GET","url":"http:/","invalidateInfo":{"tags":["REFLECTION"],"mode":"matchingTag"}} []
[2024-06-11T06:40:25.680154+00:00] main.DEBUG: cache_invalidate:  {"method":"GET","url":"http:/","invalidateInfo":{"tags":["DB_DDL"],"mode":"matchingTag"}} []
[2024-06-11T06:40:25.681542+00:00] main.DEBUG: cache_invalidate:  {"method":"GET","url":"http:/","invalidateInfo":{"tags":["COMPILED_CONFIG"],"mode":"matchingTag"}} []
[2024-06-11T06:40:25.683539+00:00] main.DEBUG: cache_invalidate:  {"method":"GET","url":"http:/","invalidateInfo":{"tags":["EAV"],"mode":"matchingTag"}} []
[2024-06-11T06:40:25.685082+00:00] main.DEBUG: cache_invalidate:  {"method":"GET","url":"http:/","invalidateInfo":{"tags":["CUSTOMER_NOTIFICATION"],"mode":"matchingTag"}} []
[2024-06-11T06:40:25.687332+00:00] main.DEBUG: cache_invalidate:  {"method":"GET","url":"http:/","invalidateInfo":{"tags":["INTEGRATION"],"mode":"matchingTag"}} []
[2024-06-11T06:40:25.689543+00:00] main.DEBUG: cache_invalidate:  {"method":"GET","url":"http:/","invalidateInfo":{"tags":["INTEGRATION_API_CONFIG"],"mode":"matchingTag"}} []
[2024-06-11T06:40:25.742601+00:00] main.DEBUG: cache_invalidate:  {"method":"GET","url":"http:/","invalidateInfo":{"tags":["FPC"],"mode":"matchingTag"}} []
[2024-06-11T06:40:25.743806+00:00] main.DEBUG: cache_invalidate:  {"method":"GET","url":"http:/","invalidateInfo":{"tags":["WEBSERVICE"],"mode":"matchingTag"}} []
[2024-06-11T06:40:25.745188+00:00] main.DEBUG: cache_invalidate:  {"method":"GET","url":"http:/","invalidateInfo":{"tags":["TRANSLATE"],"mode":"matchingTag"}} []
[2024-06-11T06:40:34.804263+00:00] main.DEBUG: cache_invalidate:  {"method":"GET","url":"http:/","invalidateInfo":{"tags":["CONFIG"],"mode":"matchingTag"}} []
[2024-06-11T06:40:34.904584+00:00] main.DEBUG: cache_invalidate:  {"method":"GET","url":"http:/","invalidateInfo":{"tags":["CONFIG"],"mode":"matchingTag"}} []
[2024-06-11T06:40:34.905764+00:00] main.DEBUG: cache_invalidate:  {"method":"GET","url":"http:/","invalidateInfo":{"tags":["LAYOUT_GENERAL_CACHE_TAG"],"mode":"matchingTag"}} []
[2024-06-11T06:40:34.907131+00:00] main.DEBUG: cache_invalidate:  {"method":"GET","url":"http:/","invalidateInfo":{"tags":["BLOCK_HTML"],"mode":"matchingTag"}} []
[2024-06-11T06:40:34.908496+00:00] main.DEBUG: cache_invalidate:  {"method":"GET","url":"http:/","invalidateInfo":{"tags":["COLLECTION_DATA"],"mode":"matchingTag"}} []
[2024-06-11T06:40:34.909801+00:00] main.DEBUG: cache_invalidate:  {"method":"GET","url":"http:/","invalidateInfo":{"tags":["REFLECTION"],"mode":"matchingTag"}} []
[2024-06-11T06:40:34.911118+00:00] main.DEBUG: cache_invalidate:  {"method":"GET","url":"http:/","invalidateInfo":{"tags":["DB_DDL"],"mode":"matchingTag"}} []
[2024-06-11T06:40:34.912513+00:00] main.DEBUG: cache_invalidate:  {"method":"GET","url":"http:/","invalidateInfo":{"tags":["COMPILED_CONFIG"],"mode":"matchingTag"}} []
[2024-06-11T06:40:34.913683+00:00] main.DEBUG: cache_invalidate:  {"method":"GET","url":"http:/","invalidateInfo":{"tags":["EAV"],"mode":"matchingTag"}} []
[2024-06-11T06:40:34.915000+00:00] main.DEBUG: cache_invalidate:  {"method":"GET","url":"http:/","invalidateInfo":{"tags":["CUSTOMER_NOTIFICATION"],"mode":"matchingTag"}} []
[2024-06-11T06:40:34.916335+00:00] main.DEBUG: cache_invalidate:  {"method":"GET","url":"http:/","invalidateInfo":{"tags":["INTEGRATION"],"mode":"matchingTag"}} []
[2024-06-11T06:40:34.917638+00:00] main.DEBUG: cache_invalidate:  {"method":"GET","url":"http:/","invalidateInfo":{"tags":["INTEGRATION_API_CONFIG"],"mode":"matchingTag"}} []
[2024-06-11T06:40:34.919166+00:00] main.DEBUG: cache_invalidate:  {"method":"GET","url":"http:/","invalidateInfo":{"tags":["FPC"],"mode":"matchingTag"}} []
[2024-06-11T06:40:34.920486+00:00] main.DEBUG: cache_invalidate:  {"method":"GET","url":"http:/","invalidateInfo":{"tags":["WEBSERVICE"],"mode":"matchingTag"}} []
[2024-06-11T06:40:34.921798+00:00] main.DEBUG: cache_invalidate:  {"method":"GET","url":"http:/","invalidateInfo":{"tags":["TRANSLATE"],"mode":"matchingTag"}} []
[2024-06-11T06:40:38.311737+00:00] main.DEBUG: cache_invalidate:  {"method":"GET","url":"http:/","invalidateInfo":{"tags":["LAYOUT_GENERAL_CACHE_TAG"],"mode":"matchingTag"}} []
[2024-06-11T06:40:38.313164+00:00] main.DEBUG: cache_invalidate:  {"method":"GET","url":"http:/","invalidateInfo":{"tags":["BLOCK_HTML"],"mode":"matchingTag"}} []
[2024-06-11T06:40:38.314818+00:00] main.DEBUG: cache_invalidate:  {"method":"GET","url":"http:/","invalidateInfo":{"tags":["FPC"],"mode":"matchingTag"}} []
[2024-06-11T06:40:52.231749+00:00] main.DEBUG: cache_invalidate:  {"method":"GET","url":"http:/","invalidateInfo":{"tags":[],"mode":"all"}} []
[2024-06-11T06:40:52.240269+00:00] main.DEBUG: cache_invalidate:  {"method":"GET","url":"http:/","invalidateInfo":{"tags":[],"mode":"all"}} []
[2024-06-11T06:41:39.159542+00:00] main.DEBUG: cache_invalidate:  {"method":"GET","url":"http:/","invalidateInfo":{"tags":["FPC"],"mode":"matchingTag"}} []
[2024-06-15T19:21:24.827562+00:00] main.CRITICAL: Elasticsearch\Common\Exceptions\NoNodesAvailableException: No alive nodes found in your cluster in /var/www/html/magento2/vendor/elasticsearch/elasticsearch/src/Elasticsearch/ConnectionPool/StaticNoPingConnectionPool.php:64
Stack trace:
#0 /var/www/html/magento2/vendor/elasticsearch/elasticsearch/src/Elasticsearch/Transport.php(82): Elasticsearch\ConnectionPool\StaticNoPingConnectionPool->nextConnection()
#1 /var/www/html/magento2/vendor/elasticsearch/elasticsearch/src/Elasticsearch/Transport.php(99): Elasticsearch\Transport->getConnection()
#2 /var/www/html/magento2/vendor/elasticsearch/elasticsearch/src/Elasticsearch/Connections/Connection.php(297): Elasticsearch\Transport->performRequest()
#3 /var/www/html/magento2/vendor/react/promise/src/FulfilledPromise.php(28): Elasticsearch\Connections\Connection->Elasticsearch\Connections\{closure}()
#4 /var/www/html/magento2/vendor/ezimuel/ringphp/src/Future/CompletedFutureValue.php(65): React\Promise\FulfilledPromise->then()
#5 /var/www/html/magento2/vendor/ezimuel/ringphp/src/Core.php(341): GuzzleHttp\Ring\Future\CompletedFutureValue->then()
#6 /var/www/html/magento2/vendor/elasticsearch/elasticsearch/src/Elasticsearch/Connections/Connection.php(345): GuzzleHttp\Ring\Core::proxy()
#7 /var/www/html/magento2/vendor/elasticsearch/elasticsearch/src/Elasticsearch/Connections/Connection.php(241): Elasticsearch\Connections\Connection->Elasticsearch\Connections\{closure}()
#8 /var/www/html/magento2/vendor/elasticsearch/elasticsearch/src/Elasticsearch/Transport.php(110): Elasticsearch\Connections\Connection->performRequest()
#9 /var/www/html/magento2/vendor/elasticsearch/elasticsearch/src/Elasticsearch/Client.php(1929): Elasticsearch\Transport->performRequest()
#10 /var/www/html/magento2/vendor/elasticsearch/elasticsearch/src/Elasticsearch/Client.php(1353): Elasticsearch\Client->performRequest()
#11 /var/www/html/magento2/vendor/magento/module-elasticsearch-7/Model/Client/Elasticsearch.php(338): Elasticsearch\Client->search()
#12 /var/www/html/magento2/vendor/magento/module-elasticsearch-7/SearchAdapter/Adapter.php(117): Magento\Elasticsearch7\Model\Client\Elasticsearch->query()
#13 /var/www/html/magento2/vendor/magento/module-search/Model/SearchEngine.php(42): Magento\Elasticsearch7\SearchAdapter\Adapter->query()
#14 /var/www/html/magento2/vendor/magento/framework/Search/Search.php(85): Magento\Search\Model\SearchEngine->search()
#15 /var/www/html/magento2/vendor/magento/module-catalog-search/Model/ResourceModel/Fulltext/Collection.php(464): Magento\Framework\Search\Search->search()
#16 /var/www/html/magento2/vendor/magento/framework/Data/Collection/AbstractDb.php(343): Magento\CatalogSearch\Model\ResourceModel\Fulltext\Collection->_renderFiltersBefore()
#17 /var/www/html/magento2/vendor/magento/module-catalog-search/Model/ResourceModel/Fulltext/Collection.php(582): Magento\Framework\Data\Collection\AbstractDb->_renderFilters()
#18 /var/www/html/magento2/vendor/magento/module-eav/Model/Entity/Collection/AbstractCollection.php(929): Magento\CatalogSearch\Model\ResourceModel\Fulltext\Collection->_renderFilters()
#19 /var/www/html/magento2/vendor/magento/module-catalog/Model/ResourceModel/Product/Collection.php(801): Magento\Eav\Model\Entity\Collection\AbstractCollection->load()
#20 /var/www/html/magento2/vendor/magento/framework/Interception/Interceptor.php(58): Magento\Catalog\Model\ResourceModel\Product\Collection->load()
#21 /var/www/html/magento2/vendor/magento/framework/Interception/Interceptor.php(138): Magento\CatalogSearch\Model\ResourceModel\Fulltext\Collection\Interceptor->___callParent()
#22 /var/www/html/magento2/vendor/magento/framework/Interception/Interceptor.php(153): Magento\CatalogSearch\Model\ResourceModel\Fulltext\Collection\Interceptor->Magento\Framework\Interception\{closure}()
#23 /var/www/html/magento2/generated/code/Magento/CatalogSearch/Model/ResourceModel/Fulltext/Collection/Interceptor.php(257): Magento\CatalogSearch\Model\ResourceModel\Fulltext\Collection\Interceptor->___callPlugins()
#24 /var/www/html/magento2/vendor/magento/module-catalog/Block/Product/ListProduct.php(199): Magento\CatalogSearch\Model\ResourceModel\Fulltext\Collection\Interceptor->load()
#25 /var/www/html/magento2/vendor/magento/framework/View/Element/AbstractBlock.php(1094): Magento\Catalog\Block\Product\ListProduct->_beforeToHtml()
#26 /var/www/html/magento2/vendor/magento/framework/View/Element/AbstractBlock.php(1099): Magento\Framework\View\Element\AbstractBlock->Magento\Framework\View\Element\{closure}()
#27 /var/www/html/magento2/vendor/magento/framework/View/Element/AbstractBlock.php(660): Magento\Framework\View\Element\AbstractBlock->_loadCache()
#28 /var/www/html/magento2/generated/code/Magento/Catalog/Block/Product/ListProduct/Interceptor.php(617): Magento\Framework\View\Element\AbstractBlock->toHtml()
#29 /var/www/html/magento2/vendor/magento/framework/View/Layout.php(578): Magento\Catalog\Block\Product\ListProduct\Interceptor->toHtml()
#30 /var/www/html/magento2/vendor/magento/framework/View/Layout.php(555): Magento\Framework\View\Layout->_renderBlock()
#31 /var/www/html/magento2/generated/code/Magento/Framework/View/Layout/Interceptor.php(149): Magento\Framework\View\Layout->renderNonCachedElement()
#32 /var/www/html/magento2/vendor/magento/framework/View/Layout.php(510): Magento\Framework\View\Layout\Interceptor->renderNonCachedElement()
#33 /var/www/html/magento2/generated/code/Magento/Framework/View/Layout/Interceptor.php(140): Magento\Framework\View\Layout->renderElement()
#34 /var/www/html/magento2/vendor/magento/framework/View/Element/AbstractBlock.php(507): Magento\Framework\View\Layout\Interceptor->renderElement()
#35 /var/www/html/magento2/vendor/magento/module-catalog/Block/Category/View.php(100): Magento\Framework\View\Element\AbstractBlock->getChildHtml()
#36 /var/www/html/magento2/vendor/magento/module-catalog/view/frontend/templates/category/products.phtml(15): Magento\Catalog\Block\Category\View->getProductListHtml()
#37 /var/www/html/magento2/vendor/magento/framework/View/TemplateEngine/Php.php(71): include('...')
#38 /var/www/html/magento2/vendor/magento/framework/View/Element/Template.php(263): Magento\Framework\View\TemplateEngine\Php->render()
#39 /var/www/html/magento2/vendor/magento/framework/View/Element/Template.php(293): Magento\Framework\View\Element\Template->fetchView()
#40 /var/www/html/magento2/vendor/magento/framework/View/Element/AbstractBlock.php(1095): Magento\Framework\View\Element\Template->_toHtml()
#41 /var/www/html/magento2/vendor/magento/framework/View/Element/AbstractBlock.php(1099): Magento\Framework\View\Element\AbstractBlock->Magento\Framework\View\Element\{closure}()
#42 /var/www/html/magento2/vendor/magento/framework/View/Element/AbstractBlock.php(660): Magento\Framework\View\Element\AbstractBlock->_loadCache()
#43 /var/www/html/magento2/vendor/magento/framework/View/Layout.php(578): Magento\Framework\View\Element\AbstractBlock->toHtml()
#44 /var/www/html/magento2/vendor/magento/framework/View/Layout.php(555): Magento\Framework\View\Layout->_renderBlock()
#45 /var/www/html/magento2/generated/code/Magento/Framework/View/Layout/Interceptor.php(149): Magento\Framework\View\Layout->renderNonCachedElement()
#46 /var/www/html/magento2/vendor/magento/framework/View/Layout.php(510): Magento\Framework\View\Layout\Interceptor->renderNonCachedElement()
#47 /var/www/html/magento2/generated/code/Magento/Framework/View/Layout/Interceptor.php(140): Magento\Framework\View\Layout->renderElement()
#48 /var/www/html/magento2/vendor/magento/framework/View/Layout.php(606): Magento\Framework\View\Layout\Interceptor->renderElement()
#49 /var/www/html/magento2/vendor/magento/framework/View/Layout.php(557): Magento\Framework\View\Layout->_renderContainer()
#50 /var/www/html/magento2/generated/code/Magento/Framework/View/Layout/Interceptor.php(149): Magento\Framework\View\Layout->renderNonCachedElement()
#51 /var/www/html/magento2/vendor/magento/framework/View/Layout.php(510): Magento\Framework\View\Layout\Interceptor->renderNonCachedElement()
#52 /var/www/html/magento2/generated/code/Magento/Framework/View/Layout/Interceptor.php(140): Magento\Framework\View\Layout->renderElement()
#53 /var/www/html/magento2/vendor/magento/framework/View/Layout.php(606): Magento\Framework\View\Layout\Interceptor->renderElement()
#54 /var/www/html/magento2/vendor/magento/framework/View/Layout.php(557): Magento\Framework\View\Layout->_renderContainer()
#55 /var/www/html/magento2/generated/code/Magento/Framework/View/Layout/Interceptor.php(149): Magento\Framework\View\Layout->renderNonCachedElement()
#56 /var/www/html/magento2/vendor/magento/framework/View/Layout.php(510): Magento\Framework\View\Layout\Interceptor->renderNonCachedElement()
#57 /var/www/html/magento2/generated/code/Magento/Framework/View/Layout/Interceptor.php(140): Magento\Framework\View\Layout->renderElement()
#58 /var/www/html/magento2/vendor/magento/framework/View/Layout.php(606): Magento\Framework\View\Layout\Interceptor->renderElement()
#59 /var/www/html/magento2/vendor/magento/framework/View/Layout.php(557): Magento\Framework\View\Layout->_renderContainer()
#60 /var/www/html/magento2/generated/code/Magento/Framework/View/Layout/Interceptor.php(149): Magento\Framework\View\Layout->renderNonCachedElement()
#61 /var/www/html/magento2/vendor/magento/framework/View/Layout.php(510): Magento\Framework\View\Layout\Interceptor->renderNonCachedElement()
#62 /var/www/html/magento2/generated/code/Magento/Framework/View/Layout/Interceptor.php(140): Magento\Framework\View\Layout->renderElement()
#63 /var/www/html/magento2/vendor/magento/framework/View/Layout.php(606): Magento\Framework\View\Layout\Interceptor->renderElement()
#64 /var/www/html/magento2/vendor/magento/framework/View/Layout.php(557): Magento\Framework\View\Layout->_renderContainer()
#65 /var/www/html/magento2/generated/code/Magento/Framework/View/Layout/Interceptor.php(149): Magento\Framework\View\Layout->renderNonCachedElement()
#66 /var/www/html/magento2/vendor/magento/framework/View/Layout.php(510): Magento\Framework\View\Layout\Interceptor->renderNonCachedElement()
#67 /var/www/html/magento2/generated/code/Magento/Framework/View/Layout/Interceptor.php(140): Magento\Framework\View\Layout->renderElement()
#68 /var/www/html/magento2/vendor/magento/framework/View/Layout.php(606): Magento\Framework\View\Layout\Interceptor->renderElement()
#69 /var/www/html/magento2/vendor/magento/framework/View/Layout.php(557): Magento\Framework\View\Layout->_renderContainer()
#70 /var/www/html/magento2/generated/code/Magento/Framework/View/Layout/Interceptor.php(149): Magento\Framework\View\Layout->renderNonCachedElement()
#71 /var/www/html/magento2/vendor/magento/framework/View/Layout.php(510): Magento\Framework\View\Layout\Interceptor->renderNonCachedElement()
#72 /var/www/html/magento2/generated/code/Magento/Framework/View/Layout/Interceptor.php(140): Magento\Framework\View\Layout->renderElement()
#73 /var/www/html/magento2/vendor/magento/framework/View/Layout.php(606): Magento\Framework\View\Layout\Interceptor->renderElement()
#74 /var/www/html/magento2/vendor/magento/framework/View/Layout.php(557): Magento\Framework\View\Layout->_renderContainer()
#75 /var/www/html/magento2/generated/code/Magento/Framework/View/Layout/Interceptor.php(149): Magento\Framework\View\Layout->renderNonCachedElement()
#76 /var/www/html/magento2/vendor/magento/framework/View/Layout.php(510): Magento\Framework\View\Layout\Interceptor->renderNonCachedElement()
#77 /var/www/html/magento2/generated/code/Magento/Framework/View/Layout/Interceptor.php(140): Magento\Framework\View\Layout->renderElement()
#78 /var/www/html/magento2/vendor/magento/framework/View/Layout.php(975): Magento\Framework\View\Layout\Interceptor->renderElement()
#79 /var/www/html/magento2/vendor/magento/framework/Interception/Interceptor.php(58): Magento\Framework\View\Layout->getOutput()
#80 /var/www/html/magento2/vendor/magento/framework/Interception/Interceptor.php(138): Magento\Framework\View\Layout\Interceptor->___callParent()
#81 /var/www/html/magento2/vendor/magento/framework/Interception/Interceptor.php(153): Magento\Framework\View\Layout\Interceptor->Magento\Framework\Interception\{closure}()
#82 /var/www/html/magento2/generated/code/Magento/Framework/View/Layout/Interceptor.php(347): Magento\Framework\View\Layout\Interceptor->___callPlugins()
#83 /var/www/html/magento2/vendor/magento/framework/View/Result/Page.php(260): Magento\Framework\View\Layout\Interceptor->getOutput()
#84 /var/www/html/magento2/vendor/magento/framework/View/Result/Layout.php(171): Magento\Framework\View\Result\Page->render()
#85 /var/www/html/magento2/vendor/magento/framework/Interception/Interceptor.php(58): Magento\Framework\View\Result\Layout->renderResult()
#86 /var/www/html/magento2/vendor/magento/framework/Interception/Interceptor.php(138): Magento\Framework\View\Result\Page\Interceptor->___callParent()
#87 /var/www/html/magento2/vendor/magento/framework/Interception/Interceptor.php(153): Magento\Framework\View\Result\Page\Interceptor->Magento\Framework\Interception\{closure}()
#88 /var/www/html/magento2/generated/code/Magento/Framework/View/Result/Page/Interceptor.php(95): Magento\Framework\View\Result\Page\Interceptor->___callPlugins()
#89 /var/www/html/magento2/vendor/magento/framework/App/Http.php(120): Magento\Framework\View\Result\Page\Interceptor->renderResult()
#90 /var/www/html/magento2/generated/code/Magento/Framework/App/Http/Interceptor.php(23): Magento\Framework\App\Http->launch()
#91 /var/www/html/magento2/vendor/magento/framework/App/Bootstrap.php(264): Magento\Framework\App\Http\Interceptor->launch()
#92 /var/www/html/magento2/pub/index.php(30): Magento\Framework\App\Bootstrap->run()
#93 {main} {"exception":"[object] (Elasticsearch\\Common\\Exceptions\\NoNodesAvailableException(code: 0): No alive nodes found in your cluster at /var/www/html/magento2/vendor/elasticsearch/elasticsearch/src/Elasticsearch/ConnectionPool/StaticNoPingConnectionPool.php:64)"} []
[2024-12-29T16:41:37.300460+00:00] main.CRITICAL: Elasticsearch\Common\Exceptions\NoNodesAvailableException: No alive nodes found in your cluster in /var/www/html/magento2/vendor/elasticsearch/elasticsearch/src/Elasticsearch/ConnectionPool/StaticNoPingConnectionPool.php:64
Stack trace:
#0 /var/www/html/magento2/vendor/elasticsearch/elasticsearch/src/Elasticsearch/Transport.php(82): Elasticsearch\ConnectionPool\StaticNoPingConnectionPool->nextConnection()
#1 /var/www/html/magento2/vendor/elasticsearch/elasticsearch/src/Elasticsearch/Transport.php(99): Elasticsearch\Transport->getConnection()
#2 /var/www/html/magento2/vendor/elasticsearch/elasticsearch/src/Elasticsearch/Connections/Connection.php(297): Elasticsearch\Transport->performRequest()
#3 /var/www/html/magento2/vendor/react/promise/src/FulfilledPromise.php(28): Elasticsearch\Connections\Connection->Elasticsearch\Connections\{closure}()
#4 /var/www/html/magento2/vendor/ezimuel/ringphp/src/Future/CompletedFutureValue.php(65): React\Promise\FulfilledPromise->then()
#5 /var/www/html/magento2/vendor/ezimuel/ringphp/src/Core.php(341): GuzzleHttp\Ring\Future\CompletedFutureValue->then()
#6 /var/www/html/magento2/vendor/elasticsearch/elasticsearch/src/Elasticsearch/Connections/Connection.php(345): GuzzleHttp\Ring\Core::proxy()
#7 /var/www/html/magento2/vendor/elasticsearch/elasticsearch/src/Elasticsearch/Connections/Connection.php(241): Elasticsearch\Connections\Connection->Elasticsearch\Connections\{closure}()
#8 /var/www/html/magento2/vendor/elasticsearch/elasticsearch/src/Elasticsearch/Transport.php(110): Elasticsearch\Connections\Connection->performRequest()
#9 /var/www/html/magento2/vendor/elasticsearch/elasticsearch/src/Elasticsearch/Client.php(1929): Elasticsearch\Transport->performRequest()
#10 /var/www/html/magento2/vendor/elasticsearch/elasticsearch/src/Elasticsearch/Client.php(1353): Elasticsearch\Client->performRequest()
#11 /var/www/html/magento2/vendor/magento/module-elasticsearch-7/Model/Client/Elasticsearch.php(338): Elasticsearch\Client->search()
#12 /var/www/html/magento2/vendor/magento/module-elasticsearch-7/SearchAdapter/Adapter.php(117): Magento\Elasticsearch7\Model\Client\Elasticsearch->query()
#13 /var/www/html/magento2/vendor/magento/module-search/Model/SearchEngine.php(42): Magento\Elasticsearch7\SearchAdapter\Adapter->query()
#14 /var/www/html/magento2/vendor/magento/framework/Search/Search.php(85): Magento\Search\Model\SearchEngine->search()
#15 /var/www/html/magento2/vendor/magento/module-catalog-search/Model/ResourceModel/Fulltext/Collection.php(464): Magento\Framework\Search\Search->search()
#16 /var/www/html/magento2/vendor/magento/framework/Data/Collection/AbstractDb.php(343): Magento\CatalogSearch\Model\ResourceModel\Fulltext\Collection->_renderFiltersBefore()
#17 /var/www/html/magento2/vendor/magento/module-catalog-search/Model/ResourceModel/Fulltext/Collection.php(582): Magento\Framework\Data\Collection\AbstractDb->_renderFilters()
#18 /var/www/html/magento2/vendor/magento/module-eav/Model/Entity/Collection/AbstractCollection.php(929): Magento\CatalogSearch\Model\ResourceModel\Fulltext\Collection->_renderFilters()
#19 /var/www/html/magento2/vendor/magento/module-catalog/Model/ResourceModel/Product/Collection.php(801): Magento\Eav\Model\Entity\Collection\AbstractCollection->load()
#20 /var/www/html/magento2/vendor/magento/framework/Interception/Interceptor.php(58): Magento\Catalog\Model\ResourceModel\Product\Collection->load()
#21 /var/www/html/magento2/vendor/magento/framework/Interception/Interceptor.php(138): Magento\CatalogSearch\Model\ResourceModel\Fulltext\Collection\Interceptor->___callParent()
#22 /var/www/html/magento2/vendor/magento/framework/Interception/Interceptor.php(153): Magento\CatalogSearch\Model\ResourceModel\Fulltext\Collection\Interceptor->Magento\Framework\Interception\{closure}()
#23 /var/www/html/magento2/generated/code/Magento/CatalogSearch/Model/ResourceModel/Fulltext/Collection/Interceptor.php(257): Magento\CatalogSearch\Model\ResourceModel\Fulltext\Collection\Interceptor->___callPlugins()
#24 /var/www/html/magento2/vendor/magento/module-catalog/Block/Product/ListProduct.php(199): Magento\CatalogSearch\Model\ResourceModel\Fulltext\Collection\Interceptor->load()
#25 /var/www/html/magento2/vendor/magento/framework/View/Element/AbstractBlock.php(1094): Magento\Catalog\Block\Product\ListProduct->_beforeToHtml()
#26 /var/www/html/magento2/vendor/magento/framework/View/Element/AbstractBlock.php(1099): Magento\Framework\View\Element\AbstractBlock->Magento\Framework\View\Element\{closure}()
#27 /var/www/html/magento2/vendor/magento/framework/View/Element/AbstractBlock.php(660): Magento\Framework\View\Element\AbstractBlock->_loadCache()
#28 /var/www/html/magento2/generated/code/Magento/Catalog/Block/Product/ListProduct/Interceptor.php(617): Magento\Framework\View\Element\AbstractBlock->toHtml()
#29 /var/www/html/magento2/vendor/magento/framework/View/Layout.php(578): Magento\Catalog\Block\Product\ListProduct\Interceptor->toHtml()
#30 /var/www/html/magento2/vendor/magento/framework/View/Layout.php(555): Magento\Framework\View\Layout->_renderBlock()
#31 /var/www/html/magento2/generated/code/Magento/Framework/View/Layout/Interceptor.php(149): Magento\Framework\View\Layout->renderNonCachedElement()
#32 /var/www/html/magento2/vendor/magento/framework/View/Layout.php(510): Magento\Framework\View\Layout\Interceptor->renderNonCachedElement()
#33 /var/www/html/magento2/generated/code/Magento/Framework/View/Layout/Interceptor.php(140): Magento\Framework\View\Layout->renderElement()
#34 /var/www/html/magento2/vendor/magento/framework/View/Element/AbstractBlock.php(507): Magento\Framework\View\Layout\Interceptor->renderElement()
#35 /var/www/html/magento2/vendor/magento/module-catalog/Block/Category/View.php(100): Magento\Framework\View\Element\AbstractBlock->getChildHtml()
#36 /var/www/html/magento2/vendor/magento/module-catalog/view/frontend/templates/category/products.phtml(15): Magento\Catalog\Block\Category\View->getProductListHtml()
#37 /var/www/html/magento2/vendor/magento/framework/View/TemplateEngine/Php.php(71): include('...')
#38 /var/www/html/magento2/vendor/magento/module-developer/Model/TemplateEngine/Decorator/DebugHints.php(69): Magento\Framework\View\TemplateEngine\Php->render()
#39 /var/www/html/magento2/vendor/magento/framework/View/Element/Template.php(263): Magento\Developer\Model\TemplateEngine\Decorator\DebugHints->render()
#40 /var/www/html/magento2/vendor/magento/framework/View/Element/Template.php(293): Magento\Framework\View\Element\Template->fetchView()
#41 /var/www/html/magento2/vendor/magento/framework/View/Element/AbstractBlock.php(1095): Magento\Framework\View\Element\Template->_toHtml()
#42 /var/www/html/magento2/vendor/magento/framework/View/Element/AbstractBlock.php(1099): Magento\Framework\View\Element\AbstractBlock->Magento\Framework\View\Element\{closure}()
#43 /var/www/html/magento2/vendor/magento/framework/View/Element/AbstractBlock.php(660): Magento\Framework\View\Element\AbstractBlock->_loadCache()
#44 /var/www/html/magento2/vendor/magento/framework/View/Layout.php(578): Magento\Framework\View\Element\AbstractBlock->toHtml()
#45 /var/www/html/magento2/vendor/magento/framework/View/Layout.php(555): Magento\Framework\View\Layout->_renderBlock()
#46 /var/www/html/magento2/generated/code/Magento/Framework/View/Layout/Interceptor.php(149): Magento\Framework\View\Layout->renderNonCachedElement()
#47 /var/www/html/magento2/vendor/magento/framework/View/Layout.php(510): Magento\Framework\View\Layout\Interceptor->renderNonCachedElement()
#48 /var/www/html/magento2/generated/code/Magento/Framework/View/Layout/Interceptor.php(140): Magento\Framework\View\Layout->renderElement()
#49 /var/www/html/magento2/vendor/magento/framework/View/Layout.php(606): Magento\Framework\View\Layout\Interceptor->renderElement()
#50 /var/www/html/magento2/vendor/magento/framework/View/Layout.php(557): Magento\Framework\View\Layout->_renderContainer()
#51 /var/www/html/magento2/generated/code/Magento/Framework/View/Layout/Interceptor.php(149): Magento\Framework\View\Layout->renderNonCachedElement()
#52 /var/www/html/magento2/vendor/magento/framework/View/Layout.php(510): Magento\Framework\View\Layout\Interceptor->renderNonCachedElement()
#53 /var/www/html/magento2/generated/code/Magento/Framework/View/Layout/Interceptor.php(140): Magento\Framework\View\Layout->renderElement()
#54 /var/www/html/magento2/vendor/magento/framework/View/Layout.php(606): Magento\Framework\View\Layout\Interceptor->renderElement()
#55 /var/www/html/magento2/vendor/magento/framework/View/Layout.php(557): Magento\Framework\View\Layout->_renderContainer()
#56 /var/www/html/magento2/generated/code/Magento/Framework/View/Layout/Interceptor.php(149): Magento\Framework\View\Layout->renderNonCachedElement()
#57 /var/www/html/magento2/vendor/magento/framework/View/Layout.php(510): Magento\Framework\View\Layout\Interceptor->renderNonCachedElement()
#58 /var/www/html/magento2/generated/code/Magento/Framework/View/Layout/Interceptor.php(140): Magento\Framework\View\Layout->renderElement()
#59 /var/www/html/magento2/vendor/magento/framework/View/Layout.php(606): Magento\Framework\View\Layout\Interceptor->renderElement()
#60 /var/www/html/magento2/vendor/magento/framework/View/Layout.php(557): Magento\Framework\View\Layout->_renderContainer()
#61 /var/www/html/magento2/generated/code/Magento/Framework/View/Layout/Interceptor.php(149): Magento\Framework\View\Layout->renderNonCachedElement()
#62 /var/www/html/magento2/vendor/magento/framework/View/Layout.php(510): Magento\Framework\View\Layout\Interceptor->renderNonCachedElement()
#63 /var/www/html/magento2/generated/code/Magento/Framework/View/Layout/Interceptor.php(140): Magento\Framework\View\Layout->renderElement()
#64 /var/www/html/magento2/vendor/magento/framework/View/Layout.php(606): Magento\Framework\View\Layout\Interceptor->renderElement()
#65 /var/www/html/magento2/vendor/magento/framework/View/Layout.php(557): Magento\Framework\View\Layout->_renderContainer()
#66 /var/www/html/magento2/generated/code/Magento/Framework/View/Layout/Interceptor.php(149): Magento\Framework\View\Layout->renderNonCachedElement()
#67 /var/www/html/magento2/vendor/magento/framework/View/Layout.php(510): Magento\Framework\View\Layout\Interceptor->renderNonCachedElement()
#68 /var/www/html/magento2/generated/code/Magento/Framework/View/Layout/Interceptor.php(140): Magento\Framework\View\Layout->renderElement()
#69 /var/www/html/magento2/vendor/magento/framework/View/Layout.php(606): Magento\Framework\View\Layout\Interceptor->renderElement()
#70 /var/www/html/magento2/vendor/magento/framework/View/Layout.php(557): Magento\Framework\View\Layout->_renderContainer()
#71 /var/www/html/magento2/generated/code/Magento/Framework/View/Layout/Interceptor.php(149): Magento\Framework\View\Layout->renderNonCachedElement()
#72 /var/www/html/magento2/vendor/magento/framework/View/Layout.php(510): Magento\Framework\View\Layout\Interceptor->renderNonCachedElement()
#73 /var/www/html/magento2/generated/code/Magento/Framework/View/Layout/Interceptor.php(140): Magento\Framework\View\Layout->renderElement()
#74 /var/www/html/magento2/vendor/magento/framework/View/Layout.php(606): Magento\Framework\View\Layout\Interceptor->renderElement()
#75 /var/www/html/magento2/vendor/magento/framework/View/Layout.php(557): Magento\Framework\View\Layout->_renderContainer()
#76 /var/www/html/magento2/generated/code/Magento/Framework/View/Layout/Interceptor.php(149): Magento\Framework\View\Layout->renderNonCachedElement()
#77 /var/www/html/magento2/vendor/magento/framework/View/Layout.php(510): Magento\Framework\View\Layout\Interceptor->renderNonCachedElement()
#78 /var/www/html/magento2/generated/code/Magento/Framework/View/Layout/Interceptor.php(140): Magento\Framework\View\Layout->renderElement()
#79 /var/www/html/magento2/vendor/magento/framework/View/Layout.php(975): Magento\Framework\View\Layout\Interceptor->renderElement()
#80 /var/www/html/magento2/vendor/magento/framework/Interception/Interceptor.php(58): Magento\Framework\View\Layout->getOutput()
#81 /var/www/html/magento2/vendor/magento/framework/Interception/Interceptor.php(138): Magento\Framework\View\Layout\Interceptor->___callParent()
#82 /var/www/html/magento2/vendor/magento/framework/Interception/Interceptor.php(153): Magento\Framework\View\Layout\Interceptor->Magento\Framework\Interception\{closure}()
#83 /var/www/html/magento2/generated/code/Magento/Framework/View/Layout/Interceptor.php(347): Magento\Framework\View\Layout\Interceptor->___callPlugins()
#84 /var/www/html/magento2/vendor/magento/framework/View/Result/Page.php(260): Magento\Framework\View\Layout\Interceptor->getOutput()
#85 /var/www/html/magento2/vendor/magento/framework/View/Result/Layout.php(171): Magento\Framework\View\Result\Page->render()
#86 /var/www/html/magento2/vendor/magento/framework/Interception/Interceptor.php(58): Magento\Framework\View\Result\Layout->renderResult()
#87 /var/www/html/magento2/vendor/magento/framework/Interception/Interceptor.php(138): Magento\Framework\View\Result\Page\Interceptor->___callParent()
#88 /var/www/html/magento2/vendor/magento/framework/Interception/Interceptor.php(153): Magento\Framework\View\Result\Page\Interceptor->Magento\Framework\Interception\{closure}()
#89 /var/www/html/magento2/generated/code/Magento/Framework/View/Result/Page/Interceptor.php(95): Magento\Framework\View\Result\Page\Interceptor->___callPlugins()
#90 /var/www/html/magento2/vendor/magento/framework/App/Http.php(120): Magento\Framework\View\Result\Page\Interceptor->renderResult()
#91 /var/www/html/magento2/generated/code/Magento/Framework/App/Http/Interceptor.php(23): Magento\Framework\App\Http->launch()
#92 /var/www/html/magento2/vendor/magento/framework/App/Bootstrap.php(264): Magento\Framework\App\Http\Interceptor->launch()
#93 /var/www/html/magento2/pub/index.php(30): Magento\Framework\App\Bootstrap->run()
#94 {main} {"exception":"[object] (Elasticsearch\\Common\\Exceptions\\NoNodesAvailableException(code: 0): No alive nodes found in your cluster at /var/www/html/magento2/vendor/elasticsearch/elasticsearch/src/Elasticsearch/ConnectionPool/StaticNoPingConnectionPool.php:64)"} []
[2024-12-29T16:41:52.677732+00:00] main.CRITICAL: Elasticsearch\Common\Exceptions\NoNodesAvailableException: No alive nodes found in your cluster in /var/www/html/magento2/vendor/elasticsearch/elasticsearch/src/Elasticsearch/ConnectionPool/StaticNoPingConnectionPool.php:64
Stack trace:
#0 /var/www/html/magento2/vendor/elasticsearch/elasticsearch/src/Elasticsearch/Transport.php(82): Elasticsearch\ConnectionPool\StaticNoPingConnectionPool->nextConnection()
#1 /var/www/html/magento2/vendor/elasticsearch/elasticsearch/src/Elasticsearch/Transport.php(99): Elasticsearch\Transport->getConnection()
#2 /var/www/html/magento2/vendor/elasticsearch/elasticsearch/src/Elasticsearch/Connections/Connection.php(297): Elasticsearch\Transport->performRequest()
#3 /var/www/html/magento2/vendor/react/promise/src/FulfilledPromise.php(28): Elasticsearch\Connections\Connection->Elasticsearch\Connections\{closure}()
#4 /var/www/html/magento2/vendor/ezimuel/ringphp/src/Future/CompletedFutureValue.php(65): React\Promise\FulfilledPromise->then()
#5 /var/www/html/magento2/vendor/ezimuel/ringphp/src/Core.php(341): GuzzleHttp\Ring\Future\CompletedFutureValue->then()
#6 /var/www/html/magento2/vendor/elasticsearch/elasticsearch/src/Elasticsearch/Connections/Connection.php(345): GuzzleHttp\Ring\Core::proxy()
#7 /var/www/html/magento2/vendor/elasticsearch/elasticsearch/src/Elasticsearch/Connections/Connection.php(241): Elasticsearch\Connections\Connection->Elasticsearch\Connections\{closure}()
#8 /var/www/html/magento2/vendor/elasticsearch/elasticsearch/src/Elasticsearch/Transport.php(110): Elasticsearch\Connections\Connection->performRequest()
#9 /var/www/html/magento2/vendor/elasticsearch/elasticsearch/src/Elasticsearch/Client.php(1929): Elasticsearch\Transport->performRequest()
#10 /var/www/html/magento2/vendor/elasticsearch/elasticsearch/src/Elasticsearch/Client.php(1353): Elasticsearch\Client->performRequest()
#11 /var/www/html/magento2/vendor/magento/module-elasticsearch-7/Model/Client/Elasticsearch.php(338): Elasticsearch\Client->search()
#12 /var/www/html/magento2/vendor/magento/module-elasticsearch-7/SearchAdapter/Adapter.php(117): Magento\Elasticsearch7\Model\Client\Elasticsearch->query()
#13 /var/www/html/magento2/vendor/magento/module-search/Model/SearchEngine.php(42): Magento\Elasticsearch7\SearchAdapter\Adapter->query()
#14 /var/www/html/magento2/vendor/magento/framework/Search/Search.php(85): Magento\Search\Model\SearchEngine->search()
#15 /var/www/html/magento2/vendor/magento/module-catalog-search/Model/ResourceModel/Fulltext/Collection.php(464): Magento\Framework\Search\Search->search()
#16 /var/www/html/magento2/vendor/magento/framework/Data/Collection/AbstractDb.php(343): Magento\CatalogSearch\Model\ResourceModel\Fulltext\Collection->_renderFiltersBefore()
#17 /var/www/html/magento2/vendor/magento/module-catalog-search/Model/ResourceModel/Fulltext/Collection.php(582): Magento\Framework\Data\Collection\AbstractDb->_renderFilters()
#18 /var/www/html/magento2/vendor/magento/module-eav/Model/Entity/Collection/AbstractCollection.php(929): Magento\CatalogSearch\Model\ResourceModel\Fulltext\Collection->_renderFilters()
#19 /var/www/html/magento2/vendor/magento/module-catalog/Model/ResourceModel/Product/Collection.php(801): Magento\Eav\Model\Entity\Collection\AbstractCollection->load()
#20 /var/www/html/magento2/vendor/magento/framework/Interception/Interceptor.php(58): Magento\Catalog\Model\ResourceModel\Product\Collection->load()
#21 /var/www/html/magento2/vendor/magento/framework/Interception/Interceptor.php(138): Magento\CatalogSearch\Model\ResourceModel\Fulltext\Collection\Interceptor->___callParent()
#22 /var/www/html/magento2/vendor/magento/framework/Interception/Interceptor.php(153): Magento\CatalogSearch\Model\ResourceModel\Fulltext\Collection\Interceptor->Magento\Framework\Interception\{closure}()
#23 /var/www/html/magento2/generated/code/Magento/CatalogSearch/Model/ResourceModel/Fulltext/Collection/Interceptor.php(257): Magento\CatalogSearch\Model\ResourceModel\Fulltext\Collection\Interceptor->___callPlugins()
#24 /var/www/html/magento2/vendor/magento/module-catalog/Block/Product/ListProduct.php(199): Magento\CatalogSearch\Model\ResourceModel\Fulltext\Collection\Interceptor->load()
#25 /var/www/html/magento2/vendor/magento/framework/View/Element/AbstractBlock.php(1094): Magento\Catalog\Block\Product\ListProduct->_beforeToHtml()
#26 /var/www/html/magento2/vendor/magento/framework/View/Element/AbstractBlock.php(1099): Magento\Framework\View\Element\AbstractBlock->Magento\Framework\View\Element\{closure}()
#27 /var/www/html/magento2/vendor/magento/framework/View/Element/AbstractBlock.php(660): Magento\Framework\View\Element\AbstractBlock->_loadCache()
#28 /var/www/html/magento2/generated/code/Magento/Catalog/Block/Product/ListProduct/Interceptor.php(617): Magento\Framework\View\Element\AbstractBlock->toHtml()
#29 /var/www/html/magento2/vendor/magento/framework/View/Layout.php(578): Magento\Catalog\Block\Product\ListProduct\Interceptor->toHtml()
#30 /var/www/html/magento2/vendor/magento/framework/View/Layout.php(555): Magento\Framework\View\Layout->_renderBlock()
#31 /var/www/html/magento2/generated/code/Magento/Framework/View/Layout/Interceptor.php(149): Magento\Framework\View\Layout->renderNonCachedElement()
#32 /var/www/html/magento2/vendor/magento/framework/View/Layout.php(510): Magento\Framework\View\Layout\Interceptor->renderNonCachedElement()
#33 /var/www/html/magento2/generated/code/Magento/Framework/View/Layout/Interceptor.php(140): Magento\Framework\View\Layout->renderElement()
#34 /var/www/html/magento2/vendor/magento/framework/View/Element/AbstractBlock.php(507): Magento\Framework\View\Layout\Interceptor->renderElement()
#35 /var/www/html/magento2/vendor/magento/module-catalog/Block/Category/View.php(100): Magento\Framework\View\Element\AbstractBlock->getChildHtml()
#36 /var/www/html/magento2/vendor/magento/module-catalog/view/frontend/templates/category/products.phtml(15): Magento\Catalog\Block\Category\View->getProductListHtml()
#37 /var/www/html/magento2/vendor/magento/framework/View/TemplateEngine/Php.php(71): include('...')
#38 /var/www/html/magento2/vendor/magento/framework/View/Element/Template.php(263): Magento\Framework\View\TemplateEngine\Php->render()
#39 /var/www/html/magento2/vendor/magento/framework/View/Element/Template.php(293): Magento\Framework\View\Element\Template->fetchView()
#40 /var/www/html/magento2/vendor/magento/framework/View/Element/AbstractBlock.php(1095): Magento\Framework\View\Element\Template->_toHtml()
#41 /var/www/html/magento2/vendor/magento/framework/View/Element/AbstractBlock.php(1099): Magento\Framework\View\Element\AbstractBlock->Magento\Framework\View\Element\{closure}()
#42 /var/www/html/magento2/vendor/magento/framework/View/Element/AbstractBlock.php(660): Magento\Framework\View\Element\AbstractBlock->_loadCache()
#43 /var/www/html/magento2/vendor/magento/framework/View/Layout.php(578): Magento\Framework\View\Element\AbstractBlock->toHtml()
#44 /var/www/html/magento2/vendor/magento/framework/View/Layout.php(555): Magento\Framework\View\Layout->_renderBlock()
#45 /var/www/html/magento2/generated/code/Magento/Framework/View/Layout/Interceptor.php(149): Magento\Framework\View\Layout->renderNonCachedElement()
#46 /var/www/html/magento2/vendor/magento/framework/View/Layout.php(510): Magento\Framework\View\Layout\Interceptor->renderNonCachedElement()
#47 /var/www/html/magento2/generated/code/Magento/Framework/View/Layout/Interceptor.php(140): Magento\Framework\View\Layout->renderElement()
#48 /var/www/html/magento2/vendor/magento/framework/View/Layout.php(606): Magento\Framework\View\Layout\Interceptor->renderElement()
#49 /var/www/html/magento2/vendor/magento/framework/View/Layout.php(557): Magento\Framework\View\Layout->_renderContainer()
#50 /var/www/html/magento2/generated/code/Magento/Framework/View/Layout/Interceptor.php(149): Magento\Framework\View\Layout->renderNonCachedElement()
#51 /var/www/html/magento2/vendor/magento/framework/View/Layout.php(510): Magento\Framework\View\Layout\Interceptor->renderNonCachedElement()
#52 /var/www/html/magento2/generated/code/Magento/Framework/View/Layout/Interceptor.php(140): Magento\Framework\View\Layout->renderElement()
#53 /var/www/html/magento2/vendor/magento/framework/View/Layout.php(606): Magento\Framework\View\Layout\Interceptor->renderElement()
#54 /var/www/html/magento2/vendor/magento/framework/View/Layout.php(557): Magento\Framework\View\Layout->_renderContainer()
#55 /var/www/html/magento2/generated/code/Magento/Framework/View/Layout/Interceptor.php(149): Magento\Framework\View\Layout->renderNonCachedElement()
#56 /var/www/html/magento2/vendor/magento/framework/View/Layout.php(510): Magento\Framework\View\Layout\Interceptor->renderNonCachedElement()
#57 /var/www/html/magento2/generated/code/Magento/Framework/View/Layout/Interceptor.php(140): Magento\Framework\View\Layout->renderElement()
#58 /var/www/html/magento2/vendor/magento/framework/View/Layout.php(606): Magento\Framework\View\Layout\Interceptor->renderElement()
#59 /var/www/html/magento2/vendor/magento/framework/View/Layout.php(557): Magento\Framework\View\Layout->_renderContainer()
#60 /var/www/html/magento2/generated/code/Magento/Framework/View/Layout/Interceptor.php(149): Magento\Framework\View\Layout->renderNonCachedElement()
#61 /var/www/html/magento2/vendor/magento/framework/View/Layout.php(510): Magento\Framework\View\Layout\Interceptor->renderNonCachedElement()
#62 /var/www/html/magento2/generated/code/Magento/Framework/View/Layout/Interceptor.php(140): Magento\Framework\View\Layout->renderElement()
#63 /var/www/html/magento2/vendor/magento/framework/View/Layout.php(606): Magento\Framework\View\Layout\Interceptor->renderElement()
#64 /var/www/html/magento2/vendor/magento/framework/View/Layout.php(557): Magento\Framework\View\Layout->_renderContainer()
#65 /var/www/html/magento2/generated/code/Magento/Framework/View/Layout/Interceptor.php(149): Magento\Framework\View\Layout->renderNonCachedElement()
#66 /var/www/html/magento2/vendor/magento/framework/View/Layout.php(510): Magento\Framework\View\Layout\Interceptor->renderNonCachedElement()
#67 /var/www/html/magento2/generated/code/Magento/Framework/View/Layout/Interceptor.php(140): Magento\Framework\View\Layout->renderElement()
#68 /var/www/html/magento2/vendor/magento/framework/View/Layout.php(606): Magento\Framework\View\Layout\Interceptor->renderElement()
#69 /var/www/html/magento2/vendor/magento/framework/View/Layout.php(557): Magento\Framework\View\Layout->_renderContainer()
#70 /var/www/html/magento2/generated/code/Magento/Framework/View/Layout/Interceptor.php(149): Magento\Framework\View\Layout->renderNonCachedElement()
#71 /var/www/html/magento2/vendor/magento/framework/View/Layout.php(510): Magento\Framework\View\Layout\Interceptor->renderNonCachedElement()
#72 /var/www/html/magento2/generated/code/Magento/Framework/View/Layout/Interceptor.php(140): Magento\Framework\View\Layout->renderElement()
#73 /var/www/html/magento2/vendor/magento/framework/View/Layout.php(606): Magento\Framework\View\Layout\Interceptor->renderElement()
#74 /var/www/html/magento2/vendor/magento/framework/View/Layout.php(557): Magento\Framework\View\Layout->_renderContainer()
#75 /var/www/html/magento2/generated/code/Magento/Framework/View/Layout/Interceptor.php(149): Magento\Framework\View\Layout->renderNonCachedElement()
#76 /var/www/html/magento2/vendor/magento/framework/View/Layout.php(510): Magento\Framework\View\Layout\Interceptor->renderNonCachedElement()
#77 /var/www/html/magento2/generated/code/Magento/Framework/View/Layout/Interceptor.php(140): Magento\Framework\View\Layout->renderElement()
#78 /var/www/html/magento2/vendor/magento/framework/View/Layout.php(975): Magento\Framework\View\Layout\Interceptor->renderElement()
#79 /var/www/html/magento2/vendor/magento/framework/Interception/Interceptor.php(58): Magento\Framework\View\Layout->getOutput()
#80 /var/www/html/magento2/vendor/magento/framework/Interception/Interceptor.php(138): Magento\Framework\View\Layout\Interceptor->___callParent()
#81 /var/www/html/magento2/vendor/magento/framework/Interception/Interceptor.php(153): Magento\Framework\View\Layout\Interceptor->Magento\Framework\Interception\{closure}()
#82 /var/www/html/magento2/generated/code/Magento/Framework/View/Layout/Interceptor.php(347): Magento\Framework\View\Layout\Interceptor->___callPlugins()
#83 /var/www/html/magento2/vendor/magento/framework/View/Result/Page.php(260): Magento\Framework\View\Layout\Interceptor->getOutput()
#84 /var/www/html/magento2/vendor/magento/framework/View/Result/Layout.php(171): Magento\Framework\View\Result\Page->render()
#85 /var/www/html/magento2/vendor/magento/framework/Interception/Interceptor.php(58): Magento\Framework\View\Result\Layout->renderResult()
#86 /var/www/html/magento2/vendor/magento/framework/Interception/Interceptor.php(138): Magento\Framework\View\Result\Page\Interceptor->___callParent()
#87 /var/www/html/magento2/vendor/magento/framework/Interception/Interceptor.php(153): Magento\Framework\View\Result\Page\Interceptor->Magento\Framework\Interception\{closure}()
#88 /var/www/html/magento2/generated/code/Magento/Framework/View/Result/Page/Interceptor.php(95): Magento\Framework\View\Result\Page\Interceptor->___callPlugins()
#89 /var/www/html/magento2/vendor/magento/framework/App/Http.php(120): Magento\Framework\View\Result\Page\Interceptor->renderResult()
#90 /var/www/html/magento2/generated/code/Magento/Framework/App/Http/Interceptor.php(23): Magento\Framework\App\Http->launch()
#91 /var/www/html/magento2/vendor/magento/framework/App/Bootstrap.php(264): Magento\Framework\App\Http\Interceptor->launch()
#92 /var/www/html/magento2/pub/index.php(30): Magento\Framework\App\Bootstrap->run()
#93 {main} {"exception":"[object] (Elasticsearch\\Common\\Exceptions\\NoNodesAvailableException(code: 0): No alive nodes found in your cluster at /var/www/html/magento2/vendor/elasticsearch/elasticsearch/src/Elasticsearch/ConnectionPool/StaticNoPingConnectionPool.php:64)"} []
[2024-12-29T16:42:05.075766+00:00] main.INFO: Broken reference: the 'tracking' element cannot be added as child to 'header', because the latter doesn't exist [] []
[2024-12-29T16:42:05.077308+00:00] main.INFO: Broken reference: the 'notification_area' element cannot be added as child to 'notifications', because the latter doesn't exist [] []
[2024-12-29T16:42:05.077788+00:00] main.INFO: Broken reference: the 'unread_system_messages' element cannot be added as child to 'notifications', because the latter doesn't exist [] []
[2024-12-29T16:42:05.078322+00:00] main.INFO: Broken reference: the 'notification_window' element cannot be added as child to 'notifications', because the latter doesn't exist [] []
[2024-12-29T16:42:05.078781+00:00] main.INFO: Broken reference: the 'notification.messages' element cannot be added as child to 'header', because the latter doesn't exist [] []
[2024-12-29T16:42:05.079234+00:00] main.INFO: Broken reference: the 'global_notices' element cannot be added as child to 'global.notices', because the latter doesn't exist [] []
[2024-12-29T16:42:05.079680+00:00] main.INFO: Broken reference: the 'logo' element cannot be added as child to 'header', because the latter doesn't exist [] []
[2024-12-29T16:42:05.080141+00:00] main.INFO: Broken reference: the 'global.search' element cannot be added as child to 'header', because the latter doesn't exist [] []
[2024-12-29T16:42:05.080599+00:00] main.INFO: Broken reference: the 'user' element cannot be added as child to 'header', because the latter doesn't exist [] []
[2024-12-29T16:42:05.081045+00:00] main.INFO: Broken reference: the 'menu' element cannot be added as child to 'page.menu', because the latter doesn't exist [] []
[2024-12-29T16:42:05.081576+00:00] main.INFO: Broken reference: the 'breadcrumbs' element cannot be added as child to 'page.breadcrumbs', because the latter doesn't exist [] []
[2024-12-29T16:42:05.082040+00:00] main.INFO: Broken reference: the 'formkey' element cannot be added as child to 'page.formkey', because the latter doesn't exist [] []
[2024-12-29T16:42:05.082635+00:00] main.INFO: Broken reference: the 'page.title' element cannot be added as child to 'main.top', because the latter doesn't exist [] []
[2024-12-29T16:42:05.083422+00:00] main.INFO: Broken reference: the 'messages' element cannot be added as child to 'page.messages', because the latter doesn't exist [] []
[2024-12-29T16:42:05.084187+00:00] main.INFO: Broken reference: the 'page.actions.toolbar' element cannot be added as child to 'page.main.actions', because the latter doesn't exist [] []
[2024-12-29T16:42:05.084824+00:00] main.INFO: Broken reference: the 'legal' element cannot be added as child to 'footer', because the latter doesn't exist [] []
[2024-12-29T16:42:05.085481+00:00] main.INFO: Broken reference: the 'header.inner.left' element cannot be added as child to 'header', because the latter doesn't exist [] []
[2024-12-29T16:42:05.086093+00:00] main.INFO: Broken reference: the 'header.inner.right' element cannot be added as child to 'header', because the latter doesn't exist [] []
[2024-12-29T16:42:05.088424+00:00] main.INFO: Broken reference: the 'user' tries to reorder itself towards '', but their parents are different: 'header' and '' respectively. [] []
[2024-12-29T16:42:05.088955+00:00] main.INFO: Broken reference: the 'notification.messages' tries to reorder itself towards 'user', but their parents are different: 'header' and '' respectively. [] []
[2024-12-29T16:42:05.089422+00:00] main.INFO: Broken reference: the 'logo' tries to reorder itself towards '', but their parents are different: 'header' and '' respectively. [] []
[2024-12-29T16:42:05.089893+00:00] main.INFO: Broken reference: the 'global.search' tries to reorder itself towards 'logo', but their parents are different: 'header' and '' respectively. [] []
[2024-12-29T16:42:05.090343+00:00] main.INFO: Broken reference: the 'page.actions.toolbar' tries to reorder itself towards '', but their parents are different: 'page.main.actions' and '' respectively. [] []
[2024-12-29T16:42:05.090813+00:00] main.INFO: Broken reference: the 'header.inner.left' tries to reorder itself towards '', but their parents are different: 'header' and '' respectively. [] []
[2024-12-29T16:42:05.091267+00:00] main.INFO: Broken reference: the 'header.inner.right' tries to reorder itself towards 'header.inner.left', but their parents are different: 'header' and '' respectively. [] []
[2024-12-29T16:42:05.091788+00:00] main.INFO: Broken reference: the 'notification.messages' tries to reorder itself towards 'user', but their parents are different: 'header.inner.right' and '' respectively. [] []
[2024-12-29T16:42:20.875925+00:00] main.DEBUG: cache_invalidate:  {"method":"POST","url":"http://magento.local.com/admin","invalidateInfo":{"tags":["BACKEND_MAINMENU"],"mode":"matchingAnyTag"}} []
[2024-12-29T16:42:20.971581+00:00] main.DEBUG: cache_invalidate:  {"method":"POST","url":"http://magento.local.com/admin","invalidateInfo":{"tags":["PB_EDITOR_CONFIG","CONFIG"],"mode":"matchingTag"}} []
[2024-12-29T16:42:20.997062+00:00] main.INFO: Item Magento_Backend::system_currency was removed [] []
[2024-12-29T16:42:21.008761+00:00] main.INFO: Add of item with id Magento_Config::system_config was processed [] []
[2024-12-29T16:42:21.009347+00:00] main.INFO: Add of item with id Magento_AdminNotification::system_adminnotification was processed [] []
[2024-12-29T16:42:21.009861+00:00] main.INFO: Add of item with id Magento_Theme::design_config was processed [] []
[2024-12-29T16:42:21.010316+00:00] main.INFO: Add of item with id Magento_Theme::system_design_theme was processed [] []
[2024-12-29T16:42:21.010764+00:00] main.INFO: Add of item with id Magento_Backend::system_design_schedule was processed [] []
[2024-12-29T16:42:21.011207+00:00] main.INFO: Add of item with id Magento_Backend::system_store was processed [] []
[2024-12-29T16:42:21.011702+00:00] main.INFO: Add of item with id Magento_Backend::dashboard was processed [] []
[2024-12-29T16:42:21.012157+00:00] main.INFO: Add of item with id Magento_Backend::system was processed [] []
[2024-12-29T16:42:21.012628+00:00] main.INFO: Add of item with id Magento_Backend::system_tools was processed [] []
[2024-12-29T16:42:21.013096+00:00] main.INFO: Add of item with id Magento_Backend::system_design was processed [] []
[2024-12-29T16:42:21.013541+00:00] main.INFO: Add of item with id Magento_Backend::system_convert was processed [] []
[2024-12-29T16:42:21.014134+00:00] main.INFO: Add of item with id Magento_Backend::system_cache was processed [] []
[2024-12-29T16:42:21.014617+00:00] main.INFO: Add of item with id Magento_Backend::marketing was processed [] []
[2024-12-29T16:42:21.015086+00:00] main.INFO: Add of item with id Magento_Backend::marketing_communications was processed [] []
[2024-12-29T16:42:21.015532+00:00] main.INFO: Add of item with id Magento_Backend::marketing_seo was processed [] []
[2024-12-29T16:42:21.016316+00:00] main.INFO: Add of item with id Magento_Backend::marketing_user_content was processed [] []
[2024-12-29T16:42:21.016864+00:00] main.INFO: Add of item with id Magento_Backend::content was processed [] []
[2024-12-29T16:42:21.017311+00:00] main.INFO: Add of item with id Magento_Backend::content_elements was processed [] []
[2024-12-29T16:42:21.017751+00:00] main.INFO: Add of item with id Magento_Backend::stores was processed [] []
[2024-12-29T16:42:21.018218+00:00] main.INFO: Add of item with id Magento_Backend::stores_settings was processed [] []
[2024-12-29T16:42:21.018661+00:00] main.INFO: Add of item with id Magento_Backend::stores_attributes was processed [] []
[2024-12-29T16:42:21.019109+00:00] main.INFO: Add of item with id Magento_Backend::other_settings was processed [] []
[2024-12-29T16:42:21.019553+00:00] main.INFO: Add of item with id Magento_Backend::system_other_settings was processed [] []
[2024-12-29T16:42:21.019994+00:00] main.INFO: Add of item with id Magento_User::system_acl was processed [] []
[2024-12-29T16:42:21.020456+00:00] main.INFO: Add of item with id Magento_User::system_acl_users was processed [] []
[2024-12-29T16:42:21.020901+00:00] main.INFO: Add of item with id Magento_User::system_acl_roles was processed [] []
[2024-12-29T16:42:21.021403+00:00] main.INFO: Add of item with id Magento_User::system_acl_locks was processed [] []
[2024-12-29T16:42:21.021855+00:00] main.INFO: Add of item with id Magento_Customer::customer was processed [] []
[2024-12-29T16:42:21.022397+00:00] main.INFO: Add of item with id Magento_Customer::customer_manage was processed [] []
[2024-12-29T16:42:21.022951+00:00] main.INFO: Add of item with id Magento_Customer::customer_online was processed [] []
[2024-12-29T16:42:21.023396+00:00] main.INFO: Add of item with id Magento_Customer::customer_group was processed [] []
[2024-12-29T16:42:21.023838+00:00] main.INFO: Add of item with id Magento_Backup::system_tools_backup was processed [] []
[2024-12-29T16:42:21.024304+00:00] main.INFO: Add of item with id Magento_Indexer::system_index was processed [] []
[2024-12-29T16:42:21.024749+00:00] main.INFO: Add of item with id Magento_Variable::system_variable was processed [] []
[2024-12-29T16:42:21.025217+00:00] main.INFO: Add of item with id Magento_Cms::cms_page was processed [] []
[2024-12-29T16:42:21.025668+00:00] main.INFO: Add of item with id Magento_Cms::cms_block was processed [] []
[2024-12-29T16:42:21.026132+00:00] main.INFO: Add of item with id Magento_Search::search_terms was processed [] []
[2024-12-29T16:42:21.026574+00:00] main.INFO: Add of item with id Magento_Search::search_synonyms was processed [] []
[2024-12-29T16:42:21.027016+00:00] main.INFO: Add of item with id Magento_Catalog::catalog was processed [] []
[2024-12-29T16:42:21.027587+00:00] main.INFO: Add of item with id Magento_Catalog::catalog_products was processed [] []
[2024-12-29T16:42:21.028056+00:00] main.INFO: Add of item with id Magento_Catalog::catalog_categories was processed [] []
[2024-12-29T16:42:21.028527+00:00] main.INFO: Add of item with id Magento_Catalog::catalog_attributes_attributes was processed [] []
[2024-12-29T16:42:21.028973+00:00] main.INFO: Add of item with id Magento_Catalog::catalog_attributes_sets was processed [] []
[2024-12-29T16:42:21.029583+00:00] main.INFO: Add of item with id Magento_Catalog::inventory was processed [] []
[2024-12-29T16:42:21.030051+00:00] main.INFO: Add of item with id Magento_CatalogRule::promo was processed [] []
[2024-12-29T16:42:21.030559+00:00] main.INFO: Add of item with id Magento_CatalogRule::promo_catalog was processed [] []
[2024-12-29T16:42:21.031005+00:00] main.INFO: Add of item with id Magento_MediaGalleryUi::media was processed [] []
[2024-12-29T16:42:21.031518+00:00] main.INFO: Add of item with id Magento_MediaGalleryUi::media_gallery was processed [] []
[2024-12-29T16:42:21.031977+00:00] main.INFO: Add of item with id Magento_Integration::system_extensions was processed [] []
[2024-12-29T16:42:21.032622+00:00] main.INFO: Add of item with id Magento_Integration::system_integrations was processed [] []
[2024-12-29T16:42:21.033361+00:00] main.INFO: Add of item with id Magento_Sales::sales was processed [] []
[2024-12-29T16:42:21.033861+00:00] main.INFO: Add of item with id Magento_Sales::sales_operation was processed [] []
[2024-12-29T16:42:21.034336+00:00] main.INFO: Add of item with id Magento_Sales::sales_order was processed [] []
[2024-12-29T16:42:21.034823+00:00] main.INFO: Add of item with id Magento_Sales::sales_invoice was processed [] []
[2024-12-29T16:42:21.035279+00:00] main.INFO: Add of item with id Magento_Sales::sales_shipment was processed [] []
[2024-12-29T16:42:21.035721+00:00] main.INFO: Add of item with id Magento_Sales::sales_creditmemo was processed [] []
[2024-12-29T16:42:21.036168+00:00] main.INFO: Add of item with id Magento_Sales::sales_transactions was processed [] []
[2024-12-29T16:42:21.036606+00:00] main.INFO: Add of item with id Magento_Sales::system_order_statuses was processed [] []
[2024-12-29T16:42:21.037047+00:00] main.INFO: Add of item with id Magento_Widget::cms_widget_instance was processed [] []
[2024-12-29T16:42:21.037512+00:00] main.INFO: Add of item with id Magento_Analytics::business_intelligence was processed [] []
[2024-12-29T16:42:21.037978+00:00] main.INFO: Add of item with id Magento_Analytics::advanced_reporting was processed [] []
[2024-12-29T16:42:21.038424+00:00] main.INFO: Add of item with id Magento_Analytics::bi_essentials was processed [] []
[2024-12-29T16:42:21.038926+00:00] main.INFO: Add of item with id Magento_Downloadable::report_products_downloads was processed [] []
[2024-12-29T16:42:21.039392+00:00] main.INFO: Add of item with id Magento_ImportExport::system_convert_import was processed [] []
[2024-12-29T16:42:21.039842+00:00] main.INFO: Add of item with id Magento_ImportExport::system_convert_export was processed [] []
[2024-12-29T16:42:21.040281+00:00] main.INFO: Add of item with id Magento_ImportExport::system_convert_history was processed [] []
[2024-12-29T16:42:21.040741+00:00] main.INFO: Add of item with id Magento_Email::template was processed [] []
[2024-12-29T16:42:21.041187+00:00] main.INFO: Add of item with id Magento_EncryptionKey::system_crypt_key was processed [] []
[2024-12-29T16:42:21.041657+00:00] main.INFO: Add of item with id Magento_InventoryAdminUi::inventory was processed [] []
[2024-12-29T16:42:21.042116+00:00] main.INFO: Add of item with id Magento_InventoryAdminUi::source was processed [] []
[2024-12-29T16:42:21.042559+00:00] main.INFO: Add of item with id Magento_InventoryAdminUi::stock was processed [] []
[2024-12-29T16:42:21.043000+00:00] main.INFO: Add of item with id Magento_Reports::report was processed [] []
[2024-12-29T16:42:21.043440+00:00] main.INFO: Add of item with id Magento_Reports::report_marketing was processed [] []
[2024-12-29T16:42:21.043879+00:00] main.INFO: Add of item with id Magento_Reports::report_salesroot was processed [] []
[2024-12-29T16:42:21.044358+00:00] main.INFO: Add of item with id Magento_Reports::report_salesroot_sales was processed [] []
[2024-12-29T16:42:21.044809+00:00] main.INFO: Add of item with id Magento_Reports::report_salesroot_tax was processed [] []
[2024-12-29T16:42:21.045329+00:00] main.INFO: Add of item with id Magento_Reports::report_salesroot_invoiced was processed [] []
[2024-12-29T16:42:21.045785+00:00] main.INFO: Add of item with id Magento_Reports::report_salesroot_shipping was processed [] []
[2024-12-29T16:42:21.046227+00:00] main.INFO: Add of item with id Magento_Reports::report_salesroot_refunded was processed [] []
[2024-12-29T16:42:21.046667+00:00] main.INFO: Add of item with id Magento_Reports::report_salesroot_coupons was processed [] []
[2024-12-29T16:42:21.047129+00:00] main.INFO: Add of item with id Magento_Reports::report_shopcart_product was processed [] []
[2024-12-29T16:42:21.047575+00:00] main.INFO: Add of item with id Magento_Reports::report_shopcart_abandoned was processed [] []
[2024-12-29T16:42:21.048014+00:00] main.INFO: Add of item with id Magento_Reports::report_products was processed [] []
[2024-12-29T16:42:21.048506+00:00] main.INFO: Add of item with id Magento_Reports::report_products_bestsellers was processed [] []
[2024-12-29T16:42:21.049284+00:00] main.INFO: Add of item with id Magento_Reports::report_products_sold was processed [] []
[2024-12-29T16:42:21.050187+00:00] main.INFO: Add of item with id Magento_Reports::report_products_viewed was processed [] []
[2024-12-29T16:42:21.050858+00:00] main.INFO: Add of item with id Magento_Reports::report_products_lowstock was processed [] []
[2024-12-29T16:42:21.051402+00:00] main.INFO: Add of item with id Magento_Reports::report_customers was processed [] []
[2024-12-29T16:42:21.051967+00:00] main.INFO: Add of item with id Magento_Reports::report_customers_accounts was processed [] []
[2024-12-29T16:42:21.052496+00:00] main.INFO: Add of item with id Magento_Reports::report_customers_totals was processed [] []
[2024-12-29T16:42:21.053012+00:00] main.INFO: Add of item with id Magento_Reports::report_customers_orders was processed [] []
[2024-12-29T16:42:21.053531+00:00] main.INFO: Add of item with id Magento_Reports::report_statistics was processed [] []
[2024-12-29T16:42:21.054075+00:00] main.INFO: Add of item with id Magento_Reports::report_statistics_refresh was processed [] []
[2024-12-29T16:42:21.055428+00:00] main.INFO: Add of item with id Magento_Search::report_search_term was processed [] []
[2024-12-29T16:42:21.056802+00:00] main.INFO: Add of item with id Magento_LoginAsCustomerLog::login_log was processed [] []
[2024-12-29T16:42:21.057300+00:00] main.INFO: Add of item with id Magento_Marketplace::partners was processed [] []
[2024-12-29T16:42:21.057754+00:00] main.INFO: Add of item with id Magento_Newsletter::newsletter_template was processed [] []
[2024-12-29T16:42:21.058210+00:00] main.INFO: Add of item with id Magento_Newsletter::newsletter_queue was processed [] []
[2024-12-29T16:42:21.058651+00:00] main.INFO: Add of item with id Magento_Newsletter::newsletter_subscriber was processed [] []
[2024-12-29T16:42:21.059091+00:00] main.INFO: Add of item with id Magento_Newsletter::newsletter_problem was processed [] []
[2024-12-29T16:42:21.059531+00:00] main.INFO: Add of item with id Magento_SalesRule::promo_quote was processed [] []
[2024-12-29T16:42:21.059969+00:00] main.INFO: Add of item with id Magento_Sitemap::catalog_sitemap was processed [] []
[2024-12-29T16:42:21.060403+00:00] main.INFO: Add of item with id Magento_PageBuilder::templates was processed [] []
[2024-12-29T16:42:21.060839+00:00] main.INFO: Add of item with id Magento_Paypal::report_salesroot_paypal_settlement_reports was processed [] []
[2024-12-29T16:42:21.061395+00:00] main.INFO: Add of item with id Magento_Paypal::paypal_billing_agreement was processed [] []
[2024-12-29T16:42:21.061878+00:00] main.INFO: Add of item with id Magento_CheckoutAgreements::sales_checkoutagreement was processed [] []
[2024-12-29T16:42:21.062324+00:00] main.INFO: Add of item with id Magento_Review::catalog_reviews_ratings_ratings was processed [] []
[2024-12-29T16:42:21.062803+00:00] main.INFO: Add of item with id Magento_Review::catalog_reviews_ratings_pending was processed [] []
[2024-12-29T16:42:21.063253+00:00] main.INFO: Add of item with id Magento_Review::catalog_reviews_ratings_reviews_all was processed [] []
[2024-12-29T16:42:21.063696+00:00] main.INFO: Add of item with id Magento_Review::report_review was processed [] []
[2024-12-29T16:42:21.064307+00:00] main.INFO: Add of item with id Magento_Review::report_review_customer was processed [] []
[2024-12-29T16:42:21.064782+00:00] main.INFO: Add of item with id Magento_Review::report_review_product was processed [] []
[2024-12-29T16:42:21.065222+00:00] main.INFO: Add of item with id Magento_UrlRewrite::urlrewrite was processed [] []
[2024-12-29T16:42:21.065813+00:00] main.INFO: Add of item with id Magento_Tax::sales_tax was processed [] []
[2024-12-29T16:42:21.066634+00:00] main.INFO: Add of item with id Magento_Tax::sales_tax_rules was processed [] []
[2024-12-29T16:42:21.067447+00:00] main.INFO: Add of item with id Magento_Tax::sales_tax_rates was processed [] []
[2024-12-29T16:42:21.068026+00:00] main.INFO: Add of item with id Magento_TaxImportExport::system_convert_tax was processed [] []
[2024-12-29T16:42:21.068549+00:00] main.INFO: Add of item with id Magento_AsynchronousOperations::system_magento_logging was processed [] []
[2024-12-29T16:42:21.069109+00:00] main.INFO: Add of item with id Magento_AsynchronousOperations::system_magento_logging_bulk_operations was processed [] []
[2024-12-29T16:42:21.069646+00:00] main.INFO: Add of item with id Magento_CurrencySymbol::system_currency was processed [] []
[2024-12-29T16:42:21.070190+00:00] main.INFO: Add of item with id Magento_CurrencySymbol::system_currency_rates was processed [] []
[2024-12-29T16:42:21.070718+00:00] main.INFO: Add of item with id Magento_CurrencySymbol::system_currency_symbols was processed [] []
[2024-12-29T16:42:21.071232+00:00] main.INFO: Add of item with id PayPal_Braintree::settlement_report was processed [] []
[2024-12-29T16:42:21.071812+00:00] main.INFO: Add of item with id PayPal_Braintree::virtual_terminal was processed [] []
[2024-12-29T16:42:23.710650+00:00] main.INFO: Broken reference: the 'notification.messages' tries to reorder itself towards 'user', but their parents are different: 'header.inner.right' and 'header' respectively. [] []
[2024-12-29T16:43:14.639247+00:00] main.DEBUG: cache_invalidate:  {"method":"POST","url":"http://magento.local.com/admin/admin/system_account/save/key/6ecba985242a87678ef3377cf25c98de803aa61dd45c6214ea5e9f03e1be9c4d/","invalidateInfo":{"tags":["BACKEND_MAINMENU","user_assigned_role"],"mode":"matchingAnyTag"}} []
[2024-12-29T16:43:15.529377+00:00] main.ERROR: Laminas\Mail\Transport\Exception\RuntimeException: Unable to send mail: Unknown error in /var/www/html/magento2/vendor/laminas/laminas-mail/src/Transport/Sendmail.php:313
Stack trace:
#0 /var/www/html/magento2/vendor/laminas/laminas-mail/src/Transport/Sendmail.php(150): Laminas\Mail\Transport\Sendmail->mailHandler()
#1 /var/www/html/magento2/vendor/magento/module-email/Model/Transport.php(183): Laminas\Mail\Transport\Sendmail->send()
#2 /var/www/html/magento2/vendor/magento/framework/Interception/Interceptor.php(58): Magento\Email\Model\Transport->sendMessage()
#3 /var/www/html/magento2/vendor/magento/framework/Interception/Interceptor.php(138): Magento\Email\Model\Transport\Interceptor->___callParent()
#4 /var/www/html/magento2/vendor/magento/module-email/Model/Mail/TransportInterfacePlugin.php(48): Magento\Email\Model\Transport\Interceptor->Magento\Framework\Interception\{closure}()
#5 /var/www/html/magento2/vendor/magento/framework/Interception/Interceptor.php(135): Magento\Email\Model\Mail\TransportInterfacePlugin->aroundSendMessage()
#6 /var/www/html/magento2/vendor/magento/framework/Interception/Interceptor.php(153): Magento\Email\Model\Transport\Interceptor->Magento\Framework\Interception\{closure}()
#7 /var/www/html/magento2/generated/code/Magento/Email/Model/Transport/Interceptor.php(32): Magento\Email\Model\Transport\Interceptor->___callPlugins()
#8 /var/www/html/magento2/vendor/magento/module-user/Model/Notificator.php(98): Magento\Email\Model\Transport\Interceptor->sendMessage()
#9 /var/www/html/magento2/vendor/magento/module-user/Model/Notificator.php(186): Magento\User\Model\Notificator->sendNotification()
#10 /var/www/html/magento2/vendor/magento/module-user/Model/User.php(506): Magento\User\Model\Notificator->sendUpdated()
#11 /var/www/html/magento2/generated/code/Magento/User/Model/User/Interceptor.php(113): Magento\User\Model\User->sendNotificationEmailsIfRequired()
#12 /var/www/html/magento2/vendor/magento/module-backend/Controller/Adminhtml/System/Account/Save.php(83): Magento\User\Model\User\Interceptor->sendNotificationEmailsIfRequired()
#13 /var/www/html/magento2/vendor/magento/framework/Interception/Interceptor.php(58): Magento\Backend\Controller\Adminhtml\System\Account\Save->execute()
#14 /var/www/html/magento2/vendor/magento/framework/Interception/Interceptor.php(138): Magento\Backend\Controller\Adminhtml\System\Account\Save\Interceptor->___callParent()
#15 /var/www/html/magento2/vendor/magento/framework/Interception/Interceptor.php(153): Magento\Backend\Controller\Adminhtml\System\Account\Save\Interceptor->Magento\Framework\Interception\{closure}()
#16 /var/www/html/magento2/generated/code/Magento/Backend/Controller/Adminhtml/System/Account/Save/Interceptor.php(23): Magento\Backend\Controller\Adminhtml\System\Account\Save\Interceptor->___callPlugins()
#17 /var/www/html/magento2/vendor/magento/framework/App/Action/Action.php(111): Magento\Backend\Controller\Adminhtml\System\Account\Save\Interceptor->execute()
#18 /var/www/html/magento2/vendor/magento/module-backend/App/AbstractAction.php(151): Magento\Framework\App\Action\Action->dispatch()
#19 /var/www/html/magento2/vendor/magento/framework/Interception/Interceptor.php(58): Magento\Backend\App\AbstractAction->dispatch()
#20 /var/www/html/magento2/vendor/magento/framework/Interception/Interceptor.php(138): Magento\Backend\Controller\Adminhtml\System\Account\Save\Interceptor->___callParent()
#21 /var/www/html/magento2/vendor/magento/module-backend/App/Action/Plugin/Authentication.php(145): Magento\Backend\Controller\Adminhtml\System\Account\Save\Interceptor->Magento\Framework\Interception\{closure}()
#22 /var/www/html/magento2/vendor/magento/framework/Interception/Interceptor.php(135): Magento\Backend\App\Action\Plugin\Authentication->aroundDispatch()
#23 /var/www/html/magento2/vendor/magento/framework/Interception/Interceptor.php(153): Magento\Backend\Controller\Adminhtml\System\Account\Save\Interceptor->Magento\Framework\Interception\{closure}()
#24 /var/www/html/magento2/generated/code/Magento/Backend/Controller/Adminhtml/System/Account/Save/Interceptor.php(32): Magento\Backend\Controller\Adminhtml\System\Account\Save\Interceptor->___callPlugins()
#25 /var/www/html/magento2/vendor/magento/framework/App/FrontController.php(245): Magento\Backend\Controller\Adminhtml\System\Account\Save\Interceptor->dispatch()
#26 /var/www/html/magento2/vendor/magento/framework/App/FrontController.php(212): Magento\Framework\App\FrontController->getActionResponse()
#27 /var/www/html/magento2/vendor/magento/framework/App/FrontController.php(147): Magento\Framework\App\FrontController->processRequest()
#28 /var/www/html/magento2/vendor/magento/framework/Interception/Interceptor.php(58): Magento\Framework\App\FrontController->dispatch()
#29 /var/www/html/magento2/vendor/magento/framework/Interception/Interceptor.php(138): Magento\Framework\App\FrontController\Interceptor->___callParent()
#30 /var/www/html/magento2/vendor/magento/framework/Interception/Interceptor.php(153): Magento\Framework\App\FrontController\Interceptor->Magento\Framework\Interception\{closure}()
#31 /var/www/html/magento2/generated/code/Magento/Framework/App/FrontController/Interceptor.php(23): Magento\Framework\App\FrontController\Interceptor->___callPlugins()
#32 /var/www/html/magento2/vendor/magento/framework/App/Http.php(116): Magento\Framework\App\FrontController\Interceptor->dispatch()
#33 /var/www/html/magento2/generated/code/Magento/Framework/App/Http/Interceptor.php(23): Magento\Framework\App\Http->launch()
#34 /var/www/html/magento2/vendor/magento/framework/App/Bootstrap.php(264): Magento\Framework\App\Http\Interceptor->launch()
#35 /var/www/html/magento2/pub/index.php(30): Magento\Framework\App\Bootstrap->run()
#36 {main} {"exception":"[object] (Laminas\\Mail\\Transport\\Exception\\RuntimeException(code: 0): Unable to send mail: Unknown error at /var/www/html/magento2/vendor/laminas/laminas-mail/src/Transport/Sendmail.php:313)"} []
[2024-12-29T16:43:15.658931+00:00] main.INFO: Broken reference: the 'notification.messages' tries to reorder itself towards 'user', but their parents are different: 'header.inner.right' and 'header' respectively. [] []
[2024-12-29T16:43:23.358553+00:00] main.INFO: Broken reference: the 'notification.messages' tries to reorder itself towards 'user', but their parents are different: 'header.inner.right' and 'header' respectively. [] []
[2024-12-29T16:43:47.748489+00:00] main.INFO: Broken reference: the 'notification.messages' tries to reorder itself towards 'user', but their parents are different: 'header.inner.right' and 'header' respectively. [] []
[2025-01-17T05:51:08.280457+00:00] main.CRITICAL: Elasticsearch\Common\Exceptions\NoNodesAvailableException: No alive nodes found in your cluster in /var/www/html/magento2/vendor/elasticsearch/elasticsearch/src/Elasticsearch/ConnectionPool/StaticNoPingConnectionPool.php:64
Stack trace:
#0 /var/www/html/magento2/vendor/elasticsearch/elasticsearch/src/Elasticsearch/Transport.php(82): Elasticsearch\ConnectionPool\StaticNoPingConnectionPool->nextConnection()
#1 /var/www/html/magento2/vendor/elasticsearch/elasticsearch/src/Elasticsearch/Transport.php(99): Elasticsearch\Transport->getConnection()
#2 /var/www/html/magento2/vendor/elasticsearch/elasticsearch/src/Elasticsearch/Connections/Connection.php(297): Elasticsearch\Transport->performRequest()
#3 /var/www/html/magento2/vendor/react/promise/src/FulfilledPromise.php(28): Elasticsearch\Connections\Connection->Elasticsearch\Connections\{closure}()
#4 /var/www/html/magento2/vendor/ezimuel/ringphp/src/Future/CompletedFutureValue.php(65): React\Promise\FulfilledPromise->then()
#5 /var/www/html/magento2/vendor/ezimuel/ringphp/src/Core.php(341): GuzzleHttp\Ring\Future\CompletedFutureValue->then()
#6 /var/www/html/magento2/vendor/elasticsearch/elasticsearch/src/Elasticsearch/Connections/Connection.php(345): GuzzleHttp\Ring\Core::proxy()
#7 /var/www/html/magento2/vendor/elasticsearch/elasticsearch/src/Elasticsearch/Connections/Connection.php(241): Elasticsearch\Connections\Connection->Elasticsearch\Connections\{closure}()
#8 /var/www/html/magento2/vendor/elasticsearch/elasticsearch/src/Elasticsearch/Transport.php(110): Elasticsearch\Connections\Connection->performRequest()
#9 /var/www/html/magento2/vendor/elasticsearch/elasticsearch/src/Elasticsearch/Client.php(1929): Elasticsearch\Transport->performRequest()
#10 /var/www/html/magento2/vendor/elasticsearch/elasticsearch/src/Elasticsearch/Client.php(1353): Elasticsearch\Client->performRequest()
#11 /var/www/html/magento2/vendor/magento/module-elasticsearch-7/Model/Client/Elasticsearch.php(338): Elasticsearch\Client->search()
#12 /var/www/html/magento2/vendor/magento/module-elasticsearch-7/SearchAdapter/Adapter.php(117): Magento\Elasticsearch7\Model\Client\Elasticsearch->query()
#13 /var/www/html/magento2/vendor/magento/module-search/Model/SearchEngine.php(42): Magento\Elasticsearch7\SearchAdapter\Adapter->query()
#14 /var/www/html/magento2/vendor/magento/framework/Search/Search.php(85): Magento\Search\Model\SearchEngine->search()
#15 /var/www/html/magento2/vendor/magento/module-catalog-search/Model/ResourceModel/Fulltext/Collection.php(464): Magento\Framework\Search\Search->search()
#16 /var/www/html/magento2/vendor/magento/framework/Data/Collection/AbstractDb.php(343): Magento\CatalogSearch\Model\ResourceModel\Fulltext\Collection->_renderFiltersBefore()
#17 /var/www/html/magento2/vendor/magento/module-catalog-search/Model/ResourceModel/Fulltext/Collection.php(582): Magento\Framework\Data\Collection\AbstractDb->_renderFilters()
#18 /var/www/html/magento2/vendor/magento/module-eav/Model/Entity/Collection/AbstractCollection.php(929): Magento\CatalogSearch\Model\ResourceModel\Fulltext\Collection->_renderFilters()
#19 /var/www/html/magento2/vendor/magento/module-catalog/Model/ResourceModel/Product/Collection.php(801): Magento\Eav\Model\Entity\Collection\AbstractCollection->load()
#20 /var/www/html/magento2/vendor/magento/framework/Interception/Interceptor.php(58): Magento\Catalog\Model\ResourceModel\Product\Collection->load()
#21 /var/www/html/magento2/vendor/magento/framework/Interception/Interceptor.php(138): Magento\CatalogSearch\Model\ResourceModel\Fulltext\Collection\Interceptor->___callParent()
#22 /var/www/html/magento2/vendor/magento/framework/Interception/Interceptor.php(153): Magento\CatalogSearch\Model\ResourceModel\Fulltext\Collection\Interceptor->Magento\Framework\Interception\{closure}()
#23 /var/www/html/magento2/generated/code/Magento/CatalogSearch/Model/ResourceModel/Fulltext/Collection/Interceptor.php(257): Magento\CatalogSearch\Model\ResourceModel\Fulltext\Collection\Interceptor->___callPlugins()
#24 /var/www/html/magento2/vendor/magento/module-catalog/Block/Product/ListProduct.php(199): Magento\CatalogSearch\Model\ResourceModel\Fulltext\Collection\Interceptor->load()
#25 /var/www/html/magento2/vendor/magento/framework/View/Element/AbstractBlock.php(1094): Magento\Catalog\Block\Product\ListProduct->_beforeToHtml()
#26 /var/www/html/magento2/vendor/magento/framework/View/Element/AbstractBlock.php(1099): Magento\Framework\View\Element\AbstractBlock->Magento\Framework\View\Element\{closure}()
#27 /var/www/html/magento2/vendor/magento/framework/View/Element/AbstractBlock.php(660): Magento\Framework\View\Element\AbstractBlock->_loadCache()
#28 /var/www/html/magento2/generated/code/Magento/Catalog/Block/Product/ListProduct/Interceptor.php(617): Magento\Framework\View\Element\AbstractBlock->toHtml()
#29 /var/www/html/magento2/vendor/magento/framework/View/Layout.php(578): Magento\Catalog\Block\Product\ListProduct\Interceptor->toHtml()
#30 /var/www/html/magento2/vendor/magento/framework/View/Layout.php(555): Magento\Framework\View\Layout->_renderBlock()
#31 /var/www/html/magento2/generated/code/Magento/Framework/View/Layout/Interceptor.php(149): Magento\Framework\View\Layout->renderNonCachedElement()
#32 /var/www/html/magento2/vendor/magento/framework/View/Layout.php(510): Magento\Framework\View\Layout\Interceptor->renderNonCachedElement()
#33 /var/www/html/magento2/generated/code/Magento/Framework/View/Layout/Interceptor.php(140): Magento\Framework\View\Layout->renderElement()
#34 /var/www/html/magento2/vendor/magento/framework/View/Element/AbstractBlock.php(507): Magento\Framework\View\Layout\Interceptor->renderElement()
#35 /var/www/html/magento2/vendor/magento/module-catalog/Block/Category/View.php(100): Magento\Framework\View\Element\AbstractBlock->getChildHtml()
#36 /var/www/html/magento2/vendor/magento/module-catalog/view/frontend/templates/category/products.phtml(15): Magento\Catalog\Block\Category\View->getProductListHtml()
#37 /var/www/html/magento2/vendor/magento/framework/View/TemplateEngine/Php.php(71): include('...')
#38 /var/www/html/magento2/vendor/magento/module-developer/Model/TemplateEngine/Decorator/DebugHints.php(69): Magento\Framework\View\TemplateEngine\Php->render()
#39 /var/www/html/magento2/vendor/magento/framework/View/Element/Template.php(263): Magento\Developer\Model\TemplateEngine\Decorator\DebugHints->render()
#40 /var/www/html/magento2/vendor/magento/framework/View/Element/Template.php(293): Magento\Framework\View\Element\Template->fetchView()
#41 /var/www/html/magento2/vendor/magento/framework/View/Element/AbstractBlock.php(1095): Magento\Framework\View\Element\Template->_toHtml()
#42 /var/www/html/magento2/vendor/magento/framework/View/Element/AbstractBlock.php(1099): Magento\Framework\View\Element\AbstractBlock->Magento\Framework\View\Element\{closure}()
#43 /var/www/html/magento2/vendor/magento/framework/View/Element/AbstractBlock.php(660): Magento\Framework\View\Element\AbstractBlock->_loadCache()
#44 /var/www/html/magento2/vendor/magento/framework/View/Layout.php(578): Magento\Framework\View\Element\AbstractBlock->toHtml()
#45 /var/www/html/magento2/vendor/magento/framework/View/Layout.php(555): Magento\Framework\View\Layout->_renderBlock()
#46 /var/www/html/magento2/generated/code/Magento/Framework/View/Layout/Interceptor.php(149): Magento\Framework\View\Layout->renderNonCachedElement()
#47 /var/www/html/magento2/vendor/magento/framework/View/Layout.php(510): Magento\Framework\View\Layout\Interceptor->renderNonCachedElement()
#48 /var/www/html/magento2/generated/code/Magento/Framework/View/Layout/Interceptor.php(140): Magento\Framework\View\Layout->renderElement()
#49 /var/www/html/magento2/vendor/magento/framework/View/Layout.php(606): Magento\Framework\View\Layout\Interceptor->renderElement()
#50 /var/www/html/magento2/vendor/magento/framework/View/Layout.php(557): Magento\Framework\View\Layout->_renderContainer()
#51 /var/www/html/magento2/generated/code/Magento/Framework/View/Layout/Interceptor.php(149): Magento\Framework\View\Layout->renderNonCachedElement()
#52 /var/www/html/magento2/vendor/magento/framework/View/Layout.php(510): Magento\Framework\View\Layout\Interceptor->renderNonCachedElement()
#53 /var/www/html/magento2/generated/code/Magento/Framework/View/Layout/Interceptor.php(140): Magento\Framework\View\Layout->renderElement()
#54 /var/www/html/magento2/vendor/magento/framework/View/Layout.php(606): Magento\Framework\View\Layout\Interceptor->renderElement()
#55 /var/www/html/magento2/vendor/magento/framework/View/Layout.php(557): Magento\Framework\View\Layout->_renderContainer()
#56 /var/www/html/magento2/generated/code/Magento/Framework/View/Layout/Interceptor.php(149): Magento\Framework\View\Layout->renderNonCachedElement()
#57 /var/www/html/magento2/vendor/magento/framework/View/Layout.php(510): Magento\Framework\View\Layout\Interceptor->renderNonCachedElement()
#58 /var/www/html/magento2/generated/code/Magento/Framework/View/Layout/Interceptor.php(140): Magento\Framework\View\Layout->renderElement()
#59 /var/www/html/magento2/vendor/magento/framework/View/Layout.php(606): Magento\Framework\View\Layout\Interceptor->renderElement()
#60 /var/www/html/magento2/vendor/magento/framework/View/Layout.php(557): Magento\Framework\View\Layout->_renderContainer()
#61 /var/www/html/magento2/generated/code/Magento/Framework/View/Layout/Interceptor.php(149): Magento\Framework\View\Layout->renderNonCachedElement()
#62 /var/www/html/magento2/vendor/magento/framework/View/Layout.php(510): Magento\Framework\View\Layout\Interceptor->renderNonCachedElement()
#63 /var/www/html/magento2/generated/code/Magento/Framework/View/Layout/Interceptor.php(140): Magento\Framework\View\Layout->renderElement()
#64 /var/www/html/magento2/vendor/magento/framework/View/Layout.php(606): Magento\Framework\View\Layout\Interceptor->renderElement()
#65 /var/www/html/magento2/vendor/magento/framework/View/Layout.php(557): Magento\Framework\View\Layout->_renderContainer()
#66 /var/www/html/magento2/generated/code/Magento/Framework/View/Layout/Interceptor.php(149): Magento\Framework\View\Layout->renderNonCachedElement()
#67 /var/www/html/magento2/vendor/magento/framework/View/Layout.php(510): Magento\Framework\View\Layout\Interceptor->renderNonCachedElement()
#68 /var/www/html/magento2/generated/code/Magento/Framework/View/Layout/Interceptor.php(140): Magento\Framework\View\Layout->renderElement()
#69 /var/www/html/magento2/vendor/magento/framework/View/Layout.php(606): Magento\Framework\View\Layout\Interceptor->renderElement()
#70 /var/www/html/magento2/vendor/magento/framework/View/Layout.php(557): Magento\Framework\View\Layout->_renderContainer()
#71 /var/www/html/magento2/generated/code/Magento/Framework/View/Layout/Interceptor.php(149): Magento\Framework\View\Layout->renderNonCachedElement()
#72 /var/www/html/magento2/vendor/magento/framework/View/Layout.php(510): Magento\Framework\View\Layout\Interceptor->renderNonCachedElement()
#73 /var/www/html/magento2/generated/code/Magento/Framework/View/Layout/Interceptor.php(140): Magento\Framework\View\Layout->renderElement()
#74 /var/www/html/magento2/vendor/magento/framework/View/Layout.php(606): Magento\Framework\View\Layout\Interceptor->renderElement()
#75 /var/www/html/magento2/vendor/magento/framework/View/Layout.php(557): Magento\Framework\View\Layout->_renderContainer()
#76 /var/www/html/magento2/generated/code/Magento/Framework/View/Layout/Interceptor.php(149): Magento\Framework\View\Layout->renderNonCachedElement()
#77 /var/www/html/magento2/vendor/magento/framework/View/Layout.php(510): Magento\Framework\View\Layout\Interceptor->renderNonCachedElement()
#78 /var/www/html/magento2/generated/code/Magento/Framework/View/Layout/Interceptor.php(140): Magento\Framework\View\Layout->renderElement()
#79 /var/www/html/magento2/vendor/magento/framework/View/Layout.php(975): Magento\Framework\View\Layout\Interceptor->renderElement()
#80 /var/www/html/magento2/vendor/magento/framework/Interception/Interceptor.php(58): Magento\Framework\View\Layout->getOutput()
#81 /var/www/html/magento2/vendor/magento/framework/Interception/Interceptor.php(138): Magento\Framework\View\Layout\Interceptor->___callParent()
#82 /var/www/html/magento2/vendor/magento/framework/Interception/Interceptor.php(153): Magento\Framework\View\Layout\Interceptor->Magento\Framework\Interception\{closure}()
#83 /var/www/html/magento2/generated/code/Magento/Framework/View/Layout/Interceptor.php(347): Magento\Framework\View\Layout\Interceptor->___callPlugins()
#84 /var/www/html/magento2/vendor/magento/framework/View/Result/Page.php(260): Magento\Framework\View\Layout\Interceptor->getOutput()
#85 /var/www/html/magento2/vendor/magento/framework/View/Result/Layout.php(171): Magento\Framework\View\Result\Page->render()
#86 /var/www/html/magento2/vendor/magento/framework/Interception/Interceptor.php(58): Magento\Framework\View\Result\Layout->renderResult()
#87 /var/www/html/magento2/vendor/magento/framework/Interception/Interceptor.php(138): Magento\Framework\View\Result\Page\Interceptor->___callParent()
#88 /var/www/html/magento2/vendor/magento/framework/Interception/Interceptor.php(153): Magento\Framework\View\Result\Page\Interceptor->Magento\Framework\Interception\{closure}()
#89 /var/www/html/magento2/generated/code/Magento/Framework/View/Result/Page/Interceptor.php(95): Magento\Framework\View\Result\Page\Interceptor->___callPlugins()
#90 /var/www/html/magento2/vendor/magento/framework/App/Http.php(120): Magento\Framework\View\Result\Page\Interceptor->renderResult()
#91 /var/www/html/magento2/generated/code/Magento/Framework/App/Http/Interceptor.php(23): Magento\Framework\App\Http->launch()
#92 /var/www/html/magento2/vendor/magento/framework/App/Bootstrap.php(264): Magento\Framework\App\Http\Interceptor->launch()
#93 /var/www/html/magento2/pub/index.php(30): Magento\Framework\App\Bootstrap->run()
#94 {main} {"exception":"[object] (Elasticsearch\\Common\\Exceptions\\NoNodesAvailableException(code: 0): No alive nodes found in your cluster at /var/www/html/magento2/vendor/elasticsearch/elasticsearch/src/Elasticsearch/ConnectionPool/StaticNoPingConnectionPool.php:64)"} []
[2025-01-17T05:51:20.702919+00:00] main.CRITICAL: Elasticsearch\Common\Exceptions\NoNodesAvailableException: No alive nodes found in your cluster in /var/www/html/magento2/vendor/elasticsearch/elasticsearch/src/Elasticsearch/ConnectionPool/StaticNoPingConnectionPool.php:64
Stack trace:
#0 /var/www/html/magento2/vendor/elasticsearch/elasticsearch/src/Elasticsearch/Transport.php(82): Elasticsearch\ConnectionPool\StaticNoPingConnectionPool->nextConnection()
#1 /var/www/html/magento2/vendor/elasticsearch/elasticsearch/src/Elasticsearch/Transport.php(99): Elasticsearch\Transport->getConnection()
#2 /var/www/html/magento2/vendor/elasticsearch/elasticsearch/src/Elasticsearch/Connections/Connection.php(297): Elasticsearch\Transport->performRequest()
#3 /var/www/html/magento2/vendor/react/promise/src/FulfilledPromise.php(28): Elasticsearch\Connections\Connection->Elasticsearch\Connections\{closure}()
#4 /var/www/html/magento2/vendor/ezimuel/ringphp/src/Future/CompletedFutureValue.php(65): React\Promise\FulfilledPromise->then()
#5 /var/www/html/magento2/vendor/ezimuel/ringphp/src/Core.php(341): GuzzleHttp\Ring\Future\CompletedFutureValue->then()
#6 /var/www/html/magento2/vendor/elasticsearch/elasticsearch/src/Elasticsearch/Connections/Connection.php(345): GuzzleHttp\Ring\Core::proxy()
#7 /var/www/html/magento2/vendor/elasticsearch/elasticsearch/src/Elasticsearch/Connections/Connection.php(241): Elasticsearch\Connections\Connection->Elasticsearch\Connections\{closure}()
#8 /var/www/html/magento2/vendor/elasticsearch/elasticsearch/src/Elasticsearch/Transport.php(110): Elasticsearch\Connections\Connection->performRequest()
#9 /var/www/html/magento2/vendor/elasticsearch/elasticsearch/src/Elasticsearch/Client.php(1929): Elasticsearch\Transport->performRequest()
#10 /var/www/html/magento2/vendor/elasticsearch/elasticsearch/src/Elasticsearch/Client.php(1353): Elasticsearch\Client->performRequest()
#11 /var/www/html/magento2/vendor/magento/module-elasticsearch-7/Model/Client/Elasticsearch.php(338): Elasticsearch\Client->search()
#12 /var/www/html/magento2/vendor/magento/module-elasticsearch-7/SearchAdapter/Adapter.php(117): Magento\Elasticsearch7\Model\Client\Elasticsearch->query()
#13 /var/www/html/magento2/vendor/magento/module-search/Model/SearchEngine.php(42): Magento\Elasticsearch7\SearchAdapter\Adapter->query()
#14 /var/www/html/magento2/vendor/magento/framework/Search/Search.php(85): Magento\Search\Model\SearchEngine->search()
#15 /var/www/html/magento2/vendor/magento/module-catalog-search/Model/ResourceModel/Fulltext/Collection.php(464): Magento\Framework\Search\Search->search()
#16 /var/www/html/magento2/vendor/magento/framework/Data/Collection/AbstractDb.php(343): Magento\CatalogSearch\Model\ResourceModel\Fulltext\Collection->_renderFiltersBefore()
#17 /var/www/html/magento2/vendor/magento/module-catalog-search/Model/ResourceModel/Fulltext/Collection.php(582): Magento\Framework\Data\Collection\AbstractDb->_renderFilters()
#18 /var/www/html/magento2/vendor/magento/module-eav/Model/Entity/Collection/AbstractCollection.php(929): Magento\CatalogSearch\Model\ResourceModel\Fulltext\Collection->_renderFilters()
#19 /var/www/html/magento2/vendor/magento/module-catalog/Model/ResourceModel/Product/Collection.php(801): Magento\Eav\Model\Entity\Collection\AbstractCollection->load()
#20 /var/www/html/magento2/vendor/magento/framework/Interception/Interceptor.php(58): Magento\Catalog\Model\ResourceModel\Product\Collection->load()
#21 /var/www/html/magento2/vendor/magento/framework/Interception/Interceptor.php(138): Magento\CatalogSearch\Model\ResourceModel\Fulltext\Collection\Interceptor->___callParent()
#22 /var/www/html/magento2/vendor/magento/framework/Interception/Interceptor.php(153): Magento\CatalogSearch\Model\ResourceModel\Fulltext\Collection\Interceptor->Magento\Framework\Interception\{closure}()
#23 /var/www/html/magento2/generated/code/Magento/CatalogSearch/Model/ResourceModel/Fulltext/Collection/Interceptor.php(257): Magento\CatalogSearch\Model\ResourceModel\Fulltext\Collection\Interceptor->___callPlugins()
#24 /var/www/html/magento2/vendor/magento/module-catalog/Block/Product/ListProduct.php(199): Magento\CatalogSearch\Model\ResourceModel\Fulltext\Collection\Interceptor->load()
#25 /var/www/html/magento2/vendor/magento/framework/View/Element/AbstractBlock.php(1094): Magento\Catalog\Block\Product\ListProduct->_beforeToHtml()
#26 /var/www/html/magento2/vendor/magento/framework/View/Element/AbstractBlock.php(1099): Magento\Framework\View\Element\AbstractBlock->Magento\Framework\View\Element\{closure}()
#27 /var/www/html/magento2/vendor/magento/framework/View/Element/AbstractBlock.php(660): Magento\Framework\View\Element\AbstractBlock->_loadCache()
#28 /var/www/html/magento2/generated/code/Magento/Catalog/Block/Product/ListProduct/Interceptor.php(617): Magento\Framework\View\Element\AbstractBlock->toHtml()
#29 /var/www/html/magento2/vendor/magento/framework/View/Layout.php(578): Magento\Catalog\Block\Product\ListProduct\Interceptor->toHtml()
#30 /var/www/html/magento2/vendor/magento/framework/View/Layout.php(555): Magento\Framework\View\Layout->_renderBlock()
#31 /var/www/html/magento2/generated/code/Magento/Framework/View/Layout/Interceptor.php(149): Magento\Framework\View\Layout->renderNonCachedElement()
#32 /var/www/html/magento2/vendor/magento/framework/View/Layout.php(510): Magento\Framework\View\Layout\Interceptor->renderNonCachedElement()
#33 /var/www/html/magento2/generated/code/Magento/Framework/View/Layout/Interceptor.php(140): Magento\Framework\View\Layout->renderElement()
#34 /var/www/html/magento2/vendor/magento/framework/View/Element/AbstractBlock.php(507): Magento\Framework\View\Layout\Interceptor->renderElement()
#35 /var/www/html/magento2/vendor/magento/module-catalog/Block/Category/View.php(100): Magento\Framework\View\Element\AbstractBlock->getChildHtml()
#36 /var/www/html/magento2/vendor/magento/module-catalog/view/frontend/templates/category/products.phtml(15): Magento\Catalog\Block\Category\View->getProductListHtml()
#37 /var/www/html/magento2/vendor/magento/framework/View/TemplateEngine/Php.php(71): include('...')
#38 /var/www/html/magento2/vendor/magento/framework/View/Element/Template.php(263): Magento\Framework\View\TemplateEngine\Php->render()
#39 /var/www/html/magento2/vendor/magento/framework/View/Element/Template.php(293): Magento\Framework\View\Element\Template->fetchView()
#40 /var/www/html/magento2/vendor/magento/framework/View/Element/AbstractBlock.php(1095): Magento\Framework\View\Element\Template->_toHtml()
#41 /var/www/html/magento2/vendor/magento/framework/View/Element/AbstractBlock.php(1099): Magento\Framework\View\Element\AbstractBlock->Magento\Framework\View\Element\{closure}()
#42 /var/www/html/magento2/vendor/magento/framework/View/Element/AbstractBlock.php(660): Magento\Framework\View\Element\AbstractBlock->_loadCache()
#43 /var/www/html/magento2/vendor/magento/framework/View/Layout.php(578): Magento\Framework\View\Element\AbstractBlock->toHtml()
#44 /var/www/html/magento2/vendor/magento/framework/View/Layout.php(555): Magento\Framework\View\Layout->_renderBlock()
#45 /var/www/html/magento2/generated/code/Magento/Framework/View/Layout/Interceptor.php(149): Magento\Framework\View\Layout->renderNonCachedElement()
#46 /var/www/html/magento2/vendor/magento/framework/View/Layout.php(510): Magento\Framework\View\Layout\Interceptor->renderNonCachedElement()
#47 /var/www/html/magento2/generated/code/Magento/Framework/View/Layout/Interceptor.php(140): Magento\Framework\View\Layout->renderElement()
#48 /var/www/html/magento2/vendor/magento/framework/View/Layout.php(606): Magento\Framework\View\Layout\Interceptor->renderElement()
#49 /var/www/html/magento2/vendor/magento/framework/View/Layout.php(557): Magento\Framework\View\Layout->_renderContainer()
#50 /var/www/html/magento2/generated/code/Magento/Framework/View/Layout/Interceptor.php(149): Magento\Framework\View\Layout->renderNonCachedElement()
#51 /var/www/html/magento2/vendor/magento/framework/View/Layout.php(510): Magento\Framework\View\Layout\Interceptor->renderNonCachedElement()
#52 /var/www/html/magento2/generated/code/Magento/Framework/View/Layout/Interceptor.php(140): Magento\Framework\View\Layout->renderElement()
#53 /var/www/html/magento2/vendor/magento/framework/View/Layout.php(606): Magento\Framework\View\Layout\Interceptor->renderElement()
#54 /var/www/html/magento2/vendor/magento/framework/View/Layout.php(557): Magento\Framework\View\Layout->_renderContainer()
#55 /var/www/html/magento2/generated/code/Magento/Framework/View/Layout/Interceptor.php(149): Magento\Framework\View\Layout->renderNonCachedElement()
#56 /var/www/html/magento2/vendor/magento/framework/View/Layout.php(510): Magento\Framework\View\Layout\Interceptor->renderNonCachedElement()
#57 /var/www/html/magento2/generated/code/Magento/Framework/View/Layout/Interceptor.php(140): Magento\Framework\View\Layout->renderElement()
#58 /var/www/html/magento2/vendor/magento/framework/View/Layout.php(606): Magento\Framework\View\Layout\Interceptor->renderElement()
#59 /var/www/html/magento2/vendor/magento/framework/View/Layout.php(557): Magento\Framework\View\Layout->_renderContainer()
#60 /var/www/html/magento2/generated/code/Magento/Framework/View/Layout/Interceptor.php(149): Magento\Framework\View\Layout->renderNonCachedElement()
#61 /var/www/html/magento2/vendor/magento/framework/View/Layout.php(510): Magento\Framework\View\Layout\Interceptor->renderNonCachedElement()
#62 /var/www/html/magento2/generated/code/Magento/Framework/View/Layout/Interceptor.php(140): Magento\Framework\View\Layout->renderElement()
#63 /var/www/html/magento2/vendor/magento/framework/View/Layout.php(606): Magento\Framework\View\Layout\Interceptor->renderElement()
#64 /var/www/html/magento2/vendor/magento/framework/View/Layout.php(557): Magento\Framework\View\Layout->_renderContainer()
#65 /var/www/html/magento2/generated/code/Magento/Framework/View/Layout/Interceptor.php(149): Magento\Framework\View\Layout->renderNonCachedElement()
#66 /var/www/html/magento2/vendor/magento/framework/View/Layout.php(510): Magento\Framework\View\Layout\Interceptor->renderNonCachedElement()
#67 /var/www/html/magento2/generated/code/Magento/Framework/View/Layout/Interceptor.php(140): Magento\Framework\View\Layout->renderElement()
#68 /var/www/html/magento2/vendor/magento/framework/View/Layout.php(606): Magento\Framework\View\Layout\Interceptor->renderElement()
#69 /var/www/html/magento2/vendor/magento/framework/View/Layout.php(557): Magento\Framework\View\Layout->_renderContainer()
#70 /var/www/html/magento2/generated/code/Magento/Framework/View/Layout/Interceptor.php(149): Magento\Framework\View\Layout->renderNonCachedElement()
#71 /var/www/html/magento2/vendor/magento/framework/View/Layout.php(510): Magento\Framework\View\Layout\Interceptor->renderNonCachedElement()
#72 /var/www/html/magento2/generated/code/Magento/Framework/View/Layout/Interceptor.php(140): Magento\Framework\View\Layout->renderElement()
#73 /var/www/html/magento2/vendor/magento/framework/View/Layout.php(606): Magento\Framework\View\Layout\Interceptor->renderElement()
#74 /var/www/html/magento2/vendor/magento/framework/View/Layout.php(557): Magento\Framework\View\Layout->_renderContainer()
#75 /var/www/html/magento2/generated/code/Magento/Framework/View/Layout/Interceptor.php(149): Magento\Framework\View\Layout->renderNonCachedElement()
#76 /var/www/html/magento2/vendor/magento/framework/View/Layout.php(510): Magento\Framework\View\Layout\Interceptor->renderNonCachedElement()
#77 /var/www/html/magento2/generated/code/Magento/Framework/View/Layout/Interceptor.php(140): Magento\Framework\View\Layout->renderElement()
#78 /var/www/html/magento2/vendor/magento/framework/View/Layout.php(975): Magento\Framework\View\Layout\Interceptor->renderElement()
#79 /var/www/html/magento2/vendor/magento/framework/Interception/Interceptor.php(58): Magento\Framework\View\Layout->getOutput()
#80 /var/www/html/magento2/vendor/magento/framework/Interception/Interceptor.php(138): Magento\Framework\View\Layout\Interceptor->___callParent()
#81 /var/www/html/magento2/vendor/magento/framework/Interception/Interceptor.php(153): Magento\Framework\View\Layout\Interceptor->Magento\Framework\Interception\{closure}()
#82 /var/www/html/magento2/generated/code/Magento/Framework/View/Layout/Interceptor.php(347): Magento\Framework\View\Layout\Interceptor->___callPlugins()
#83 /var/www/html/magento2/vendor/magento/framework/View/Result/Page.php(260): Magento\Framework\View\Layout\Interceptor->getOutput()
#84 /var/www/html/magento2/vendor/magento/framework/View/Result/Layout.php(171): Magento\Framework\View\Result\Page->render()
#85 /var/www/html/magento2/vendor/magento/framework/Interception/Interceptor.php(58): Magento\Framework\View\Result\Layout->renderResult()
#86 /var/www/html/magento2/vendor/magento/framework/Interception/Interceptor.php(138): Magento\Framework\View\Result\Page\Interceptor->___callParent()
#87 /var/www/html/magento2/vendor/magento/framework/Interception/Interceptor.php(153): Magento\Framework\View\Result\Page\Interceptor->Magento\Framework\Interception\{closure}()
#88 /var/www/html/magento2/generated/code/Magento/Framework/View/Result/Page/Interceptor.php(95): Magento\Framework\View\Result\Page\Interceptor->___callPlugins()
#89 /var/www/html/magento2/vendor/magento/framework/App/Http.php(120): Magento\Framework\View\Result\Page\Interceptor->renderResult()
#90 /var/www/html/magento2/generated/code/Magento/Framework/App/Http/Interceptor.php(23): Magento\Framework\App\Http->launch()
#91 /var/www/html/magento2/vendor/magento/framework/App/Bootstrap.php(264): Magento\Framework\App\Http\Interceptor->launch()
#92 /var/www/html/magento2/pub/index.php(30): Magento\Framework\App\Bootstrap->run()
#93 {main} {"exception":"[object] (Elasticsearch\\Common\\Exceptions\\NoNodesAvailableException(code: 0): No alive nodes found in your cluster at /var/www/html/magento2/vendor/elasticsearch/elasticsearch/src/Elasticsearch/ConnectionPool/StaticNoPingConnectionPool.php:64)"} []
[2025-01-17T06:00:16.062864+00:00] main.INFO: Broken reference: the 'tracking' element cannot be added as child to 'header', because the latter doesn't exist [] []
[2025-01-17T06:00:16.064758+00:00] main.INFO: Broken reference: the 'notification_area' element cannot be added as child to 'notifications', because the latter doesn't exist [] []
[2025-01-17T06:00:16.065284+00:00] main.INFO: Broken reference: the 'unread_system_messages' element cannot be added as child to 'notifications', because the latter doesn't exist [] []
[2025-01-17T06:00:16.065738+00:00] main.INFO: Broken reference: the 'notification_window' element cannot be added as child to 'notifications', because the latter doesn't exist [] []
[2025-01-17T06:00:16.066185+00:00] main.INFO: Broken reference: the 'notification.messages' element cannot be added as child to 'header', because the latter doesn't exist [] []
[2025-01-17T06:00:16.066640+00:00] main.INFO: Broken reference: the 'global_notices' element cannot be added as child to 'global.notices', because the latter doesn't exist [] []
[2025-01-17T06:00:16.067238+00:00] main.INFO: Broken reference: the 'logo' element cannot be added as child to 'header', because the latter doesn't exist [] []
[2025-01-17T06:00:16.067777+00:00] main.INFO: Broken reference: the 'global.search' element cannot be added as child to 'header', because the latter doesn't exist [] []
[2025-01-17T06:00:16.068230+00:00] main.INFO: Broken reference: the 'user' element cannot be added as child to 'header', because the latter doesn't exist [] []
[2025-01-17T06:00:16.068689+00:00] main.INFO: Broken reference: the 'menu' element cannot be added as child to 'page.menu', because the latter doesn't exist [] []
[2025-01-17T06:00:16.069138+00:00] main.INFO: Broken reference: the 'breadcrumbs' element cannot be added as child to 'page.breadcrumbs', because the latter doesn't exist [] []
[2025-01-17T06:00:16.069583+00:00] main.INFO: Broken reference: the 'formkey' element cannot be added as child to 'page.formkey', because the latter doesn't exist [] []
[2025-01-17T06:00:16.070106+00:00] main.INFO: Broken reference: the 'page.title' element cannot be added as child to 'main.top', because the latter doesn't exist [] []
[2025-01-17T06:00:16.070567+00:00] main.INFO: Broken reference: the 'messages' element cannot be added as child to 'page.messages', because the latter doesn't exist [] []
[2025-01-17T06:00:16.071022+00:00] main.INFO: Broken reference: the 'page.actions.toolbar' element cannot be added as child to 'page.main.actions', because the latter doesn't exist [] []
[2025-01-17T06:00:16.071470+00:00] main.INFO: Broken reference: the 'legal' element cannot be added as child to 'footer', because the latter doesn't exist [] []
[2025-01-17T06:00:16.072015+00:00] main.INFO: Broken reference: the 'header.inner.left' element cannot be added as child to 'header', because the latter doesn't exist [] []
[2025-01-17T06:00:16.072466+00:00] main.INFO: Broken reference: the 'header.inner.right' element cannot be added as child to 'header', because the latter doesn't exist [] []
[2025-01-17T06:00:16.072971+00:00] main.INFO: Broken reference: the 'user' tries to reorder itself towards '', but their parents are different: 'header' and '' respectively. [] []
[2025-01-17T06:00:16.073429+00:00] main.INFO: Broken reference: the 'notification.messages' tries to reorder itself towards 'user', but their parents are different: 'header' and '' respectively. [] []
[2025-01-17T06:00:16.073878+00:00] main.INFO: Broken reference: the 'logo' tries to reorder itself towards '', but their parents are different: 'header' and '' respectively. [] []
[2025-01-17T06:00:16.074323+00:00] main.INFO: Broken reference: the 'global.search' tries to reorder itself towards 'logo', but their parents are different: 'header' and '' respectively. [] []
[2025-01-17T06:00:16.074771+00:00] main.INFO: Broken reference: the 'page.actions.toolbar' tries to reorder itself towards '', but their parents are different: 'page.main.actions' and '' respectively. [] []
[2025-01-17T06:00:16.075289+00:00] main.INFO: Broken reference: the 'header.inner.left' tries to reorder itself towards '', but their parents are different: 'header' and '' respectively. [] []
[2025-01-17T06:00:16.075750+00:00] main.INFO: Broken reference: the 'header.inner.right' tries to reorder itself towards 'header.inner.left', but their parents are different: 'header' and '' respectively. [] []
[2025-01-17T06:00:16.076413+00:00] main.INFO: Broken reference: the 'notification.messages' tries to reorder itself towards 'user', but their parents are different: 'header.inner.right' and '' respectively. [] []
[2025-01-17T06:00:21.348548+00:00] main.INFO: Broken reference: the 'tracking' element cannot be added as child to 'header', because the latter doesn't exist [] []
[2025-01-17T06:00:21.349533+00:00] main.INFO: Broken reference: the 'notification_area' element cannot be added as child to 'notifications', because the latter doesn't exist [] []
[2025-01-17T06:00:21.350303+00:00] main.INFO: Broken reference: the 'unread_system_messages' element cannot be added as child to 'notifications', because the latter doesn't exist [] []
[2025-01-17T06:00:21.350775+00:00] main.INFO: Broken reference: the 'notification_window' element cannot be added as child to 'notifications', because the latter doesn't exist [] []
[2025-01-17T06:00:21.351229+00:00] main.INFO: Broken reference: the 'notification.messages' element cannot be added as child to 'header', because the latter doesn't exist [] []
[2025-01-17T06:00:21.351689+00:00] main.INFO: Broken reference: the 'global_notices' element cannot be added as child to 'global.notices', because the latter doesn't exist [] []
[2025-01-17T06:00:21.352138+00:00] main.INFO: Broken reference: the 'logo' element cannot be added as child to 'header', because the latter doesn't exist [] []
[2025-01-17T06:00:21.352588+00:00] main.INFO: Broken reference: the 'global.search' element cannot be added as child to 'header', because the latter doesn't exist [] []
[2025-01-17T06:00:21.353034+00:00] main.INFO: Broken reference: the 'user' element cannot be added as child to 'header', because the latter doesn't exist [] []
[2025-01-17T06:00:21.353480+00:00] main.INFO: Broken reference: the 'menu' element cannot be added as child to 'page.menu', because the latter doesn't exist [] []
[2025-01-17T06:00:21.353927+00:00] main.INFO: Broken reference: the 'breadcrumbs' element cannot be added as child to 'page.breadcrumbs', because the latter doesn't exist [] []
[2025-01-17T06:00:21.354370+00:00] main.INFO: Broken reference: the 'formkey' element cannot be added as child to 'page.formkey', because the latter doesn't exist [] []
[2025-01-17T06:00:21.354815+00:00] main.INFO: Broken reference: the 'page.title' element cannot be added as child to 'main.top', because the latter doesn't exist [] []
[2025-01-17T06:00:21.355259+00:00] main.INFO: Broken reference: the 'messages' element cannot be added as child to 'page.messages', because the latter doesn't exist [] []
[2025-01-17T06:00:21.355722+00:00] main.INFO: Broken reference: the 'page.actions.toolbar' element cannot be added as child to 'page.main.actions', because the latter doesn't exist [] []
[2025-01-17T06:00:21.356178+00:00] main.INFO: Broken reference: the 'legal' element cannot be added as child to 'footer', because the latter doesn't exist [] []
[2025-01-17T06:00:21.356768+00:00] main.INFO: Broken reference: the 'header.inner.left' element cannot be added as child to 'header', because the latter doesn't exist [] []
[2025-01-17T06:00:21.357231+00:00] main.INFO: Broken reference: the 'header.inner.right' element cannot be added as child to 'header', because the latter doesn't exist [] []
[2025-01-17T06:00:21.357744+00:00] main.INFO: Broken reference: the 'user' tries to reorder itself towards '', but their parents are different: 'header' and '' respectively. [] []
[2025-01-17T06:00:21.358345+00:00] main.INFO: Broken reference: the 'notification.messages' tries to reorder itself towards 'user', but their parents are different: 'header' and '' respectively. [] []
[2025-01-17T06:00:21.358846+00:00] main.INFO: Broken reference: the 'logo' tries to reorder itself towards '', but their parents are different: 'header' and '' respectively. [] []
[2025-01-17T06:00:21.359298+00:00] main.INFO: Broken reference: the 'global.search' tries to reorder itself towards 'logo', but their parents are different: 'header' and '' respectively. [] []
[2025-01-17T06:00:21.359747+00:00] main.INFO: Broken reference: the 'page.actions.toolbar' tries to reorder itself towards '', but their parents are different: 'page.main.actions' and '' respectively. [] []
[2025-01-17T06:00:21.360319+00:00] main.INFO: Broken reference: the 'header.inner.left' tries to reorder itself towards '', but their parents are different: 'header' and '' respectively. [] []
[2025-01-17T06:00:21.360825+00:00] main.INFO: Broken reference: the 'header.inner.right' tries to reorder itself towards 'header.inner.left', but their parents are different: 'header' and '' respectively. [] []
[2025-01-17T06:00:21.361308+00:00] main.INFO: Broken reference: the 'notification.messages' tries to reorder itself towards 'user', but their parents are different: 'header.inner.right' and '' respectively. [] []
[2025-01-17T06:00:38.984757+00:00] main.INFO: Broken reference: the 'tracking' element cannot be added as child to 'header', because the latter doesn't exist [] []
[2025-01-17T06:00:38.985398+00:00] main.INFO: Broken reference: the 'notification_area' element cannot be added as child to 'notifications', because the latter doesn't exist [] []
[2025-01-17T06:00:38.985867+00:00] main.INFO: Broken reference: the 'unread_system_messages' element cannot be added as child to 'notifications', because the latter doesn't exist [] []
[2025-01-17T06:00:38.986322+00:00] main.INFO: Broken reference: the 'notification_window' element cannot be added as child to 'notifications', because the latter doesn't exist [] []
[2025-01-17T06:00:38.987098+00:00] main.INFO: Broken reference: the 'notification.messages' element cannot be added as child to 'header', because the latter doesn't exist [] []
[2025-01-17T06:00:38.987627+00:00] main.INFO: Broken reference: the 'global_notices' element cannot be added as child to 'global.notices', because the latter doesn't exist [] []
[2025-01-17T06:00:38.988083+00:00] main.INFO: Broken reference: the 'logo' element cannot be added as child to 'header', because the latter doesn't exist [] []
[2025-01-17T06:00:38.988533+00:00] main.INFO: Broken reference: the 'global.search' element cannot be added as child to 'header', because the latter doesn't exist [] []
[2025-01-17T06:00:38.988978+00:00] main.INFO: Broken reference: the 'user' element cannot be added as child to 'header', because the latter doesn't exist [] []
[2025-01-17T06:00:38.989423+00:00] main.INFO: Broken reference: the 'menu' element cannot be added as child to 'page.menu', because the latter doesn't exist [] []
[2025-01-17T06:00:38.989868+00:00] main.INFO: Broken reference: the 'breadcrumbs' element cannot be added as child to 'page.breadcrumbs', because the latter doesn't exist [] []
[2025-01-17T06:00:38.990377+00:00] main.INFO: Broken reference: the 'formkey' element cannot be added as child to 'page.formkey', because the latter doesn't exist [] []
[2025-01-17T06:00:38.990830+00:00] main.INFO: Broken reference: the 'page.title' element cannot be added as child to 'main.top', because the latter doesn't exist [] []
[2025-01-17T06:00:38.991273+00:00] main.INFO: Broken reference: the 'messages' element cannot be added as child to 'page.messages', because the latter doesn't exist [] []
[2025-01-17T06:00:38.991718+00:00] main.INFO: Broken reference: the 'page.actions.toolbar' element cannot be added as child to 'page.main.actions', because the latter doesn't exist [] []
[2025-01-17T06:00:38.992183+00:00] main.INFO: Broken reference: the 'legal' element cannot be added as child to 'footer', because the latter doesn't exist [] []
[2025-01-17T06:00:38.992749+00:00] main.INFO: Broken reference: the 'header.inner.left' element cannot be added as child to 'header', because the latter doesn't exist [] []
[2025-01-17T06:00:38.993202+00:00] main.INFO: Broken reference: the 'header.inner.right' element cannot be added as child to 'header', because the latter doesn't exist [] []
[2025-01-17T06:00:38.993714+00:00] main.INFO: Broken reference: the 'user' tries to reorder itself towards '', but their parents are different: 'header' and '' respectively. [] []
[2025-01-17T06:00:38.994164+00:00] main.INFO: Broken reference: the 'notification.messages' tries to reorder itself towards 'user', but their parents are different: 'header' and '' respectively. [] []
[2025-01-17T06:00:38.994611+00:00] main.INFO: Broken reference: the 'logo' tries to reorder itself towards '', but their parents are different: 'header' and '' respectively. [] []
[2025-01-17T06:00:38.995053+00:00] main.INFO: Broken reference: the 'global.search' tries to reorder itself towards 'logo', but their parents are different: 'header' and '' respectively. [] []
[2025-01-17T06:00:38.995502+00:00] main.INFO: Broken reference: the 'page.actions.toolbar' tries to reorder itself towards '', but their parents are different: 'page.main.actions' and '' respectively. [] []
[2025-01-17T06:00:38.995967+00:00] main.INFO: Broken reference: the 'header.inner.left' tries to reorder itself towards '', but their parents are different: 'header' and '' respectively. [] []
[2025-01-17T06:00:38.996414+00:00] main.INFO: Broken reference: the 'header.inner.right' tries to reorder itself towards 'header.inner.left', but their parents are different: 'header' and '' respectively. [] []
[2025-01-17T06:00:38.996869+00:00] main.INFO: Broken reference: the 'notification.messages' tries to reorder itself towards 'user', but their parents are different: 'header.inner.right' and '' respectively. [] []
[2025-01-18T07:41:34.192969+00:00] main.DEBUG: cache_invalidate:  {"method":"GET","url":"http:/","invalidateInfo":{"tags":["CONFIG"],"mode":"matchingTag"}} []
[2025-01-18T07:41:34.195363+00:00] main.DEBUG: cache_invalidate:  {"method":"GET","url":"http:/","invalidateInfo":{"tags":["LAYOUT_GENERAL_CACHE_TAG"],"mode":"matchingTag"}} []
[2025-01-18T07:41:34.197929+00:00] main.DEBUG: cache_invalidate:  {"method":"GET","url":"http:/","invalidateInfo":{"tags":["BLOCK_HTML"],"mode":"matchingTag"}} []
[2025-01-18T07:41:34.199954+00:00] main.DEBUG: cache_invalidate:  {"method":"GET","url":"http:/","invalidateInfo":{"tags":["COLLECTION_DATA"],"mode":"matchingTag"}} []
[2025-01-18T07:41:34.201823+00:00] main.DEBUG: cache_invalidate:  {"method":"GET","url":"http:/","invalidateInfo":{"tags":["REFLECTION"],"mode":"matchingTag"}} []
[2025-01-18T07:41:34.204122+00:00] main.DEBUG: cache_invalidate:  {"method":"GET","url":"http:/","invalidateInfo":{"tags":["DB_DDL"],"mode":"matchingTag"}} []
[2025-01-18T07:41:34.206120+00:00] main.DEBUG: cache_invalidate:  {"method":"GET","url":"http:/","invalidateInfo":{"tags":["COMPILED_CONFIG"],"mode":"matchingTag"}} []
[2025-01-18T07:41:34.207501+00:00] main.DEBUG: cache_invalidate:  {"method":"GET","url":"http:/","invalidateInfo":{"tags":["EAV"],"mode":"matchingTag"}} []
[2025-01-18T07:41:34.208997+00:00] main.DEBUG: cache_invalidate:  {"method":"GET","url":"http:/","invalidateInfo":{"tags":["CUSTOMER_NOTIFICATION"],"mode":"matchingTag"}} []
[2025-01-18T07:41:34.210523+00:00] main.DEBUG: cache_invalidate:  {"method":"GET","url":"http:/","invalidateInfo":{"tags":["INTEGRATION"],"mode":"matchingTag"}} []
[2025-01-18T07:41:34.212201+00:00] main.DEBUG: cache_invalidate:  {"method":"GET","url":"http:/","invalidateInfo":{"tags":["INTEGRATION_API_CONFIG"],"mode":"matchingTag"}} []
[2025-01-18T07:41:34.282738+00:00] main.DEBUG: cache_invalidate:  {"method":"GET","url":"http:/","invalidateInfo":{"tags":["FPC"],"mode":"matchingTag"}} []
[2025-01-18T07:41:34.284183+00:00] main.DEBUG: cache_invalidate:  {"method":"GET","url":"http:/","invalidateInfo":{"tags":["WEBSERVICE"],"mode":"matchingTag"}} []
[2025-01-18T07:41:34.285451+00:00] main.DEBUG: cache_invalidate:  {"method":"GET","url":"http:/","invalidateInfo":{"tags":["TRANSLATE"],"mode":"matchingTag"}} []
[2025-01-18T07:41:43.091955+00:00] main.DEBUG: cache_invalidate:  {"method":"GET","url":"http:/","invalidateInfo":{"tags":["CONFIG"],"mode":"matchingTag"}} []
[2025-01-18T07:42:22.168579+00:00] main.DEBUG: cache_invalidate:  {"method":"GET","url":"http:/","invalidateInfo":{"tags":["CONFIG"],"mode":"matchingTag"}} []
[2025-01-18T07:42:22.170216+00:00] main.DEBUG: cache_invalidate:  {"method":"GET","url":"http:/","invalidateInfo":{"tags":["LAYOUT_GENERAL_CACHE_TAG"],"mode":"matchingTag"}} []
[2025-01-18T07:42:22.171409+00:00] main.DEBUG: cache_invalidate:  {"method":"GET","url":"http:/","invalidateInfo":{"tags":["BLOCK_HTML"],"mode":"matchingTag"}} []
[2025-01-18T07:42:22.172573+00:00] main.DEBUG: cache_invalidate:  {"method":"GET","url":"http:/","invalidateInfo":{"tags":["COLLECTION_DATA"],"mode":"matchingTag"}} []
[2025-01-18T07:42:22.173712+00:00] main.DEBUG: cache_invalidate:  {"method":"GET","url":"http:/","invalidateInfo":{"tags":["REFLECTION"],"mode":"matchingTag"}} []
[2025-01-18T07:42:22.174891+00:00] main.DEBUG: cache_invalidate:  {"method":"GET","url":"http:/","invalidateInfo":{"tags":["DB_DDL"],"mode":"matchingTag"}} []
[2025-01-18T07:42:22.175986+00:00] main.DEBUG: cache_invalidate:  {"method":"GET","url":"http:/","invalidateInfo":{"tags":["COMPILED_CONFIG"],"mode":"matchingTag"}} []
[2025-01-18T07:42:22.177059+00:00] main.DEBUG: cache_invalidate:  {"method":"GET","url":"http:/","invalidateInfo":{"tags":["EAV"],"mode":"matchingTag"}} []
[2025-01-18T07:42:22.178137+00:00] main.DEBUG: cache_invalidate:  {"method":"GET","url":"http:/","invalidateInfo":{"tags":["CUSTOMER_NOTIFICATION"],"mode":"matchingTag"}} []
[2025-01-18T07:42:22.179197+00:00] main.DEBUG: cache_invalidate:  {"method":"GET","url":"http:/","invalidateInfo":{"tags":["INTEGRATION"],"mode":"matchingTag"}} []
[2025-01-18T07:42:22.180286+00:00] main.DEBUG: cache_invalidate:  {"method":"GET","url":"http:/","invalidateInfo":{"tags":["INTEGRATION_API_CONFIG"],"mode":"matchingTag"}} []
[2025-01-18T07:42:22.184115+00:00] main.DEBUG: cache_invalidate:  {"method":"GET","url":"http:/","invalidateInfo":{"tags":["FPC"],"mode":"matchingTag"}} []
[2025-01-18T07:42:22.185563+00:00] main.DEBUG: cache_invalidate:  {"method":"GET","url":"http:/","invalidateInfo":{"tags":["WEBSERVICE"],"mode":"matchingTag"}} []
[2025-01-18T07:42:22.187602+00:00] main.DEBUG: cache_invalidate:  {"method":"GET","url":"http:/","invalidateInfo":{"tags":["TRANSLATE"],"mode":"matchingTag"}} []
[2025-01-18T07:42:28.067393+00:00] main.DEBUG: cache_invalidate:  {"method":"GET","url":"http:/","invalidateInfo":{"tags":["CONFIG"],"mode":"matchingTag"}} []
[2025-01-18T07:42:28.262963+00:00] main.DEBUG: cache_invalidate:  {"method":"GET","url":"http:/","invalidateInfo":{"tags":["CONFIG"],"mode":"matchingTag"}} []
[2025-01-18T07:42:28.264182+00:00] main.DEBUG: cache_invalidate:  {"method":"GET","url":"http:/","invalidateInfo":{"tags":["LAYOUT_GENERAL_CACHE_TAG"],"mode":"matchingTag"}} []
[2025-01-18T07:42:28.265365+00:00] main.DEBUG: cache_invalidate:  {"method":"GET","url":"http:/","invalidateInfo":{"tags":["BLOCK_HTML"],"mode":"matchingTag"}} []
[2025-01-18T07:42:28.266471+00:00] main.DEBUG: cache_invalidate:  {"method":"GET","url":"http:/","invalidateInfo":{"tags":["COLLECTION_DATA"],"mode":"matchingTag"}} []
[2025-01-18T07:42:28.267616+00:00] main.DEBUG: cache_invalidate:  {"method":"GET","url":"http:/","invalidateInfo":{"tags":["REFLECTION"],"mode":"matchingTag"}} []
[2025-01-18T07:42:28.269072+00:00] main.DEBUG: cache_invalidate:  {"method":"GET","url":"http:/","invalidateInfo":{"tags":["DB_DDL"],"mode":"matchingTag"}} []
[2025-01-18T07:42:28.271170+00:00] main.DEBUG: cache_invalidate:  {"method":"GET","url":"http:/","invalidateInfo":{"tags":["COMPILED_CONFIG"],"mode":"matchingTag"}} []
[2025-01-18T07:42:28.272493+00:00] main.DEBUG: cache_invalidate:  {"method":"GET","url":"http:/","invalidateInfo":{"tags":["EAV"],"mode":"matchingTag"}} []
[2025-01-18T07:42:28.274000+00:00] main.DEBUG: cache_invalidate:  {"method":"GET","url":"http:/","invalidateInfo":{"tags":["CUSTOMER_NOTIFICATION"],"mode":"matchingTag"}} []
[2025-01-18T07:42:28.275111+00:00] main.DEBUG: cache_invalidate:  {"method":"GET","url":"http:/","invalidateInfo":{"tags":["INTEGRATION"],"mode":"matchingTag"}} []
[2025-01-18T07:42:28.276887+00:00] main.DEBUG: cache_invalidate:  {"method":"GET","url":"http:/","invalidateInfo":{"tags":["INTEGRATION_API_CONFIG"],"mode":"matchingTag"}} []
[2025-01-18T07:42:28.278780+00:00] main.DEBUG: cache_invalidate:  {"method":"GET","url":"http:/","invalidateInfo":{"tags":["FPC"],"mode":"matchingTag"}} []
[2025-01-18T07:42:28.281121+00:00] main.DEBUG: cache_invalidate:  {"method":"GET","url":"http:/","invalidateInfo":{"tags":["WEBSERVICE"],"mode":"matchingTag"}} []
[2025-01-18T07:42:28.282769+00:00] main.DEBUG: cache_invalidate:  {"method":"GET","url":"http:/","invalidateInfo":{"tags":["TRANSLATE"],"mode":"matchingTag"}} []
[2025-01-18T07:42:32.446004+00:00] main.DEBUG: cache_invalidate:  {"method":"GET","url":"http:/","invalidateInfo":{"tags":["LAYOUT_GENERAL_CACHE_TAG"],"mode":"matchingTag"}} []
[2025-01-18T07:42:32.447249+00:00] main.DEBUG: cache_invalidate:  {"method":"GET","url":"http:/","invalidateInfo":{"tags":["BLOCK_HTML"],"mode":"matchingTag"}} []
[2025-01-18T07:42:32.448494+00:00] main.DEBUG: cache_invalidate:  {"method":"GET","url":"http:/","invalidateInfo":{"tags":["FPC"],"mode":"matchingTag"}} []
[2025-01-18T09:19:57.911006+00:00] main.DEBUG: cache_invalidate:  {"method":"GET","url":"http:/","invalidateInfo":{"tags":["CONFIG"],"mode":"matchingTag"}} []
[2025-01-18T09:19:57.912873+00:00] main.DEBUG: cache_invalidate:  {"method":"GET","url":"http:/","invalidateInfo":{"tags":["LAYOUT_GENERAL_CACHE_TAG"],"mode":"matchingTag"}} []
[2025-01-18T09:19:57.914362+00:00] main.DEBUG: cache_invalidate:  {"method":"GET","url":"http:/","invalidateInfo":{"tags":["BLOCK_HTML"],"mode":"matchingTag"}} []
[2025-01-18T09:19:57.915639+00:00] main.DEBUG: cache_invalidate:  {"method":"GET","url":"http:/","invalidateInfo":{"tags":["COLLECTION_DATA"],"mode":"matchingTag"}} []
[2025-01-18T09:19:57.917001+00:00] main.DEBUG: cache_invalidate:  {"method":"GET","url":"http:/","invalidateInfo":{"tags":["REFLECTION"],"mode":"matchingTag"}} []
[2025-01-18T09:19:57.918382+00:00] main.DEBUG: cache_invalidate:  {"method":"GET","url":"http:/","invalidateInfo":{"tags":["DB_DDL"],"mode":"matchingTag"}} []
[2025-01-18T09:19:57.919717+00:00] main.DEBUG: cache_invalidate:  {"method":"GET","url":"http:/","invalidateInfo":{"tags":["COMPILED_CONFIG"],"mode":"matchingTag"}} []
[2025-01-18T09:19:57.921112+00:00] main.DEBUG: cache_invalidate:  {"method":"GET","url":"http:/","invalidateInfo":{"tags":["EAV"],"mode":"matchingTag"}} []
[2025-01-18T09:19:57.922992+00:00] main.DEBUG: cache_invalidate:  {"method":"GET","url":"http:/","invalidateInfo":{"tags":["CUSTOMER_NOTIFICATION"],"mode":"matchingTag"}} []
[2025-01-18T09:19:57.924124+00:00] main.DEBUG: cache_invalidate:  {"method":"GET","url":"http:/","invalidateInfo":{"tags":["INTEGRATION"],"mode":"matchingTag"}} []
[2025-01-18T09:19:57.925462+00:00] main.DEBUG: cache_invalidate:  {"method":"GET","url":"http:/","invalidateInfo":{"tags":["INTEGRATION_API_CONFIG"],"mode":"matchingTag"}} []
[2025-01-18T09:19:57.931722+00:00] main.DEBUG: cache_invalidate:  {"method":"GET","url":"http:/","invalidateInfo":{"tags":["FPC"],"mode":"matchingTag"}} []
[2025-01-18T09:19:57.932875+00:00] main.DEBUG: cache_invalidate:  {"method":"GET","url":"http:/","invalidateInfo":{"tags":["WEBSERVICE"],"mode":"matchingTag"}} []
[2025-01-18T09:19:57.934339+00:00] main.DEBUG: cache_invalidate:  {"method":"GET","url":"http:/","invalidateInfo":{"tags":["TRANSLATE"],"mode":"matchingTag"}} []
[2025-01-18T09:20:04.564544+00:00] main.DEBUG: cache_invalidate:  {"method":"GET","url":"http:/","invalidateInfo":{"tags":["CONFIG"],"mode":"matchingTag"}} []
[2025-01-18T09:20:04.701495+00:00] main.DEBUG: cache_invalidate:  {"method":"GET","url":"http:/","invalidateInfo":{"tags":["CONFIG"],"mode":"matchingTag"}} []
[2025-01-18T09:20:04.702657+00:00] main.DEBUG: cache_invalidate:  {"method":"GET","url":"http:/","invalidateInfo":{"tags":["LAYOUT_GENERAL_CACHE_TAG"],"mode":"matchingTag"}} []
[2025-01-18T09:20:04.703753+00:00] main.DEBUG: cache_invalidate:  {"method":"GET","url":"http:/","invalidateInfo":{"tags":["BLOCK_HTML"],"mode":"matchingTag"}} []
[2025-01-18T09:20:04.704978+00:00] main.DEBUG: cache_invalidate:  {"method":"GET","url":"http:/","invalidateInfo":{"tags":["COLLECTION_DATA"],"mode":"matchingTag"}} []
[2025-01-18T09:20:04.706186+00:00] main.DEBUG: cache_invalidate:  {"method":"GET","url":"http:/","invalidateInfo":{"tags":["REFLECTION"],"mode":"matchingTag"}} []
[2025-01-18T09:20:04.707241+00:00] main.DEBUG: cache_invalidate:  {"method":"GET","url":"http:/","invalidateInfo":{"tags":["DB_DDL"],"mode":"matchingTag"}} []
[2025-01-18T09:20:04.708272+00:00] main.DEBUG: cache_invalidate:  {"method":"GET","url":"http:/","invalidateInfo":{"tags":["COMPILED_CONFIG"],"mode":"matchingTag"}} []
[2025-01-18T09:20:04.709284+00:00] main.DEBUG: cache_invalidate:  {"method":"GET","url":"http:/","invalidateInfo":{"tags":["EAV"],"mode":"matchingTag"}} []
[2025-01-18T09:20:04.710352+00:00] main.DEBUG: cache_invalidate:  {"method":"GET","url":"http:/","invalidateInfo":{"tags":["CUSTOMER_NOTIFICATION"],"mode":"matchingTag"}} []
[2025-01-18T09:20:04.711404+00:00] main.DEBUG: cache_invalidate:  {"method":"GET","url":"http:/","invalidateInfo":{"tags":["INTEGRATION"],"mode":"matchingTag"}} []
[2025-01-18T09:20:04.712418+00:00] main.DEBUG: cache_invalidate:  {"method":"GET","url":"http:/","invalidateInfo":{"tags":["INTEGRATION_API_CONFIG"],"mode":"matchingTag"}} []
[2025-01-18T09:20:04.713690+00:00] main.DEBUG: cache_invalidate:  {"method":"GET","url":"http:/","invalidateInfo":{"tags":["FPC"],"mode":"matchingTag"}} []
[2025-01-18T09:20:04.714729+00:00] main.DEBUG: cache_invalidate:  {"method":"GET","url":"http:/","invalidateInfo":{"tags":["WEBSERVICE"],"mode":"matchingTag"}} []
[2025-01-18T09:20:04.715900+00:00] main.DEBUG: cache_invalidate:  {"method":"GET","url":"http:/","invalidateInfo":{"tags":["TRANSLATE"],"mode":"matchingTag"}} []
[2025-01-18T09:20:08.799446+00:00] main.DEBUG: cache_invalidate:  {"method":"GET","url":"http:/","invalidateInfo":{"tags":["LAYOUT_GENERAL_CACHE_TAG"],"mode":"matchingTag"}} []
[2025-01-18T09:20:08.801004+00:00] main.DEBUG: cache_invalidate:  {"method":"GET","url":"http:/","invalidateInfo":{"tags":["BLOCK_HTML"],"mode":"matchingTag"}} []
[2025-01-18T09:20:08.802205+00:00] main.DEBUG: cache_invalidate:  {"method":"GET","url":"http:/","invalidateInfo":{"tags":["FPC"],"mode":"matchingTag"}} []
[2025-01-18T09:20:53.450330+00:00] main.DEBUG: cache_invalidate:  {"method":"GET","url":"http:/","invalidateInfo":{"tags":[],"mode":"all"}} []
[2025-01-18T09:20:53.459313+00:00] main.DEBUG: cache_invalidate:  {"method":"GET","url":"http:/","invalidateInfo":{"tags":[],"mode":"all"}} []
[2025-01-18T09:29:37.326649+00:00] main.DEBUG: cache_invalidate:  {"method":"GET","url":"http:/","invalidateInfo":{"tags":["FPC"],"mode":"matchingTag"}} []
[2025-01-18T09:30:40.873664+00:00] main.INFO: Broken reference: the 'catalog.compare.sidebar' element cannot be added as child to 'sidebar.additional', because the latter doesn't exist [] []
[2025-01-18T09:30:41.034493+00:00] main.INFO: Broken reference: the 'sale.reorder.sidebar' element cannot be added as child to 'sidebar.additional', because the latter doesn't exist [] []
[2025-01-18T09:30:41.035807+00:00] main.INFO: Broken reference: the 'wishlist_sidebar' element cannot be added as child to 'sidebar.additional', because the latter doesn't exist [] []
[2025-01-18T09:30:41.037076+00:00] main.INFO: Broken reference: the 'checkout.cart.item.renderers.gift-card.actions.gift_options' element cannot be added as child to 'checkout.cart.item.renderers.gift-card.actions', because the latter doesn't exist [] []
[2025-01-18T09:30:41.038371+00:00] main.INFO: Broken reference: the 'checkout.cart.item.renderers.gift-card.actions.gift_options' tries to reorder itself towards '', but their parents are different: 'checkout.cart.item.renderers.gift-card.actions' and '' respectively. [] []
[2025-01-18T09:30:46.194938+00:00] main.INFO: Broken reference: the 'header.panel.wrapper' element cannot be added as child to 'header.container', because the latter doesn't exist [] []
[2025-01-18T09:30:46.195743+00:00] main.INFO: Broken reference: the 'header-wrapper' element cannot be added as child to 'header.container', because the latter doesn't exist [] []
[2025-01-18T09:30:46.196286+00:00] main.INFO: Broken reference: the 'navigation.sections' element cannot be added as child to 'page.top', because the latter doesn't exist [] []
[2025-01-18T09:30:46.196787+00:00] main.INFO: Broken reference: the 'top.container' element cannot be added as child to 'page.top', because the latter doesn't exist [] []
[2025-01-18T09:30:46.197243+00:00] main.INFO: Broken reference: the 'breadcrumbs' element cannot be added as child to 'page.top', because the latter doesn't exist [] []
[2025-01-18T09:30:46.197793+00:00] main.INFO: Broken reference: the 'footer' element cannot be added as child to 'footer-container', because the latter doesn't exist [] []
[2025-01-18T09:30:46.198442+00:00] main.INFO: Broken reference: the 'catalog.compare.sidebar' element cannot be added as child to 'sidebar.additional', because the latter doesn't exist [] []
[2025-01-18T09:30:46.198925+00:00] main.INFO: Broken reference: the 'sale.reorder.sidebar' element cannot be added as child to 'sidebar.additional', because the latter doesn't exist [] []
[2025-01-18T09:30:46.199548+00:00] main.INFO: Broken reference: the 'wishlist_sidebar' element cannot be added as child to 'sidebar.additional', because the latter doesn't exist [] []
[2025-01-18T09:30:46.200081+00:00] main.INFO: Broken reference: the 'header.panel.wrapper' tries to reorder itself towards '', but their parents are different: 'header.container' and '' respectively. [] []
[2025-01-18T09:30:46.200567+00:00] main.INFO: Broken reference: the 'navigation.sections' tries to reorder itself towards '', but their parents are different: 'page.top' and '' respectively. [] []
[2025-01-18T09:37:14.309013+00:00] main.DEBUG: cache_invalidate:  {"method":"GET","url":"http:/","invalidateInfo":{"tags":["FPC"],"mode":"matchingTag"}} []
[2025-01-18T09:37:45.544294+00:00] main.INFO: Broken reference: the 'header.panel.wrapper' element cannot be added as child to 'header.container', because the latter doesn't exist [] []
[2025-01-18T09:37:45.545032+00:00] main.INFO: Broken reference: the 'header-wrapper' element cannot be added as child to 'header.container', because the latter doesn't exist [] []
[2025-01-18T09:37:45.545559+00:00] main.INFO: Broken reference: the 'navigation.sections' element cannot be added as child to 'page.top', because the latter doesn't exist [] []
[2025-01-18T09:37:45.546077+00:00] main.INFO: Broken reference: the 'top.container' element cannot be added as child to 'page.top', because the latter doesn't exist [] []
[2025-01-18T09:37:45.546546+00:00] main.INFO: Broken reference: the 'breadcrumbs' element cannot be added as child to 'page.top', because the latter doesn't exist [] []
[2025-01-18T09:37:45.547078+00:00] main.INFO: Broken reference: the 'footer' element cannot be added as child to 'footer-container', because the latter doesn't exist [] []
[2025-01-18T09:37:45.547670+00:00] main.INFO: Broken reference: the 'catalog.compare.sidebar' element cannot be added as child to 'sidebar.additional', because the latter doesn't exist [] []
[2025-01-18T09:37:45.548189+00:00] main.INFO: Broken reference: the 'sale.reorder.sidebar' element cannot be added as child to 'sidebar.additional', because the latter doesn't exist [] []
[2025-01-18T09:37:45.548837+00:00] main.INFO: Broken reference: the 'wishlist_sidebar' element cannot be added as child to 'sidebar.additional', because the latter doesn't exist [] []
[2025-01-18T09:37:45.549470+00:00] main.INFO: Broken reference: the 'header.panel.wrapper' tries to reorder itself towards '', but their parents are different: 'header.container' and '' respectively. [] []
[2025-01-18T09:37:45.549959+00:00] main.INFO: Broken reference: the 'navigation.sections' tries to reorder itself towards '', but their parents are different: 'page.top' and '' respectively. [] []
[2025-01-18T09:40:27.234652+00:00] main.DEBUG: cache_invalidate:  {"method":"GET","url":"http:/","invalidateInfo":{"tags":["CONFIG"],"mode":"matchingTag"}} []
[2025-01-18T09:40:27.236036+00:00] main.DEBUG: cache_invalidate:  {"method":"GET","url":"http:/","invalidateInfo":{"tags":["LAYOUT_GENERAL_CACHE_TAG"],"mode":"matchingTag"}} []
[2025-01-18T09:40:27.237445+00:00] main.DEBUG: cache_invalidate:  {"method":"GET","url":"http:/","invalidateInfo":{"tags":["BLOCK_HTML"],"mode":"matchingTag"}} []
[2025-01-18T09:40:27.238810+00:00] main.DEBUG: cache_invalidate:  {"method":"GET","url":"http:/","invalidateInfo":{"tags":["COLLECTION_DATA"],"mode":"matchingTag"}} []
[2025-01-18T09:40:27.240809+00:00] main.DEBUG: cache_invalidate:  {"method":"GET","url":"http:/","invalidateInfo":{"tags":["REFLECTION"],"mode":"matchingTag"}} []
[2025-01-18T09:40:27.242503+00:00] main.DEBUG: cache_invalidate:  {"method":"GET","url":"http:/","invalidateInfo":{"tags":["DB_DDL"],"mode":"matchingTag"}} []
[2025-01-18T09:40:27.243679+00:00] main.DEBUG: cache_invalidate:  {"method":"GET","url":"http:/","invalidateInfo":{"tags":["COMPILED_CONFIG"],"mode":"matchingTag"}} []
[2025-01-18T09:40:27.245030+00:00] main.DEBUG: cache_invalidate:  {"method":"GET","url":"http:/","invalidateInfo":{"tags":["EAV"],"mode":"matchingTag"}} []
[2025-01-18T09:40:27.246644+00:00] main.DEBUG: cache_invalidate:  {"method":"GET","url":"http:/","invalidateInfo":{"tags":["CUSTOMER_NOTIFICATION"],"mode":"matchingTag"}} []
[2025-01-18T09:40:27.248428+00:00] main.DEBUG: cache_invalidate:  {"method":"GET","url":"http:/","invalidateInfo":{"tags":["INTEGRATION"],"mode":"matchingTag"}} []
[2025-01-18T09:40:27.249638+00:00] main.DEBUG: cache_invalidate:  {"method":"GET","url":"http:/","invalidateInfo":{"tags":["INTEGRATION_API_CONFIG"],"mode":"matchingTag"}} []
[2025-01-18T09:40:27.280796+00:00] main.DEBUG: cache_invalidate:  {"method":"GET","url":"http:/","invalidateInfo":{"tags":["FPC"],"mode":"matchingTag"}} []
[2025-01-18T09:40:27.282779+00:00] main.DEBUG: cache_invalidate:  {"method":"GET","url":"http:/","invalidateInfo":{"tags":["WEBSERVICE"],"mode":"matchingTag"}} []
[2025-01-18T09:40:27.284719+00:00] main.DEBUG: cache_invalidate:  {"method":"GET","url":"http:/","invalidateInfo":{"tags":["TRANSLATE"],"mode":"matchingTag"}} []
[2025-01-18T09:40:32.907542+00:00] main.DEBUG: cache_invalidate:  {"method":"GET","url":"http:/","invalidateInfo":{"tags":["CONFIG"],"mode":"matchingTag"}} []
[2025-01-18T09:40:32.970025+00:00] main.DEBUG: cache_invalidate:  {"method":"GET","url":"http:/","invalidateInfo":{"tags":["CONFIG"],"mode":"matchingTag"}} []
[2025-01-18T09:40:32.971280+00:00] main.DEBUG: cache_invalidate:  {"method":"GET","url":"http:/","invalidateInfo":{"tags":["LAYOUT_GENERAL_CACHE_TAG"],"mode":"matchingTag"}} []
[2025-01-18T09:40:32.973231+00:00] main.DEBUG: cache_invalidate:  {"method":"GET","url":"http:/","invalidateInfo":{"tags":["BLOCK_HTML"],"mode":"matchingTag"}} []
[2025-01-18T09:40:32.974420+00:00] main.DEBUG: cache_invalidate:  {"method":"GET","url":"http:/","invalidateInfo":{"tags":["COLLECTION_DATA"],"mode":"matchingTag"}} []
[2025-01-18T09:40:32.976087+00:00] main.DEBUG: cache_invalidate:  {"method":"GET","url":"http:/","invalidateInfo":{"tags":["REFLECTION"],"mode":"matchingTag"}} []
[2025-01-18T09:40:32.977204+00:00] main.DEBUG: cache_invalidate:  {"method":"GET","url":"http:/","invalidateInfo":{"tags":["DB_DDL"],"mode":"matchingTag"}} []
[2025-01-18T09:40:32.978543+00:00] main.DEBUG: cache_invalidate:  {"method":"GET","url":"http:/","invalidateInfo":{"tags":["COMPILED_CONFIG"],"mode":"matchingTag"}} []
[2025-01-18T09:40:32.979904+00:00] main.DEBUG: cache_invalidate:  {"method":"GET","url":"http:/","invalidateInfo":{"tags":["EAV"],"mode":"matchingTag"}} []
[2025-01-18T09:40:32.981213+00:00] main.DEBUG: cache_invalidate:  {"method":"GET","url":"http:/","invalidateInfo":{"tags":["CUSTOMER_NOTIFICATION"],"mode":"matchingTag"}} []
[2025-01-18T09:40:32.982518+00:00] main.DEBUG: cache_invalidate:  {"method":"GET","url":"http:/","invalidateInfo":{"tags":["INTEGRATION"],"mode":"matchingTag"}} []
[2025-01-18T09:40:32.983850+00:00] main.DEBUG: cache_invalidate:  {"method":"GET","url":"http:/","invalidateInfo":{"tags":["INTEGRATION_API_CONFIG"],"mode":"matchingTag"}} []
[2025-01-18T09:40:32.985398+00:00] main.DEBUG: cache_invalidate:  {"method":"GET","url":"http:/","invalidateInfo":{"tags":["FPC"],"mode":"matchingTag"}} []
[2025-01-18T09:40:32.986645+00:00] main.DEBUG: cache_invalidate:  {"method":"GET","url":"http:/","invalidateInfo":{"tags":["WEBSERVICE"],"mode":"matchingTag"}} []
[2025-01-18T09:40:32.987966+00:00] main.DEBUG: cache_invalidate:  {"method":"GET","url":"http:/","invalidateInfo":{"tags":["TRANSLATE"],"mode":"matchingTag"}} []
[2025-01-18T09:40:35.573911+00:00] main.DEBUG: cache_invalidate:  {"method":"GET","url":"http:/","invalidateInfo":{"tags":["LAYOUT_GENERAL_CACHE_TAG"],"mode":"matchingTag"}} []
[2025-01-18T09:40:35.575980+00:00] main.DEBUG: cache_invalidate:  {"method":"GET","url":"http:/","invalidateInfo":{"tags":["BLOCK_HTML"],"mode":"matchingTag"}} []
[2025-01-18T09:40:35.577742+00:00] main.DEBUG: cache_invalidate:  {"method":"GET","url":"http:/","invalidateInfo":{"tags":["FPC"],"mode":"matchingTag"}} []
[2025-01-18T09:41:09.233461+00:00] main.DEBUG: cache_invalidate:  {"method":"GET","url":"http:/","invalidateInfo":{"tags":[],"mode":"all"}} []
[2025-01-18T09:41:09.243665+00:00] main.DEBUG: cache_invalidate:  {"method":"GET","url":"http:/","invalidateInfo":{"tags":[],"mode":"all"}} []
[2025-01-18T09:41:43.798196+00:00] main.DEBUG: cache_invalidate:  {"method":"GET","url":"http:/","invalidateInfo":{"tags":["FPC"],"mode":"matchingTag"}} []
[2025-01-18T09:43:19.118522+00:00] main.ERROR: Laminas\Mail\Transport\Exception\RuntimeException: Unable to send mail: Unknown error in /var/www/html/magento2/vendor/laminas/laminas-mail/src/Transport/Sendmail.php:313
Stack trace:
#0 /var/www/html/magento2/vendor/laminas/laminas-mail/src/Transport/Sendmail.php(150): Laminas\Mail\Transport\Sendmail->mailHandler()
#1 /var/www/html/magento2/vendor/magento/module-email/Model/Transport.php(183): Laminas\Mail\Transport\Sendmail->send()
#2 /var/www/html/magento2/vendor/magento/framework/Interception/Interceptor.php(58): Magento\Email\Model\Transport->sendMessage()
#3 /var/www/html/magento2/vendor/magento/framework/Interception/Interceptor.php(138): Magento\Email\Model\Transport\Interceptor->___callParent()
#4 /var/www/html/magento2/vendor/magento/module-email/Model/Mail/TransportInterfacePlugin.php(48): Magento\Email\Model\Transport\Interceptor->Magento\Framework\Interception\{closure}()
#5 /var/www/html/magento2/vendor/magento/framework/Interception/Interceptor.php(135): Magento\Email\Model\Mail\TransportInterfacePlugin->aroundSendMessage()
#6 /var/www/html/magento2/vendor/magento/framework/Interception/Interceptor.php(153): Magento\Email\Model\Transport\Interceptor->Magento\Framework\Interception\{closure}()
#7 /var/www/html/magento2/generated/code/Magento/Email/Model/Transport/Interceptor.php(23): Magento\Email\Model\Transport\Interceptor->___callPlugins()
#8 /var/www/html/magento2/vendor/magento/module-sales/Model/Order/Email/SenderBuilder.php(75): Magento\Email\Model\Transport\Interceptor->sendMessage()
#9 /var/www/html/magento2/vendor/magento/module-sales/Model/Order/Email/Sender.php(86): Magento\Sales\Model\Order\Email\SenderBuilder->send()
#10 /var/www/html/magento2/vendor/magento/module-sales/Model/Order/Email/Sender/OrderSender.php(108): Magento\Sales\Model\Order\Email\Sender->checkAndSend()
#11 /var/www/html/magento2/vendor/magento/module-quote/Observer/SubmitObserver.php(62): Magento\Sales\Model\Order\Email\Sender\OrderSender->send()
#12 /var/www/html/magento2/generated/code/Magento/Quote/Observer/SubmitObserver/Interceptor.php(23): Magento\Quote\Observer\SubmitObserver->execute()
#13 /var/www/html/magento2/vendor/magento/framework/Event/Invoker/InvokerDefault.php(88): Magento\Quote\Observer\SubmitObserver\Interceptor->execute()
#14 /var/www/html/magento2/vendor/magento/framework/Event/Invoker/InvokerDefault.php(74): Magento\Framework\Event\Invoker\InvokerDefault->_callObserverMethod()
#15 /var/www/html/magento2/vendor/magento/framework/Event/Manager.php(65): Magento\Framework\Event\Invoker\InvokerDefault->dispatch()
#16 /var/www/html/magento2/generated/code/Magento/Framework/Event/Manager/Proxy.php(95): Magento\Framework\Event\Manager->dispatch()
#17 /var/www/html/magento2/vendor/magento/module-quote/Model/QuoteManagement.php(630): Magento\Framework\Event\Manager\Proxy->dispatch()
#18 /var/www/html/magento2/vendor/magento/module-quote/Model/QuoteManagement.php(500): Magento\Quote\Model\QuoteManagement->submitQuote()
#19 /var/www/html/magento2/vendor/magento/framework/Interception/Interceptor.php(58): Magento\Quote\Model\QuoteManagement->submit()
#20 /var/www/html/magento2/vendor/magento/framework/Interception/Interceptor.php(138): Magento\Quote\Model\QuoteManagement\Interceptor->___callParent()
#21 /var/www/html/magento2/vendor/magento/module-sales-rule/Plugin/CouponUsagesIncrement.php(54): Magento\Quote\Model\QuoteManagement\Interceptor->Magento\Framework\Interception\{closure}()
#22 /var/www/html/magento2/vendor/magento/framework/Interception/Interceptor.php(135): Magento\SalesRule\Plugin\CouponUsagesIncrement->aroundSubmit()
#23 /var/www/html/magento2/vendor/magento/framework/Interception/Interceptor.php(153): Magento\Quote\Model\QuoteManagement\Interceptor->Magento\Framework\Interception\{closure}()
#24 /var/www/html/magento2/generated/code/Magento/Quote/Model/QuoteManagement/Interceptor.php(32): Magento\Quote\Model\QuoteManagement\Interceptor->___callPlugins()
#25 /var/www/html/magento2/vendor/magento/module-quote/Model/QuoteManagement.php(458): Magento\Quote\Model\QuoteManagement\Interceptor->submit()
#26 /var/www/html/magento2/vendor/magento/framework/Interception/Interceptor.php(58): Magento\Quote\Model\QuoteManagement->placeOrder()
#27 /var/www/html/magento2/vendor/magento/framework/Interception/Interceptor.php(138): Magento\Quote\Model\QuoteManagement\Interceptor->___callParent()
#28 /var/www/html/magento2/vendor/paypal/module-braintree-core/Plugin/OrderCancellation.php(64): Magento\Quote\Model\QuoteManagement\Interceptor->Magento\Framework\Interception\{closure}()
#29 /var/www/html/magento2/vendor/magento/framework/Interception/Interceptor.php(135): PayPal\Braintree\Plugin\OrderCancellation->aroundPlaceOrder()
#30 /var/www/html/magento2/vendor/magento/framework/Interception/Interceptor.php(153): Magento\Quote\Model\QuoteManagement\Interceptor->Magento\Framework\Interception\{closure}()
#31 /var/www/html/magento2/generated/code/Magento/Quote/Model/QuoteManagement/Interceptor.php(23): Magento\Quote\Model\QuoteManagement\Interceptor->___callPlugins()
#32 /var/www/html/magento2/vendor/magento/module-quote/Model/GuestCart/GuestCartManagement.php(87): Magento\Quote\Model\QuoteManagement\Interceptor->placeOrder()
#33 /var/www/html/magento2/vendor/magento/module-checkout/Model/GuestPaymentInformationManagement.php(141): Magento\Quote\Model\GuestCart\GuestCartManagement->placeOrder()
#34 /var/www/html/magento2/vendor/magento/framework/Interception/Interceptor.php(58): Magento\Checkout\Model\GuestPaymentInformationManagement->savePaymentInformationAndPlaceOrder()
#35 /var/www/html/magento2/vendor/magento/framework/Interception/Interceptor.php(138): Magento\Checkout\Model\GuestPaymentInformationManagement\Interceptor->___callParent()
#36 /var/www/html/magento2/vendor/magento/framework/Interception/Interceptor.php(153): Magento\Checkout\Model\GuestPaymentInformationManagement\Interceptor->Magento\Framework\Interception\{closure}()
#37 /var/www/html/magento2/generated/code/Magento/Checkout/Model/GuestPaymentInformationManagement/Interceptor.php(23): Magento\Checkout\Model\GuestPaymentInformationManagement\Interceptor->___callPlugins()
#38 [internal function]: Magento\Checkout\Model\GuestPaymentInformationManagement\Interceptor->savePaymentInformationAndPlaceOrder()
#39 /var/www/html/magento2/vendor/magento/module-webapi/Controller/Rest/SynchronousRequestProcessor.php(95): call_user_func_array()
#40 /var/www/html/magento2/vendor/magento/module-webapi/Controller/Rest.php(202): Magento\Webapi\Controller\Rest\SynchronousRequestProcessor->process()
#41 /var/www/html/magento2/vendor/magento/framework/Interception/Interceptor.php(58): Magento\Webapi\Controller\Rest->dispatch()
#42 /var/www/html/magento2/vendor/magento/framework/Interception/Interceptor.php(138): Magento\Webapi\Controller\Rest\Interceptor->___callParent()
#43 /var/www/html/magento2/vendor/magento/framework/Interception/Interceptor.php(153): Magento\Webapi\Controller\Rest\Interceptor->Magento\Framework\Interception\{closure}()
#44 /var/www/html/magento2/generated/code/Magento/Webapi/Controller/Rest/Interceptor.php(23): Magento\Webapi\Controller\Rest\Interceptor->___callPlugins()
#45 /var/www/html/magento2/vendor/magento/framework/App/Http.php(116): Magento\Webapi\Controller\Rest\Interceptor->dispatch()
#46 /var/www/html/magento2/vendor/magento/framework/App/Bootstrap.php(264): Magento\Framework\App\Http->launch()
#47 /var/www/html/magento2/pub/index.php(30): Magento\Framework\App\Bootstrap->run()
#48 {main} {"exception":"[object] (Laminas\\Mail\\Transport\\Exception\\RuntimeException(code: 0): Unable to send mail: Unknown error at /var/www/html/magento2/vendor/laminas/laminas-mail/src/Transport/Sendmail.php:313)"} []
[2025-01-18T09:43:19.120125+00:00] main.ERROR: Unable to send mail. Please try again later. [] []
[2025-01-18T09:43:19.341934+00:00] main.INFO: Broken reference: the 'catalog.compare.sidebar' element cannot be added as child to 'sidebar.additional', because the latter doesn't exist [] []
[2025-01-18T09:43:19.342612+00:00] main.INFO: Broken reference: the 'sale.reorder.sidebar' element cannot be added as child to 'sidebar.additional', because the latter doesn't exist [] []
[2025-01-18T09:43:19.343272+00:00] main.INFO: Broken reference: the 'wishlist_sidebar' element cannot be added as child to 'sidebar.additional', because the latter doesn't exist [] []
[2025-01-18T09:43:40.867881+00:00] main.INFO: Broken reference: the 'tracking' element cannot be added as child to 'header', because the latter doesn't exist [] []
[2025-01-18T09:43:40.868870+00:00] main.INFO: Broken reference: the 'notification_area' element cannot be added as child to 'notifications', because the latter doesn't exist [] []
[2025-01-18T09:43:40.869656+00:00] main.INFO: Broken reference: the 'unread_system_messages' element cannot be added as child to 'notifications', because the latter doesn't exist [] []
[2025-01-18T09:43:40.870354+00:00] main.INFO: Broken reference: the 'notification_window' element cannot be added as child to 'notifications', because the latter doesn't exist [] []
[2025-01-18T09:43:40.871034+00:00] main.INFO: Broken reference: the 'notification.messages' element cannot be added as child to 'header', because the latter doesn't exist [] []
[2025-01-18T09:43:40.871595+00:00] main.INFO: Broken reference: the 'global_notices' element cannot be added as child to 'global.notices', because the latter doesn't exist [] []
[2025-01-18T09:43:40.872302+00:00] main.INFO: Broken reference: the 'logo' element cannot be added as child to 'header', because the latter doesn't exist [] []
[2025-01-18T09:43:40.873114+00:00] main.INFO: Broken reference: the 'global.search' element cannot be added as child to 'header', because the latter doesn't exist [] []
[2025-01-18T09:43:40.873579+00:00] main.INFO: Broken reference: the 'user' element cannot be added as child to 'header', because the latter doesn't exist [] []
[2025-01-18T09:43:40.874043+00:00] main.INFO: Broken reference: the 'menu' element cannot be added as child to 'page.menu', because the latter doesn't exist [] []
[2025-01-18T09:43:40.874515+00:00] main.INFO: Broken reference: the 'breadcrumbs' element cannot be added as child to 'page.breadcrumbs', because the latter doesn't exist [] []
[2025-01-18T09:43:40.874960+00:00] main.INFO: Broken reference: the 'formkey' element cannot be added as child to 'page.formkey', because the latter doesn't exist [] []
[2025-01-18T09:43:40.875432+00:00] main.INFO: Broken reference: the 'page.title' element cannot be added as child to 'main.top', because the latter doesn't exist [] []
[2025-01-18T09:43:40.875884+00:00] main.INFO: Broken reference: the 'messages' element cannot be added as child to 'page.messages', because the latter doesn't exist [] []
[2025-01-18T09:43:40.876337+00:00] main.INFO: Broken reference: the 'page.actions.toolbar' element cannot be added as child to 'page.main.actions', because the latter doesn't exist [] []
[2025-01-18T09:43:40.876780+00:00] main.INFO: Broken reference: the 'legal' element cannot be added as child to 'footer', because the latter doesn't exist [] []
[2025-01-18T09:43:40.877329+00:00] main.INFO: Broken reference: the 'header.inner.left' element cannot be added as child to 'header', because the latter doesn't exist [] []
[2025-01-18T09:43:40.877808+00:00] main.INFO: Broken reference: the 'header.inner.right' element cannot be added as child to 'header', because the latter doesn't exist [] []
[2025-01-18T09:43:40.878321+00:00] main.INFO: Broken reference: the 'user' tries to reorder itself towards '', but their parents are different: 'header' and '' respectively. [] []
[2025-01-18T09:43:40.878778+00:00] main.INFO: Broken reference: the 'notification.messages' tries to reorder itself towards 'user', but their parents are different: 'header' and '' respectively. [] []
[2025-01-18T09:43:40.879249+00:00] main.INFO: Broken reference: the 'logo' tries to reorder itself towards '', but their parents are different: 'header' and '' respectively. [] []
[2025-01-18T09:43:40.879768+00:00] main.INFO: Broken reference: the 'global.search' tries to reorder itself towards 'logo', but their parents are different: 'header' and '' respectively. [] []
[2025-01-18T09:43:40.880218+00:00] main.INFO: Broken reference: the 'page.actions.toolbar' tries to reorder itself towards '', but their parents are different: 'page.main.actions' and '' respectively. [] []
[2025-01-18T09:43:40.880813+00:00] main.INFO: Broken reference: the 'header.inner.left' tries to reorder itself towards '', but their parents are different: 'header' and '' respectively. [] []
[2025-01-18T09:43:40.881271+00:00] main.INFO: Broken reference: the 'header.inner.right' tries to reorder itself towards 'header.inner.left', but their parents are different: 'header' and '' respectively. [] []
[2025-01-18T09:43:40.881734+00:00] main.INFO: Broken reference: the 'notification.messages' tries to reorder itself towards 'user', but their parents are different: 'header.inner.right' and '' respectively. [] []
[2025-01-18T09:44:01.901286+00:00] main.INFO: Broken reference: the 'tracking' element cannot be added as child to 'header', because the latter doesn't exist [] []
[2025-01-18T09:44:01.901985+00:00] main.INFO: Broken reference: the 'notification_area' element cannot be added as child to 'notifications', because the latter doesn't exist [] []
[2025-01-18T09:44:01.902469+00:00] main.INFO: Broken reference: the 'unread_system_messages' element cannot be added as child to 'notifications', because the latter doesn't exist [] []
[2025-01-18T09:44:01.902919+00:00] main.INFO: Broken reference: the 'notification_window' element cannot be added as child to 'notifications', because the latter doesn't exist [] []
[2025-01-18T09:44:01.903367+00:00] main.INFO: Broken reference: the 'notification.messages' element cannot be added as child to 'header', because the latter doesn't exist [] []
[2025-01-18T09:44:01.903818+00:00] main.INFO: Broken reference: the 'global_notices' element cannot be added as child to 'global.notices', because the latter doesn't exist [] []
[2025-01-18T09:44:01.904264+00:00] main.INFO: Broken reference: the 'logo' element cannot be added as child to 'header', because the latter doesn't exist [] []
[2025-01-18T09:44:01.904733+00:00] main.INFO: Broken reference: the 'global.search' element cannot be added as child to 'header', because the latter doesn't exist [] []
[2025-01-18T09:44:01.905189+00:00] main.INFO: Broken reference: the 'user' element cannot be added as child to 'header', because the latter doesn't exist [] []
[2025-01-18T09:44:01.905727+00:00] main.INFO: Broken reference: the 'menu' element cannot be added as child to 'page.menu', because the latter doesn't exist [] []
[2025-01-18T09:44:01.906188+00:00] main.INFO: Broken reference: the 'breadcrumbs' element cannot be added as child to 'page.breadcrumbs', because the latter doesn't exist [] []
[2025-01-18T09:44:01.906643+00:00] main.INFO: Broken reference: the 'formkey' element cannot be added as child to 'page.formkey', because the latter doesn't exist [] []
[2025-01-18T09:44:01.907089+00:00] main.INFO: Broken reference: the 'page.title' element cannot be added as child to 'main.top', because the latter doesn't exist [] []
[2025-01-18T09:44:01.907528+00:00] main.INFO: Broken reference: the 'messages' element cannot be added as child to 'page.messages', because the latter doesn't exist [] []
[2025-01-18T09:44:01.907969+00:00] main.INFO: Broken reference: the 'page.actions.toolbar' element cannot be added as child to 'page.main.actions', because the latter doesn't exist [] []
[2025-01-18T09:44:01.908422+00:00] main.INFO: Broken reference: the 'legal' element cannot be added as child to 'footer', because the latter doesn't exist [] []
[2025-01-18T09:44:01.908983+00:00] main.INFO: Broken reference: the 'header.inner.left' element cannot be added as child to 'header', because the latter doesn't exist [] []
[2025-01-18T09:44:01.909443+00:00] main.INFO: Broken reference: the 'header.inner.right' element cannot be added as child to 'header', because the latter doesn't exist [] []
[2025-01-18T09:44:01.909952+00:00] main.INFO: Broken reference: the 'user' tries to reorder itself towards '', but their parents are different: 'header' and '' respectively. [] []
[2025-01-18T09:44:01.910398+00:00] main.INFO: Broken reference: the 'notification.messages' tries to reorder itself towards 'user', but their parents are different: 'header' and '' respectively. [] []
[2025-01-18T09:44:01.910880+00:00] main.INFO: Broken reference: the 'logo' tries to reorder itself towards '', but their parents are different: 'header' and '' respectively. [] []
[2025-01-18T09:44:01.911327+00:00] main.INFO: Broken reference: the 'global.search' tries to reorder itself towards 'logo', but their parents are different: 'header' and '' respectively. [] []
[2025-01-18T09:44:01.911771+00:00] main.INFO: Broken reference: the 'page.actions.toolbar' tries to reorder itself towards '', but their parents are different: 'page.main.actions' and '' respectively. [] []
[2025-01-18T09:44:01.912245+00:00] main.INFO: Broken reference: the 'header.inner.left' tries to reorder itself towards '', but their parents are different: 'header' and '' respectively. [] []
[2025-01-18T09:44:01.912691+00:00] main.INFO: Broken reference: the 'header.inner.right' tries to reorder itself towards 'header.inner.left', but their parents are different: 'header' and '' respectively. [] []
[2025-01-18T09:44:01.913145+00:00] main.INFO: Broken reference: the 'notification.messages' tries to reorder itself towards 'user', but their parents are different: 'header.inner.right' and '' respectively. [] []
[2025-01-18T09:44:43.165829+00:00] main.ERROR: An existing user has the given username but different email. Username and email both need to match an existing user or both be new.
#0 /var/www/html/magento2/setup/src/Magento/Setup/Model/AdminAccount.php(113): Magento\Setup\Model\AdminAccount->validateUserMatches()
#1 /var/www/html/magento2/setup/src/Magento/Setup/Model/AdminAccount.php(83): Magento\Setup\Model\AdminAccount->saveAdminUser()
#2 /var/www/html/magento2/setup/src/Magento/Setup/Model/Installer.php(1348): Magento\Setup\Model\AdminAccount->save()
#3 /var/www/html/magento2/setup/src/Magento/Setup/Console/Command/AdminUserCreateCommand.php(166): Magento\Setup\Model\Installer->installAdminUser()
#4 /var/www/html/magento2/vendor/symfony/console/Command/Command.php(298): Magento\Setup\Console\Command\AdminUserCreateCommand->execute()
#5 /var/www/html/magento2/vendor/symfony/console/Application.php(1040): Symfony\Component\Console\Command\Command->run()
#6 /var/www/html/magento2/vendor/symfony/console/Application.php(301): Symfony\Component\Console\Application->doRunCommand()
#7 /var/www/html/magento2/vendor/magento/framework/Console/Cli.php(116): Symfony\Component\Console\Application->doRun()
#8 /var/www/html/magento2/vendor/symfony/console/Application.php(171): Magento\Framework\Console\Cli->doRun()
#9 /var/www/html/magento2/bin/magento(23): Symfony\Component\Console\Application->run()
#10 {main} [] []
[2025-01-18T09:48:18.107779+00:00] main.DEBUG: cache_invalidate:  {"method":"POST","url":"http://magento.local.com/admin","invalidateInfo":{"tags":["BACKEND_MAINMENU"],"mode":"matchingAnyTag"}} []
[2025-01-18T09:48:18.198555+00:00] main.DEBUG: cache_invalidate:  {"method":"POST","url":"http://magento.local.com/admin","invalidateInfo":{"tags":["PB_EDITOR_CONFIG","CONFIG"],"mode":"matchingTag"}} []
[2025-01-18T09:48:18.235761+00:00] main.INFO: Item Magento_Backend::system_currency was removed [] []
[2025-01-18T09:48:18.243340+00:00] main.INFO: Add of item with id Magento_Config::system_config was processed [] []
[2025-01-18T09:48:18.243975+00:00] main.INFO: Add of item with id Magento_AdminNotification::system_adminnotification was processed [] []
[2025-01-18T09:48:18.244461+00:00] main.INFO: Add of item with id Magento_Theme::design_config was processed [] []
[2025-01-18T09:48:18.244913+00:00] main.INFO: Add of item with id Magento_Theme::system_design_theme was processed [] []
[2025-01-18T09:48:18.245358+00:00] main.INFO: Add of item with id Magento_Backend::system_design_schedule was processed [] []
[2025-01-18T09:48:18.245956+00:00] main.INFO: Add of item with id Magento_Backend::system_store was processed [] []
[2025-01-18T09:48:18.246407+00:00] main.INFO: Add of item with id Magento_Backend::dashboard was processed [] []
[2025-01-18T09:48:18.246852+00:00] main.INFO: Add of item with id Magento_Backend::system was processed [] []
[2025-01-18T09:48:18.247311+00:00] main.INFO: Add of item with id Magento_Backend::system_tools was processed [] []
[2025-01-18T09:48:18.247785+00:00] main.INFO: Add of item with id Magento_Backend::system_design was processed [] []
[2025-01-18T09:48:18.248245+00:00] main.INFO: Add of item with id Magento_Backend::system_convert was processed [] []
[2025-01-18T09:48:18.248708+00:00] main.INFO: Add of item with id Magento_Backend::system_cache was processed [] []
[2025-01-18T09:48:18.249154+00:00] main.INFO: Add of item with id Magento_Backend::marketing was processed [] []
[2025-01-18T09:48:18.249906+00:00] main.INFO: Add of item with id Magento_Backend::marketing_communications was processed [] []
[2025-01-18T09:48:18.250439+00:00] main.INFO: Add of item with id Magento_Backend::marketing_seo was processed [] []
[2025-01-18T09:48:18.250902+00:00] main.INFO: Add of item with id Magento_Backend::marketing_user_content was processed [] []
[2025-01-18T09:48:18.251347+00:00] main.INFO: Add of item with id Magento_Backend::content was processed [] []
[2025-01-18T09:48:18.251789+00:00] main.INFO: Add of item with id Magento_Backend::content_elements was processed [] []
[2025-01-18T09:48:18.252228+00:00] main.INFO: Add of item with id Magento_Backend::stores was processed [] []
[2025-01-18T09:48:18.252685+00:00] main.INFO: Add of item with id Magento_Backend::stores_settings was processed [] []
[2025-01-18T09:48:18.253158+00:00] main.INFO: Add of item with id Magento_Backend::stores_attributes was processed [] []
[2025-01-18T09:48:18.253610+00:00] main.INFO: Add of item with id Magento_Backend::other_settings was processed [] []
[2025-01-18T09:48:18.254066+00:00] main.INFO: Add of item with id Magento_Backend::system_other_settings was processed [] []
[2025-01-18T09:48:18.254798+00:00] main.INFO: Add of item with id Magento_User::system_acl was processed [] []
[2025-01-18T09:48:18.255594+00:00] main.INFO: Add of item with id Magento_User::system_acl_users was processed [] []
[2025-01-18T09:48:18.256329+00:00] main.INFO: Add of item with id Magento_User::system_acl_roles was processed [] []
[2025-01-18T09:48:18.257059+00:00] main.INFO: Add of item with id Magento_User::system_acl_locks was processed [] []
[2025-01-18T09:48:18.257800+00:00] main.INFO: Add of item with id Magento_Customer::customer was processed [] []
[2025-01-18T09:48:18.258588+00:00] main.INFO: Add of item with id Magento_Customer::customer_manage was processed [] []
[2025-01-18T09:48:18.259296+00:00] main.INFO: Add of item with id Magento_Customer::customer_online was processed [] []
[2025-01-18T09:48:18.259924+00:00] main.INFO: Add of item with id Magento_Customer::customer_group was processed [] []
[2025-01-18T09:48:18.260451+00:00] main.INFO: Add of item with id Magento_Backup::system_tools_backup was processed [] []
[2025-01-18T09:48:18.260973+00:00] main.INFO: Add of item with id Magento_Indexer::system_index was processed [] []
[2025-01-18T09:48:18.261494+00:00] main.INFO: Add of item with id Magento_Variable::system_variable was processed [] []
[2025-01-18T09:48:18.262846+00:00] main.INFO: Add of item with id Magento_Cms::cms_page was processed [] []
[2025-01-18T09:48:18.263341+00:00] main.INFO: Add of item with id Magento_Cms::cms_block was processed [] []
[2025-01-18T09:48:18.263811+00:00] main.INFO: Add of item with id Magento_Search::search_terms was processed [] []
[2025-01-18T09:48:18.264260+00:00] main.INFO: Add of item with id Magento_Search::search_synonyms was processed [] []
[2025-01-18T09:48:18.264706+00:00] main.INFO: Add of item with id Magento_Catalog::catalog was processed [] []
[2025-01-18T09:48:18.265156+00:00] main.INFO: Add of item with id Magento_Catalog::catalog_products was processed [] []
[2025-01-18T09:48:18.265701+00:00] main.INFO: Add of item with id Magento_Catalog::catalog_categories was processed [] []
[2025-01-18T09:48:18.266176+00:00] main.INFO: Add of item with id Magento_Catalog::catalog_attributes_attributes was processed [] []
[2025-01-18T09:48:18.266620+00:00] main.INFO: Add of item with id Magento_Catalog::catalog_attributes_sets was processed [] []
[2025-01-18T09:48:18.267073+00:00] main.INFO: Add of item with id Magento_Catalog::inventory was processed [] []
[2025-01-18T09:48:18.267519+00:00] main.INFO: Add of item with id Magento_CatalogRule::promo was processed [] []
[2025-01-18T09:48:18.268000+00:00] main.INFO: Add of item with id Magento_CatalogRule::promo_catalog was processed [] []
[2025-01-18T09:48:18.268632+00:00] main.INFO: Add of item with id Magento_MediaGalleryUi::media was processed [] []
[2025-01-18T09:48:18.269117+00:00] main.INFO: Add of item with id Magento_MediaGalleryUi::media_gallery was processed [] []
[2025-01-18T09:48:18.269889+00:00] main.INFO: Add of item with id Magento_Integration::system_extensions was processed [] []
[2025-01-18T09:48:18.270464+00:00] main.INFO: Add of item with id Magento_Integration::system_integrations was processed [] []
[2025-01-18T09:48:18.271038+00:00] main.INFO: Add of item with id Magento_Sales::sales was processed [] []
[2025-01-18T09:48:18.271789+00:00] main.INFO: Add of item with id Magento_Sales::sales_operation was processed [] []
[2025-01-18T09:48:18.272536+00:00] main.INFO: Add of item with id Magento_Sales::sales_order was processed [] []
[2025-01-18T09:48:18.273269+00:00] main.INFO: Add of item with id Magento_Sales::sales_invoice was processed [] []
[2025-01-18T09:48:18.274019+00:00] main.INFO: Add of item with id Magento_Sales::sales_shipment was processed [] []
[2025-01-18T09:48:18.274817+00:00] main.INFO: Add of item with id Magento_Sales::sales_creditmemo was processed [] []
[2025-01-18T09:48:18.275673+00:00] main.INFO: Add of item with id Magento_Sales::sales_transactions was processed [] []
[2025-01-18T09:48:18.276296+00:00] main.INFO: Add of item with id Magento_Sales::system_order_statuses was processed [] []
[2025-01-18T09:48:18.276829+00:00] main.INFO: Add of item with id Magento_Widget::cms_widget_instance was processed [] []
[2025-01-18T09:48:18.277374+00:00] main.INFO: Add of item with id Magento_Analytics::business_intelligence was processed [] []
[2025-01-18T09:48:18.277915+00:00] main.INFO: Add of item with id Magento_Analytics::advanced_reporting was processed [] []
[2025-01-18T09:48:18.278442+00:00] main.INFO: Add of item with id Magento_Analytics::bi_essentials was processed [] []
[2025-01-18T09:48:18.278973+00:00] main.INFO: Add of item with id Magento_Downloadable::report_products_downloads was processed [] []
[2025-01-18T09:48:18.279664+00:00] main.INFO: Add of item with id Magento_ImportExport::system_convert_import was processed [] []
[2025-01-18T09:48:18.280200+00:00] main.INFO: Add of item with id Magento_ImportExport::system_convert_export was processed [] []
[2025-01-18T09:48:18.281788+00:00] main.INFO: Add of item with id Magento_ImportExport::system_convert_history was processed [] []
[2025-01-18T09:48:18.282269+00:00] main.INFO: Add of item with id Magento_Email::template was processed [] []
[2025-01-18T09:48:18.283015+00:00] main.INFO: Add of item with id Magento_EncryptionKey::system_crypt_key was processed [] []
[2025-01-18T09:48:18.283501+00:00] main.INFO: Add of item with id Magento_InventoryAdminUi::inventory was processed [] []
[2025-01-18T09:48:18.283967+00:00] main.INFO: Add of item with id Magento_InventoryAdminUi::source was processed [] []
[2025-01-18T09:48:18.284426+00:00] main.INFO: Add of item with id Magento_InventoryAdminUi::stock was processed [] []
[2025-01-18T09:48:18.284869+00:00] main.INFO: Add of item with id Magento_Reports::report was processed [] []
[2025-01-18T09:48:18.285312+00:00] main.INFO: Add of item with id Magento_Reports::report_marketing was processed [] []
[2025-01-18T09:48:18.285837+00:00] main.INFO: Add of item with id Magento_Reports::report_salesroot was processed [] []
[2025-01-18T09:48:18.286300+00:00] main.INFO: Add of item with id Magento_Reports::report_salesroot_sales was processed [] []
[2025-01-18T09:48:18.286751+00:00] main.INFO: Add of item with id Magento_Reports::report_salesroot_tax was processed [] []
[2025-01-18T09:48:18.287212+00:00] main.INFO: Add of item with id Magento_Reports::report_salesroot_invoiced was processed [] []
[2025-01-18T09:48:18.288314+00:00] main.INFO: Add of item with id Magento_Reports::report_salesroot_shipping was processed [] []
[2025-01-18T09:48:18.289054+00:00] main.INFO: Add of item with id Magento_Reports::report_salesroot_refunded was processed [] []
[2025-01-18T09:48:18.289879+00:00] main.INFO: Add of item with id Magento_Reports::report_salesroot_coupons was processed [] []
[2025-01-18T09:48:18.290609+00:00] main.INFO: Add of item with id Magento_Reports::report_shopcart_product was processed [] []
[2025-01-18T09:48:18.291354+00:00] main.INFO: Add of item with id Magento_Reports::report_shopcart_abandoned was processed [] []
[2025-01-18T09:48:18.292065+00:00] main.INFO: Add of item with id Magento_Reports::report_products was processed [] []
[2025-01-18T09:48:18.292853+00:00] main.INFO: Add of item with id Magento_Reports::report_products_bestsellers was processed [] []
[2025-01-18T09:48:18.293690+00:00] main.INFO: Add of item with id Magento_Reports::report_products_sold was processed [] []
[2025-01-18T09:48:18.294470+00:00] main.INFO: Add of item with id Magento_Reports::report_products_viewed was processed [] []
[2025-01-18T09:48:18.295233+00:00] main.INFO: Add of item with id Magento_Reports::report_products_lowstock was processed [] []
[2025-01-18T09:48:18.296033+00:00] main.INFO: Add of item with id Magento_Reports::report_customers was processed [] []
[2025-01-18T09:48:18.296822+00:00] main.INFO: Add of item with id Magento_Reports::report_customers_accounts was processed [] []
[2025-01-18T09:48:18.297476+00:00] main.INFO: Add of item with id Magento_Reports::report_customers_totals was processed [] []
[2025-01-18T09:48:18.297939+00:00] main.INFO: Add of item with id Magento_Reports::report_customers_orders was processed [] []
[2025-01-18T09:48:18.298466+00:00] main.INFO: Add of item with id Magento_Reports::report_statistics was processed [] []
[2025-01-18T09:48:18.298955+00:00] main.INFO: Add of item with id Magento_Reports::report_statistics_refresh was processed [] []
[2025-01-18T09:48:18.299606+00:00] main.INFO: Add of item with id Magento_Search::report_search_term was processed [] []
[2025-01-18T09:48:18.300069+00:00] main.INFO: Add of item with id Magento_LoginAsCustomerLog::login_log was processed [] []
[2025-01-18T09:48:18.300514+00:00] main.INFO: Add of item with id Magento_Marketplace::partners was processed [] []
[2025-01-18T09:48:18.300962+00:00] main.INFO: Add of item with id Magento_Newsletter::newsletter_template was processed [] []
[2025-01-18T09:48:18.301406+00:00] main.INFO: Add of item with id Magento_Newsletter::newsletter_queue was processed [] []
[2025-01-18T09:48:18.301849+00:00] main.INFO: Add of item with id Magento_Newsletter::newsletter_subscriber was processed [] []
[2025-01-18T09:48:18.302293+00:00] main.INFO: Add of item with id Magento_Newsletter::newsletter_problem was processed [] []
[2025-01-18T09:48:18.302760+00:00] main.INFO: Add of item with id Magento_SalesRule::promo_quote was processed [] []
[2025-01-18T09:48:18.303216+00:00] main.INFO: Add of item with id Magento_Sitemap::catalog_sitemap was processed [] []
[2025-01-18T09:48:18.303763+00:00] main.INFO: Add of item with id Magento_PageBuilder::templates was processed [] []
[2025-01-18T09:48:18.304612+00:00] main.INFO: Add of item with id Magento_Paypal::report_salesroot_paypal_settlement_reports was processed [] []
[2025-01-18T09:48:18.305374+00:00] main.INFO: Add of item with id Magento_Paypal::paypal_billing_agreement was processed [] []
[2025-01-18T09:48:18.309788+00:00] main.INFO: Add of item with id Magento_CheckoutAgreements::sales_checkoutagreement was processed [] []
[2025-01-18T09:48:18.310613+00:00] main.INFO: Add of item with id Magento_Review::catalog_reviews_ratings_ratings was processed [] []
[2025-01-18T09:48:18.311360+00:00] main.INFO: Add of item with id Magento_Review::catalog_reviews_ratings_pending was processed [] []
[2025-01-18T09:48:18.311922+00:00] main.INFO: Add of item with id Magento_Review::catalog_reviews_ratings_reviews_all was processed [] []
[2025-01-18T09:48:18.312463+00:00] main.INFO: Add of item with id Magento_Review::report_review was processed [] []
[2025-01-18T09:48:18.313078+00:00] main.INFO: Add of item with id Magento_Review::report_review_customer was processed [] []
[2025-01-18T09:48:18.313629+00:00] main.INFO: Add of item with id Magento_Review::report_review_product was processed [] []
[2025-01-18T09:48:18.314148+00:00] main.INFO: Add of item with id Magento_UrlRewrite::urlrewrite was processed [] []
[2025-01-18T09:48:18.315046+00:00] main.INFO: Add of item with id Magento_Tax::sales_tax was processed [] []
[2025-01-18T09:48:18.315960+00:00] main.INFO: Add of item with id Magento_Tax::sales_tax_rules was processed [] []
[2025-01-18T09:48:18.316450+00:00] main.INFO: Add of item with id Magento_Tax::sales_tax_rates was processed [] []
[2025-01-18T09:48:18.316912+00:00] main.INFO: Add of item with id Magento_TaxImportExport::system_convert_tax was processed [] []
[2025-01-18T09:48:18.317362+00:00] main.INFO: Add of item with id Magento_AsynchronousOperations::system_magento_logging was processed [] []
[2025-01-18T09:48:18.317820+00:00] main.INFO: Add of item with id Magento_AsynchronousOperations::system_magento_logging_bulk_operations was processed [] []
[2025-01-18T09:48:18.318270+00:00] main.INFO: Add of item with id Magento_CurrencySymbol::system_currency was processed [] []
[2025-01-18T09:48:18.318735+00:00] main.INFO: Add of item with id Magento_CurrencySymbol::system_currency_rates was processed [] []
[2025-01-18T09:48:18.319179+00:00] main.INFO: Add of item with id Magento_CurrencySymbol::system_currency_symbols was processed [] []
[2025-01-18T09:48:18.319859+00:00] main.INFO: Add of item with id PayPal_Braintree::settlement_report was processed [] []
[2025-01-18T09:48:18.320322+00:00] main.INFO: Add of item with id PayPal_Braintree::virtual_terminal was processed [] []
[2025-01-18T09:48:20.501081+00:00] main.INFO: Broken reference: the 'notification.messages' tries to reorder itself towards 'user', but their parents are different: 'header.inner.right' and 'header' respectively. [] []
[2025-01-18T09:48:40.121097+00:00] main.INFO: Broken reference: the 'notification.messages' tries to reorder itself towards 'user', but their parents are different: 'header.inner.right' and 'header' respectively. [] []
[2025-01-18T09:48:51.542647+00:00] main.INFO: Broken reference: the 'notification.messages' tries to reorder itself towards 'user', but their parents are different: 'header.inner.right' and 'header' respectively. [] []
[2025-01-18T09:53:09.663905+00:00] main.INFO: Broken reference: the 'header.panel.wrapper' element cannot be added as child to 'header.container', because the latter doesn't exist [] []
[2025-01-18T09:53:09.664615+00:00] main.INFO: Broken reference: the 'header-wrapper' element cannot be added as child to 'header.container', because the latter doesn't exist [] []
[2025-01-18T09:53:09.665094+00:00] main.INFO: Broken reference: the 'navigation.sections' element cannot be added as child to 'page.top', because the latter doesn't exist [] []
[2025-01-18T09:53:09.665658+00:00] main.INFO: Broken reference: the 'top.container' element cannot be added as child to 'page.top', because the latter doesn't exist [] []
[2025-01-18T09:53:09.666142+00:00] main.INFO: Broken reference: the 'breadcrumbs' element cannot be added as child to 'page.top', because the latter doesn't exist [] []
[2025-01-18T09:53:09.666658+00:00] main.INFO: Broken reference: the 'footer' element cannot be added as child to 'footer-container', because the latter doesn't exist [] []
[2025-01-18T09:53:09.667235+00:00] main.INFO: Broken reference: the 'catalog.compare.sidebar' element cannot be added as child to 'sidebar.additional', because the latter doesn't exist [] []
[2025-01-18T09:53:09.667735+00:00] main.INFO: Broken reference: the 'sale.reorder.sidebar' element cannot be added as child to 'sidebar.additional', because the latter doesn't exist [] []
[2025-01-18T09:53:09.668397+00:00] main.INFO: Broken reference: the 'wishlist_sidebar' element cannot be added as child to 'sidebar.additional', because the latter doesn't exist [] []
[2025-01-18T09:53:09.668935+00:00] main.INFO: Broken reference: the 'header.panel.wrapper' tries to reorder itself towards '', but their parents are different: 'header.container' and '' respectively. [] []
[2025-01-18T09:53:09.669414+00:00] main.INFO: Broken reference: the 'navigation.sections' tries to reorder itself towards '', but their parents are different: 'page.top' and '' respectively. [] []
[2025-01-18T09:54:17.210195+00:00] main.ERROR: Laminas\Mail\Transport\Exception\RuntimeException: Unable to send mail: Unknown error in /var/www/html/magento2/vendor/laminas/laminas-mail/src/Transport/Sendmail.php:313
Stack trace:
#0 /var/www/html/magento2/vendor/laminas/laminas-mail/src/Transport/Sendmail.php(150): Laminas\Mail\Transport\Sendmail->mailHandler()
#1 /var/www/html/magento2/vendor/magento/module-email/Model/Transport.php(183): Laminas\Mail\Transport\Sendmail->send()
#2 /var/www/html/magento2/vendor/magento/framework/Interception/Interceptor.php(58): Magento\Email\Model\Transport->sendMessage()
#3 /var/www/html/magento2/vendor/magento/framework/Interception/Interceptor.php(138): Magento\Email\Model\Transport\Interceptor->___callParent()
#4 /var/www/html/magento2/vendor/magento/module-email/Model/Mail/TransportInterfacePlugin.php(48): Magento\Email\Model\Transport\Interceptor->Magento\Framework\Interception\{closure}()
#5 /var/www/html/magento2/vendor/magento/framework/Interception/Interceptor.php(135): Magento\Email\Model\Mail\TransportInterfacePlugin->aroundSendMessage()
#6 /var/www/html/magento2/vendor/magento/framework/Interception/Interceptor.php(153): Magento\Email\Model\Transport\Interceptor->Magento\Framework\Interception\{closure}()
#7 /var/www/html/magento2/generated/code/Magento/Email/Model/Transport/Interceptor.php(23): Magento\Email\Model\Transport\Interceptor->___callPlugins()
#8 /var/www/html/magento2/vendor/magento/module-sales/Model/Order/Email/SenderBuilder.php(75): Magento\Email\Model\Transport\Interceptor->sendMessage()
#9 /var/www/html/magento2/vendor/magento/module-sales/Model/Order/Email/Sender.php(86): Magento\Sales\Model\Order\Email\SenderBuilder->send()
#10 /var/www/html/magento2/vendor/magento/module-sales/Model/Order/Email/Sender/OrderSender.php(108): Magento\Sales\Model\Order\Email\Sender->checkAndSend()
#11 /var/www/html/magento2/vendor/magento/module-quote/Observer/SubmitObserver.php(62): Magento\Sales\Model\Order\Email\Sender\OrderSender->send()
#12 /var/www/html/magento2/generated/code/Magento/Quote/Observer/SubmitObserver/Interceptor.php(23): Magento\Quote\Observer\SubmitObserver->execute()
#13 /var/www/html/magento2/vendor/magento/framework/Event/Invoker/InvokerDefault.php(88): Magento\Quote\Observer\SubmitObserver\Interceptor->execute()
#14 /var/www/html/magento2/vendor/magento/framework/Event/Invoker/InvokerDefault.php(74): Magento\Framework\Event\Invoker\InvokerDefault->_callObserverMethod()
#15 /var/www/html/magento2/vendor/magento/framework/Event/Manager.php(65): Magento\Framework\Event\Invoker\InvokerDefault->dispatch()
#16 /var/www/html/magento2/generated/code/Magento/Framework/Event/Manager/Proxy.php(95): Magento\Framework\Event\Manager->dispatch()
#17 /var/www/html/magento2/vendor/magento/module-quote/Model/QuoteManagement.php(630): Magento\Framework\Event\Manager\Proxy->dispatch()
#18 /var/www/html/magento2/vendor/magento/module-quote/Model/QuoteManagement.php(500): Magento\Quote\Model\QuoteManagement->submitQuote()
#19 /var/www/html/magento2/vendor/magento/framework/Interception/Interceptor.php(58): Magento\Quote\Model\QuoteManagement->submit()
#20 /var/www/html/magento2/vendor/magento/framework/Interception/Interceptor.php(138): Magento\Quote\Model\QuoteManagement\Interceptor->___callParent()
#21 /var/www/html/magento2/vendor/magento/module-sales-rule/Plugin/CouponUsagesIncrement.php(54): Magento\Quote\Model\QuoteManagement\Interceptor->Magento\Framework\Interception\{closure}()
#22 /var/www/html/magento2/vendor/magento/framework/Interception/Interceptor.php(135): Magento\SalesRule\Plugin\CouponUsagesIncrement->aroundSubmit()
#23 /var/www/html/magento2/vendor/magento/framework/Interception/Interceptor.php(153): Magento\Quote\Model\QuoteManagement\Interceptor->Magento\Framework\Interception\{closure}()
#24 /var/www/html/magento2/generated/code/Magento/Quote/Model/QuoteManagement/Interceptor.php(32): Magento\Quote\Model\QuoteManagement\Interceptor->___callPlugins()
#25 /var/www/html/magento2/vendor/magento/module-quote/Model/QuoteManagement.php(458): Magento\Quote\Model\QuoteManagement\Interceptor->submit()
#26 /var/www/html/magento2/vendor/magento/framework/Interception/Interceptor.php(58): Magento\Quote\Model\QuoteManagement->placeOrder()
#27 /var/www/html/magento2/vendor/magento/framework/Interception/Interceptor.php(138): Magento\Quote\Model\QuoteManagement\Interceptor->___callParent()
#28 /var/www/html/magento2/vendor/paypal/module-braintree-core/Plugin/OrderCancellation.php(64): Magento\Quote\Model\QuoteManagement\Interceptor->Magento\Framework\Interception\{closure}()
#29 /var/www/html/magento2/vendor/magento/framework/Interception/Interceptor.php(135): PayPal\Braintree\Plugin\OrderCancellation->aroundPlaceOrder()
#30 /var/www/html/magento2/vendor/magento/framework/Interception/Interceptor.php(153): Magento\Quote\Model\QuoteManagement\Interceptor->Magento\Framework\Interception\{closure}()
#31 /var/www/html/magento2/generated/code/Magento/Quote/Model/QuoteManagement/Interceptor.php(23): Magento\Quote\Model\QuoteManagement\Interceptor->___callPlugins()
#32 /var/www/html/magento2/vendor/magento/module-quote/Model/GuestCart/GuestCartManagement.php(87): Magento\Quote\Model\QuoteManagement\Interceptor->placeOrder()
#33 /var/www/html/magento2/vendor/magento/module-checkout/Model/GuestPaymentInformationManagement.php(141): Magento\Quote\Model\GuestCart\GuestCartManagement->placeOrder()
#34 /var/www/html/magento2/vendor/magento/framework/Interception/Interceptor.php(58): Magento\Checkout\Model\GuestPaymentInformationManagement->savePaymentInformationAndPlaceOrder()
#35 /var/www/html/magento2/vendor/magento/framework/Interception/Interceptor.php(138): Magento\Checkout\Model\GuestPaymentInformationManagement\Interceptor->___callParent()
#36 /var/www/html/magento2/vendor/magento/framework/Interception/Interceptor.php(153): Magento\Checkout\Model\GuestPaymentInformationManagement\Interceptor->Magento\Framework\Interception\{closure}()
#37 /var/www/html/magento2/generated/code/Magento/Checkout/Model/GuestPaymentInformationManagement/Interceptor.php(23): Magento\Checkout\Model\GuestPaymentInformationManagement\Interceptor->___callPlugins()
#38 [internal function]: Magento\Checkout\Model\GuestPaymentInformationManagement\Interceptor->savePaymentInformationAndPlaceOrder()
#39 /var/www/html/magento2/vendor/magento/module-webapi/Controller/Rest/SynchronousRequestProcessor.php(95): call_user_func_array()
#40 /var/www/html/magento2/vendor/magento/module-webapi/Controller/Rest.php(202): Magento\Webapi\Controller\Rest\SynchronousRequestProcessor->process()
#41 /var/www/html/magento2/vendor/magento/framework/Interception/Interceptor.php(58): Magento\Webapi\Controller\Rest->dispatch()
#42 /var/www/html/magento2/vendor/magento/framework/Interception/Interceptor.php(138): Magento\Webapi\Controller\Rest\Interceptor->___callParent()
#43 /var/www/html/magento2/vendor/magento/framework/Interception/Interceptor.php(153): Magento\Webapi\Controller\Rest\Interceptor->Magento\Framework\Interception\{closure}()
#44 /var/www/html/magento2/generated/code/Magento/Webapi/Controller/Rest/Interceptor.php(23): Magento\Webapi\Controller\Rest\Interceptor->___callPlugins()
#45 /var/www/html/magento2/vendor/magento/framework/App/Http.php(116): Magento\Webapi\Controller\Rest\Interceptor->dispatch()
#46 /var/www/html/magento2/vendor/magento/framework/App/Bootstrap.php(264): Magento\Framework\App\Http->launch()
#47 /var/www/html/magento2/pub/index.php(30): Magento\Framework\App\Bootstrap->run()
#48 {main} {"exception":"[object] (Laminas\\Mail\\Transport\\Exception\\RuntimeException(code: 0): Unable to send mail: Unknown error at /var/www/html/magento2/vendor/laminas/laminas-mail/src/Transport/Sendmail.php:313)"} []
[2025-01-18T09:54:17.211084+00:00] main.ERROR: Unable to send mail. Please try again later. [] []
[2025-01-18T09:54:17.381259+00:00] main.INFO: Broken reference: the 'catalog.compare.sidebar' element cannot be added as child to 'sidebar.additional', because the latter doesn't exist [] []
[2025-01-18T09:54:17.381905+00:00] main.INFO: Broken reference: the 'sale.reorder.sidebar' element cannot be added as child to 'sidebar.additional', because the latter doesn't exist [] []
[2025-01-18T09:54:17.382632+00:00] main.INFO: Broken reference: the 'wishlist_sidebar' element cannot be added as child to 'sidebar.additional', because the latter doesn't exist [] []
[2025-01-18T09:54:24.949856+00:00] main.INFO: Broken reference: the 'notification.messages' tries to reorder itself towards 'user', but their parents are different: 'header.inner.right' and 'header' respectively. [] []
[2025-01-18T09:54:28.890458+00:00] main.INFO: Broken reference: the 'notification.messages' tries to reorder itself towards 'user', but their parents are different: 'header.inner.right' and 'header' respectively. [] []
[2025-01-18T09:55:28.309338+00:00] main.INFO: Broken reference: the 'catalog.compare.sidebar' element cannot be added as child to 'sidebar.additional', because the latter doesn't exist [] []
[2025-01-18T09:55:28.310030+00:00] main.INFO: Broken reference: the 'sale.reorder.sidebar' element cannot be added as child to 'sidebar.additional', because the latter doesn't exist [] []
[2025-01-18T09:55:28.310744+00:00] main.INFO: Broken reference: the 'wishlist_sidebar' element cannot be added as child to 'sidebar.additional', because the latter doesn't exist [] []
[2025-01-18T09:55:28.311646+00:00] main.INFO: Broken reference: the 'checkout.cart.item.renderers.gift-card.actions.gift_options' element cannot be added as child to 'checkout.cart.item.renderers.gift-card.actions', because the latter doesn't exist [] []
[2025-01-18T09:55:28.312739+00:00] main.INFO: Broken reference: the 'checkout.cart.item.renderers.gift-card.actions.gift_options' tries to reorder itself towards '', but their parents are different: 'checkout.cart.item.renderers.gift-card.actions' and '' respectively. [] []
[2025-01-18T09:55:46.327602+00:00] main.INFO: Broken reference: the 'header.panel.wrapper' element cannot be added as child to 'header.container', because the latter doesn't exist [] []
[2025-01-18T09:55:46.328326+00:00] main.INFO: Broken reference: the 'header-wrapper' element cannot be added as child to 'header.container', because the latter doesn't exist [] []
[2025-01-18T09:55:46.328904+00:00] main.INFO: Broken reference: the 'navigation.sections' element cannot be added as child to 'page.top', because the latter doesn't exist [] []
[2025-01-18T09:55:46.329582+00:00] main.INFO: Broken reference: the 'top.container' element cannot be added as child to 'page.top', because the latter doesn't exist [] []
[2025-01-18T09:55:46.330100+00:00] main.INFO: Broken reference: the 'breadcrumbs' element cannot be added as child to 'page.top', because the latter doesn't exist [] []
[2025-01-18T09:55:46.330652+00:00] main.INFO: Broken reference: the 'footer' element cannot be added as child to 'footer-container', because the latter doesn't exist [] []
[2025-01-18T09:55:46.331270+00:00] main.INFO: Broken reference: the 'catalog.compare.sidebar' element cannot be added as child to 'sidebar.additional', because the latter doesn't exist [] []
[2025-01-18T09:55:46.331753+00:00] main.INFO: Broken reference: the 'sale.reorder.sidebar' element cannot be added as child to 'sidebar.additional', because the latter doesn't exist [] []
[2025-01-18T09:55:46.332383+00:00] main.INFO: Broken reference: the 'wishlist_sidebar' element cannot be added as child to 'sidebar.additional', because the latter doesn't exist [] []
[2025-01-18T09:55:46.333056+00:00] main.INFO: Broken reference: the 'header.panel.wrapper' tries to reorder itself towards '', but their parents are different: 'header.container' and '' respectively. [] []
[2025-01-18T09:55:46.333600+00:00] main.INFO: Broken reference: the 'navigation.sections' tries to reorder itself towards '', but their parents are different: 'page.top' and '' respectively. [] []
[2025-01-18T09:56:36.989934+00:00] main.ERROR: Laminas\Mail\Transport\Exception\RuntimeException: Unable to send mail: Unknown error in /var/www/html/magento2/vendor/laminas/laminas-mail/src/Transport/Sendmail.php:313
Stack trace:
#0 /var/www/html/magento2/vendor/laminas/laminas-mail/src/Transport/Sendmail.php(150): Laminas\Mail\Transport\Sendmail->mailHandler()
#1 /var/www/html/magento2/vendor/magento/module-email/Model/Transport.php(183): Laminas\Mail\Transport\Sendmail->send()
#2 /var/www/html/magento2/vendor/magento/framework/Interception/Interceptor.php(58): Magento\Email\Model\Transport->sendMessage()
#3 /var/www/html/magento2/vendor/magento/framework/Interception/Interceptor.php(138): Magento\Email\Model\Transport\Interceptor->___callParent()
#4 /var/www/html/magento2/vendor/magento/module-email/Model/Mail/TransportInterfacePlugin.php(48): Magento\Email\Model\Transport\Interceptor->Magento\Framework\Interception\{closure}()
#5 /var/www/html/magento2/vendor/magento/framework/Interception/Interceptor.php(135): Magento\Email\Model\Mail\TransportInterfacePlugin->aroundSendMessage()
#6 /var/www/html/magento2/vendor/magento/framework/Interception/Interceptor.php(153): Magento\Email\Model\Transport\Interceptor->Magento\Framework\Interception\{closure}()
#7 /var/www/html/magento2/generated/code/Magento/Email/Model/Transport/Interceptor.php(23): Magento\Email\Model\Transport\Interceptor->___callPlugins()
#8 /var/www/html/magento2/vendor/magento/module-sales/Model/Order/Email/SenderBuilder.php(75): Magento\Email\Model\Transport\Interceptor->sendMessage()
#9 /var/www/html/magento2/vendor/magento/module-sales/Model/Order/Email/Sender.php(86): Magento\Sales\Model\Order\Email\SenderBuilder->send()
#10 /var/www/html/magento2/vendor/magento/module-sales/Model/Order/Email/Sender/OrderSender.php(108): Magento\Sales\Model\Order\Email\Sender->checkAndSend()
#11 /var/www/html/magento2/vendor/magento/module-quote/Observer/SubmitObserver.php(62): Magento\Sales\Model\Order\Email\Sender\OrderSender->send()
#12 /var/www/html/magento2/generated/code/Magento/Quote/Observer/SubmitObserver/Interceptor.php(23): Magento\Quote\Observer\SubmitObserver->execute()
#13 /var/www/html/magento2/vendor/magento/framework/Event/Invoker/InvokerDefault.php(88): Magento\Quote\Observer\SubmitObserver\Interceptor->execute()
#14 /var/www/html/magento2/vendor/magento/framework/Event/Invoker/InvokerDefault.php(74): Magento\Framework\Event\Invoker\InvokerDefault->_callObserverMethod()
#15 /var/www/html/magento2/vendor/magento/framework/Event/Manager.php(65): Magento\Framework\Event\Invoker\InvokerDefault->dispatch()
#16 /var/www/html/magento2/generated/code/Magento/Framework/Event/Manager/Proxy.php(95): Magento\Framework\Event\Manager->dispatch()
#17 /var/www/html/magento2/vendor/magento/module-quote/Model/QuoteManagement.php(630): Magento\Framework\Event\Manager\Proxy->dispatch()
#18 /var/www/html/magento2/vendor/magento/module-quote/Model/QuoteManagement.php(500): Magento\Quote\Model\QuoteManagement->submitQuote()
#19 /var/www/html/magento2/vendor/magento/framework/Interception/Interceptor.php(58): Magento\Quote\Model\QuoteManagement->submit()
#20 /var/www/html/magento2/vendor/magento/framework/Interception/Interceptor.php(138): Magento\Quote\Model\QuoteManagement\Interceptor->___callParent()
#21 /var/www/html/magento2/vendor/magento/module-sales-rule/Plugin/CouponUsagesIncrement.php(54): Magento\Quote\Model\QuoteManagement\Interceptor->Magento\Framework\Interception\{closure}()
#22 /var/www/html/magento2/vendor/magento/framework/Interception/Interceptor.php(135): Magento\SalesRule\Plugin\CouponUsagesIncrement->aroundSubmit()
#23 /var/www/html/magento2/vendor/magento/framework/Interception/Interceptor.php(153): Magento\Quote\Model\QuoteManagement\Interceptor->Magento\Framework\Interception\{closure}()
#24 /var/www/html/magento2/generated/code/Magento/Quote/Model/QuoteManagement/Interceptor.php(32): Magento\Quote\Model\QuoteManagement\Interceptor->___callPlugins()
#25 /var/www/html/magento2/vendor/magento/module-quote/Model/QuoteManagement.php(458): Magento\Quote\Model\QuoteManagement\Interceptor->submit()
#26 /var/www/html/magento2/vendor/magento/framework/Interception/Interceptor.php(58): Magento\Quote\Model\QuoteManagement->placeOrder()
#27 /var/www/html/magento2/vendor/magento/framework/Interception/Interceptor.php(138): Magento\Quote\Model\QuoteManagement\Interceptor->___callParent()
#28 /var/www/html/magento2/vendor/paypal/module-braintree-core/Plugin/OrderCancellation.php(64): Magento\Quote\Model\QuoteManagement\Interceptor->Magento\Framework\Interception\{closure}()
#29 /var/www/html/magento2/vendor/magento/framework/Interception/Interceptor.php(135): PayPal\Braintree\Plugin\OrderCancellation->aroundPlaceOrder()
#30 /var/www/html/magento2/vendor/magento/framework/Interception/Interceptor.php(153): Magento\Quote\Model\QuoteManagement\Interceptor->Magento\Framework\Interception\{closure}()
#31 /var/www/html/magento2/generated/code/Magento/Quote/Model/QuoteManagement/Interceptor.php(23): Magento\Quote\Model\QuoteManagement\Interceptor->___callPlugins()
#32 /var/www/html/magento2/vendor/magento/module-quote/Model/GuestCart/GuestCartManagement.php(87): Magento\Quote\Model\QuoteManagement\Interceptor->placeOrder()
#33 /var/www/html/magento2/vendor/magento/module-checkout/Model/GuestPaymentInformationManagement.php(141): Magento\Quote\Model\GuestCart\GuestCartManagement->placeOrder()
#34 /var/www/html/magento2/vendor/magento/framework/Interception/Interceptor.php(58): Magento\Checkout\Model\GuestPaymentInformationManagement->savePaymentInformationAndPlaceOrder()
#35 /var/www/html/magento2/vendor/magento/framework/Interception/Interceptor.php(138): Magento\Checkout\Model\GuestPaymentInformationManagement\Interceptor->___callParent()
#36 /var/www/html/magento2/vendor/magento/framework/Interception/Interceptor.php(153): Magento\Checkout\Model\GuestPaymentInformationManagement\Interceptor->Magento\Framework\Interception\{closure}()
#37 /var/www/html/magento2/generated/code/Magento/Checkout/Model/GuestPaymentInformationManagement/Interceptor.php(23): Magento\Checkout\Model\GuestPaymentInformationManagement\Interceptor->___callPlugins()
#38 [internal function]: Magento\Checkout\Model\GuestPaymentInformationManagement\Interceptor->savePaymentInformationAndPlaceOrder()
#39 /var/www/html/magento2/vendor/magento/module-webapi/Controller/Rest/SynchronousRequestProcessor.php(95): call_user_func_array()
#40 /var/www/html/magento2/vendor/magento/module-webapi/Controller/Rest.php(202): Magento\Webapi\Controller\Rest\SynchronousRequestProcessor->process()
#41 /var/www/html/magento2/vendor/magento/framework/Interception/Interceptor.php(58): Magento\Webapi\Controller\Rest->dispatch()
#42 /var/www/html/magento2/vendor/magento/framework/Interception/Interceptor.php(138): Magento\Webapi\Controller\Rest\Interceptor->___callParent()
#43 /var/www/html/magento2/vendor/magento/framework/Interception/Interceptor.php(153): Magento\Webapi\Controller\Rest\Interceptor->Magento\Framework\Interception\{closure}()
#44 /var/www/html/magento2/generated/code/Magento/Webapi/Controller/Rest/Interceptor.php(23): Magento\Webapi\Controller\Rest\Interceptor->___callPlugins()
#45 /var/www/html/magento2/vendor/magento/framework/App/Http.php(116): Magento\Webapi\Controller\Rest\Interceptor->dispatch()
#46 /var/www/html/magento2/vendor/magento/framework/App/Bootstrap.php(264): Magento\Framework\App\Http->launch()
#47 /var/www/html/magento2/pub/index.php(30): Magento\Framework\App\Bootstrap->run()
#48 {main} {"exception":"[object] (Laminas\\Mail\\Transport\\Exception\\RuntimeException(code: 0): Unable to send mail: Unknown error at /var/www/html/magento2/vendor/laminas/laminas-mail/src/Transport/Sendmail.php:313)"} []
[2025-01-18T09:56:36.990807+00:00] main.ERROR: Unable to send mail. Please try again later. [] []
[2025-01-18T09:56:37.178743+00:00] main.INFO: Broken reference: the 'catalog.compare.sidebar' element cannot be added as child to 'sidebar.additional', because the latter doesn't exist [] []
[2025-01-18T09:56:37.179387+00:00] main.INFO: Broken reference: the 'sale.reorder.sidebar' element cannot be added as child to 'sidebar.additional', because the latter doesn't exist [] []
[2025-01-18T09:56:37.180040+00:00] main.INFO: Broken reference: the 'wishlist_sidebar' element cannot be added as child to 'sidebar.additional', because the latter doesn't exist [] []
[2025-01-18T10:09:35.646471+00:00] main.INFO: Broken reference: the 'tracking' element cannot be added as child to 'header', because the latter doesn't exist [] []
[2025-01-18T10:09:35.649155+00:00] main.INFO: Broken reference: the 'notification_area' element cannot be added as child to 'notifications', because the latter doesn't exist [] []
[2025-01-18T10:09:35.649873+00:00] main.INFO: Broken reference: the 'unread_system_messages' element cannot be added as child to 'notifications', because the latter doesn't exist [] []
[2025-01-18T10:09:35.650577+00:00] main.INFO: Broken reference: the 'notification_window' element cannot be added as child to 'notifications', because the latter doesn't exist [] []
[2025-01-18T10:09:35.651046+00:00] main.INFO: Broken reference: the 'notification.messages' element cannot be added as child to 'header', because the latter doesn't exist [] []
[2025-01-18T10:09:35.651512+00:00] main.INFO: Broken reference: the 'global_notices' element cannot be added as child to 'global.notices', because the latter doesn't exist [] []
[2025-01-18T10:09:35.651982+00:00] main.INFO: Broken reference: the 'logo' element cannot be added as child to 'header', because the latter doesn't exist [] []
[2025-01-18T10:09:35.652481+00:00] main.INFO: Broken reference: the 'global.search' element cannot be added as child to 'header', because the latter doesn't exist [] []
[2025-01-18T10:09:35.652983+00:00] main.INFO: Broken reference: the 'user' element cannot be added as child to 'header', because the latter doesn't exist [] []
[2025-01-18T10:09:35.653470+00:00] main.INFO: Broken reference: the 'menu' element cannot be added as child to 'page.menu', because the latter doesn't exist [] []
[2025-01-18T10:09:35.653946+00:00] main.INFO: Broken reference: the 'breadcrumbs' element cannot be added as child to 'page.breadcrumbs', because the latter doesn't exist [] []
[2025-01-18T10:09:35.654409+00:00] main.INFO: Broken reference: the 'formkey' element cannot be added as child to 'page.formkey', because the latter doesn't exist [] []
[2025-01-18T10:09:35.654856+00:00] main.INFO: Broken reference: the 'page.title' element cannot be added as child to 'main.top', because the latter doesn't exist [] []
[2025-01-18T10:09:35.655297+00:00] main.INFO: Broken reference: the 'messages' element cannot be added as child to 'page.messages', because the latter doesn't exist [] []
[2025-01-18T10:09:35.655779+00:00] main.INFO: Broken reference: the 'page.actions.toolbar' element cannot be added as child to 'page.main.actions', because the latter doesn't exist [] []
[2025-01-18T10:09:35.656236+00:00] main.INFO: Broken reference: the 'legal' element cannot be added as child to 'footer', because the latter doesn't exist [] []
[2025-01-18T10:09:35.656821+00:00] main.INFO: Broken reference: the 'header.inner.left' element cannot be added as child to 'header', because the latter doesn't exist [] []
[2025-01-18T10:09:35.657287+00:00] main.INFO: Broken reference: the 'header.inner.right' element cannot be added as child to 'header', because the latter doesn't exist [] []
[2025-01-18T10:09:35.657796+00:00] main.INFO: Broken reference: the 'user' tries to reorder itself towards '', but their parents are different: 'header' and '' respectively. [] []
[2025-01-18T10:09:35.658247+00:00] main.INFO: Broken reference: the 'notification.messages' tries to reorder itself towards 'user', but their parents are different: 'header' and '' respectively. [] []
[2025-01-18T10:09:35.658693+00:00] main.INFO: Broken reference: the 'logo' tries to reorder itself towards '', but their parents are different: 'header' and '' respectively. [] []
[2025-01-18T10:09:35.659144+00:00] main.INFO: Broken reference: the 'global.search' tries to reorder itself towards 'logo', but their parents are different: 'header' and '' respectively. [] []
[2025-01-18T10:09:35.659588+00:00] main.INFO: Broken reference: the 'page.actions.toolbar' tries to reorder itself towards '', but their parents are different: 'page.main.actions' and '' respectively. [] []
[2025-01-18T10:09:35.660093+00:00] main.INFO: Broken reference: the 'header.inner.left' tries to reorder itself towards '', but their parents are different: 'header' and '' respectively. [] []
[2025-01-18T10:09:35.660557+00:00] main.INFO: Broken reference: the 'header.inner.right' tries to reorder itself towards 'header.inner.left', but their parents are different: 'header' and '' respectively. [] []
[2025-01-18T10:09:35.661016+00:00] main.INFO: Broken reference: the 'notification.messages' tries to reorder itself towards 'user', but their parents are different: 'header.inner.right' and '' respectively. [] []
[2025-01-18T10:09:57.172630+00:00] main.DEBUG: cache_invalidate:  {"method":"POST","url":"http://magento.local.com/admin","invalidateInfo":{"tags":["BACKEND_MAINMENU"],"mode":"matchingAnyTag"}} []
[2025-01-18T10:09:57.190821+00:00] main.DEBUG: cache_invalidate:  {"method":"POST","url":"http://magento.local.com/admin","invalidateInfo":{"tags":["PB_EDITOR_CONFIG","CONFIG"],"mode":"matchingTag"}} []
[2025-01-18T10:09:57.537078+00:00] main.INFO: Broken reference: the 'notification.messages' tries to reorder itself towards 'user', but their parents are different: 'header.inner.right' and 'header' respectively. [] []
[2025-01-18T10:10:10.581547+00:00] main.INFO: Broken reference: the 'notification.messages' tries to reorder itself towards 'user', but their parents are different: 'header.inner.right' and 'header' respectively. [] []
[2025-01-18T14:11:57.532424+00:00] main.INFO: Broken reference: the 'tracking' element cannot be added as child to 'header', because the latter doesn't exist [] []
[2025-01-18T14:11:57.535490+00:00] main.INFO: Broken reference: the 'notification_area' element cannot be added as child to 'notifications', because the latter doesn't exist [] []
[2025-01-18T14:11:57.535907+00:00] main.INFO: Broken reference: the 'unread_system_messages' element cannot be added as child to 'notifications', because the latter doesn't exist [] []
[2025-01-18T14:11:57.536290+00:00] main.INFO: Broken reference: the 'notification_window' element cannot be added as child to 'notifications', because the latter doesn't exist [] []
[2025-01-18T14:11:57.536642+00:00] main.INFO: Broken reference: the 'notification.messages' element cannot be added as child to 'header', because the latter doesn't exist [] []
[2025-01-18T14:11:57.537002+00:00] main.INFO: Broken reference: the 'global_notices' element cannot be added as child to 'global.notices', because the latter doesn't exist [] []
[2025-01-18T14:11:57.537350+00:00] main.INFO: Broken reference: the 'logo' element cannot be added as child to 'header', because the latter doesn't exist [] []
[2025-01-18T14:11:57.537696+00:00] main.INFO: Broken reference: the 'global.search' element cannot be added as child to 'header', because the latter doesn't exist [] []
[2025-01-18T14:11:57.538052+00:00] main.INFO: Broken reference: the 'user' element cannot be added as child to 'header', because the latter doesn't exist [] []
[2025-01-18T14:11:57.538397+00:00] main.INFO: Broken reference: the 'menu' element cannot be added as child to 'page.menu', because the latter doesn't exist [] []
[2025-01-18T14:11:57.538743+00:00] main.INFO: Broken reference: the 'breadcrumbs' element cannot be added as child to 'page.breadcrumbs', because the latter doesn't exist [] []
[2025-01-18T14:11:57.539088+00:00] main.INFO: Broken reference: the 'formkey' element cannot be added as child to 'page.formkey', because the latter doesn't exist [] []
[2025-01-18T14:11:57.539435+00:00] main.INFO: Broken reference: the 'page.title' element cannot be added as child to 'main.top', because the latter doesn't exist [] []
[2025-01-18T14:11:57.539870+00:00] main.INFO: Broken reference: the 'messages' element cannot be added as child to 'page.messages', because the latter doesn't exist [] []
[2025-01-18T14:11:57.540221+00:00] main.INFO: Broken reference: the 'page.actions.toolbar' element cannot be added as child to 'page.main.actions', because the latter doesn't exist [] []
[2025-01-18T14:11:57.540566+00:00] main.INFO: Broken reference: the 'legal' element cannot be added as child to 'footer', because the latter doesn't exist [] []
[2025-01-18T14:11:57.541000+00:00] main.INFO: Broken reference: the 'header.inner.left' element cannot be added as child to 'header', because the latter doesn't exist [] []
[2025-01-18T14:11:57.541353+00:00] main.INFO: Broken reference: the 'header.inner.right' element cannot be added as child to 'header', because the latter doesn't exist [] []
[2025-01-18T14:11:57.541750+00:00] main.INFO: Broken reference: the 'user' tries to reorder itself towards '', but their parents are different: 'header' and '' respectively. [] []
[2025-01-18T14:11:57.542102+00:00] main.INFO: Broken reference: the 'notification.messages' tries to reorder itself towards 'user', but their parents are different: 'header' and '' respectively. [] []
[2025-01-18T14:11:57.542450+00:00] main.INFO: Broken reference: the 'logo' tries to reorder itself towards '', but their parents are different: 'header' and '' respectively. [] []
[2025-01-18T14:11:57.542794+00:00] main.INFO: Broken reference: the 'global.search' tries to reorder itself towards 'logo', but their parents are different: 'header' and '' respectively. [] []
[2025-01-18T14:11:57.543157+00:00] main.INFO: Broken reference: the 'page.actions.toolbar' tries to reorder itself towards '', but their parents are different: 'page.main.actions' and '' respectively. [] []
[2025-01-18T14:11:57.543530+00:00] main.INFO: Broken reference: the 'header.inner.left' tries to reorder itself towards '', but their parents are different: 'header' and '' respectively. [] []
[2025-01-18T14:11:57.543880+00:00] main.INFO: Broken reference: the 'header.inner.right' tries to reorder itself towards 'header.inner.left', but their parents are different: 'header' and '' respectively. [] []
[2025-01-18T14:11:57.544232+00:00] main.INFO: Broken reference: the 'notification.messages' tries to reorder itself towards 'user', but their parents are different: 'header.inner.right' and '' respectively. [] []
[2025-01-18T14:12:07.543712+00:00] main.DEBUG: cache_invalidate:  {"method":"POST","url":"http://magento.local.com/admin","invalidateInfo":{"tags":["BACKEND_MAINMENU"],"mode":"matchingAnyTag"}} []
[2025-01-18T14:12:07.571297+00:00] main.DEBUG: cache_invalidate:  {"method":"POST","url":"http://magento.local.com/admin","invalidateInfo":{"tags":["PB_EDITOR_CONFIG","CONFIG"],"mode":"matchingTag"}} []
[2025-01-18T14:12:09.279086+00:00] main.INFO: Broken reference: the 'notification.messages' tries to reorder itself towards 'user', but their parents are different: 'header.inner.right' and 'header' respectively. [] []
[2025-01-18T14:12:48.761631+00:00] main.INFO: Broken reference: the 'notification.messages' tries to reorder itself towards 'user', but their parents are different: 'header.inner.right' and 'header' respectively. [] []
[2025-01-18T14:12:52.674970+00:00] main.INFO: Broken reference: the 'notification.messages' tries to reorder itself towards 'user', but their parents are different: 'header.inner.right' and 'header' respectively. [] []
[2025-01-19T05:53:31.940040+00:00] main.INFO: Broken reference: the 'tracking' element cannot be added as child to 'header', because the latter doesn't exist [] []
[2025-01-19T05:53:31.943434+00:00] main.INFO: Broken reference: the 'notification_area' element cannot be added as child to 'notifications', because the latter doesn't exist [] []
[2025-01-19T05:53:31.944241+00:00] main.INFO: Broken reference: the 'unread_system_messages' element cannot be added as child to 'notifications', because the latter doesn't exist [] []
[2025-01-19T05:53:31.944750+00:00] main.INFO: Broken reference: the 'notification_window' element cannot be added as child to 'notifications', because the latter doesn't exist [] []
[2025-01-19T05:53:31.945203+00:00] main.INFO: Broken reference: the 'notification.messages' element cannot be added as child to 'header', because the latter doesn't exist [] []
[2025-01-19T05:53:31.945658+00:00] main.INFO: Broken reference: the 'global_notices' element cannot be added as child to 'global.notices', because the latter doesn't exist [] []
[2025-01-19T05:53:31.946112+00:00] main.INFO: Broken reference: the 'logo' element cannot be added as child to 'header', because the latter doesn't exist [] []
[2025-01-19T05:53:31.946555+00:00] main.INFO: Broken reference: the 'global.search' element cannot be added as child to 'header', because the latter doesn't exist [] []
[2025-01-19T05:53:31.947008+00:00] main.INFO: Broken reference: the 'user' element cannot be added as child to 'header', because the latter doesn't exist [] []
[2025-01-19T05:53:31.947451+00:00] main.INFO: Broken reference: the 'menu' element cannot be added as child to 'page.menu', because the latter doesn't exist [] []
[2025-01-19T05:53:31.947894+00:00] main.INFO: Broken reference: the 'breadcrumbs' element cannot be added as child to 'page.breadcrumbs', because the latter doesn't exist [] []
[2025-01-19T05:53:31.948335+00:00] main.INFO: Broken reference: the 'formkey' element cannot be added as child to 'page.formkey', because the latter doesn't exist [] []
[2025-01-19T05:53:31.948775+00:00] main.INFO: Broken reference: the 'page.title' element cannot be added as child to 'main.top', because the latter doesn't exist [] []
[2025-01-19T05:53:31.949214+00:00] main.INFO: Broken reference: the 'messages' element cannot be added as child to 'page.messages', because the latter doesn't exist [] []
[2025-01-19T05:53:31.949652+00:00] main.INFO: Broken reference: the 'page.actions.toolbar' element cannot be added as child to 'page.main.actions', because the latter doesn't exist [] []
[2025-01-19T05:53:31.950123+00:00] main.INFO: Broken reference: the 'legal' element cannot be added as child to 'footer', because the latter doesn't exist [] []
[2025-01-19T05:53:31.950679+00:00] main.INFO: Broken reference: the 'header.inner.left' element cannot be added as child to 'header', because the latter doesn't exist [] []
[2025-01-19T05:53:31.951131+00:00] main.INFO: Broken reference: the 'header.inner.right' element cannot be added as child to 'header', because the latter doesn't exist [] []
[2025-01-19T05:53:31.951638+00:00] main.INFO: Broken reference: the 'user' tries to reorder itself towards '', but their parents are different: 'header' and '' respectively. [] []
[2025-01-19T05:53:31.952093+00:00] main.INFO: Broken reference: the 'notification.messages' tries to reorder itself towards 'user', but their parents are different: 'header' and '' respectively. [] []
[2025-01-19T05:53:31.952754+00:00] main.INFO: Broken reference: the 'logo' tries to reorder itself towards '', but their parents are different: 'header' and '' respectively. [] []
[2025-01-19T05:53:31.953222+00:00] main.INFO: Broken reference: the 'global.search' tries to reorder itself towards 'logo', but their parents are different: 'header' and '' respectively. [] []
[2025-01-19T05:53:31.953974+00:00] main.INFO: Broken reference: the 'page.actions.toolbar' tries to reorder itself towards '', but their parents are different: 'page.main.actions' and '' respectively. [] []
[2025-01-19T05:53:31.954877+00:00] main.INFO: Broken reference: the 'header.inner.left' tries to reorder itself towards '', but their parents are different: 'header' and '' respectively. [] []
[2025-01-19T05:53:31.955686+00:00] main.INFO: Broken reference: the 'header.inner.right' tries to reorder itself towards 'header.inner.left', but their parents are different: 'header' and '' respectively. [] []
[2025-01-19T05:53:31.956552+00:00] main.INFO: Broken reference: the 'notification.messages' tries to reorder itself towards 'user', but their parents are different: 'header.inner.right' and '' respectively. [] []
[2025-01-19T05:53:45.281048+00:00] main.DEBUG: cache_invalidate:  {"method":"POST","url":"http://magento.local.com/admin","invalidateInfo":{"tags":["BACKEND_MAINMENU"],"mode":"matchingAnyTag"}} []
[2025-01-19T05:53:45.334852+00:00] main.DEBUG: cache_invalidate:  {"method":"POST","url":"http://magento.local.com/admin","invalidateInfo":{"tags":["PB_EDITOR_CONFIG","CONFIG"],"mode":"matchingTag"}} []
[2025-01-19T05:53:47.235245+00:00] main.INFO: Broken reference: the 'notification.messages' tries to reorder itself towards 'user', but their parents are different: 'header.inner.right' and 'header' respectively. [] []
[2025-01-19T05:54:18.902018+00:00] main.INFO: Broken reference: the 'notification.messages' tries to reorder itself towards 'user', but their parents are different: 'header.inner.right' and 'header' respectively. [] []
[2025-01-19T06:06:54.424426+00:00] main.INFO: Broken reference: the 'catalog.compare.sidebar' element cannot be added as child to 'sidebar.additional', because the latter doesn't exist [] []
[2025-01-19T06:06:54.426164+00:00] main.INFO: Broken reference: the 'sale.reorder.sidebar' element cannot be added as child to 'sidebar.additional', because the latter doesn't exist [] []
[2025-01-19T06:06:54.426857+00:00] main.INFO: Broken reference: the 'wishlist_sidebar' element cannot be added as child to 'sidebar.additional', because the latter doesn't exist [] []
[2025-01-19T06:06:54.427354+00:00] main.INFO: Broken reference: the 'paypal.partner.right.logo' element cannot be added as child to 'sidebar.additional', because the latter doesn't exist [] []
[2025-01-19T06:06:54.427804+00:00] main.INFO: Broken reference: the 'bml.right.logo' element cannot be added as child to 'sidebar.additional', because the latter doesn't exist [] []
[2025-01-19T06:06:54.428420+00:00] main.INFO: Broken reference: the 'sidebar.container.paylater' element cannot be added as child to 'sidebar.additional', because the latter doesn't exist [] []
[2025-01-19T06:52:20.250432+00:00] main.DEBUG: cache_invalidate:  {"method":"GET","url":"http:/","invalidateInfo":{"tags":["CONFIG"],"mode":"matchingTag"}} []
[2025-01-19T06:52:20.253346+00:00] main.DEBUG: cache_invalidate:  {"method":"GET","url":"http:/","invalidateInfo":{"tags":["LAYOUT_GENERAL_CACHE_TAG"],"mode":"matchingTag"}} []
[2025-01-19T06:52:20.254912+00:00] main.DEBUG: cache_invalidate:  {"method":"GET","url":"http:/","invalidateInfo":{"tags":["BLOCK_HTML"],"mode":"matchingTag"}} []
[2025-01-19T06:52:20.256073+00:00] main.DEBUG: cache_invalidate:  {"method":"GET","url":"http:/","invalidateInfo":{"tags":["COLLECTION_DATA"],"mode":"matchingTag"}} []
[2025-01-19T06:52:20.257451+00:00] main.DEBUG: cache_invalidate:  {"method":"GET","url":"http:/","invalidateInfo":{"tags":["REFLECTION"],"mode":"matchingTag"}} []
[2025-01-19T06:52:20.258813+00:00] main.DEBUG: cache_invalidate:  {"method":"GET","url":"http:/","invalidateInfo":{"tags":["DB_DDL"],"mode":"matchingTag"}} []
[2025-01-19T06:52:20.260270+00:00] main.DEBUG: cache_invalidate:  {"method":"GET","url":"http:/","invalidateInfo":{"tags":["COMPILED_CONFIG"],"mode":"matchingTag"}} []
[2025-01-19T06:52:20.261792+00:00] main.DEBUG: cache_invalidate:  {"method":"GET","url":"http:/","invalidateInfo":{"tags":["EAV"],"mode":"matchingTag"}} []
[2025-01-19T06:52:20.262926+00:00] main.DEBUG: cache_invalidate:  {"method":"GET","url":"http:/","invalidateInfo":{"tags":["CUSTOMER_NOTIFICATION"],"mode":"matchingTag"}} []
[2025-01-19T06:52:20.264298+00:00] main.DEBUG: cache_invalidate:  {"method":"GET","url":"http:/","invalidateInfo":{"tags":["INTEGRATION"],"mode":"matchingTag"}} []
[2025-01-19T06:52:20.265670+00:00] main.DEBUG: cache_invalidate:  {"method":"GET","url":"http:/","invalidateInfo":{"tags":["INTEGRATION_API_CONFIG"],"mode":"matchingTag"}} []
[2025-01-19T06:52:20.314699+00:00] main.DEBUG: cache_invalidate:  {"method":"GET","url":"http:/","invalidateInfo":{"tags":["FPC"],"mode":"matchingTag"}} []
[2025-01-19T06:52:20.315866+00:00] main.DEBUG: cache_invalidate:  {"method":"GET","url":"http:/","invalidateInfo":{"tags":["WEBSERVICE"],"mode":"matchingTag"}} []
[2025-01-19T06:52:20.317225+00:00] main.DEBUG: cache_invalidate:  {"method":"GET","url":"http:/","invalidateInfo":{"tags":["TRANSLATE"],"mode":"matchingTag"}} []
[2025-01-19T06:52:29.947856+00:00] main.DEBUG: cache_invalidate:  {"method":"GET","url":"http:/","invalidateInfo":{"tags":["CONFIG"],"mode":"matchingTag"}} []
[2025-01-19T06:56:29.122966+00:00] main.DEBUG: cache_invalidate:  {"method":"GET","url":"http:/","invalidateInfo":{"tags":["CONFIG"],"mode":"matchingTag"}} []
[2025-01-19T06:56:29.124659+00:00] main.DEBUG: cache_invalidate:  {"method":"GET","url":"http:/","invalidateInfo":{"tags":["LAYOUT_GENERAL_CACHE_TAG"],"mode":"matchingTag"}} []
[2025-01-19T06:56:29.126028+00:00] main.DEBUG: cache_invalidate:  {"method":"GET","url":"http:/","invalidateInfo":{"tags":["BLOCK_HTML"],"mode":"matchingTag"}} []
[2025-01-19T06:56:29.127133+00:00] main.DEBUG: cache_invalidate:  {"method":"GET","url":"http:/","invalidateInfo":{"tags":["COLLECTION_DATA"],"mode":"matchingTag"}} []
[2025-01-19T06:56:29.128311+00:00] main.DEBUG: cache_invalidate:  {"method":"GET","url":"http:/","invalidateInfo":{"tags":["REFLECTION"],"mode":"matchingTag"}} []
[2025-01-19T06:56:29.129525+00:00] main.DEBUG: cache_invalidate:  {"method":"GET","url":"http:/","invalidateInfo":{"tags":["DB_DDL"],"mode":"matchingTag"}} []
[2025-01-19T06:56:29.131610+00:00] main.DEBUG: cache_invalidate:  {"method":"GET","url":"http:/","invalidateInfo":{"tags":["COMPILED_CONFIG"],"mode":"matchingTag"}} []
[2025-01-19T06:56:29.133371+00:00] main.DEBUG: cache_invalidate:  {"method":"GET","url":"http:/","invalidateInfo":{"tags":["EAV"],"mode":"matchingTag"}} []
[2025-01-19T06:56:29.134722+00:00] main.DEBUG: cache_invalidate:  {"method":"GET","url":"http:/","invalidateInfo":{"tags":["CUSTOMER_NOTIFICATION"],"mode":"matchingTag"}} []
[2025-01-19T06:56:29.136125+00:00] main.DEBUG: cache_invalidate:  {"method":"GET","url":"http:/","invalidateInfo":{"tags":["INTEGRATION"],"mode":"matchingTag"}} []
[2025-01-19T06:56:29.137528+00:00] main.DEBUG: cache_invalidate:  {"method":"GET","url":"http:/","invalidateInfo":{"tags":["INTEGRATION_API_CONFIG"],"mode":"matchingTag"}} []
[2025-01-19T06:56:29.141654+00:00] main.DEBUG: cache_invalidate:  {"method":"GET","url":"http:/","invalidateInfo":{"tags":["FPC"],"mode":"matchingTag"}} []
[2025-01-19T06:56:29.142890+00:00] main.DEBUG: cache_invalidate:  {"method":"GET","url":"http:/","invalidateInfo":{"tags":["WEBSERVICE"],"mode":"matchingTag"}} []
[2025-01-19T06:56:29.144298+00:00] main.DEBUG: cache_invalidate:  {"method":"GET","url":"http:/","invalidateInfo":{"tags":["TRANSLATE"],"mode":"matchingTag"}} []
[2025-01-19T06:56:35.400503+00:00] main.DEBUG: cache_invalidate:  {"method":"GET","url":"http:/","invalidateInfo":{"tags":["CONFIG"],"mode":"matchingTag"}} []
[2025-01-19T06:56:35.595959+00:00] main.DEBUG: cache_invalidate:  {"method":"GET","url":"http:/","invalidateInfo":{"tags":["CONFIG"],"mode":"matchingTag"}} []
[2025-01-19T06:56:35.597161+00:00] main.DEBUG: cache_invalidate:  {"method":"GET","url":"http:/","invalidateInfo":{"tags":["LAYOUT_GENERAL_CACHE_TAG"],"mode":"matchingTag"}} []
[2025-01-19T06:56:35.598455+00:00] main.DEBUG: cache_invalidate:  {"method":"GET","url":"http:/","invalidateInfo":{"tags":["BLOCK_HTML"],"mode":"matchingTag"}} []
[2025-01-19T06:56:35.600169+00:00] main.DEBUG: cache_invalidate:  {"method":"GET","url":"http:/","invalidateInfo":{"tags":["COLLECTION_DATA"],"mode":"matchingTag"}} []
[2025-01-19T06:56:35.601651+00:00] main.DEBUG: cache_invalidate:  {"method":"GET","url":"http:/","invalidateInfo":{"tags":["REFLECTION"],"mode":"matchingTag"}} []
[2025-01-19T06:56:35.602833+00:00] main.DEBUG: cache_invalidate:  {"method":"GET","url":"http:/","invalidateInfo":{"tags":["DB_DDL"],"mode":"matchingTag"}} []
[2025-01-19T06:56:35.604143+00:00] main.DEBUG: cache_invalidate:  {"method":"GET","url":"http:/","invalidateInfo":{"tags":["COMPILED_CONFIG"],"mode":"matchingTag"}} []
[2025-01-19T06:56:35.605473+00:00] main.DEBUG: cache_invalidate:  {"method":"GET","url":"http:/","invalidateInfo":{"tags":["EAV"],"mode":"matchingTag"}} []
[2025-01-19T06:56:35.606915+00:00] main.DEBUG: cache_invalidate:  {"method":"GET","url":"http:/","invalidateInfo":{"tags":["CUSTOMER_NOTIFICATION"],"mode":"matchingTag"}} []
[2025-01-19T06:56:35.608110+00:00] main.DEBUG: cache_invalidate:  {"method":"GET","url":"http:/","invalidateInfo":{"tags":["INTEGRATION"],"mode":"matchingTag"}} []
[2025-01-19T06:56:35.609765+00:00] main.DEBUG: cache_invalidate:  {"method":"GET","url":"http:/","invalidateInfo":{"tags":["INTEGRATION_API_CONFIG"],"mode":"matchingTag"}} []
[2025-01-19T06:56:35.611293+00:00] main.DEBUG: cache_invalidate:  {"method":"GET","url":"http:/","invalidateInfo":{"tags":["FPC"],"mode":"matchingTag"}} []
[2025-01-19T06:56:35.612590+00:00] main.DEBUG: cache_invalidate:  {"method":"GET","url":"http:/","invalidateInfo":{"tags":["WEBSERVICE"],"mode":"matchingTag"}} []
[2025-01-19T06:56:35.613787+00:00] main.DEBUG: cache_invalidate:  {"method":"GET","url":"http:/","invalidateInfo":{"tags":["TRANSLATE"],"mode":"matchingTag"}} []
[2025-01-19T06:56:39.919225+00:00] main.DEBUG: cache_invalidate:  {"method":"GET","url":"http:/","invalidateInfo":{"tags":["LAYOUT_GENERAL_CACHE_TAG"],"mode":"matchingTag"}} []
[2025-01-19T06:56:39.920491+00:00] main.DEBUG: cache_invalidate:  {"method":"GET","url":"http:/","invalidateInfo":{"tags":["BLOCK_HTML"],"mode":"matchingTag"}} []
[2025-01-19T06:56:39.921764+00:00] main.DEBUG: cache_invalidate:  {"method":"GET","url":"http:/","invalidateInfo":{"tags":["FPC"],"mode":"matchingTag"}} []
[2025-01-19T06:57:03.293277+00:00] main.DEBUG: cache_invalidate:  {"method":"GET","url":"http:/","invalidateInfo":{"tags":[],"mode":"all"}} []
[2025-01-19T06:57:03.303251+00:00] main.DEBUG: cache_invalidate:  {"method":"GET","url":"http:/","invalidateInfo":{"tags":[],"mode":"all"}} []
[2025-01-19T06:57:57.253375+00:00] main.DEBUG: cache_invalidate:  {"method":"GET","url":"http:/","invalidateInfo":{"tags":["FPC"],"mode":"matchingTag"}} []
[2025-01-21T14:28:49.254677+00:00] main.DEBUG: cache_invalidate:  {"method":"GET","url":"http:/","invalidateInfo":{"tags":["CONFIG"],"mode":"matchingTag"}} []
[2025-01-21T14:28:49.256462+00:00] main.DEBUG: cache_invalidate:  {"method":"GET","url":"http:/","invalidateInfo":{"tags":["LAYOUT_GENERAL_CACHE_TAG"],"mode":"matchingTag"}} []
[2025-01-21T14:28:49.257712+00:00] main.DEBUG: cache_invalidate:  {"method":"GET","url":"http:/","invalidateInfo":{"tags":["BLOCK_HTML"],"mode":"matchingTag"}} []
[2025-01-21T14:28:49.258764+00:00] main.DEBUG: cache_invalidate:  {"method":"GET","url":"http:/","invalidateInfo":{"tags":["COLLECTION_DATA"],"mode":"matchingTag"}} []
[2025-01-21T14:28:49.259840+00:00] main.DEBUG: cache_invalidate:  {"method":"GET","url":"http:/","invalidateInfo":{"tags":["REFLECTION"],"mode":"matchingTag"}} []
[2025-01-21T14:28:49.260885+00:00] main.DEBUG: cache_invalidate:  {"method":"GET","url":"http:/","invalidateInfo":{"tags":["DB_DDL"],"mode":"matchingTag"}} []
[2025-01-21T14:28:49.261916+00:00] main.DEBUG: cache_invalidate:  {"method":"GET","url":"http:/","invalidateInfo":{"tags":["COMPILED_CONFIG"],"mode":"matchingTag"}} []
[2025-01-21T14:28:49.262953+00:00] main.DEBUG: cache_invalidate:  {"method":"GET","url":"http:/","invalidateInfo":{"tags":["EAV"],"mode":"matchingTag"}} []
[2025-01-21T14:28:49.263941+00:00] main.DEBUG: cache_invalidate:  {"method":"GET","url":"http:/","invalidateInfo":{"tags":["CUSTOMER_NOTIFICATION"],"mode":"matchingTag"}} []
[2025-01-21T14:28:49.265151+00:00] main.DEBUG: cache_invalidate:  {"method":"GET","url":"http:/","invalidateInfo":{"tags":["INTEGRATION"],"mode":"matchingTag"}} []
[2025-01-21T14:28:49.266016+00:00] main.DEBUG: cache_invalidate:  {"method":"GET","url":"http:/","invalidateInfo":{"tags":["INTEGRATION_API_CONFIG"],"mode":"matchingTag"}} []
[2025-01-21T14:28:49.271372+00:00] main.DEBUG: cache_invalidate:  {"method":"GET","url":"http:/","invalidateInfo":{"tags":["FPC"],"mode":"matchingTag"}} []
[2025-01-21T14:28:49.272516+00:00] main.DEBUG: cache_invalidate:  {"method":"GET","url":"http:/","invalidateInfo":{"tags":["WEBSERVICE"],"mode":"matchingTag"}} []
[2025-01-21T14:28:49.273622+00:00] main.DEBUG: cache_invalidate:  {"method":"GET","url":"http:/","invalidateInfo":{"tags":["TRANSLATE"],"mode":"matchingTag"}} []
[2025-01-21T14:28:54.857548+00:00] main.DEBUG: cache_invalidate:  {"method":"GET","url":"http:/","invalidateInfo":{"tags":["CONFIG"],"mode":"matchingTag"}} []
[2025-01-21T14:28:54.985542+00:00] main.DEBUG: cache_invalidate:  {"method":"GET","url":"http:/","invalidateInfo":{"tags":["CONFIG"],"mode":"matchingTag"}} []
[2025-01-21T14:28:54.986484+00:00] main.DEBUG: cache_invalidate:  {"method":"GET","url":"http:/","invalidateInfo":{"tags":["LAYOUT_GENERAL_CACHE_TAG"],"mode":"matchingTag"}} []
[2025-01-21T14:28:54.987684+00:00] main.DEBUG: cache_invalidate:  {"method":"GET","url":"http:/","invalidateInfo":{"tags":["BLOCK_HTML"],"mode":"matchingTag"}} []
[2025-01-21T14:28:54.988567+00:00] main.DEBUG: cache_invalidate:  {"method":"GET","url":"http:/","invalidateInfo":{"tags":["COLLECTION_DATA"],"mode":"matchingTag"}} []
[2025-01-21T14:28:54.989389+00:00] main.DEBUG: cache_invalidate:  {"method":"GET","url":"http:/","invalidateInfo":{"tags":["REFLECTION"],"mode":"matchingTag"}} []
[2025-01-21T14:28:54.990351+00:00] main.DEBUG: cache_invalidate:  {"method":"GET","url":"http:/","invalidateInfo":{"tags":["DB_DDL"],"mode":"matchingTag"}} []
[2025-01-21T14:28:54.991229+00:00] main.DEBUG: cache_invalidate:  {"method":"GET","url":"http:/","invalidateInfo":{"tags":["COMPILED_CONFIG"],"mode":"matchingTag"}} []
[2025-01-21T14:28:54.992189+00:00] main.DEBUG: cache_invalidate:  {"method":"GET","url":"http:/","invalidateInfo":{"tags":["EAV"],"mode":"matchingTag"}} []
[2025-01-21T14:28:54.993093+00:00] main.DEBUG: cache_invalidate:  {"method":"GET","url":"http:/","invalidateInfo":{"tags":["CUSTOMER_NOTIFICATION"],"mode":"matchingTag"}} []
[2025-01-21T14:28:54.994146+00:00] main.DEBUG: cache_invalidate:  {"method":"GET","url":"http:/","invalidateInfo":{"tags":["INTEGRATION"],"mode":"matchingTag"}} []
[2025-01-21T14:28:54.995162+00:00] main.DEBUG: cache_invalidate:  {"method":"GET","url":"http:/","invalidateInfo":{"tags":["INTEGRATION_API_CONFIG"],"mode":"matchingTag"}} []
[2025-01-21T14:28:54.996391+00:00] main.DEBUG: cache_invalidate:  {"method":"GET","url":"http:/","invalidateInfo":{"tags":["FPC"],"mode":"matchingTag"}} []
[2025-01-21T14:28:54.997277+00:00] main.DEBUG: cache_invalidate:  {"method":"GET","url":"http:/","invalidateInfo":{"tags":["WEBSERVICE"],"mode":"matchingTag"}} []
[2025-01-21T14:28:54.998750+00:00] main.DEBUG: cache_invalidate:  {"method":"GET","url":"http:/","invalidateInfo":{"tags":["TRANSLATE"],"mode":"matchingTag"}} []
[2025-01-21T14:28:57.439615+00:00] main.DEBUG: cache_invalidate:  {"method":"GET","url":"http:/","invalidateInfo":{"tags":["LAYOUT_GENERAL_CACHE_TAG"],"mode":"matchingTag"}} []
[2025-01-21T14:28:57.440841+00:00] main.DEBUG: cache_invalidate:  {"method":"GET","url":"http:/","invalidateInfo":{"tags":["BLOCK_HTML"],"mode":"matchingTag"}} []
[2025-01-21T14:28:57.442220+00:00] main.DEBUG: cache_invalidate:  {"method":"GET","url":"http:/","invalidateInfo":{"tags":["FPC"],"mode":"matchingTag"}} []
[2025-01-21T14:29:14.115901+00:00] main.DEBUG: cache_invalidate:  {"method":"GET","url":"http:/","invalidateInfo":{"tags":[],"mode":"all"}} []
[2025-01-21T14:29:14.122506+00:00] main.DEBUG: cache_invalidate:  {"method":"GET","url":"http:/","invalidateInfo":{"tags":[],"mode":"all"}} []
[2025-01-21T14:30:51.388814+00:00] main.DEBUG: cache_invalidate:  {"method":"GET","url":"http:/","invalidateInfo":{"tags":["FPC"],"mode":"matchingTag"}} []
[2025-01-21T14:31:18.754172+00:00] main.INFO: Broken reference: the 'tracking' element cannot be added as child to 'header', because the latter doesn't exist [] []
[2025-01-21T14:31:18.756025+00:00] main.INFO: Broken reference: the 'notification_area' element cannot be added as child to 'notifications', because the latter doesn't exist [] []
[2025-01-21T14:31:18.756429+00:00] main.INFO: Broken reference: the 'unread_system_messages' element cannot be added as child to 'notifications', because the latter doesn't exist [] []
[2025-01-21T14:31:18.756800+00:00] main.INFO: Broken reference: the 'notification_window' element cannot be added as child to 'notifications', because the latter doesn't exist [] []
[2025-01-21T14:31:18.757171+00:00] main.INFO: Broken reference: the 'notification.messages' element cannot be added as child to 'header', because the latter doesn't exist [] []
[2025-01-21T14:31:18.757866+00:00] main.INFO: Broken reference: the 'global_notices' element cannot be added as child to 'global.notices', because the latter doesn't exist [] []
[2025-01-21T14:31:18.758283+00:00] main.INFO: Broken reference: the 'logo' element cannot be added as child to 'header', because the latter doesn't exist [] []
[2025-01-21T14:31:18.758663+00:00] main.INFO: Broken reference: the 'global.search' element cannot be added as child to 'header', because the latter doesn't exist [] []
[2025-01-21T14:31:18.759016+00:00] main.INFO: Broken reference: the 'user' element cannot be added as child to 'header', because the latter doesn't exist [] []
[2025-01-21T14:31:18.759382+00:00] main.INFO: Broken reference: the 'menu' element cannot be added as child to 'page.menu', because the latter doesn't exist [] []
[2025-01-21T14:31:18.760112+00:00] main.INFO: Broken reference: the 'breadcrumbs' element cannot be added as child to 'page.breadcrumbs', because the latter doesn't exist [] []
[2025-01-21T14:31:18.760489+00:00] main.INFO: Broken reference: the 'formkey' element cannot be added as child to 'page.formkey', because the latter doesn't exist [] []
[2025-01-21T14:31:18.760861+00:00] main.INFO: Broken reference: the 'page.title' element cannot be added as child to 'main.top', because the latter doesn't exist [] []
[2025-01-21T14:31:18.761216+00:00] main.INFO: Broken reference: the 'messages' element cannot be added as child to 'page.messages', because the latter doesn't exist [] []
[2025-01-21T14:31:18.761799+00:00] main.INFO: Broken reference: the 'page.actions.toolbar' element cannot be added as child to 'page.main.actions', because the latter doesn't exist [] []
[2025-01-21T14:31:18.762183+00:00] main.INFO: Broken reference: the 'legal' element cannot be added as child to 'footer', because the latter doesn't exist [] []
[2025-01-21T14:31:18.762744+00:00] main.INFO: Broken reference: the 'header.inner.left' element cannot be added as child to 'header', because the latter doesn't exist [] []
[2025-01-21T14:31:18.763100+00:00] main.INFO: Broken reference: the 'header.inner.right' element cannot be added as child to 'header', because the latter doesn't exist [] []
[2025-01-21T14:31:18.763518+00:00] main.INFO: Broken reference: the 'user' tries to reorder itself towards '', but their parents are different: 'header' and '' respectively. [] []
[2025-01-21T14:31:18.763873+00:00] main.INFO: Broken reference: the 'notification.messages' tries to reorder itself towards 'user', but their parents are different: 'header' and '' respectively. [] []
[2025-01-21T14:31:18.764232+00:00] main.INFO: Broken reference: the 'logo' tries to reorder itself towards '', but their parents are different: 'header' and '' respectively. [] []
[2025-01-21T14:31:18.764604+00:00] main.INFO: Broken reference: the 'global.search' tries to reorder itself towards 'logo', but their parents are different: 'header' and '' respectively. [] []
[2025-01-21T14:31:18.764959+00:00] main.INFO: Broken reference: the 'page.actions.toolbar' tries to reorder itself towards '', but their parents are different: 'page.main.actions' and '' respectively. [] []
[2025-01-21T14:31:18.765326+00:00] main.INFO: Broken reference: the 'header.inner.left' tries to reorder itself towards '', but their parents are different: 'header' and '' respectively. [] []
[2025-01-21T14:31:18.765751+00:00] main.INFO: Broken reference: the 'header.inner.right' tries to reorder itself towards 'header.inner.left', but their parents are different: 'header' and '' respectively. [] []
[2025-01-21T14:31:18.766128+00:00] main.INFO: Broken reference: the 'notification.messages' tries to reorder itself towards 'user', but their parents are different: 'header.inner.right' and '' respectively. [] []
[2025-01-21T14:31:37.251611+00:00] main.DEBUG: cache_invalidate:  {"method":"POST","url":"http://magento.local.com/admin","invalidateInfo":{"tags":["BACKEND_MAINMENU"],"mode":"matchingAnyTag"}} []
[2025-01-21T14:31:37.312946+00:00] main.DEBUG: cache_invalidate:  {"method":"POST","url":"http://magento.local.com/admin","invalidateInfo":{"tags":["PB_EDITOR_CONFIG","CONFIG"],"mode":"matchingTag"}} []
[2025-01-21T14:31:37.330619+00:00] main.INFO: Item Magento_Backend::system_currency was removed [] []
[2025-01-21T14:31:37.335428+00:00] main.INFO: Add of item with id Magento_Config::system_config was processed [] []
[2025-01-21T14:31:37.336023+00:00] main.INFO: Add of item with id Magento_AdminNotification::system_adminnotification was processed [] []
[2025-01-21T14:31:37.336395+00:00] main.INFO: Add of item with id Magento_Theme::design_config was processed [] []
[2025-01-21T14:31:37.336751+00:00] main.INFO: Add of item with id Magento_Theme::system_design_theme was processed [] []
[2025-01-21T14:31:37.337101+00:00] main.INFO: Add of item with id Magento_Backend::system_design_schedule was processed [] []
[2025-01-21T14:31:37.337464+00:00] main.INFO: Add of item with id Magento_Backend::system_store was processed [] []
[2025-01-21T14:31:37.337838+00:00] main.INFO: Add of item with id Magento_Backend::dashboard was processed [] []
[2025-01-21T14:31:37.338189+00:00] main.INFO: Add of item with id Magento_Backend::system was processed [] []
[2025-01-21T14:31:37.338546+00:00] main.INFO: Add of item with id Magento_Backend::system_tools was processed [] []
[2025-01-21T14:31:37.338901+00:00] main.INFO: Add of item with id Magento_Backend::system_design was processed [] []
[2025-01-21T14:31:37.339248+00:00] main.INFO: Add of item with id Magento_Backend::system_convert was processed [] []
[2025-01-21T14:31:37.339668+00:00] main.INFO: Add of item with id Magento_Backend::system_cache was processed [] []
[2025-01-21T14:31:37.340048+00:00] main.INFO: Add of item with id Magento_Backend::marketing was processed [] []
[2025-01-21T14:31:37.340427+00:00] main.INFO: Add of item with id Magento_Backend::marketing_communications was processed [] []
[2025-01-21T14:31:37.340788+00:00] main.INFO: Add of item with id Magento_Backend::marketing_seo was processed [] []
[2025-01-21T14:31:37.341141+00:00] main.INFO: Add of item with id Magento_Backend::marketing_user_content was processed [] []
[2025-01-21T14:31:37.341729+00:00] main.INFO: Add of item with id Magento_Backend::content was processed [] []
[2025-01-21T14:31:37.342097+00:00] main.INFO: Add of item with id Magento_Backend::content_elements was processed [] []
[2025-01-21T14:31:37.342599+00:00] main.INFO: Add of item with id Magento_Backend::stores was processed [] []
[2025-01-21T14:31:37.342964+00:00] main.INFO: Add of item with id Magento_Backend::stores_settings was processed [] []
[2025-01-21T14:31:37.343320+00:00] main.INFO: Add of item with id Magento_Backend::stores_attributes was processed [] []
[2025-01-21T14:31:37.343676+00:00] main.INFO: Add of item with id Magento_Backend::other_settings was processed [] []
[2025-01-21T14:31:37.344033+00:00] main.INFO: Add of item with id Magento_Backend::system_other_settings was processed [] []
[2025-01-21T14:31:37.344400+00:00] main.INFO: Add of item with id Magento_User::system_acl was processed [] []
[2025-01-21T14:31:37.344764+00:00] main.INFO: Add of item with id Magento_User::system_acl_users was processed [] []
[2025-01-21T14:31:37.345117+00:00] main.INFO: Add of item with id Magento_User::system_acl_roles was processed [] []
[2025-01-21T14:31:37.345472+00:00] main.INFO: Add of item with id Magento_User::system_acl_locks was processed [] []
[2025-01-21T14:31:37.345829+00:00] main.INFO: Add of item with id Magento_Customer::customer was processed [] []
[2025-01-21T14:31:37.346214+00:00] main.INFO: Add of item with id Magento_Customer::customer_manage was processed [] []
[2025-01-21T14:31:37.346580+00:00] main.INFO: Add of item with id Magento_Customer::customer_online was processed [] []
[2025-01-21T14:31:37.346985+00:00] main.INFO: Add of item with id Magento_Customer::customer_group was processed [] []
[2025-01-21T14:31:37.347334+00:00] main.INFO: Add of item with id Magento_Backup::system_tools_backup was processed [] []
[2025-01-21T14:31:37.347739+00:00] main.INFO: Add of item with id Magento_Indexer::system_index was processed [] []
[2025-01-21T14:31:37.348096+00:00] main.INFO: Add of item with id Magento_Variable::system_variable was processed [] []
[2025-01-21T14:31:37.348454+00:00] main.INFO: Add of item with id Magento_Cms::cms_page was processed [] []
[2025-01-21T14:31:37.348805+00:00] main.INFO: Add of item with id Magento_Cms::cms_block was processed [] []
[2025-01-21T14:31:37.349246+00:00] main.INFO: Add of item with id Magento_Search::search_terms was processed [] []
[2025-01-21T14:31:37.349617+00:00] main.INFO: Add of item with id Magento_Search::search_synonyms was processed [] []
[2025-01-21T14:31:37.349986+00:00] main.INFO: Add of item with id Magento_Catalog::catalog was processed [] []
[2025-01-21T14:31:37.350374+00:00] main.INFO: Add of item with id Magento_Catalog::catalog_products was processed [] []
[2025-01-21T14:31:37.350833+00:00] main.INFO: Add of item with id Magento_Catalog::catalog_categories was processed [] []
[2025-01-21T14:31:37.351289+00:00] main.INFO: Add of item with id Magento_Catalog::catalog_attributes_attributes was processed [] []
[2025-01-21T14:31:37.351682+00:00] main.INFO: Add of item with id Magento_Catalog::catalog_attributes_sets was processed [] []
[2025-01-21T14:31:37.352094+00:00] main.INFO: Add of item with id Magento_Catalog::inventory was processed [] []
[2025-01-21T14:31:37.352450+00:00] main.INFO: Add of item with id Magento_CatalogRule::promo was processed [] []
[2025-01-21T14:31:37.352806+00:00] main.INFO: Add of item with id Magento_CatalogRule::promo_catalog was processed [] []
[2025-01-21T14:31:37.353155+00:00] main.INFO: Add of item with id Magento_MediaGalleryUi::media was processed [] []
[2025-01-21T14:31:37.353509+00:00] main.INFO: Add of item with id Magento_MediaGalleryUi::media_gallery was processed [] []
[2025-01-21T14:31:37.353855+00:00] main.INFO: Add of item with id Magento_Integration::system_extensions was processed [] []
[2025-01-21T14:31:37.354208+00:00] main.INFO: Add of item with id Magento_Integration::system_integrations was processed [] []
[2025-01-21T14:31:37.354554+00:00] main.INFO: Add of item with id Magento_Sales::sales was processed [] []
[2025-01-21T14:31:37.354904+00:00] main.INFO: Add of item with id Magento_Sales::sales_operation was processed [] []
[2025-01-21T14:31:37.355258+00:00] main.INFO: Add of item with id Magento_Sales::sales_order was processed [] []
[2025-01-21T14:31:37.355604+00:00] main.INFO: Add of item with id Magento_Sales::sales_invoice was processed [] []
[2025-01-21T14:31:37.355978+00:00] main.INFO: Add of item with id Magento_Sales::sales_shipment was processed [] []
[2025-01-21T14:31:37.356327+00:00] main.INFO: Add of item with id Magento_Sales::sales_creditmemo was processed [] []
[2025-01-21T14:31:37.356672+00:00] main.INFO: Add of item with id Magento_Sales::sales_transactions was processed [] []
[2025-01-21T14:31:37.357018+00:00] main.INFO: Add of item with id Magento_Sales::system_order_statuses was processed [] []
[2025-01-21T14:31:37.357382+00:00] main.INFO: Add of item with id Magento_Widget::cms_widget_instance was processed [] []
[2025-01-21T14:31:37.357820+00:00] main.INFO: Add of item with id Magento_Analytics::business_intelligence was processed [] []
[2025-01-21T14:31:37.358186+00:00] main.INFO: Add of item with id Magento_Analytics::advanced_reporting was processed [] []
[2025-01-21T14:31:37.358555+00:00] main.INFO: Add of item with id Magento_Analytics::bi_essentials was processed [] []
[2025-01-21T14:31:37.358919+00:00] main.INFO: Add of item with id Magento_Downloadable::report_products_downloads was processed [] []
[2025-01-21T14:31:37.359307+00:00] main.INFO: Add of item with id Magento_ImportExport::system_convert_import was processed [] []
[2025-01-21T14:31:37.359658+00:00] main.INFO: Add of item with id Magento_ImportExport::system_convert_export was processed [] []
[2025-01-21T14:31:37.360004+00:00] main.INFO: Add of item with id Magento_ImportExport::system_convert_history was processed [] []
[2025-01-21T14:31:37.360357+00:00] main.INFO: Add of item with id Magento_Email::template was processed [] []
[2025-01-21T14:31:37.360705+00:00] main.INFO: Add of item with id Magento_EncryptionKey::system_crypt_key was processed [] []
[2025-01-21T14:31:37.361082+00:00] main.INFO: Add of item with id Magento_InventoryAdminUi::inventory was processed [] []
[2025-01-21T14:31:37.361437+00:00] main.INFO: Add of item with id Magento_InventoryAdminUi::source was processed [] []
[2025-01-21T14:31:37.361784+00:00] main.INFO: Add of item with id Magento_InventoryAdminUi::stock was processed [] []
[2025-01-21T14:31:37.362164+00:00] main.INFO: Add of item with id Magento_Reports::report was processed [] []
[2025-01-21T14:31:37.362515+00:00] main.INFO: Add of item with id Magento_Reports::report_marketing was processed [] []
[2025-01-21T14:31:37.362862+00:00] main.INFO: Add of item with id Magento_Reports::report_salesroot was processed [] []
[2025-01-21T14:31:37.363216+00:00] main.INFO: Add of item with id Magento_Reports::report_salesroot_sales was processed [] []
[2025-01-21T14:31:37.363562+00:00] main.INFO: Add of item with id Magento_Reports::report_salesroot_tax was processed [] []
[2025-01-21T14:31:37.363905+00:00] main.INFO: Add of item with id Magento_Reports::report_salesroot_invoiced was processed [] []
[2025-01-21T14:31:37.364249+00:00] main.INFO: Add of item with id Magento_Reports::report_salesroot_shipping was processed [] []
[2025-01-21T14:31:37.364593+00:00] main.INFO: Add of item with id Magento_Reports::report_salesroot_refunded was processed [] []
[2025-01-21T14:31:37.364936+00:00] main.INFO: Add of item with id Magento_Reports::report_salesroot_coupons was processed [] []
[2025-01-21T14:31:37.365300+00:00] main.INFO: Add of item with id Magento_Reports::report_shopcart_product was processed [] []
[2025-01-21T14:31:37.365721+00:00] main.INFO: Add of item with id Magento_Reports::report_shopcart_abandoned was processed [] []
[2025-01-21T14:31:37.366109+00:00] main.INFO: Add of item with id Magento_Reports::report_products was processed [] []
[2025-01-21T14:31:37.366497+00:00] main.INFO: Add of item with id Magento_Reports::report_products_bestsellers was processed [] []
[2025-01-21T14:31:37.366909+00:00] main.INFO: Add of item with id Magento_Reports::report_products_sold was processed [] []
[2025-01-21T14:31:37.367272+00:00] main.INFO: Add of item with id Magento_Reports::report_products_viewed was processed [] []
[2025-01-21T14:31:37.367640+00:00] main.INFO: Add of item with id Magento_Reports::report_products_lowstock was processed [] []
[2025-01-21T14:31:37.367991+00:00] main.INFO: Add of item with id Magento_Reports::report_customers was processed [] []
[2025-01-21T14:31:37.368350+00:00] main.INFO: Add of item with id Magento_Reports::report_customers_accounts was processed [] []
[2025-01-21T14:31:37.368698+00:00] main.INFO: Add of item with id Magento_Reports::report_customers_totals was processed [] []
[2025-01-21T14:31:37.369052+00:00] main.INFO: Add of item with id Magento_Reports::report_customers_orders was processed [] []
[2025-01-21T14:31:37.369398+00:00] main.INFO: Add of item with id Magento_Reports::report_statistics was processed [] []
[2025-01-21T14:31:37.369751+00:00] main.INFO: Add of item with id Magento_Reports::report_statistics_refresh was processed [] []
[2025-01-21T14:31:37.370095+00:00] main.INFO: Add of item with id Magento_Search::report_search_term was processed [] []
[2025-01-21T14:31:37.370442+00:00] main.INFO: Add of item with id Magento_LoginAsCustomerLog::login_log was processed [] []
[2025-01-21T14:31:37.370788+00:00] main.INFO: Add of item with id Magento_Marketplace::partners was processed [] []
[2025-01-21T14:31:37.371176+00:00] main.INFO: Add of item with id Magento_Newsletter::newsletter_template was processed [] []
[2025-01-21T14:31:37.371524+00:00] main.INFO: Add of item with id Magento_Newsletter::newsletter_queue was processed [] []
[2025-01-21T14:31:37.371875+00:00] main.INFO: Add of item with id Magento_Newsletter::newsletter_subscriber was processed [] []
[2025-01-21T14:31:37.372346+00:00] main.INFO: Add of item with id Magento_Newsletter::newsletter_problem was processed [] []
[2025-01-21T14:31:37.373014+00:00] main.INFO: Add of item with id Magento_SalesRule::promo_quote was processed [] []
[2025-01-21T14:31:37.373606+00:00] main.INFO: Add of item with id Magento_Sitemap::catalog_sitemap was processed [] []
[2025-01-21T14:31:37.373955+00:00] main.INFO: Add of item with id Magento_PageBuilder::templates was processed [] []
[2025-01-21T14:31:37.374384+00:00] main.INFO: Add of item with id Magento_Paypal::report_salesroot_paypal_settlement_reports was processed [] []
[2025-01-21T14:31:37.374731+00:00] main.INFO: Add of item with id Magento_Paypal::paypal_billing_agreement was processed [] []
[2025-01-21T14:31:37.375059+00:00] main.INFO: Add of item with id Magento_CheckoutAgreements::sales_checkoutagreement was processed [] []
[2025-01-21T14:31:37.375406+00:00] main.INFO: Add of item with id Magento_Review::catalog_reviews_ratings_ratings was processed [] []
[2025-01-21T14:31:37.375750+00:00] main.INFO: Add of item with id Magento_Review::catalog_reviews_ratings_pending was processed [] []
[2025-01-21T14:31:37.376079+00:00] main.INFO: Add of item with id Magento_Review::catalog_reviews_ratings_reviews_all was processed [] []
[2025-01-21T14:31:37.376452+00:00] main.INFO: Add of item with id Magento_Review::report_review was processed [] []
[2025-01-21T14:31:37.376797+00:00] main.INFO: Add of item with id Magento_Review::report_review_customer was processed [] []
[2025-01-21T14:31:37.377123+00:00] main.INFO: Add of item with id Magento_Review::report_review_product was processed [] []
[2025-01-21T14:31:37.377471+00:00] main.INFO: Add of item with id Magento_UrlRewrite::urlrewrite was processed [] []
[2025-01-21T14:31:37.377857+00:00] main.INFO: Add of item with id Magento_Tax::sales_tax was processed [] []
[2025-01-21T14:31:37.378200+00:00] main.INFO: Add of item with id Magento_Tax::sales_tax_rules was processed [] []
[2025-01-21T14:31:37.378533+00:00] main.INFO: Add of item with id Magento_Tax::sales_tax_rates was processed [] []
[2025-01-21T14:31:37.378852+00:00] main.INFO: Add of item with id Magento_TaxImportExport::system_convert_tax was processed [] []
[2025-01-21T14:31:37.379169+00:00] main.INFO: Add of item with id Magento_AsynchronousOperations::system_magento_logging was processed [] []
[2025-01-21T14:31:37.379509+00:00] main.INFO: Add of item with id Magento_AsynchronousOperations::system_magento_logging_bulk_operations was processed [] []
[2025-01-21T14:31:37.379828+00:00] main.INFO: Add of item with id Magento_CurrencySymbol::system_currency was processed [] []
[2025-01-21T14:31:37.380151+00:00] main.INFO: Add of item with id Magento_CurrencySymbol::system_currency_rates was processed [] []
[2025-01-21T14:31:37.380469+00:00] main.INFO: Add of item with id Magento_CurrencySymbol::system_currency_symbols was processed [] []
[2025-01-21T14:31:37.380787+00:00] main.INFO: Add of item with id PayPal_Braintree::settlement_report was processed [] []
[2025-01-21T14:31:37.381160+00:00] main.INFO: Add of item with id PayPal_Braintree::virtual_terminal was processed [] []
[2025-01-21T14:31:39.808659+00:00] main.INFO: Broken reference: the 'notification.messages' tries to reorder itself towards 'user', but their parents are different: 'header.inner.right' and 'header' respectively. [] []
[2025-01-21T14:32:16.564504+00:00] main.INFO: Broken reference: the 'notification.messages' tries to reorder itself towards 'user', but their parents are different: 'header.inner.right' and 'header' respectively. [] []
[2025-01-21T15:37:38.803588+00:00] main.DEBUG: cache_invalidate:  {"method":"GET","url":"http:/","invalidateInfo":{"tags":["CONFIG"],"mode":"matchingTag"}} []
[2025-01-21T15:37:38.805897+00:00] main.DEBUG: cache_invalidate:  {"method":"GET","url":"http:/","invalidateInfo":{"tags":["LAYOUT_GENERAL_CACHE_TAG"],"mode":"matchingTag"}} []
[2025-01-21T15:37:38.807358+00:00] main.DEBUG: cache_invalidate:  {"method":"GET","url":"http:/","invalidateInfo":{"tags":["BLOCK_HTML"],"mode":"matchingTag"}} []
[2025-01-21T15:37:38.808741+00:00] main.DEBUG: cache_invalidate:  {"method":"GET","url":"http:/","invalidateInfo":{"tags":["COLLECTION_DATA"],"mode":"matchingTag"}} []
[2025-01-21T15:37:38.810066+00:00] main.DEBUG: cache_invalidate:  {"method":"GET","url":"http:/","invalidateInfo":{"tags":["REFLECTION"],"mode":"matchingTag"}} []
[2025-01-21T15:37:38.811474+00:00] main.DEBUG: cache_invalidate:  {"method":"GET","url":"http:/","invalidateInfo":{"tags":["DB_DDL"],"mode":"matchingTag"}} []
[2025-01-21T15:37:38.812584+00:00] main.DEBUG: cache_invalidate:  {"method":"GET","url":"http:/","invalidateInfo":{"tags":["COMPILED_CONFIG"],"mode":"matchingTag"}} []
[2025-01-21T15:37:38.814155+00:00] main.DEBUG: cache_invalidate:  {"method":"GET","url":"http:/","invalidateInfo":{"tags":["EAV"],"mode":"matchingTag"}} []
[2025-01-21T15:37:38.815293+00:00] main.DEBUG: cache_invalidate:  {"method":"GET","url":"http:/","invalidateInfo":{"tags":["CUSTOMER_NOTIFICATION"],"mode":"matchingTag"}} []
[2025-01-21T15:37:38.816627+00:00] main.DEBUG: cache_invalidate:  {"method":"GET","url":"http:/","invalidateInfo":{"tags":["INTEGRATION"],"mode":"matchingTag"}} []
[2025-01-21T15:37:38.818752+00:00] main.DEBUG: cache_invalidate:  {"method":"GET","url":"http:/","invalidateInfo":{"tags":["INTEGRATION_API_CONFIG"],"mode":"matchingTag"}} []
[2025-01-21T15:37:38.864652+00:00] main.DEBUG: cache_invalidate:  {"method":"GET","url":"http:/","invalidateInfo":{"tags":["FPC"],"mode":"matchingTag"}} []
[2025-01-21T15:37:38.865849+00:00] main.DEBUG: cache_invalidate:  {"method":"GET","url":"http:/","invalidateInfo":{"tags":["WEBSERVICE"],"mode":"matchingTag"}} []
[2025-01-21T15:37:38.867346+00:00] main.DEBUG: cache_invalidate:  {"method":"GET","url":"http:/","invalidateInfo":{"tags":["TRANSLATE"],"mode":"matchingTag"}} []
[2025-01-21T15:37:48.317043+00:00] main.DEBUG: cache_invalidate:  {"method":"GET","url":"http:/","invalidateInfo":{"tags":["CONFIG"],"mode":"matchingTag"}} []
[2025-01-21T15:37:48.436151+00:00] main.DEBUG: cache_invalidate:  {"method":"GET","url":"http:/","invalidateInfo":{"tags":["CONFIG"],"mode":"matchingTag"}} []
[2025-01-21T15:37:48.437377+00:00] main.DEBUG: cache_invalidate:  {"method":"GET","url":"http:/","invalidateInfo":{"tags":["LAYOUT_GENERAL_CACHE_TAG"],"mode":"matchingTag"}} []
[2025-01-21T15:37:48.438794+00:00] main.DEBUG: cache_invalidate:  {"method":"GET","url":"http:/","invalidateInfo":{"tags":["BLOCK_HTML"],"mode":"matchingTag"}} []
[2025-01-21T15:37:48.440159+00:00] main.DEBUG: cache_invalidate:  {"method":"GET","url":"http:/","invalidateInfo":{"tags":["COLLECTION_DATA"],"mode":"matchingTag"}} []
[2025-01-21T15:37:48.441563+00:00] main.DEBUG: cache_invalidate:  {"method":"GET","url":"http:/","invalidateInfo":{"tags":["REFLECTION"],"mode":"matchingTag"}} []
[2025-01-21T15:37:48.442648+00:00] main.DEBUG: cache_invalidate:  {"method":"GET","url":"http:/","invalidateInfo":{"tags":["DB_DDL"],"mode":"matchingTag"}} []
[2025-01-21T15:37:48.444095+00:00] main.DEBUG: cache_invalidate:  {"method":"GET","url":"http:/","invalidateInfo":{"tags":["COMPILED_CONFIG"],"mode":"matchingTag"}} []
[2025-01-21T15:37:48.445316+00:00] main.DEBUG: cache_invalidate:  {"method":"GET","url":"http:/","invalidateInfo":{"tags":["EAV"],"mode":"matchingTag"}} []
[2025-01-21T15:37:48.446636+00:00] main.DEBUG: cache_invalidate:  {"method":"GET","url":"http:/","invalidateInfo":{"tags":["CUSTOMER_NOTIFICATION"],"mode":"matchingTag"}} []
[2025-01-21T15:37:48.448057+00:00] main.DEBUG: cache_invalidate:  {"method":"GET","url":"http:/","invalidateInfo":{"tags":["INTEGRATION"],"mode":"matchingTag"}} []
[2025-01-21T15:37:48.449418+00:00] main.DEBUG: cache_invalidate:  {"method":"GET","url":"http:/","invalidateInfo":{"tags":["INTEGRATION_API_CONFIG"],"mode":"matchingTag"}} []
[2025-01-21T15:37:48.451506+00:00] main.DEBUG: cache_invalidate:  {"method":"GET","url":"http:/","invalidateInfo":{"tags":["FPC"],"mode":"matchingTag"}} []
[2025-01-21T15:37:48.454455+00:00] main.DEBUG: cache_invalidate:  {"method":"GET","url":"http:/","invalidateInfo":{"tags":["WEBSERVICE"],"mode":"matchingTag"}} []
[2025-01-21T15:37:48.455968+00:00] main.DEBUG: cache_invalidate:  {"method":"GET","url":"http:/","invalidateInfo":{"tags":["TRANSLATE"],"mode":"matchingTag"}} []
[2025-01-21T15:37:51.949746+00:00] main.DEBUG: cache_invalidate:  {"method":"GET","url":"http:/","invalidateInfo":{"tags":["LAYOUT_GENERAL_CACHE_TAG"],"mode":"matchingTag"}} []
[2025-01-21T15:37:51.951180+00:00] main.DEBUG: cache_invalidate:  {"method":"GET","url":"http:/","invalidateInfo":{"tags":["BLOCK_HTML"],"mode":"matchingTag"}} []
[2025-01-21T15:37:51.953757+00:00] main.DEBUG: cache_invalidate:  {"method":"GET","url":"http:/","invalidateInfo":{"tags":["FPC"],"mode":"matchingTag"}} []
[2025-01-21T15:38:08.971488+00:00] main.DEBUG: cache_invalidate:  {"method":"GET","url":"http:/","invalidateInfo":{"tags":[],"mode":"all"}} []
[2025-01-21T15:38:08.980797+00:00] main.DEBUG: cache_invalidate:  {"method":"GET","url":"http:/","invalidateInfo":{"tags":[],"mode":"all"}} []
[2025-01-21T15:38:42.631799+00:00] main.CRITICAL: Class "Theshreyas\OrderGridExport\Model\Export\ConvertToCustomCsv" does not exist
Class Ak\OrderGridExport\Controller\Adminhtml\Export\GridToCustomcsv\Interceptor generation error: The requested class did not generate properly, because the 'generated' directory permission is read-only. If --- after running the 'bin/magento setup:di:compile' CLI command when the 'generated' directory permission is set to write --- the requested class did not generate properly, then you must add the generated class object to the signature of the related construct method, only. [] []
[2025-01-21T15:38:42.635378+00:00] main.ERROR: Class "Theshreyas\OrderGridExport\Model\Export\ConvertToCustomCsv" does not exist
Class Ak\OrderGridExport\Controller\Adminhtml\Export\GridToCustomcsv\Interceptor generation error: The requested class did not generate properly, because the 'generated' directory permission is read-only. If --- after running the 'bin/magento setup:di:compile' CLI command when the 'generated' directory permission is set to write --- the requested class did not generate properly, then you must add the generated class object to the signature of the related construct method, only.
#0 /var/www/html/magento2/setup/src/Magento/Setup/Module/Di/Code/Generator.php(69): Magento\Framework\Code\Generator->generateClass()
#1 /var/www/html/magento2/setup/src/Magento/Setup/Module/Di/App/Task/Operation/Interception.php(100): Magento\Setup\Module\Di\Code\Generator->generateList()
#2 /var/www/html/magento2/setup/src/Magento/Setup/Module/Di/App/Task/Manager.php(56): Magento\Setup\Module\Di\App\Task\Operation\Interception->doOperation()
#3 /var/www/html/magento2/setup/src/Magento/Setup/Console/Command/DiCompileCommand.php(216): Magento\Setup\Module\Di\App\Task\Manager->process()
#4 /var/www/html/magento2/vendor/symfony/console/Command/Command.php(298): Magento\Setup\Console\Command\DiCompileCommand->execute()
#5 /var/www/html/magento2/vendor/symfony/console/Application.php(1040): Symfony\Component\Console\Command\Command->run()
#6 /var/www/html/magento2/vendor/symfony/console/Application.php(301): Symfony\Component\Console\Application->doRunCommand()
#7 /var/www/html/magento2/vendor/magento/framework/Console/Cli.php(116): Symfony\Component\Console\Application->doRun()
#8 /var/www/html/magento2/vendor/symfony/console/Application.php(171): Magento\Framework\Console\Cli->doRun()
#9 /var/www/html/magento2/bin/magento(23): Symfony\Component\Console\Application->run()
#10 {main} [] []
[2025-01-21T16:11:59.492732+00:00] main.DEBUG: cache_invalidate:  {"method":"GET","url":"http:/","invalidateInfo":{"tags":[],"mode":"all"}} []
[2025-01-21T16:11:59.496279+00:00] main.DEBUG: cache_invalidate:  {"method":"GET","url":"http:/","invalidateInfo":{"tags":[],"mode":"all"}} []
[2025-01-21T16:12:39.430104+00:00] main.CRITICAL: Class "Theshreyas\OrderGridExport\Model\Export\ConvertToCustomCsv" does not exist
Class Ak\OrderGridExport\Controller\Adminhtml\Export\GridToCustomcsv\Interceptor generation error: The requested class did not generate properly, because the 'generated' directory permission is read-only. If --- after running the 'bin/magento setup:di:compile' CLI command when the 'generated' directory permission is set to write --- the requested class did not generate properly, then you must add the generated class object to the signature of the related construct method, only. [] []
[2025-01-21T16:12:39.432994+00:00] main.ERROR: Class "Theshreyas\OrderGridExport\Model\Export\ConvertToCustomCsv" does not exist
Class Ak\OrderGridExport\Controller\Adminhtml\Export\GridToCustomcsv\Interceptor generation error: The requested class did not generate properly, because the 'generated' directory permission is read-only. If --- after running the 'bin/magento setup:di:compile' CLI command when the 'generated' directory permission is set to write --- the requested class did not generate properly, then you must add the generated class object to the signature of the related construct method, only.
#0 /var/www/html/magento2/setup/src/Magento/Setup/Module/Di/Code/Generator.php(69): Magento\Framework\Code\Generator->generateClass()
#1 /var/www/html/magento2/setup/src/Magento/Setup/Module/Di/App/Task/Operation/Interception.php(100): Magento\Setup\Module\Di\Code\Generator->generateList()
#2 /var/www/html/magento2/setup/src/Magento/Setup/Module/Di/App/Task/Manager.php(56): Magento\Setup\Module\Di\App\Task\Operation\Interception->doOperation()
#3 /var/www/html/magento2/setup/src/Magento/Setup/Console/Command/DiCompileCommand.php(216): Magento\Setup\Module\Di\App\Task\Manager->process()
#4 /var/www/html/magento2/vendor/symfony/console/Command/Command.php(298): Magento\Setup\Console\Command\DiCompileCommand->execute()
#5 /var/www/html/magento2/vendor/symfony/console/Application.php(1040): Symfony\Component\Console\Command\Command->run()
#6 /var/www/html/magento2/vendor/symfony/console/Application.php(301): Symfony\Component\Console\Application->doRunCommand()
#7 /var/www/html/magento2/vendor/magento/framework/Console/Cli.php(116): Symfony\Component\Console\Application->doRun()
#8 /var/www/html/magento2/vendor/symfony/console/Application.php(171): Magento\Framework\Console\Cli->doRun()
#9 /var/www/html/magento2/bin/magento(23): Symfony\Component\Console\Application->run()
#10 {main} [] []
[2025-01-22T09:02:05.401506+00:00] main.DEBUG: cache_invalidate:  {"method":"GET","url":"http:/","invalidateInfo":{"tags":[],"mode":"all"}} []
[2025-01-22T09:02:05.405106+00:00] main.DEBUG: cache_invalidate:  {"method":"GET","url":"http:/","invalidateInfo":{"tags":[],"mode":"all"}} []
[2025-01-22T09:02:35.139015+00:00] main.CRITICAL: Class "Theshreyas\OrderGridExport\Model\Export\ConvertToCustomCsv" does not exist
Class Ak\OrderGridExport\Controller\Adminhtml\Export\GridToCustomcsv\Interceptor generation error: The requested class did not generate properly, because the 'generated' directory permission is read-only. If --- after running the 'bin/magento setup:di:compile' CLI command when the 'generated' directory permission is set to write --- the requested class did not generate properly, then you must add the generated class object to the signature of the related construct method, only. [] []
[2025-01-22T09:02:35.142764+00:00] main.ERROR: Class "Theshreyas\OrderGridExport\Model\Export\ConvertToCustomCsv" does not exist
Class Ak\OrderGridExport\Controller\Adminhtml\Export\GridToCustomcsv\Interceptor generation error: The requested class did not generate properly, because the 'generated' directory permission is read-only. If --- after running the 'bin/magento setup:di:compile' CLI command when the 'generated' directory permission is set to write --- the requested class did not generate properly, then you must add the generated class object to the signature of the related construct method, only.
#0 /var/www/html/magento2/setup/src/Magento/Setup/Module/Di/Code/Generator.php(69): Magento\Framework\Code\Generator->generateClass()
#1 /var/www/html/magento2/setup/src/Magento/Setup/Module/Di/App/Task/Operation/Interception.php(100): Magento\Setup\Module\Di\Code\Generator->generateList()
#2 /var/www/html/magento2/setup/src/Magento/Setup/Module/Di/App/Task/Manager.php(56): Magento\Setup\Module\Di\App\Task\Operation\Interception->doOperation()
#3 /var/www/html/magento2/setup/src/Magento/Setup/Console/Command/DiCompileCommand.php(216): Magento\Setup\Module\Di\App\Task\Manager->process()
#4 /var/www/html/magento2/vendor/symfony/console/Command/Command.php(298): Magento\Setup\Console\Command\DiCompileCommand->execute()
#5 /var/www/html/magento2/vendor/symfony/console/Application.php(1040): Symfony\Component\Console\Command\Command->run()
#6 /var/www/html/magento2/vendor/symfony/console/Application.php(301): Symfony\Component\Console\Application->doRunCommand()
#7 /var/www/html/magento2/vendor/magento/framework/Console/Cli.php(116): Symfony\Component\Console\Application->doRun()
#8 /var/www/html/magento2/vendor/symfony/console/Application.php(171): Magento\Framework\Console\Cli->doRun()
#9 /var/www/html/magento2/bin/magento(23): Symfony\Component\Console\Application->run()
#10 {main} [] []
[2025-01-22T09:05:02.952819+00:00] main.CRITICAL: The specified "/var/www/html/magento2/generated/code/Magento/Framework/App/Http/Interceptor.php.406" file couldn't be written. Warning!file_put_contents(/var/www/html/magento2/generated/code/Magento/Framework/App/Http/Interceptor.php.406): Failed to open stream: Permission denied
Class Magento\Framework\App\Http\Interceptor generation error: The requested class did not generate properly, because the 'generated' directory permission is read-only. If --- after running the 'bin/magento setup:di:compile' CLI command when the 'generated' directory permission is set to write --- the requested class did not generate properly, then you must add the generated class object to the signature of the related construct method, only. [] []
[2025-01-22T09:05:04.491050+00:00] main.DEBUG: The specified "/var/www/html/magento2/generated/code/Magento/Framework/App/Http/Interceptor.php.406" file couldn't be written. Warning!file_put_contents(/var/www/html/magento2/generated/code/Magento/Framework/App/Http/Interceptor.php.406): Failed to open stream: Permission denied
Class Magento\Framework\App\Http\Interceptor generation error: The requested class did not generate properly, because the 'generated' directory permission is read-only. If --- after running the 'bin/magento setup:di:compile' CLI command when the 'generated' directory permission is set to write --- the requested class did not generate properly, then you must add the generated class object to the signature of the related construct method, only. {"exception":"[object] (RuntimeException(code: 0): The specified \"/var/www/html/magento2/generated/code/Magento/Framework/App/Http/Interceptor.php.406\" file couldn't be written. Warning!file_put_contents(/var/www/html/magento2/generated/code/Magento/Framework/App/Http/Interceptor.php.406): Failed to open stream: Permission denied
Class Magento\\Framework\\App\\Http\\Interceptor generation error: The requested class did not generate properly, because the 'generated' directory permission is read-only. If --- after running the 'bin/magento setup:di:compile' CLI command when the 'generated' directory permission is set to write --- the requested class did not generate properly, then you must add the generated class object to the signature of the related construct method, only. at /var/www/html/magento2/vendor/magento/framework/Code/Generator.php:140)"} []
[2025-01-22T09:05:04.617758+00:00] main.CRITICAL: The specified "/var/www/html/magento2/generated/code/Magento/Framework/App/Http/Interceptor.php.405" file couldn't be written. Warning!file_put_contents(/var/www/html/magento2/generated/code/Magento/Framework/App/Http/Interceptor.php.405): Failed to open stream: Permission denied
Class Magento\Framework\App\Http\Interceptor generation error: The requested class did not generate properly, because the 'generated' directory permission is read-only. If --- after running the 'bin/magento setup:di:compile' CLI command when the 'generated' directory permission is set to write --- the requested class did not generate properly, then you must add the generated class object to the signature of the related construct method, only. [] []
[2025-01-22T09:05:04.619744+00:00] main.DEBUG: The specified "/var/www/html/magento2/generated/code/Magento/Framework/App/Http/Interceptor.php.405" file couldn't be written. Warning!file_put_contents(/var/www/html/magento2/generated/code/Magento/Framework/App/Http/Interceptor.php.405): Failed to open stream: Permission denied
Class Magento\Framework\App\Http\Interceptor generation error: The requested class did not generate properly, because the 'generated' directory permission is read-only. If --- after running the 'bin/magento setup:di:compile' CLI command when the 'generated' directory permission is set to write --- the requested class did not generate properly, then you must add the generated class object to the signature of the related construct method, only. {"exception":"[object] (RuntimeException(code: 0): The specified \"/var/www/html/magento2/generated/code/Magento/Framework/App/Http/Interceptor.php.405\" file couldn't be written. Warning!file_put_contents(/var/www/html/magento2/generated/code/Magento/Framework/App/Http/Interceptor.php.405): Failed to open stream: Permission denied
Class Magento\\Framework\\App\\Http\\Interceptor generation error: The requested class did not generate properly, because the 'generated' directory permission is read-only. If --- after running the 'bin/magento setup:di:compile' CLI command when the 'generated' directory permission is set to write --- the requested class did not generate properly, then you must add the generated class object to the signature of the related construct method, only. at /var/www/html/magento2/vendor/magento/framework/Code/Generator.php:140)"} []
[2025-01-22T09:12:06.115958+00:00] main.DEBUG: cache_invalidate:  {"method":"GET","url":"http:/","invalidateInfo":{"tags":[],"mode":"all"}} []
[2025-01-22T09:12:06.118843+00:00] main.DEBUG: cache_invalidate:  {"method":"GET","url":"http:/","invalidateInfo":{"tags":[],"mode":"all"}} []
[2025-01-22T09:12:49.875030+00:00] main.DEBUG: cache_invalidate:  {"method":"GET","url":"http:/","invalidateInfo":{"tags":["FPC"],"mode":"matchingTag"}} []
[2025-01-22T09:13:08.248127+00:00] main.INFO: Broken reference: the 'tracking' element cannot be added as child to 'header', because the latter doesn't exist [] []
[2025-01-22T09:13:08.248742+00:00] main.INFO: Broken reference: the 'notification_area' element cannot be added as child to 'notifications', because the latter doesn't exist [] []
[2025-01-22T09:13:08.249269+00:00] main.INFO: Broken reference: the 'unread_system_messages' element cannot be added as child to 'notifications', because the latter doesn't exist [] []
[2025-01-22T09:13:08.249750+00:00] main.INFO: Broken reference: the 'notification_window' element cannot be added as child to 'notifications', because the latter doesn't exist [] []
[2025-01-22T09:13:08.250201+00:00] main.INFO: Broken reference: the 'notification.messages' element cannot be added as child to 'header', because the latter doesn't exist [] []
[2025-01-22T09:13:08.250665+00:00] main.INFO: Broken reference: the 'global_notices' element cannot be added as child to 'global.notices', because the latter doesn't exist [] []
[2025-01-22T09:13:08.251112+00:00] main.INFO: Broken reference: the 'logo' element cannot be added as child to 'header', because the latter doesn't exist [] []
[2025-01-22T09:13:08.251561+00:00] main.INFO: Broken reference: the 'global.search' element cannot be added as child to 'header', because the latter doesn't exist [] []
[2025-01-22T09:13:08.252007+00:00] main.INFO: Broken reference: the 'user' element cannot be added as child to 'header', because the latter doesn't exist [] []
[2025-01-22T09:13:08.252449+00:00] main.INFO: Broken reference: the 'menu' element cannot be added as child to 'page.menu', because the latter doesn't exist [] []
[2025-01-22T09:13:08.252895+00:00] main.INFO: Broken reference: the 'breadcrumbs' element cannot be added as child to 'page.breadcrumbs', because the latter doesn't exist [] []
[2025-01-22T09:13:08.253340+00:00] main.INFO: Broken reference: the 'formkey' element cannot be added as child to 'page.formkey', because the latter doesn't exist [] []
[2025-01-22T09:13:08.253787+00:00] main.INFO: Broken reference: the 'page.title' element cannot be added as child to 'main.top', because the latter doesn't exist [] []
[2025-01-22T09:13:08.254230+00:00] main.INFO: Broken reference: the 'messages' element cannot be added as child to 'page.messages', because the latter doesn't exist [] []
[2025-01-22T09:13:08.254855+00:00] main.INFO: Broken reference: the 'page.actions.toolbar' element cannot be added as child to 'page.main.actions', because the latter doesn't exist [] []
[2025-01-22T09:13:08.255385+00:00] main.INFO: Broken reference: the 'legal' element cannot be added as child to 'footer', because the latter doesn't exist [] []
[2025-01-22T09:13:08.255938+00:00] main.INFO: Broken reference: the 'header.inner.left' element cannot be added as child to 'header', because the latter doesn't exist [] []
[2025-01-22T09:13:08.256394+00:00] main.INFO: Broken reference: the 'header.inner.right' element cannot be added as child to 'header', because the latter doesn't exist [] []
[2025-01-22T09:13:08.256901+00:00] main.INFO: Broken reference: the 'user' tries to reorder itself towards '', but their parents are different: 'header' and '' respectively. [] []
[2025-01-22T09:13:08.257349+00:00] main.INFO: Broken reference: the 'notification.messages' tries to reorder itself towards 'user', but their parents are different: 'header' and '' respectively. [] []
[2025-01-22T09:13:08.257796+00:00] main.INFO: Broken reference: the 'logo' tries to reorder itself towards '', but their parents are different: 'header' and '' respectively. [] []
[2025-01-22T09:13:08.258238+00:00] main.INFO: Broken reference: the 'global.search' tries to reorder itself towards 'logo', but their parents are different: 'header' and '' respectively. [] []
[2025-01-22T09:13:08.258683+00:00] main.INFO: Broken reference: the 'page.actions.toolbar' tries to reorder itself towards '', but their parents are different: 'page.main.actions' and '' respectively. [] []
[2025-01-22T09:13:08.259149+00:00] main.INFO: Broken reference: the 'header.inner.left' tries to reorder itself towards '', but their parents are different: 'header' and '' respectively. [] []
[2025-01-22T09:13:08.259650+00:00] main.INFO: Broken reference: the 'header.inner.right' tries to reorder itself towards 'header.inner.left', but their parents are different: 'header' and '' respectively. [] []
[2025-01-22T09:13:08.260135+00:00] main.INFO: Broken reference: the 'notification.messages' tries to reorder itself towards 'user', but their parents are different: 'header.inner.right' and '' respectively. [] []
[2025-01-22T09:16:53.032934+00:00] main.DEBUG: URI '/admin/sales/order/index/key/732a6d6468094ade5de1ea92463d2c05f460075939ee9b536da68cd18406d114/'' cannot be accessed with POST method (Magento\Sales\Controller\Adminhtml\Order\Index) [] []
[2025-01-22T09:16:53.033948+00:00] main.DEBUG: Request validation failed for action "Magento\Sales\Controller\Adminhtml\Order\Index\Interceptor" {"exception":"[object] (Magento\\Framework\\App\\Request\\InvalidRequestException(code: 0): Invalid request received at /var/www/html/magento2/vendor/magento/framework/App/Request/HttpMethodValidator.php:69)"} []
[2025-01-22T09:16:53.208111+00:00] main.DEBUG: cache_invalidate:  {"method":"POST","url":"http://magento.local.com/admin/sales/order/index/key/732a6d6468094ade5de1ea92463d2c05f460075939ee9b536da68cd18406d114/","invalidateInfo":{"tags":["BACKEND_MAINMENU"],"mode":"matchingAnyTag"}} []
[2025-01-22T09:16:53.303521+00:00] main.DEBUG: cache_invalidate:  {"method":"POST","url":"http://magento.local.com/admin/sales/order/index/key/732a6d6468094ade5de1ea92463d2c05f460075939ee9b536da68cd18406d114/","invalidateInfo":{"tags":["PB_EDITOR_CONFIG","CONFIG"],"mode":"matchingTag"}} []
[2025-01-22T09:16:53.343792+00:00] main.INFO: Item Magento_Backend::system_currency was removed [] []
[2025-01-22T09:16:53.350702+00:00] main.INFO: Add of item with id Magento_Config::system_config was processed [] []
[2025-01-22T09:16:53.351265+00:00] main.INFO: Add of item with id Magento_AdminNotification::system_adminnotification was processed [] []
[2025-01-22T09:16:53.351730+00:00] main.INFO: Add of item with id Magento_Theme::design_config was processed [] []
[2025-01-22T09:16:53.352175+00:00] main.INFO: Add of item with id Magento_Theme::system_design_theme was processed [] []
[2025-01-22T09:16:53.352617+00:00] main.INFO: Add of item with id Magento_Backend::system_design_schedule was processed [] []
[2025-01-22T09:16:53.353059+00:00] main.INFO: Add of item with id Magento_Backend::system_store was processed [] []
[2025-01-22T09:16:53.353578+00:00] main.INFO: Add of item with id Magento_Backend::dashboard was processed [] []
[2025-01-22T09:16:53.354336+00:00] main.INFO: Add of item with id Magento_Backend::system was processed [] []
[2025-01-22T09:16:53.354843+00:00] main.INFO: Add of item with id Magento_Backend::system_tools was processed [] []
[2025-01-22T09:16:53.355339+00:00] main.INFO: Add of item with id Magento_Backend::system_design was processed [] []
[2025-01-22T09:16:53.355792+00:00] main.INFO: Add of item with id Magento_Backend::system_convert was processed [] []
[2025-01-22T09:16:53.356242+00:00] main.INFO: Add of item with id Magento_Backend::system_cache was processed [] []
[2025-01-22T09:16:53.356682+00:00] main.INFO: Add of item with id Magento_Backend::marketing was processed [] []
[2025-01-22T09:16:53.357129+00:00] main.INFO: Add of item with id Magento_Backend::marketing_communications was processed [] []
[2025-01-22T09:16:53.357571+00:00] main.INFO: Add of item with id Magento_Backend::marketing_seo was processed [] []
[2025-01-22T09:16:53.358010+00:00] main.INFO: Add of item with id Magento_Backend::marketing_user_content was processed [] []
[2025-01-22T09:16:53.358457+00:00] main.INFO: Add of item with id Magento_Backend::content was processed [] []
[2025-01-22T09:16:53.358927+00:00] main.INFO: Add of item with id Magento_Backend::content_elements was processed [] []
[2025-01-22T09:16:53.359370+00:00] main.INFO: Add of item with id Magento_Backend::stores was processed [] []
[2025-01-22T09:16:53.360432+00:00] main.INFO: Add of item with id Magento_Backend::stores_settings was processed [] []
[2025-01-22T09:16:53.361105+00:00] main.INFO: Add of item with id Magento_Backend::stores_attributes was processed [] []
[2025-01-22T09:16:53.361621+00:00] main.INFO: Add of item with id Magento_Backend::other_settings was processed [] []
[2025-01-22T09:16:53.362124+00:00] main.INFO: Add of item with id Magento_Backend::system_other_settings was processed [] []
[2025-01-22T09:16:53.362590+00:00] main.INFO: Add of item with id Magento_User::system_acl was processed [] []
[2025-01-22T09:16:53.363061+00:00] main.INFO: Add of item with id Magento_User::system_acl_users was processed [] []
[2025-01-22T09:16:53.363517+00:00] main.INFO: Add of item with id Magento_User::system_acl_roles was processed [] []
[2025-01-22T09:16:53.363980+00:00] main.INFO: Add of item with id Magento_User::system_acl_locks was processed [] []
[2025-01-22T09:16:53.364433+00:00] main.INFO: Add of item with id Magento_Customer::customer was processed [] []
[2025-01-22T09:16:53.364942+00:00] main.INFO: Add of item with id Magento_Customer::customer_manage was processed [] []
[2025-01-22T09:16:53.365401+00:00] main.INFO: Add of item with id Magento_Customer::customer_online was processed [] []
[2025-01-22T09:16:53.365856+00:00] main.INFO: Add of item with id Magento_Customer::customer_group was processed [] []
[2025-01-22T09:16:53.366302+00:00] main.INFO: Add of item with id Magento_Backup::system_tools_backup was processed [] []
[2025-01-22T09:16:53.366737+00:00] main.INFO: Add of item with id Magento_Indexer::system_index was processed [] []
[2025-01-22T09:16:53.367172+00:00] main.INFO: Add of item with id Magento_Variable::system_variable was processed [] []
[2025-01-22T09:16:53.367620+00:00] main.INFO: Add of item with id Magento_Cms::cms_page was processed [] []
[2025-01-22T09:16:53.368058+00:00] main.INFO: Add of item with id Magento_Cms::cms_block was processed [] []
[2025-01-22T09:16:53.368526+00:00] main.INFO: Add of item with id Magento_Search::search_terms was processed [] []
[2025-01-22T09:16:53.369031+00:00] main.INFO: Add of item with id Magento_Search::search_synonyms was processed [] []
[2025-01-22T09:16:53.369568+00:00] main.INFO: Add of item with id Magento_Catalog::catalog was processed [] []
[2025-01-22T09:16:53.370095+00:00] main.INFO: Add of item with id Magento_Catalog::catalog_products was processed [] []
[2025-01-22T09:16:53.370620+00:00] main.INFO: Add of item with id Magento_Catalog::catalog_categories was processed [] []
[2025-01-22T09:16:53.371128+00:00] main.INFO: Add of item with id Magento_Catalog::catalog_attributes_attributes was processed [] []
[2025-01-22T09:16:53.371617+00:00] main.INFO: Add of item with id Magento_Catalog::catalog_attributes_sets was processed [] []
[2025-01-22T09:16:53.372094+00:00] main.INFO: Add of item with id Magento_Catalog::inventory was processed [] []
[2025-01-22T09:16:53.372546+00:00] main.INFO: Add of item with id Magento_CatalogRule::promo was processed [] []
[2025-01-22T09:16:53.372999+00:00] main.INFO: Add of item with id Magento_CatalogRule::promo_catalog was processed [] []
[2025-01-22T09:16:53.373438+00:00] main.INFO: Add of item with id Magento_MediaGalleryUi::media was processed [] []
[2025-01-22T09:16:53.373884+00:00] main.INFO: Add of item with id Magento_MediaGalleryUi::media_gallery was processed [] []
[2025-01-22T09:16:53.374323+00:00] main.INFO: Add of item with id Magento_Integration::system_extensions was processed [] []
[2025-01-22T09:16:53.374833+00:00] main.INFO: Add of item with id Magento_Integration::system_integrations was processed [] []
[2025-01-22T09:16:53.375300+00:00] main.INFO: Add of item with id Magento_Sales::sales was processed [] []
[2025-01-22T09:16:53.375783+00:00] main.INFO: Add of item with id Magento_Sales::sales_operation was processed [] []
[2025-01-22T09:16:53.376256+00:00] main.INFO: Add of item with id Magento_Sales::sales_order was processed [] []
[2025-01-22T09:16:53.378370+00:00] main.INFO: Add of item with id Magento_Sales::sales_invoice was processed [] []
[2025-01-22T09:16:53.379293+00:00] main.INFO: Add of item with id Magento_Sales::sales_shipment was processed [] []
[2025-01-22T09:16:53.379790+00:00] main.INFO: Add of item with id Magento_Sales::sales_creditmemo was processed [] []
[2025-01-22T09:16:53.380251+00:00] main.INFO: Add of item with id Magento_Sales::sales_transactions was processed [] []
[2025-01-22T09:16:53.380706+00:00] main.INFO: Add of item with id Magento_Sales::system_order_statuses was processed [] []
[2025-01-22T09:16:53.381159+00:00] main.INFO: Add of item with id Magento_Widget::cms_widget_instance was processed [] []
[2025-01-22T09:16:53.381634+00:00] main.INFO: Add of item with id Magento_Analytics::business_intelligence was processed [] []
[2025-01-22T09:16:53.382107+00:00] main.INFO: Add of item with id Magento_Analytics::advanced_reporting was processed [] []
[2025-01-22T09:16:53.382560+00:00] main.INFO: Add of item with id Magento_Analytics::bi_essentials was processed [] []
[2025-01-22T09:16:53.383007+00:00] main.INFO: Add of item with id Magento_Downloadable::report_products_downloads was processed [] []
[2025-01-22T09:16:53.383467+00:00] main.INFO: Add of item with id Magento_ImportExport::system_convert_import was processed [] []
[2025-01-22T09:16:53.383979+00:00] main.INFO: Add of item with id Magento_ImportExport::system_convert_export was processed [] []
[2025-01-22T09:16:53.384460+00:00] main.INFO: Add of item with id Magento_ImportExport::system_convert_history was processed [] []
[2025-01-22T09:16:53.385075+00:00] main.INFO: Add of item with id Magento_Email::template was processed [] []
[2025-01-22T09:16:53.385540+00:00] main.INFO: Add of item with id Magento_EncryptionKey::system_crypt_key was processed [] []
[2025-01-22T09:16:53.385985+00:00] main.INFO: Add of item with id Magento_InventoryAdminUi::inventory was processed [] []
[2025-01-22T09:16:53.386432+00:00] main.INFO: Add of item with id Magento_InventoryAdminUi::source was processed [] []
[2025-01-22T09:16:53.386873+00:00] main.INFO: Add of item with id Magento_InventoryAdminUi::stock was processed [] []
[2025-01-22T09:16:53.387312+00:00] main.INFO: Add of item with id Magento_Reports::report was processed [] []
[2025-01-22T09:16:53.387749+00:00] main.INFO: Add of item with id Magento_Reports::report_marketing was processed [] []
[2025-01-22T09:16:53.388185+00:00] main.INFO: Add of item with id Magento_Reports::report_salesroot was processed [] []
[2025-01-22T09:16:53.388625+00:00] main.INFO: Add of item with id Magento_Reports::report_salesroot_sales was processed [] []
[2025-01-22T09:16:53.389063+00:00] main.INFO: Add of item with id Magento_Reports::report_salesroot_tax was processed [] []
[2025-01-22T09:16:53.389498+00:00] main.INFO: Add of item with id Magento_Reports::report_salesroot_invoiced was processed [] []
[2025-01-22T09:16:53.389934+00:00] main.INFO: Add of item with id Magento_Reports::report_salesroot_shipping was processed [] []
[2025-01-22T09:16:53.390367+00:00] main.INFO: Add of item with id Magento_Reports::report_salesroot_refunded was processed [] []
[2025-01-22T09:16:53.390803+00:00] main.INFO: Add of item with id Magento_Reports::report_salesroot_coupons was processed [] []
[2025-01-22T09:16:53.391248+00:00] main.INFO: Add of item with id Magento_Reports::report_shopcart_product was processed [] []
[2025-01-22T09:16:53.391684+00:00] main.INFO: Add of item with id Magento_Reports::report_shopcart_abandoned was processed [] []
[2025-01-22T09:16:53.392122+00:00] main.INFO: Add of item with id Magento_Reports::report_products was processed [] []
[2025-01-22T09:16:53.392581+00:00] main.INFO: Add of item with id Magento_Reports::report_products_bestsellers was processed [] []
[2025-01-22T09:16:53.393973+00:00] main.INFO: Add of item with id Magento_Reports::report_products_sold was processed [] []
[2025-01-22T09:16:53.395486+00:00] main.INFO: Add of item with id Magento_Reports::report_products_viewed was processed [] []
[2025-01-22T09:16:53.396053+00:00] main.INFO: Add of item with id Magento_Reports::report_products_lowstock was processed [] []
[2025-01-22T09:16:53.396534+00:00] main.INFO: Add of item with id Magento_Reports::report_customers was processed [] []
[2025-01-22T09:16:53.397029+00:00] main.INFO: Add of item with id Magento_Reports::report_customers_accounts was processed [] []
[2025-01-22T09:16:53.397489+00:00] main.INFO: Add of item with id Magento_Reports::report_customers_totals was processed [] []
[2025-01-22T09:16:53.397942+00:00] main.INFO: Add of item with id Magento_Reports::report_customers_orders was processed [] []
[2025-01-22T09:16:53.398390+00:00] main.INFO: Add of item with id Magento_Reports::report_statistics was processed [] []
[2025-01-22T09:16:53.398854+00:00] main.INFO: Add of item with id Magento_Reports::report_statistics_refresh was processed [] []
[2025-01-22T09:16:53.399311+00:00] main.INFO: Add of item with id Magento_Search::report_search_term was processed [] []
[2025-01-22T09:16:53.399782+00:00] main.INFO: Add of item with id Magento_LoginAsCustomerLog::login_log was processed [] []
[2025-01-22T09:16:53.400237+00:00] main.INFO: Add of item with id Magento_Marketplace::partners was processed [] []
[2025-01-22T09:16:53.400692+00:00] main.INFO: Add of item with id Magento_Newsletter::newsletter_template was processed [] []
[2025-01-22T09:16:53.401158+00:00] main.INFO: Add of item with id Magento_Newsletter::newsletter_queue was processed [] []
[2025-01-22T09:16:53.401608+00:00] main.INFO: Add of item with id Magento_Newsletter::newsletter_subscriber was processed [] []
[2025-01-22T09:16:53.402059+00:00] main.INFO: Add of item with id Magento_Newsletter::newsletter_problem was processed [] []
[2025-01-22T09:16:53.402529+00:00] main.INFO: Add of item with id Magento_SalesRule::promo_quote was processed [] []
[2025-01-22T09:16:53.402989+00:00] main.INFO: Add of item with id Magento_Sitemap::catalog_sitemap was processed [] []
[2025-01-22T09:16:53.403429+00:00] main.INFO: Add of item with id Magento_PageBuilder::templates was processed [] []
[2025-01-22T09:16:53.403865+00:00] main.INFO: Add of item with id Magento_Paypal::report_salesroot_paypal_settlement_reports was processed [] []
[2025-01-22T09:16:53.404306+00:00] main.INFO: Add of item with id Magento_Paypal::paypal_billing_agreement was processed [] []
[2025-01-22T09:16:53.404825+00:00] main.INFO: Add of item with id Magento_CheckoutAgreements::sales_checkoutagreement was processed [] []
[2025-01-22T09:16:53.405287+00:00] main.INFO: Add of item with id Magento_Review::catalog_reviews_ratings_ratings was processed [] []
[2025-01-22T09:16:53.405741+00:00] main.INFO: Add of item with id Magento_Review::catalog_reviews_ratings_pending was processed [] []
[2025-01-22T09:16:53.406184+00:00] main.INFO: Add of item with id Magento_Review::catalog_reviews_ratings_reviews_all was processed [] []
[2025-01-22T09:16:53.406622+00:00] main.INFO: Add of item with id Magento_Review::report_review was processed [] []
[2025-01-22T09:16:53.407070+00:00] main.INFO: Add of item with id Magento_Review::report_review_customer was processed [] []
[2025-01-22T09:16:53.407527+00:00] main.INFO: Add of item with id Magento_Review::report_review_product was processed [] []
[2025-01-22T09:16:53.407974+00:00] main.INFO: Add of item with id Magento_UrlRewrite::urlrewrite was processed [] []
[2025-01-22T09:16:53.408415+00:00] main.INFO: Add of item with id Magento_Tax::sales_tax was processed [] []
[2025-01-22T09:16:53.408864+00:00] main.INFO: Add of item with id Magento_Tax::sales_tax_rules was processed [] []
[2025-01-22T09:16:53.409418+00:00] main.INFO: Add of item with id Magento_Tax::sales_tax_rates was processed [] []
[2025-01-22T09:16:53.410117+00:00] main.INFO: Add of item with id Magento_TaxImportExport::system_convert_tax was processed [] []
[2025-01-22T09:16:53.410948+00:00] main.INFO: Add of item with id Magento_AsynchronousOperations::system_magento_logging was processed [] []
[2025-01-22T09:16:53.411800+00:00] main.INFO: Add of item with id Magento_AsynchronousOperations::system_magento_logging_bulk_operations was processed [] []
[2025-01-22T09:16:53.412430+00:00] main.INFO: Add of item with id Magento_CurrencySymbol::system_currency was processed [] []
[2025-01-22T09:16:53.413190+00:00] main.INFO: Add of item with id Magento_CurrencySymbol::system_currency_rates was processed [] []
[2025-01-22T09:16:53.414944+00:00] main.INFO: Add of item with id Magento_CurrencySymbol::system_currency_symbols was processed [] []
[2025-01-22T09:16:53.415721+00:00] main.INFO: Add of item with id PayPal_Braintree::settlement_report was processed [] []
[2025-01-22T09:16:53.416456+00:00] main.INFO: Add of item with id PayPal_Braintree::virtual_terminal was processed [] []
[2025-01-22T09:16:55.547647+00:00] main.INFO: Broken reference: the 'notification.messages' tries to reorder itself towards 'user', but their parents are different: 'header.inner.right' and 'header' respectively. [] []
[2025-01-22T09:17:09.657114+00:00] main.INFO: Broken reference: the 'notification.messages' tries to reorder itself towards 'user', but their parents are different: 'header.inner.right' and 'header' respectively. [] []
[2025-01-23T11:21:47.676961+00:00] main.DEBUG: cache_invalidate:  {"method":"GET","url":"http:/","invalidateInfo":{"tags":["CONFIG"],"mode":"matchingTag"}} []
[2025-01-23T11:21:47.680413+00:00] main.DEBUG: cache_invalidate:  {"method":"GET","url":"http:/","invalidateInfo":{"tags":["LAYOUT_GENERAL_CACHE_TAG"],"mode":"matchingTag"}} []
[2025-01-23T11:21:47.681919+00:00] main.DEBUG: cache_invalidate:  {"method":"GET","url":"http:/","invalidateInfo":{"tags":["BLOCK_HTML"],"mode":"matchingTag"}} []
[2025-01-23T11:21:47.683310+00:00] main.DEBUG: cache_invalidate:  {"method":"GET","url":"http:/","invalidateInfo":{"tags":["COLLECTION_DATA"],"mode":"matchingTag"}} []
[2025-01-23T11:21:47.685520+00:00] main.DEBUG: cache_invalidate:  {"method":"GET","url":"http:/","invalidateInfo":{"tags":["REFLECTION"],"mode":"matchingTag"}} []
[2025-01-23T11:21:47.686923+00:00] main.DEBUG: cache_invalidate:  {"method":"GET","url":"http:/","invalidateInfo":{"tags":["DB_DDL"],"mode":"matchingTag"}} []
[2025-01-23T11:21:47.688258+00:00] main.DEBUG: cache_invalidate:  {"method":"GET","url":"http:/","invalidateInfo":{"tags":["COMPILED_CONFIG"],"mode":"matchingTag"}} []
[2025-01-23T11:21:47.689590+00:00] main.DEBUG: cache_invalidate:  {"method":"GET","url":"http:/","invalidateInfo":{"tags":["EAV"],"mode":"matchingTag"}} []
[2025-01-23T11:21:47.691851+00:00] main.DEBUG: cache_invalidate:  {"method":"GET","url":"http:/","invalidateInfo":{"tags":["CUSTOMER_NOTIFICATION"],"mode":"matchingTag"}} []
[2025-01-23T11:21:47.693060+00:00] main.DEBUG: cache_invalidate:  {"method":"GET","url":"http:/","invalidateInfo":{"tags":["INTEGRATION"],"mode":"matchingTag"}} []
[2025-01-23T11:21:47.694479+00:00] main.DEBUG: cache_invalidate:  {"method":"GET","url":"http:/","invalidateInfo":{"tags":["INTEGRATION_API_CONFIG"],"mode":"matchingTag"}} []
[2025-01-23T11:21:47.756370+00:00] main.DEBUG: cache_invalidate:  {"method":"GET","url":"http:/","invalidateInfo":{"tags":["FPC"],"mode":"matchingTag"}} []
[2025-01-23T11:21:47.758251+00:00] main.DEBUG: cache_invalidate:  {"method":"GET","url":"http:/","invalidateInfo":{"tags":["WEBSERVICE"],"mode":"matchingTag"}} []
[2025-01-23T11:21:47.759650+00:00] main.DEBUG: cache_invalidate:  {"method":"GET","url":"http:/","invalidateInfo":{"tags":["TRANSLATE"],"mode":"matchingTag"}} []
[2025-01-23T11:21:57.759159+00:00] main.DEBUG: cache_invalidate:  {"method":"GET","url":"http:/","invalidateInfo":{"tags":["CONFIG"],"mode":"matchingTag"}} []
[2025-01-23T11:21:57.959728+00:00] main.DEBUG: cache_invalidate:  {"method":"GET","url":"http:/","invalidateInfo":{"tags":["CONFIG"],"mode":"matchingTag"}} []
[2025-01-23T11:21:57.961533+00:00] main.DEBUG: cache_invalidate:  {"method":"GET","url":"http:/","invalidateInfo":{"tags":["LAYOUT_GENERAL_CACHE_TAG"],"mode":"matchingTag"}} []
[2025-01-23T11:21:57.963544+00:00] main.DEBUG: cache_invalidate:  {"method":"GET","url":"http:/","invalidateInfo":{"tags":["BLOCK_HTML"],"mode":"matchingTag"}} []
[2025-01-23T11:21:57.965380+00:00] main.DEBUG: cache_invalidate:  {"method":"GET","url":"http:/","invalidateInfo":{"tags":["COLLECTION_DATA"],"mode":"matchingTag"}} []
[2025-01-23T11:21:57.966659+00:00] main.DEBUG: cache_invalidate:  {"method":"GET","url":"http:/","invalidateInfo":{"tags":["REFLECTION"],"mode":"matchingTag"}} []
[2025-01-23T11:21:57.968689+00:00] main.DEBUG: cache_invalidate:  {"method":"GET","url":"http:/","invalidateInfo":{"tags":["DB_DDL"],"mode":"matchingTag"}} []
[2025-01-23T11:21:57.970438+00:00] main.DEBUG: cache_invalidate:  {"method":"GET","url":"http:/","invalidateInfo":{"tags":["COMPILED_CONFIG"],"mode":"matchingTag"}} []
[2025-01-23T11:21:57.972636+00:00] main.DEBUG: cache_invalidate:  {"method":"GET","url":"http:/","invalidateInfo":{"tags":["EAV"],"mode":"matchingTag"}} []
[2025-01-23T11:21:57.974307+00:00] main.DEBUG: cache_invalidate:  {"method":"GET","url":"http:/","invalidateInfo":{"tags":["CUSTOMER_NOTIFICATION"],"mode":"matchingTag"}} []
[2025-01-23T11:21:57.975688+00:00] main.DEBUG: cache_invalidate:  {"method":"GET","url":"http:/","invalidateInfo":{"tags":["INTEGRATION"],"mode":"matchingTag"}} []
[2025-01-23T11:21:57.977021+00:00] main.DEBUG: cache_invalidate:  {"method":"GET","url":"http:/","invalidateInfo":{"tags":["INTEGRATION_API_CONFIG"],"mode":"matchingTag"}} []
[2025-01-23T11:21:57.978720+00:00] main.DEBUG: cache_invalidate:  {"method":"GET","url":"http:/","invalidateInfo":{"tags":["FPC"],"mode":"matchingTag"}} []
[2025-01-23T11:21:57.980112+00:00] main.DEBUG: cache_invalidate:  {"method":"GET","url":"http:/","invalidateInfo":{"tags":["WEBSERVICE"],"mode":"matchingTag"}} []
[2025-01-23T11:21:57.981510+00:00] main.DEBUG: cache_invalidate:  {"method":"GET","url":"http:/","invalidateInfo":{"tags":["TRANSLATE"],"mode":"matchingTag"}} []
[2025-01-23T11:22:01.842164+00:00] main.DEBUG: cache_invalidate:  {"method":"GET","url":"http:/","invalidateInfo":{"tags":["LAYOUT_GENERAL_CACHE_TAG"],"mode":"matchingTag"}} []
[2025-01-23T11:22:01.843658+00:00] main.DEBUG: cache_invalidate:  {"method":"GET","url":"http:/","invalidateInfo":{"tags":["BLOCK_HTML"],"mode":"matchingTag"}} []
[2025-01-23T11:22:01.845138+00:00] main.DEBUG: cache_invalidate:  {"method":"GET","url":"http:/","invalidateInfo":{"tags":["FPC"],"mode":"matchingTag"}} []
[2025-01-23T11:22:22.766075+00:00] main.DEBUG: cache_invalidate:  {"method":"GET","url":"http:/","invalidateInfo":{"tags":[],"mode":"all"}} []
[2025-01-23T11:22:22.775295+00:00] main.DEBUG: cache_invalidate:  {"method":"GET","url":"http:/","invalidateInfo":{"tags":[],"mode":"all"}} []
[2025-01-23T11:24:01.134317+00:00] main.DEBUG: cache_invalidate:  {"method":"GET","url":"http:/","invalidateInfo":{"tags":["FPC"],"mode":"matchingTag"}} []
[2025-01-23T11:24:51.751384+00:00] main.INFO: Broken reference: the 'tracking' element cannot be added as child to 'header', because the latter doesn't exist [] []
[2025-01-23T11:24:51.753079+00:00] main.INFO: Broken reference: the 'notification_area' element cannot be added as child to 'notifications', because the latter doesn't exist [] []
[2025-01-23T11:24:51.753543+00:00] main.INFO: Broken reference: the 'unread_system_messages' element cannot be added as child to 'notifications', because the latter doesn't exist [] []
[2025-01-23T11:24:51.754004+00:00] main.INFO: Broken reference: the 'notification_window' element cannot be added as child to 'notifications', because the latter doesn't exist [] []
[2025-01-23T11:24:51.754488+00:00] main.INFO: Broken reference: the 'notification.messages' element cannot be added as child to 'header', because the latter doesn't exist [] []
[2025-01-23T11:24:51.754940+00:00] main.INFO: Broken reference: the 'global_notices' element cannot be added as child to 'global.notices', because the latter doesn't exist [] []
[2025-01-23T11:24:51.755384+00:00] main.INFO: Broken reference: the 'logo' element cannot be added as child to 'header', because the latter doesn't exist [] []
[2025-01-23T11:24:51.755838+00:00] main.INFO: Broken reference: the 'global.search' element cannot be added as child to 'header', because the latter doesn't exist [] []
[2025-01-23T11:24:51.756282+00:00] main.INFO: Broken reference: the 'user' element cannot be added as child to 'header', because the latter doesn't exist [] []
[2025-01-23T11:24:51.758500+00:00] main.INFO: Broken reference: the 'menu' element cannot be added as child to 'page.menu', because the latter doesn't exist [] []
[2025-01-23T11:24:51.759562+00:00] main.INFO: Broken reference: the 'breadcrumbs' element cannot be added as child to 'page.breadcrumbs', because the latter doesn't exist [] []
[2025-01-23T11:24:51.760058+00:00] main.INFO: Broken reference: the 'formkey' element cannot be added as child to 'page.formkey', because the latter doesn't exist [] []
[2025-01-23T11:24:51.760518+00:00] main.INFO: Broken reference: the 'page.title' element cannot be added as child to 'main.top', because the latter doesn't exist [] []
[2025-01-23T11:24:51.760959+00:00] main.INFO: Broken reference: the 'messages' element cannot be added as child to 'page.messages', because the latter doesn't exist [] []
[2025-01-23T11:24:51.761414+00:00] main.INFO: Broken reference: the 'page.actions.toolbar' element cannot be added as child to 'page.main.actions', because the latter doesn't exist [] []
[2025-01-23T11:24:51.761935+00:00] main.INFO: Broken reference: the 'legal' element cannot be added as child to 'footer', because the latter doesn't exist [] []
[2025-01-23T11:24:51.762506+00:00] main.INFO: Broken reference: the 'header.inner.left' element cannot be added as child to 'header', because the latter doesn't exist [] []
[2025-01-23T11:24:51.762981+00:00] main.INFO: Broken reference: the 'header.inner.right' element cannot be added as child to 'header', because the latter doesn't exist [] []
[2025-01-23T11:24:51.763494+00:00] main.INFO: Broken reference: the 'user' tries to reorder itself towards '', but their parents are different: 'header' and '' respectively. [] []
[2025-01-23T11:24:51.763939+00:00] main.INFO: Broken reference: the 'notification.messages' tries to reorder itself towards 'user', but their parents are different: 'header' and '' respectively. [] []
[2025-01-23T11:24:51.764383+00:00] main.INFO: Broken reference: the 'logo' tries to reorder itself towards '', but their parents are different: 'header' and '' respectively. [] []
[2025-01-23T11:24:51.764825+00:00] main.INFO: Broken reference: the 'global.search' tries to reorder itself towards 'logo', but their parents are different: 'header' and '' respectively. [] []
[2025-01-23T11:24:51.765342+00:00] main.INFO: Broken reference: the 'page.actions.toolbar' tries to reorder itself towards '', but their parents are different: 'page.main.actions' and '' respectively. [] []
[2025-01-23T11:24:51.765813+00:00] main.INFO: Broken reference: the 'header.inner.left' tries to reorder itself towards '', but their parents are different: 'header' and '' respectively. [] []
[2025-01-23T11:24:51.766259+00:00] main.INFO: Broken reference: the 'header.inner.right' tries to reorder itself towards 'header.inner.left', but their parents are different: 'header' and '' respectively. [] []
[2025-01-23T11:24:51.766717+00:00] main.INFO: Broken reference: the 'notification.messages' tries to reorder itself towards 'user', but their parents are different: 'header.inner.right' and '' respectively. [] []
[2025-01-23T11:26:15.028435+00:00] main.DEBUG: URI '/admin/sales/order/index/key/732a6d6468094ade5de1ea92463d2c05f460075939ee9b536da68cd18406d114/'' cannot be accessed with POST method (Magento\Sales\Controller\Adminhtml\Order\Index) [] []
[2025-01-23T11:26:15.029552+00:00] main.DEBUG: Request validation failed for action "Magento\Sales\Controller\Adminhtml\Order\Index\Interceptor" {"exception":"[object] (Magento\\Framework\\App\\Request\\InvalidRequestException(code: 0): Invalid request received at /var/www/html/magento2/vendor/magento/framework/App/Request/HttpMethodValidator.php:69)"} []
[2025-01-23T11:26:15.225706+00:00] main.DEBUG: cache_invalidate:  {"method":"POST","url":"http://magento.local.com/admin/sales/order/index/key/732a6d6468094ade5de1ea92463d2c05f460075939ee9b536da68cd18406d114/","invalidateInfo":{"tags":["BACKEND_MAINMENU"],"mode":"matchingAnyTag"}} []
[2025-01-23T11:26:15.324255+00:00] main.DEBUG: cache_invalidate:  {"method":"POST","url":"http://magento.local.com/admin/sales/order/index/key/732a6d6468094ade5de1ea92463d2c05f460075939ee9b536da68cd18406d114/","invalidateInfo":{"tags":["PB_EDITOR_CONFIG","CONFIG"],"mode":"matchingTag"}} []
[2025-01-23T11:26:15.360366+00:00] main.INFO: Item Magento_Backend::system_currency was removed [] []
[2025-01-23T11:26:15.365991+00:00] main.INFO: Add of item with id Magento_Config::system_config was processed [] []
[2025-01-23T11:26:15.366668+00:00] main.INFO: Add of item with id Magento_AdminNotification::system_adminnotification was processed [] []
[2025-01-23T11:26:15.367133+00:00] main.INFO: Add of item with id Magento_Theme::design_config was processed [] []
[2025-01-23T11:26:15.367581+00:00] main.INFO: Add of item with id Magento_Theme::system_design_theme was processed [] []
[2025-01-23T11:26:15.368033+00:00] main.INFO: Add of item with id Magento_Backend::system_design_schedule was processed [] []
[2025-01-23T11:26:15.368470+00:00] main.INFO: Add of item with id Magento_Backend::system_store was processed [] []
[2025-01-23T11:26:15.368939+00:00] main.INFO: Add of item with id Magento_Backend::dashboard was processed [] []
[2025-01-23T11:26:15.369383+00:00] main.INFO: Add of item with id Magento_Backend::system was processed [] []
[2025-01-23T11:26:15.369830+00:00] main.INFO: Add of item with id Magento_Backend::system_tools was processed [] []
[2025-01-23T11:26:15.370278+00:00] main.INFO: Add of item with id Magento_Backend::system_design was processed [] []
[2025-01-23T11:26:15.370714+00:00] main.INFO: Add of item with id Magento_Backend::system_convert was processed [] []
[2025-01-23T11:26:15.371159+00:00] main.INFO: Add of item with id Magento_Backend::system_cache was processed [] []
[2025-01-23T11:26:15.371692+00:00] main.INFO: Add of item with id Magento_Backend::marketing was processed [] []
[2025-01-23T11:26:15.372159+00:00] main.INFO: Add of item with id Magento_Backend::marketing_communications was processed [] []
[2025-01-23T11:26:15.372602+00:00] main.INFO: Add of item with id Magento_Backend::marketing_seo was processed [] []
[2025-01-23T11:26:15.373604+00:00] main.INFO: Add of item with id Magento_Backend::marketing_user_content was processed [] []
[2025-01-23T11:26:15.374303+00:00] main.INFO: Add of item with id Magento_Backend::content was processed [] []
[2025-01-23T11:26:15.374769+00:00] main.INFO: Add of item with id Magento_Backend::content_elements was processed [] []
[2025-01-23T11:26:15.375210+00:00] main.INFO: Add of item with id Magento_Backend::stores was processed [] []
[2025-01-23T11:26:15.375671+00:00] main.INFO: Add of item with id Magento_Backend::stores_settings was processed [] []
[2025-01-23T11:26:15.376111+00:00] main.INFO: Add of item with id Magento_Backend::stores_attributes was processed [] []
[2025-01-23T11:26:15.376548+00:00] main.INFO: Add of item with id Magento_Backend::other_settings was processed [] []
[2025-01-23T11:26:15.376987+00:00] main.INFO: Add of item with id Magento_Backend::system_other_settings was processed [] []
[2025-01-23T11:26:15.377421+00:00] main.INFO: Add of item with id Magento_User::system_acl was processed [] []
[2025-01-23T11:26:15.377869+00:00] main.INFO: Add of item with id Magento_User::system_acl_users was processed [] []
[2025-01-23T11:26:15.378307+00:00] main.INFO: Add of item with id Magento_User::system_acl_roles was processed [] []
[2025-01-23T11:26:15.378840+00:00] main.INFO: Add of item with id Magento_User::system_acl_locks was processed [] []
[2025-01-23T11:26:15.379338+00:00] main.INFO: Add of item with id Magento_Customer::customer was processed [] []
[2025-01-23T11:26:15.379815+00:00] main.INFO: Add of item with id Magento_Customer::customer_manage was processed [] []
[2025-01-23T11:26:15.380257+00:00] main.INFO: Add of item with id Magento_Customer::customer_online was processed [] []
[2025-01-23T11:26:15.380692+00:00] main.INFO: Add of item with id Magento_Customer::customer_group was processed [] []
[2025-01-23T11:26:15.381159+00:00] main.INFO: Add of item with id Magento_Backup::system_tools_backup was processed [] []
[2025-01-23T11:26:15.381598+00:00] main.INFO: Add of item with id Magento_Indexer::system_index was processed [] []
[2025-01-23T11:26:15.382123+00:00] main.INFO: Add of item with id Magento_Variable::system_variable was processed [] []
[2025-01-23T11:26:15.382578+00:00] main.INFO: Add of item with id Magento_Cms::cms_page was processed [] []
[2025-01-23T11:26:15.383017+00:00] main.INFO: Add of item with id Magento_Cms::cms_block was processed [] []
[2025-01-23T11:26:15.383815+00:00] main.INFO: Add of item with id Magento_Search::search_terms was processed [] []
[2025-01-23T11:26:15.384635+00:00] main.INFO: Add of item with id Magento_Search::search_synonyms was processed [] []
[2025-01-23T11:26:15.385406+00:00] main.INFO: Add of item with id Magento_Catalog::catalog was processed [] []
[2025-01-23T11:26:15.386249+00:00] main.INFO: Add of item with id Magento_Catalog::catalog_products was processed [] []
[2025-01-23T11:26:15.387077+00:00] main.INFO: Add of item with id Magento_Catalog::catalog_categories was processed [] []
[2025-01-23T11:26:15.387891+00:00] main.INFO: Add of item with id Magento_Catalog::catalog_attributes_attributes was processed [] []
[2025-01-23T11:26:15.388500+00:00] main.INFO: Add of item with id Magento_Catalog::catalog_attributes_sets was processed [] []
[2025-01-23T11:26:15.389022+00:00] main.INFO: Add of item with id Magento_Catalog::inventory was processed [] []
[2025-01-23T11:26:15.389482+00:00] main.INFO: Add of item with id Magento_CatalogRule::promo was processed [] []
[2025-01-23T11:26:15.390164+00:00] main.INFO: Add of item with id Magento_CatalogRule::promo_catalog was processed [] []
[2025-01-23T11:26:15.390988+00:00] main.INFO: Add of item with id Magento_MediaGalleryUi::media was processed [] []
[2025-01-23T11:26:15.391812+00:00] main.INFO: Add of item with id Magento_MediaGalleryUi::media_gallery was processed [] []
[2025-01-23T11:26:15.392512+00:00] main.INFO: Add of item with id Magento_Integration::system_extensions was processed [] []
[2025-01-23T11:26:15.393159+00:00] main.INFO: Add of item with id Magento_Integration::system_integrations was processed [] []
[2025-01-23T11:26:15.393785+00:00] main.INFO: Add of item with id Magento_Sales::sales was processed [] []
[2025-01-23T11:26:15.395804+00:00] main.INFO: Add of item with id Magento_Sales::sales_operation was processed [] []
[2025-01-23T11:26:15.396600+00:00] main.INFO: Add of item with id Magento_Sales::sales_order was processed [] []
[2025-01-23T11:26:15.397092+00:00] main.INFO: Add of item with id Magento_Sales::sales_invoice was processed [] []
[2025-01-23T11:26:15.397946+00:00] main.INFO: Add of item with id Magento_Sales::sales_shipment was processed [] []
[2025-01-23T11:26:15.398403+00:00] main.INFO: Add of item with id Magento_Sales::sales_creditmemo was processed [] []
[2025-01-23T11:26:15.398844+00:00] main.INFO: Add of item with id Magento_Sales::sales_transactions was processed [] []
[2025-01-23T11:26:15.399397+00:00] main.INFO: Add of item with id Magento_Sales::system_order_statuses was processed [] []
[2025-01-23T11:26:15.399845+00:00] main.INFO: Add of item with id Magento_Widget::cms_widget_instance was processed [] []
[2025-01-23T11:26:15.400302+00:00] main.INFO: Add of item with id Magento_Analytics::business_intelligence was processed [] []
[2025-01-23T11:26:15.400755+00:00] main.INFO: Add of item with id Magento_Analytics::advanced_reporting was processed [] []
[2025-01-23T11:26:15.401195+00:00] main.INFO: Add of item with id Magento_Analytics::bi_essentials was processed [] []
[2025-01-23T11:26:15.401673+00:00] main.INFO: Add of item with id Magento_Downloadable::report_products_downloads was processed [] []
[2025-01-23T11:26:15.402127+00:00] main.INFO: Add of item with id Magento_ImportExport::system_convert_import was processed [] []
[2025-01-23T11:26:15.402641+00:00] main.INFO: Add of item with id Magento_ImportExport::system_convert_export was processed [] []
[2025-01-23T11:26:15.403091+00:00] main.INFO: Add of item with id Magento_ImportExport::system_convert_history was processed [] []
[2025-01-23T11:26:15.403541+00:00] main.INFO: Add of item with id Magento_Email::template was processed [] []
[2025-01-23T11:26:15.403982+00:00] main.INFO: Add of item with id Magento_EncryptionKey::system_crypt_key was processed [] []
[2025-01-23T11:26:15.404420+00:00] main.INFO: Add of item with id Magento_InventoryAdminUi::inventory was processed [] []
[2025-01-23T11:26:15.404867+00:00] main.INFO: Add of item with id Magento_InventoryAdminUi::source was processed [] []
[2025-01-23T11:26:15.405306+00:00] main.INFO: Add of item with id Magento_InventoryAdminUi::stock was processed [] []
[2025-01-23T11:26:15.405741+00:00] main.INFO: Add of item with id Magento_Reports::report was processed [] []
[2025-01-23T11:26:15.406176+00:00] main.INFO: Add of item with id Magento_Reports::report_marketing was processed [] []
[2025-01-23T11:26:15.406865+00:00] main.INFO: Add of item with id Magento_Reports::report_salesroot was processed [] []
[2025-01-23T11:26:15.407729+00:00] main.INFO: Add of item with id Magento_Reports::report_salesroot_sales was processed [] []
[2025-01-23T11:26:15.408563+00:00] main.INFO: Add of item with id Magento_Reports::report_salesroot_tax was processed [] []
[2025-01-23T11:26:15.409404+00:00] main.INFO: Add of item with id Magento_Reports::report_salesroot_invoiced was processed [] []
[2025-01-23T11:26:15.410056+00:00] main.INFO: Add of item with id Magento_Reports::report_salesroot_shipping was processed [] []
[2025-01-23T11:26:15.410678+00:00] main.INFO: Add of item with id Magento_Reports::report_salesroot_refunded was processed [] []
[2025-01-23T11:26:15.411299+00:00] main.INFO: Add of item with id Magento_Reports::report_salesroot_coupons was processed [] []
[2025-01-23T11:26:15.411940+00:00] main.INFO: Add of item with id Magento_Reports::report_shopcart_product was processed [] []
[2025-01-23T11:26:15.412570+00:00] main.INFO: Add of item with id Magento_Reports::report_shopcart_abandoned was processed [] []
[2025-01-23T11:26:15.414253+00:00] main.INFO: Add of item with id Magento_Reports::report_products was processed [] []
[2025-01-23T11:26:15.415106+00:00] main.INFO: Add of item with id Magento_Reports::report_products_bestsellers was processed [] []
[2025-01-23T11:26:15.415639+00:00] main.INFO: Add of item with id Magento_Reports::report_products_sold was processed [] []
[2025-01-23T11:26:15.416150+00:00] main.INFO: Add of item with id Magento_Reports::report_products_viewed was processed [] []
[2025-01-23T11:26:15.416596+00:00] main.INFO: Add of item with id Magento_Reports::report_products_lowstock was processed [] []
[2025-01-23T11:26:15.417036+00:00] main.INFO: Add of item with id Magento_Reports::report_customers was processed [] []
[2025-01-23T11:26:15.417493+00:00] main.INFO: Add of item with id Magento_Reports::report_customers_accounts was processed [] []
[2025-01-23T11:26:15.417937+00:00] main.INFO: Add of item with id Magento_Reports::report_customers_totals was processed [] []
[2025-01-23T11:26:15.418373+00:00] main.INFO: Add of item with id Magento_Reports::report_customers_orders was processed [] []
[2025-01-23T11:26:15.418835+00:00] main.INFO: Add of item with id Magento_Reports::report_statistics was processed [] []
[2025-01-23T11:26:15.419424+00:00] main.INFO: Add of item with id Magento_Reports::report_statistics_refresh was processed [] []
[2025-01-23T11:26:15.419867+00:00] main.INFO: Add of item with id Magento_Search::report_search_term was processed [] []
[2025-01-23T11:26:15.420301+00:00] main.INFO: Add of item with id Magento_LoginAsCustomerLog::login_log was processed [] []
[2025-01-23T11:26:15.420737+00:00] main.INFO: Add of item with id Magento_Marketplace::partners was processed [] []
[2025-01-23T11:26:15.421170+00:00] main.INFO: Add of item with id Magento_Newsletter::newsletter_template was processed [] []
[2025-01-23T11:26:15.421604+00:00] main.INFO: Add of item with id Magento_Newsletter::newsletter_queue was processed [] []
[2025-01-23T11:26:15.422040+00:00] main.INFO: Add of item with id Magento_Newsletter::newsletter_subscriber was processed [] []
[2025-01-23T11:26:15.422471+00:00] main.INFO: Add of item with id Magento_Newsletter::newsletter_problem was processed [] []
[2025-01-23T11:26:15.422905+00:00] main.INFO: Add of item with id Magento_SalesRule::promo_quote was processed [] []
[2025-01-23T11:26:15.423935+00:00] main.INFO: Add of item with id Magento_Sitemap::catalog_sitemap was processed [] []
[2025-01-23T11:26:15.424396+00:00] main.INFO: Add of item with id Magento_PageBuilder::templates was processed [] []
[2025-01-23T11:26:15.424837+00:00] main.INFO: Add of item with id Magento_Paypal::report_salesroot_paypal_settlement_reports was processed [] []
[2025-01-23T11:26:15.425273+00:00] main.INFO: Add of item with id Magento_Paypal::paypal_billing_agreement was processed [] []
[2025-01-23T11:26:15.425716+00:00] main.INFO: Add of item with id Magento_CheckoutAgreements::sales_checkoutagreement was processed [] []
[2025-01-23T11:26:15.426150+00:00] main.INFO: Add of item with id Magento_Review::catalog_reviews_ratings_ratings was processed [] []
[2025-01-23T11:26:15.426597+00:00] main.INFO: Add of item with id Magento_Review::catalog_reviews_ratings_pending was processed [] []
[2025-01-23T11:26:15.427037+00:00] main.INFO: Add of item with id Magento_Review::catalog_reviews_ratings_reviews_all was processed [] []
[2025-01-23T11:26:15.427473+00:00] main.INFO: Add of item with id Magento_Review::report_review was processed [] []
[2025-01-23T11:26:15.427920+00:00] main.INFO: Add of item with id Magento_Review::report_review_customer was processed [] []
[2025-01-23T11:26:15.428354+00:00] main.INFO: Add of item with id Magento_Review::report_review_product was processed [] []
[2025-01-23T11:26:15.428847+00:00] main.INFO: Add of item with id Magento_UrlRewrite::urlrewrite was processed [] []
[2025-01-23T11:26:15.429457+00:00] main.INFO: Add of item with id Magento_Tax::sales_tax was processed [] []
[2025-01-23T11:26:15.429962+00:00] main.INFO: Add of item with id Magento_Tax::sales_tax_rules was processed [] []
[2025-01-23T11:26:15.430410+00:00] main.INFO: Add of item with id Magento_Tax::sales_tax_rates was processed [] []
[2025-01-23T11:26:15.430850+00:00] main.INFO: Add of item with id Magento_TaxImportExport::system_convert_tax was processed [] []
[2025-01-23T11:26:15.431291+00:00] main.INFO: Add of item with id Magento_AsynchronousOperations::system_magento_logging was processed [] []
[2025-01-23T11:26:15.431745+00:00] main.INFO: Add of item with id Magento_AsynchronousOperations::system_magento_logging_bulk_operations was processed [] []
[2025-01-23T11:26:15.432186+00:00] main.INFO: Add of item with id Magento_CurrencySymbol::system_currency was processed [] []
[2025-01-23T11:26:15.432631+00:00] main.INFO: Add of item with id Magento_CurrencySymbol::system_currency_rates was processed [] []
[2025-01-23T11:26:15.433093+00:00] main.INFO: Add of item with id Magento_CurrencySymbol::system_currency_symbols was processed [] []
[2025-01-23T11:26:15.433533+00:00] main.INFO: Add of item with id PayPal_Braintree::settlement_report was processed [] []
[2025-01-23T11:26:15.433970+00:00] main.INFO: Add of item with id PayPal_Braintree::virtual_terminal was processed [] []
[2025-01-23T11:26:17.784924+00:00] main.INFO: Broken reference: the 'notification.messages' tries to reorder itself towards 'user', but their parents are different: 'header.inner.right' and 'header' respectively. [] []
[2025-01-23T11:32:56.153134+00:00] main.INFO: Broken reference: the 'notification.messages' tries to reorder itself towards 'user', but their parents are different: 'header.inner.right' and 'header' respectively. [] []
[2025-01-23T11:33:10.525770+00:00] main.DEBUG: Request validation failed for action "Magento\Framework\App\Action\Forward\Interceptor" {"exception":"[object] (Magento\\Framework\\App\\Request\\InvalidRequestException(code: 0): Invalid request received at /var/www/html/magento2/vendor/magento/module-backend/App/Request/BackendValidator.php:152)"} []
[2025-01-23T11:33:10.604497+00:00] main.INFO: Broken reference: the 'notification.messages' tries to reorder itself towards 'user', but their parents are different: 'header.inner.right' and 'header' respectively. [] []
[2025-01-23T11:33:18.525423+00:00] main.INFO: Broken reference: the 'notification.messages' tries to reorder itself towards 'user', but their parents are different: 'header.inner.right' and 'header' respectively. [] []
[2025-01-23T11:33:33.678088+00:00] main.DEBUG: Request validation failed for action "Magento\Framework\App\Action\Forward\Interceptor" {"exception":"[object] (Magento\\Framework\\App\\Request\\InvalidRequestException(code: 0): Invalid request received at /var/www/html/magento2/vendor/magento/module-backend/App/Request/BackendValidator.php:152)"} []
[2025-01-23T11:33:33.958209+00:00] main.INFO: Broken reference: the 'notification.messages' tries to reorder itself towards 'user', but their parents are different: 'header.inner.right' and 'header' respectively. [] []
[2025-08-13T04:02:39.813779+00:00] main.INFO: Broken reference: the 'catalog.compare.sidebar' element cannot be added as child to 'sidebar.additional', because the latter doesn't exist [] []
[2025-08-13T04:02:39.816531+00:00] main.INFO: Broken reference: the 'sale.reorder.sidebar' element cannot be added as child to 'sidebar.additional', because the latter doesn't exist [] []
[2025-08-13T04:02:39.817732+00:00] main.INFO: Broken reference: the 'wishlist_sidebar' element cannot be added as child to 'sidebar.additional', because the latter doesn't exist [] []
[2025-08-13T04:02:39.818669+00:00] main.INFO: Broken reference: the 'paypal.partner.right.logo' element cannot be added as child to 'sidebar.additional', because the latter doesn't exist [] []
[2025-08-13T04:02:39.819425+00:00] main.INFO: Broken reference: the 'bml.right.logo' element cannot be added as child to 'sidebar.additional', because the latter doesn't exist [] []
[2025-08-13T04:02:39.820097+00:00] main.INFO: Broken reference: the 'sidebar.container.paylater' element cannot be added as child to 'sidebar.additional', because the latter doesn't exist [] []
[2025-08-13T04:03:05.662654+00:00] main.INFO: Broken reference: the 'tracking' element cannot be added as child to 'header', because the latter doesn't exist [] []
[2025-08-13T04:03:05.663886+00:00] main.INFO: Broken reference: the 'notification_area' element cannot be added as child to 'notifications', because the latter doesn't exist [] []
[2025-08-13T04:03:05.670834+00:00] main.INFO: Broken reference: the 'unread_system_messages' element cannot be added as child to 'notifications', because the latter doesn't exist [] []
[2025-08-13T04:03:05.672031+00:00] main.INFO: Broken reference: the 'notification_window' element cannot be added as child to 'notifications', because the latter doesn't exist [] []
[2025-08-13T04:03:05.673141+00:00] main.INFO: Broken reference: the 'notification.messages' element cannot be added as child to 'header', because the latter doesn't exist [] []
[2025-08-13T04:03:05.674188+00:00] main.INFO: Broken reference: the 'global_notices' element cannot be added as child to 'global.notices', because the latter doesn't exist [] []
[2025-08-13T04:03:05.675170+00:00] main.INFO: Broken reference: the 'logo' element cannot be added as child to 'header', because the latter doesn't exist [] []
[2025-08-13T04:03:05.676222+00:00] main.INFO: Broken reference: the 'global.search' element cannot be added as child to 'header', because the latter doesn't exist [] []
[2025-08-13T04:03:05.687445+00:00] main.INFO: Broken reference: the 'user' element cannot be added as child to 'header', because the latter doesn't exist [] []
[2025-08-13T04:03:05.688646+00:00] main.INFO: Broken reference: the 'menu' element cannot be added as child to 'page.menu', because the latter doesn't exist [] []
[2025-08-13T04:03:05.689660+00:00] main.INFO: Broken reference: the 'breadcrumbs' element cannot be added as child to 'page.breadcrumbs', because the latter doesn't exist [] []
[2025-08-13T04:03:05.690754+00:00] main.INFO: Broken reference: the 'formkey' element cannot be added as child to 'page.formkey', because the latter doesn't exist [] []
[2025-08-13T04:03:05.691745+00:00] main.INFO: Broken reference: the 'page.title' element cannot be added as child to 'main.top', because the latter doesn't exist [] []
[2025-08-13T04:03:05.697998+00:00] main.INFO: Broken reference: the 'messages' element cannot be added as child to 'page.messages', because the latter doesn't exist [] []
[2025-08-13T04:03:05.698939+00:00] main.INFO: Broken reference: the 'page.actions.toolbar' element cannot be added as child to 'page.main.actions', because the latter doesn't exist [] []
[2025-08-13T04:03:05.699850+00:00] main.INFO: Broken reference: the 'legal' element cannot be added as child to 'footer', because the latter doesn't exist [] []
[2025-08-13T04:03:05.701313+00:00] main.INFO: Broken reference: the 'header.inner.left' element cannot be added as child to 'header', because the latter doesn't exist [] []
[2025-08-13T04:03:05.701944+00:00] main.INFO: Broken reference: the 'header.inner.right' element cannot be added as child to 'header', because the latter doesn't exist [] []
[2025-08-13T04:03:05.702577+00:00] main.INFO: Broken reference: the 'user' tries to reorder itself towards '', but their parents are different: 'header' and '' respectively. [] []
[2025-08-13T04:03:05.703164+00:00] main.INFO: Broken reference: the 'notification.messages' tries to reorder itself towards 'user', but their parents are different: 'header' and '' respectively. [] []
[2025-08-13T04:03:05.703662+00:00] main.INFO: Broken reference: the 'logo' tries to reorder itself towards '', but their parents are different: 'header' and '' respectively. [] []
[2025-08-13T04:03:05.704168+00:00] main.INFO: Broken reference: the 'global.search' tries to reorder itself towards 'logo', but their parents are different: 'header' and '' respectively. [] []
[2025-08-13T04:03:05.704640+00:00] main.INFO: Broken reference: the 'page.actions.toolbar' tries to reorder itself towards '', but their parents are different: 'page.main.actions' and '' respectively. [] []
[2025-08-13T04:03:05.705150+00:00] main.INFO: Broken reference: the 'header.inner.left' tries to reorder itself towards '', but their parents are different: 'header' and '' respectively. [] []
[2025-08-13T04:03:05.705600+00:00] main.INFO: Broken reference: the 'header.inner.right' tries to reorder itself towards 'header.inner.left', but their parents are different: 'header' and '' respectively. [] []
[2025-08-13T04:03:05.706058+00:00] main.INFO: Broken reference: the 'notification.messages' tries to reorder itself towards 'user', but their parents are different: 'header.inner.right' and '' respectively. [] []
[2025-08-13T04:03:36.307740+00:00] main.INFO: Broken reference: the 'tracking' element cannot be added as child to 'header', because the latter doesn't exist [] []
[2025-08-13T04:03:36.308441+00:00] main.INFO: Broken reference: the 'notification_area' element cannot be added as child to 'notifications', because the latter doesn't exist [] []
[2025-08-13T04:03:36.308931+00:00] main.INFO: Broken reference: the 'unread_system_messages' element cannot be added as child to 'notifications', because the latter doesn't exist [] []
[2025-08-13T04:03:36.309417+00:00] main.INFO: Broken reference: the 'notification_window' element cannot be added as child to 'notifications', because the latter doesn't exist [] []
[2025-08-13T04:03:36.309972+00:00] main.INFO: Broken reference: the 'notification.messages' element cannot be added as child to 'header', because the latter doesn't exist [] []
[2025-08-13T04:03:36.310433+00:00] main.INFO: Broken reference: the 'global_notices' element cannot be added as child to 'global.notices', because the latter doesn't exist [] []
[2025-08-13T04:03:36.310878+00:00] main.INFO: Broken reference: the 'logo' element cannot be added as child to 'header', because the latter doesn't exist [] []
[2025-08-13T04:03:36.311322+00:00] main.INFO: Broken reference: the 'global.search' element cannot be added as child to 'header', because the latter doesn't exist [] []
[2025-08-13T04:03:36.311786+00:00] main.INFO: Broken reference: the 'user' element cannot be added as child to 'header', because the latter doesn't exist [] []
[2025-08-13T04:03:36.312256+00:00] main.INFO: Broken reference: the 'menu' element cannot be added as child to 'page.menu', because the latter doesn't exist [] []
[2025-08-13T04:03:36.312711+00:00] main.INFO: Broken reference: the 'breadcrumbs' element cannot be added as child to 'page.breadcrumbs', because the latter doesn't exist [] []
[2025-08-13T04:03:36.313158+00:00] main.INFO: Broken reference: the 'formkey' element cannot be added as child to 'page.formkey', because the latter doesn't exist [] []
[2025-08-13T04:03:36.313601+00:00] main.INFO: Broken reference: the 'page.title' element cannot be added as child to 'main.top', because the latter doesn't exist [] []
[2025-08-13T04:03:36.314075+00:00] main.INFO: Broken reference: the 'messages' element cannot be added as child to 'page.messages', because the latter doesn't exist [] []
[2025-08-13T04:03:36.314528+00:00] main.INFO: Broken reference: the 'page.actions.toolbar' element cannot be added as child to 'page.main.actions', because the latter doesn't exist [] []
[2025-08-13T04:03:36.314985+00:00] main.INFO: Broken reference: the 'legal' element cannot be added as child to 'footer', because the latter doesn't exist [] []
[2025-08-13T04:03:36.315544+00:00] main.INFO: Broken reference: the 'header.inner.left' element cannot be added as child to 'header', because the latter doesn't exist [] []
[2025-08-13T04:03:36.316021+00:00] main.INFO: Broken reference: the 'header.inner.right' element cannot be added as child to 'header', because the latter doesn't exist [] []
[2025-08-13T04:03:36.316546+00:00] main.INFO: Broken reference: the 'user' tries to reorder itself towards '', but their parents are different: 'header' and '' respectively. [] []
[2025-08-13T04:03:36.317000+00:00] main.INFO: Broken reference: the 'notification.messages' tries to reorder itself towards 'user', but their parents are different: 'header' and '' respectively. [] []
[2025-08-13T04:03:36.317454+00:00] main.INFO: Broken reference: the 'logo' tries to reorder itself towards '', but their parents are different: 'header' and '' respectively. [] []
[2025-08-13T04:03:36.317918+00:00] main.INFO: Broken reference: the 'global.search' tries to reorder itself towards 'logo', but their parents are different: 'header' and '' respectively. [] []
[2025-08-13T04:03:36.318369+00:00] main.INFO: Broken reference: the 'page.actions.toolbar' tries to reorder itself towards '', but their parents are different: 'page.main.actions' and '' respectively. [] []
[2025-08-13T04:03:36.318836+00:00] main.INFO: Broken reference: the 'header.inner.left' tries to reorder itself towards '', but their parents are different: 'header' and '' respectively. [] []
[2025-08-13T04:03:36.319283+00:00] main.INFO: Broken reference: the 'header.inner.right' tries to reorder itself towards 'header.inner.left', but their parents are different: 'header' and '' respectively. [] []
[2025-08-13T04:03:36.319756+00:00] main.INFO: Broken reference: the 'notification.messages' tries to reorder itself towards 'user', but their parents are different: 'header.inner.right' and '' respectively. [] []
[2025-08-13T04:04:00.147540+00:00] main.INFO: Broken reference: the 'tracking' element cannot be added as child to 'header', because the latter doesn't exist [] []
[2025-08-13T04:04:00.148224+00:00] main.INFO: Broken reference: the 'notification_area' element cannot be added as child to 'notifications', because the latter doesn't exist [] []
[2025-08-13T04:04:00.148716+00:00] main.INFO: Broken reference: the 'unread_system_messages' element cannot be added as child to 'notifications', because the latter doesn't exist [] []
[2025-08-13T04:04:00.149241+00:00] main.INFO: Broken reference: the 'notification_window' element cannot be added as child to 'notifications', because the latter doesn't exist [] []
[2025-08-13T04:04:00.150128+00:00] main.INFO: Broken reference: the 'notification.messages' element cannot be added as child to 'header', because the latter doesn't exist [] []
[2025-08-13T04:04:00.150679+00:00] main.INFO: Broken reference: the 'global_notices' element cannot be added as child to 'global.notices', because the latter doesn't exist [] []
[2025-08-13T04:04:00.151151+00:00] main.INFO: Broken reference: the 'logo' element cannot be added as child to 'header', because the latter doesn't exist [] []
[2025-08-13T04:04:00.151613+00:00] main.INFO: Broken reference: the 'global.search' element cannot be added as child to 'header', because the latter doesn't exist [] []
[2025-08-13T04:04:00.152063+00:00] main.INFO: Broken reference: the 'user' element cannot be added as child to 'header', because the latter doesn't exist [] []
[2025-08-13T04:04:00.152533+00:00] main.INFO: Broken reference: the 'menu' element cannot be added as child to 'page.menu', because the latter doesn't exist [] []
[2025-08-13T04:04:00.153024+00:00] main.INFO: Broken reference: the 'breadcrumbs' element cannot be added as child to 'page.breadcrumbs', because the latter doesn't exist [] []
[2025-08-13T04:04:00.153473+00:00] main.INFO: Broken reference: the 'formkey' element cannot be added as child to 'page.formkey', because the latter doesn't exist [] []
[2025-08-13T04:04:00.153917+00:00] main.INFO: Broken reference: the 'page.title' element cannot be added as child to 'main.top', because the latter doesn't exist [] []
[2025-08-13T04:04:00.154359+00:00] main.INFO: Broken reference: the 'messages' element cannot be added as child to 'page.messages', because the latter doesn't exist [] []
[2025-08-13T04:04:00.154848+00:00] main.INFO: Broken reference: the 'page.actions.toolbar' element cannot be added as child to 'page.main.actions', because the latter doesn't exist [] []
[2025-08-13T04:04:00.155294+00:00] main.INFO: Broken reference: the 'legal' element cannot be added as child to 'footer', because the latter doesn't exist [] []
[2025-08-13T04:04:00.155838+00:00] main.INFO: Broken reference: the 'header.inner.left' element cannot be added as child to 'header', because the latter doesn't exist [] []
[2025-08-13T04:04:00.156297+00:00] main.INFO: Broken reference: the 'header.inner.right' element cannot be added as child to 'header', because the latter doesn't exist [] []
[2025-08-13T04:04:00.156841+00:00] main.INFO: Broken reference: the 'user' tries to reorder itself towards '', but their parents are different: 'header' and '' respectively. [] []
[2025-08-13T04:04:00.157299+00:00] main.INFO: Broken reference: the 'notification.messages' tries to reorder itself towards 'user', but their parents are different: 'header' and '' respectively. [] []
[2025-08-13T04:04:00.157745+00:00] main.INFO: Broken reference: the 'logo' tries to reorder itself towards '', but their parents are different: 'header' and '' respectively. [] []
[2025-08-13T04:04:00.158187+00:00] main.INFO: Broken reference: the 'global.search' tries to reorder itself towards 'logo', but their parents are different: 'header' and '' respectively. [] []
[2025-08-13T04:04:00.158660+00:00] main.INFO: Broken reference: the 'page.actions.toolbar' tries to reorder itself towards '', but their parents are different: 'page.main.actions' and '' respectively. [] []
[2025-08-13T04:04:00.159164+00:00] main.INFO: Broken reference: the 'header.inner.left' tries to reorder itself towards '', but their parents are different: 'header' and '' respectively. [] []
[2025-08-13T04:04:00.159617+00:00] main.INFO: Broken reference: the 'header.inner.right' tries to reorder itself towards 'header.inner.left', but their parents are different: 'header' and '' respectively. [] []
[2025-08-13T04:04:00.160105+00:00] main.INFO: Broken reference: the 'notification.messages' tries to reorder itself towards 'user', but their parents are different: 'header.inner.right' and '' respectively. [] []
[2025-08-13T04:04:34.356835+00:00] main.INFO: Broken reference: the 'tracking' element cannot be added as child to 'header', because the latter doesn't exist [] []
[2025-08-13T04:04:34.357476+00:00] main.INFO: Broken reference: the 'notification_area' element cannot be added as child to 'notifications', because the latter doesn't exist [] []
[2025-08-13T04:04:34.357947+00:00] main.INFO: Broken reference: the 'unread_system_messages' element cannot be added as child to 'notifications', because the latter doesn't exist [] []
[2025-08-13T04:04:34.358401+00:00] main.INFO: Broken reference: the 'notification_window' element cannot be added as child to 'notifications', because the latter doesn't exist [] []
[2025-08-13T04:04:34.358995+00:00] main.INFO: Broken reference: the 'notification.messages' element cannot be added as child to 'header', because the latter doesn't exist [] []
[2025-08-13T04:04:34.359496+00:00] main.INFO: Broken reference: the 'global_notices' element cannot be added as child to 'global.notices', because the latter doesn't exist [] []
[2025-08-13T04:04:34.359943+00:00] main.INFO: Broken reference: the 'logo' element cannot be added as child to 'header', because the latter doesn't exist [] []
[2025-08-13T04:04:34.360433+00:00] main.INFO: Broken reference: the 'global.search' element cannot be added as child to 'header', because the latter doesn't exist [] []
[2025-08-13T04:04:34.360903+00:00] main.INFO: Broken reference: the 'user' element cannot be added as child to 'header', because the latter doesn't exist [] []
[2025-08-13T04:04:34.361355+00:00] main.INFO: Broken reference: the 'menu' element cannot be added as child to 'page.menu', because the latter doesn't exist [] []
[2025-08-13T04:04:34.361799+00:00] main.INFO: Broken reference: the 'breadcrumbs' element cannot be added as child to 'page.breadcrumbs', because the latter doesn't exist [] []
[2025-08-13T04:04:34.362241+00:00] main.INFO: Broken reference: the 'formkey' element cannot be added as child to 'page.formkey', because the latter doesn't exist [] []
[2025-08-13T04:04:34.362683+00:00] main.INFO: Broken reference: the 'page.title' element cannot be added as child to 'main.top', because the latter doesn't exist [] []
[2025-08-13T04:04:34.363159+00:00] main.INFO: Broken reference: the 'messages' element cannot be added as child to 'page.messages', because the latter doesn't exist [] []
[2025-08-13T04:04:34.363639+00:00] main.INFO: Broken reference: the 'page.actions.toolbar' element cannot be added as child to 'page.main.actions', because the latter doesn't exist [] []
[2025-08-13T04:04:34.364085+00:00] main.INFO: Broken reference: the 'legal' element cannot be added as child to 'footer', because the latter doesn't exist [] []
[2025-08-13T04:04:34.364653+00:00] main.INFO: Broken reference: the 'header.inner.left' element cannot be added as child to 'header', because the latter doesn't exist [] []
[2025-08-13T04:04:34.365140+00:00] main.INFO: Broken reference: the 'header.inner.right' element cannot be added as child to 'header', because the latter doesn't exist [] []
[2025-08-13T04:04:34.365653+00:00] main.INFO: Broken reference: the 'user' tries to reorder itself towards '', but their parents are different: 'header' and '' respectively. [] []
[2025-08-13T04:04:34.366103+00:00] main.INFO: Broken reference: the 'notification.messages' tries to reorder itself towards 'user', but their parents are different: 'header' and '' respectively. [] []
[2025-08-13T04:04:34.367128+00:00] main.INFO: Broken reference: the 'logo' tries to reorder itself towards '', but their parents are different: 'header' and '' respectively. [] []
[2025-08-13T04:04:34.368178+00:00] main.INFO: Broken reference: the 'global.search' tries to reorder itself towards 'logo', but their parents are different: 'header' and '' respectively. [] []
[2025-08-13T04:04:34.368824+00:00] main.INFO: Broken reference: the 'page.actions.toolbar' tries to reorder itself towards '', but their parents are different: 'page.main.actions' and '' respectively. [] []
[2025-08-13T04:04:34.369318+00:00] main.INFO: Broken reference: the 'header.inner.left' tries to reorder itself towards '', but their parents are different: 'header' and '' respectively. [] []
[2025-08-13T04:04:34.369802+00:00] main.INFO: Broken reference: the 'header.inner.right' tries to reorder itself towards 'header.inner.left', but their parents are different: 'header' and '' respectively. [] []
[2025-08-13T04:04:34.370261+00:00] main.INFO: Broken reference: the 'notification.messages' tries to reorder itself towards 'user', but their parents are different: 'header.inner.right' and '' respectively. [] []
[2025-08-13T04:09:21.284419+00:00] main.DEBUG: cache_invalidate:  {"method":"GET","url":"http:/","invalidateInfo":{"tags":[],"mode":"all"}} []
[2025-08-13T04:09:21.286683+00:00] main.DEBUG: cache_invalidate:  {"method":"GET","url":"http:/","invalidateInfo":{"tags":[],"mode":"all"}} []
[2025-08-13T04:09:21.295632+00:00] main.ERROR: The "/var/www/html/magento2/var/cache/mage--b/mage---a6b_TRANSLATE_EN_US_ADMINHTML_ADMIN_MAGENTO_BACKEND_MAGENTO_BACKEND" file can't be deleted. Warning!unlink(/var/www/html/magento2/var/cache/mage--b/mage---a6b_TRANSLATE_EN_US_ADMINHTML_ADMIN_MAGENTO_BACKEND_MAGENTO_BACKEND): Permission denied The "/var/www/html/magento2/var/cache/mage--b/mage---a6b_AUTHORIZATION_ROLE_CACHED_DATA" file can't be deleted. Warning!unlink(/var/www/html/magento2/var/cache/mage--b/mage---a6b_AUTHORIZATION_ROLE_CACHED_DATA): Permission denied The "/var/www/html/magento2/var/cache/mage--b/mage---a6b_LAYOUT_FRONTEND_STORE1_3C7461AF04BB11FE209659D7147D2C579_PAGE_LAYOUT_MERGED" file can't be deleted. Warning!unlink(/var/www/html/magento2/var/cache/mage--b/mage---a6b_LAYOUT_FRONTEND_STORE1_3C7461AF04BB11FE209659D7147D2C579_PAGE_LAYOUT_MERGED): Permission denied The "/var/www/html/magento2/var/cache/mage--b/mage---a6b_TRANSLATE_EN_US_ADMINHTML_ADMIN_MAGENTO_BACKEND_" file can't be deleted. Warning!unlink(/var/www/html/magento2/var/cache/mage--b/mage---a6b_TRANSLATE_EN_US_ADMINHTML_ADMIN_MAGENTO_BACKEND_): Permission denied The "/var/www/html/magento2/var/cache/mage--b/mage---a6b_PAYMENT_CONFIG" file can't be deleted. Warning!unlink(/var/www/html/magento2/var/cache/mage--b/mage---a6b_PAYMENT_CONFIG): Permission denied The "/var/www/html/magento2/var/cache/mage--4/mage---a6b_ADDRESS_FORMAT" file can't be deleted. Warning!unlink(/var/www/html/magento2/var/cache/mage--4/mage---a6b_ADDRESS_FORMAT): Permission denied The "/var/www/html/magento2/var/cache/mage--4/mage---a6b_STRUCTURE_LAYOUT_ADMINHTML_STORE1_291FCCD54DA687AFC76A5D6559B714906" file can't be deleted. Warning!unlink(/var/www/html/magento2/var/cache/mage--4/mage---a6b_STRUCTURE_LAYOUT_ADMINHTML_STORE1_291FCCD54DA687AFC76A5D6559B714906): Permission denied The "/var/www/html/magento2/var/cache/mage--4/mage---a6b_ADMIN_USAGE_NOTIFICATION_POPUP" file can't be deleted. Warning!unlink(/var/www/html/magento2/var/cache/mage--4/mage---a6b_ADMIN_USAGE_NOTIFICATION_POPUP): Permission denied The "/var/www/html/magento2/var/cache/mage--4/mage---a6b_BLOCK_3D02A9C6039C035B9A3C11D11BC2715C9929C9DA" file can't be deleted. Warning!unlink(/var/www/html/magento2/var/cache/mage--4/mage---a6b_BLOCK_3D02A9C6039C035B9A3C11D11BC2715C9929C9DA): Permission denied The "/var/www/html/magento2/var/cache/mage--4/mage---a6b_DB_PDO_MYSQL_DDL_CMS_PAGE_3" file can't be deleted. Warning!unlink(/var/www/html/magento2/var/cache/mage--4/mage---a6b_DB_PDO_MYSQL_DDL_CMS_PAGE_3): Permission denied The "/var/www/html/magento2/var/cache/mage--d/mage---a6b_LAYOUT_FRONTEND_STORE1_36F1B068EC7CCF4878F9284DD1137AFD1_PAGE_LAYOUT_MERGED" file can't be deleted. Warning!unlink(/var/www/html/magento2/var/cache/mage--d/mage---a6b_LAYOUT_FRONTEND_STORE1_36F1B068EC7CCF4878F9284DD1137AFD1_PAGE_LAYOUT_MERGED): Permission denied The "/var/www/html/magento2/var/cache/mage--d/mage---a6b_EAV_ENTITY_TYPES" file can't be deleted. Warning!unlink(/var/www/html/magento2/var/cache/mage--d/mage---a6b_EAV_ENTITY_TYPES): Permission denied The "/var/www/html/magento2/var/cache/mage--d/mage---a6b_SYSTEM" file can't be deleted. Warning!unlink(/var/www/html/magento2/var/cache/mage--d/mage---a6b_SYSTEM): Permission denied The "/var/www/html/magento2/var/cache/mage--d/mage---a6b_FRONTEND__ROUTESCONFIG" file can't be deleted. Warning!unlink(/var/www/html/magento2/var/cache/mage--d/mage---a6b_FRONTEND__ROUTESCONFIG): Permission denied The "/var/www/html/magento2/var/cache/mage--d/mage---a6b_SYSTEM_STORES_1" file can't be deleted. Warning!unlink(/var/www/html/magento2/var/cache/mage--d/mage---a6b_SYSTEM_STORES_1): Permission denied The "/var/www/html/magento2/var/cache/mage--d/mage---a6b_STRUCTURE_LAYOUT_ADMINHTML_STORE1_2D41D8CD98F00B204E9800998ECF8427E" file can't be deleted. Warning!unlink(/var/www/html/magento2/var/cache/mage--d/mage---a6b_STRUCTURE_LAYOUT_ADMINHTML_STORE1_2D41D8CD98F00B204E9800998ECF8427E): Permission denied The "/var/www/html/magento2/var/cache/mage--d/mage---a6b_THEMEFRONTEND_MAGENTO_LUMA" file can't be deleted. Warning!unlink(/var/www/html/magento2/var/cache/mage--d/mage---a6b_THEMEFRONTEND_MAGENTO_LUMA): Permission denied The "/var/www/html/magento2/var/cache/mage--d/mage---a6b_APP_108B5EBA5ECACA9F6E9F88D4CD04D6E0" file can't be deleted. Warning!unlink(/var/www/html/magento2/var/cache/mage--d/mage---a6b_APP_108B5EBA5ECACA9F6E9F88D4CD04D6E0): Permission denied The "/var/www/html/magento2/var/cache/mage--d/mage---a6b_THEMEFRONTEND_MAGENTO_BLANK" file can't be deleted. Warning!unlink(/var/www/html/magento2/var/cache/mage--d/mage---a6b_THEMEFRONTEND_MAGENTO_BLANK): Permission denied The "/var/www/html/magento2/var/cache/mage--1/mage---a6b_LAYOUT_ADMINHTML_STORE1_26F1B068EC7CCF4878F9284DD1137AFD1_PAGE_LAYOUT_MERGED" file can't be deleted. Warning!unlink(/var/www/html/magento2/var/cache/mage--1/mage---a6b_LAYOUT_ADMINHTML_STORE1_26F1B068EC7CCF4878F9284DD1137AFD1_PAGE_LAYOUT_MERGED): Permission denied The "/var/www/html/magento2/var/cache/mage--1/mage---a6b_BLOCK_44E9365BAE429F96B52EA7A4099C4E918DF53B9A" file can't be deleted. Warning!unlink(/var/www/html/magento2/var/cache/mage--1/mage---a6b_BLOCK_44E9365BAE429F96B52EA7A4099C4E918DF53B9A): Permission denied The "/var/www/html/magento2/var/cache/mage--1/mage---a6b_CONFIGURATION_FILES_ACCESS_LEVEL_VERIFICATION" file can't be deleted. Warning!unlink(/var/www/html/magento2/var/cache/mage--1/mage---a6b_CONFIGURATION_FILES_ACCESS_LEVEL_VERIFICATION): Permission denied The "/var/www/html/magento2/var/cache/mage--1/mage---a6b_BACKEND_MENU_OBJECT" file can't be deleted. Warning!unlink(/var/www/html/magento2/var/cache/mage--1/mage---a6b_BACKEND_MENU_OBJECT): Permission denied The "/var/www/html/magento2/var/cache/mage--1/mage---a6b_UI_COMPONENT_CONFIGURATION_DEFINITION_DATA" file can't be deleted. Warning!unlink(/var/www/html/magento2/var/cache/mage--1/mage---a6b_UI_COMPONENT_CONFIGURATION_DEFINITION_DATA): Permission denied The "/var/www/html/magento2/var/cache/mage--1/mage---a6b_SECTIONS_INVALIDATION_CONFIG" file can't be deleted. Warning!unlink(/var/www/html/magento2/var/cache/mage--1/mage---a6b_SECTIONS_INVALIDATION_CONFIG): Permission denied The "/var/www/html/magento2/var/cache/mage--1/mage---a6b_SYSTEM_STORES_ADMIN" file can't be deleted. Warning!unlink(/var/www/html/magento2/var/cache/mage--1/mage---a6b_SYSTEM_STORES_ADMIN): Permission denied The "/var/www/html/magento2/var/cache/mage--1/mage---a6b_DB_PDO_MYSQL_DDL_SALES_ORDER_STATUS_1" file can't be deleted. Warning!unlink(/var/www/html/magento2/var/cache/mage--1/mage---a6b_DB_PDO_MYSQL_DDL_SALES_ORDER_STATUS_1): Permission denied The "/var/www/html/magento2/var/cache/mage--6/mage---a6b_THEME_BY_ID_2" file can't be deleted. Warning!unlink(/var/www/html/magento2/var/cache/mage--6/mage---a6b_THEME_BY_ID_2): Permission denied The "/var/www/html/magento2/var/cache/mage--6/mage---a6b_INITIAL_CONFIG" file can't be deleted. Warning!unlink(/var/www/html/magento2/var/cache/mage--6/mage---a6b_INITIAL_CONFIG): Permission denied The "/var/www/html/magento2/var/cache/mage--6/mage---a6b_THEME_LAYOUTS_FILES_MERGED" file can't be deleted. Warning!unlink(/var/www/html/magento2/var/cache/mage--6/mage---a6b_THEME_LAYOUTS_FILES_MERGED): Permission denied The "/var/www/html/magento2/var/cache/mage--6/mage---a6b_APP_4169C5DEEEB8F84FEFBFAC574BE2769B" file can't be deleted. Warning!unlink(/var/www/html/magento2/var/cache/mage--6/mage---a6b_APP_4169C5DEEEB8F84FEFBFAC574BE2769B): Permission denied The "/var/www/html/magento2/var/cache/mage--6/mage---a6b_LAYOUT_FRONTEND_STORE1_3PAGE_LAYOUT" file can't be deleted. Warning!unlink(/var/www/html/magento2/var/cache/mage--6/mage---a6b_LAYOUT_FRONTEND_STORE1_3PAGE_LAYOUT): Permission denied The "/var/www/html/magento2/var/cache/mage--5/mage---a6b_SYSTEM_STORES_FR" file can't be deleted. Warning!unlink(/var/www/html/magento2/var/cache/mage--5/mage---a6b_SYSTEM_STORES_FR): Permission denied The "/var/www/html/magento2/var/cache/mage--5/mage---a6b_SYSTEM_STORES_BE" file can't be deleted. Warning!unlink(/var/www/html/magento2/var/cache/mage--5/mage---a6b_SYSTEM_STORES_BE): Permission denied The "/var/www/html/magento2/var/cache/mage--5/mage---a6b_EAV_ENTITY_ATTRIBUTES_3_0_3" file can't be deleted. Warning!unlink(/var/www/html/magento2/var/cache/mage--5/mage---a6b_EAV_ENTITY_ATTRIBUTES_3_0_3): Permission denied The "/var/www/html/magento2/var/cache/mage--5/mage---a6b_SYSTEM_WEBSITES_ADMIN" file can't be deleted. Warning!unlink(/var/www/html/magento2/var/cache/mage--5/mage---a6b_SYSTEM_WEBSITES_ADMIN): Permission denied The "/var/www/html/magento2/var/cache/mage--5/mage---a6b_ADMINHTML__RESOURCESCACHE" file can't be deleted. Warning!unlink(/var/www/html/magento2/var/cache/mage--5/mage---a6b_ADMINHTML__RESOURCESCACHE): Permission denied The "/var/www/html/magento2/var/cache/mage--5/mage---a6b_DB_PDO_MYSQL_DDL_SALES_ORDER_GRID_1" file can't be deleted. Warning!unlink(/var/www/html/magento2/var/cache/mage--5/mage---a6b_DB_PDO_MYSQL_DDL_SALES_ORDER_GRID_1): Permission denied The "/var/www/html/magento2/var/cache/mage--5/mage---a6b_PROVIDER_ACL_RESOURCES_CACHE" file can't be deleted. Warning!unlink(/var/www/html/magento2/var/cache/mage--5/mage---a6b_PROVIDER_ACL_RESOURCES_CACHE): Permission denied The "/var/www/html/magento2/var/cache/mage--3/mage---a6b_RELEASE_NOTIFICATION_POPUP_2" file can't be deleted. Warning!unlink(/var/www/html/magento2/var/cache/mage--3/mage---a6b_RELEASE_NOTIFICATION_POPUP_2): Permission denied The "/var/www/html/magento2/var/cache/mage--3/mage---a6b_ADMIN_NOTIFICATIONS_LASTCHECK" file can't be deleted. Warning!unlink(/var/www/html/magento2/var/cache/mage--3/mage---a6b_ADMIN_NOTIFICATIONS_LASTCHECK): Permission denied The "/var/www/html/magento2/var/cache/mage--3/mage---a6b_BLOCK_AA0D1879257E4BF454FAF87F1169A1BB7943FAFC" file can't be deleted. Warning!unlink(/var/www/html/magento2/var/cache/mage--3/mage---a6b_BLOCK_AA0D1879257E4BF454FAF87F1169A1BB7943FAFC): Permission denied The "/var/www/html/magento2/var/cache/mage--3/mage---a6b_DB_PDO_MYSQL_DDL_ADMIN_USER_SESSION_1" file can't be deleted. Warning!unlink(/var/www/html/magento2/var/cache/mage--3/mage---a6b_DB_PDO_MYSQL_DDL_ADMIN_USER_SESSION_1): Permission denied The "/var/www/html/magento2/var/cache/mage--3/mage---a6b_SYSTEM_WEBSITES_0" file can't be deleted. Warning!unlink(/var/www/html/magento2/var/cache/mage--3/mage---a6b_SYSTEM_WEBSITES_0): Permission denied The "/var/www/html/magento2/var/cache/mage--3/mage---a6b_CRON_GROUPS_CONFIG_CACHE" file can't be deleted. Warning!unlink(/var/www/html/magento2/var/cache/mage--3/mage---a6b_CRON_GROUPS_CONFIG_CACHE): Permission denied The "/var/www/html/magento2/var/cache/mage--3/mage---a6b_TRANSLATE_EN_US_ADMINHTML_ADMIN_MAGENTO_BACKEND_MAGENTO_UI" file can't be deleted. Warning!unlink(/var/www/html/magento2/var/cache/mage--3/mage---a6b_TRANSLATE_EN_US_ADMINHTML_ADMIN_MAGENTO_BACKEND_MAGENTO_UI): Permission denied The "/var/www/html/magento2/var/cache/mage--3/mage---a6b_ASSIGNED_ROLE_2" file can't be deleted. Warning!unlink(/var/www/html/magento2/var/cache/mage--3/mage---a6b_ASSIGNED_ROLE_2): Permission denied The "/var/www/html/magento2/var/cache/mage--3/mage---a6b_ADMINHTML__EVENT_CONFIG_CACHE" file can't be deleted. Warning!unlink(/var/www/html/magento2/var/cache/mage--3/mage---a6b_ADMINHTML__EVENT_CONFIG_CACHE): Permission denied The "/var/www/html/magento2/var/cache/mage--3/mage---a6b_DB_IS_UP_TO_DATE" file can't be deleted. Warning!unlink(/var/www/html/magento2/var/cache/mage--3/mage---a6b_DB_IS_UP_TO_DATE): Permission denied The "/var/www/html/magento2/var/cache/mage--3/mage---a6b_TRANSLATE_EN_US_FRONTEND_DEFAULT_MAGENTO_LUMA_MAGENTO_CMS" file can't be deleted. Warning!unlink(/var/www/html/magento2/var/cache/mage--3/mage---a6b_TRANSLATE_EN_US_FRONTEND_DEFAULT_MAGENTO_LUMA_MAGENTO_CMS): Permission denied The "/var/www/html/magento2/var/cache/mage--9/mage---a6b_STRUCTURE_LAYOUT_ADMINHTML_STORE1_297367C484975343FEA5D20830D4FB758" file can't be deleted. Warning!unlink(/var/www/html/magento2/var/cache/mage--9/mage---a6b_STRUCTURE_LAYOUT_ADMINHTML_STORE1_297367C484975343FEA5D20830D4FB758): Permission denied The "/var/www/html/magento2/var/cache/mage--9/mage---a6b_FRONTEND__EVENT_CONFIG_CACHE" file can't be deleted. Warning!unlink(/var/www/html/magento2/var/cache/mage--9/mage---a6b_FRONTEND__EVENT_CONFIG_CACHE): Permission denied The "/var/www/html/magento2/var/cache/mage--9/mage---a6b_LAYOUT_ADMINHTML_STORE1_297367C484975343FEA5D20830D4FB758_PAGE_LAYOUT_MERGED" file can't be deleted. Warning!unlink(/var/www/html/magento2/var/cache/mage--9/mage---a6b_LAYOUT_ADMINHTML_STORE1_297367C484975343FEA5D20830D4FB758_PAGE_LAYOUT_MERGED): Permission denied The "/var/www/html/magento2/var/cache/mage--9/mage---a6b_UI_COMPONENT_CONFIGURATION_DATA_NOTIFICATION_AREA" file can't be deleted. Warning!unlink(/var/www/html/magento2/var/cache/mage--9/mage---a6b_UI_COMPONENT_CONFIGURATION_DATA_NOTIFICATION_AREA): Permission denied The "/var/www/html/magento2/var/cache/mage--9/mage---a6b_STRUCTURE_LAYOUT_FRONTEND_STORE1_3C7461AF04BB11FE209659D7147D2C579" file can't be deleted. Warning!unlink(/var/www/html/magento2/var/cache/mage--9/mage---a6b_STRUCTURE_LAYOUT_FRONTEND_STORE1_3C7461AF04BB11FE209659D7147D2C579): Permission denied The "/var/www/html/magento2/var/cache/mage--9/mage---a6b_DB_PDO_MYSQL_DDL_SALES_ORDER_1" file can't be deleted. Warning!unlink(/var/www/html/magento2/var/cache/mage--9/mage---a6b_DB_PDO_MYSQL_DDL_SALES_ORDER_1): Permission denied The "/var/www/html/magento2/var/cache/mage--9/mage---a6b_BLOCK_CA2D04F236756BAF985ADFB6B192354441B4BC96" file can't be deleted. Warning!unlink(/var/www/html/magento2/var/cache/mage--9/mage---a6b_BLOCK_CA2D04F236756BAF985ADFB6B192354441B4BC96): Permission denied The "/var/www/html/magento2/var/cache/mage--9/mage---a6b_DB_PDO_MYSQL_DDL_CATALOG_CATEGORY_ENTITY_3" file can't be deleted. Warning!unlink(/var/www/html/magento2/var/cache/mage--9/mage---a6b_DB_PDO_MYSQL_DDL_CATALOG_CATEGORY_ENTITY_3): Permission denied The "/var/www/html/magento2/var/cache/mage--9/mage---a6b_LAYOUT_ADMINHTML_STORE1_2" file can't be deleted. Warning!unlink(/var/www/html/magento2/var/cache/mage--9/mage---a6b_LAYOUT_ADMINHTML_STORE1_2): Permission denied The "/var/www/html/magento2/var/cache/mage--9/mage---a6b_GLOBAL__RESOURCESCACHE" file can't be deleted. Warning!unlink(/var/www/html/magento2/var/cache/mage--9/mage---a6b_GLOBAL__RESOURCESCACHE): Permission denied The "/var/www/html/magento2/var/cache/mage--9/mage---a6b_SYSTEM_STORES_DEFAULT" file can't be deleted. Warning!unlink(/var/www/html/magento2/var/cache/mage--9/mage---a6b_SYSTEM_STORES_DEFAULT): Permission denied The "/var/www/html/magento2/var/cache/mage--9/mage---a6b_SYSTEM_STORES_2" file can't be deleted. Warning!unlink(/var/www/html/magento2/var/cache/mage--9/mage---a6b_SYSTEM_STORES_2): Permission denied The "/var/www/html/magento2/var/cache/mage--9/mage---a6b_STRUCTURE_LAYOUT_FRONTEND_STORE1_36F1B068EC7CCF4878F9284DD1137AFD1" file can't be deleted. Warning!unlink(/var/www/html/magento2/var/cache/mage--9/mage---a6b_STRUCTURE_LAYOUT_FRONTEND_STORE1_36F1B068EC7CCF4878F9284DD1137AFD1): Permission denied The "/var/www/html/magento2/var/cache/mage--9/mage---a6b_STRUCTURE_LAYOUT_ADMINHTML_STORE1_2C470299521325284ED2F872FB317D47B" file can't be deleted. Warning!unlink(/var/www/html/magento2/var/cache/mage--9/mage---a6b_STRUCTURE_LAYOUT_ADMINHTML_STORE1_2C470299521325284ED2F872FB317D47B): Permission denied The "/var/www/html/magento2/var/cache/mage--9/mage---a6b_UI_COMPONENT_CONFIGURATION_DATA_ADMIN_USAGE_NOTIFICATION" file can't be deleted. Warning!unlink(/var/www/html/magento2/var/cache/mage--9/mage---a6b_UI_COMPONENT_CONFIGURATION_DATA_ADMIN_USAGE_NOTIFICATION): Permission denied The "/var/www/html/magento2/var/cache/mage--e/mage---a6b_FRONTEND__CSP_WHITELIST_CONFIG" file can't be deleted. Warning!unlink(/var/www/html/magento2/var/cache/mage--e/mage---a6b_FRONTEND__CSP_WHITELIST_CONFIG): Permission denied The "/var/www/html/magento2/var/cache/mage--e/mage---a6b_SYSTEM_WEBSITES_1" file can't be deleted. Warning!unlink(/var/www/html/magento2/var/cache/mage--e/mage---a6b_SYSTEM_WEBSITES_1): Permission denied The "/var/www/html/magento2/var/cache/mage--e/mage---a6b_ADMINHTML__CSP_WHITELIST_CONFIG" file can't be deleted. Warning!unlink(/var/www/html/magento2/var/cache/mage--e/mage---a6b_ADMINHTML__CSP_WHITELIST_CONFIG): Permission denied The "/var/www/html/magento2/var/cache/mage--e/mage---a6b_DESIGN_CHANGE_E08D1AFD4BE7C0DFD028563334C7B875" file can't be deleted. Warning!unlink(/var/www/html/magento2/var/cache/mage--e/mage---a6b_DESIGN_CHANGE_E08D1AFD4BE7C0DFD028563334C7B875): Permission denied The "/var/www/html/magento2/var/cache/mage--e/mage---a6b_SYSTEM_STORES_0" file can't be deleted. Warning!unlink(/var/www/html/magento2/var/cache/mage--e/mage---a6b_SYSTEM_STORES_0): Permission denied The "/var/www/html/magento2/var/cache/mage--2/mage---a6b_UI_COMPONENT_CONFIGURATION_DATA_SALES_ORDER_GRID" file can't be deleted. Warning!unlink(/var/www/html/magento2/var/cache/mage--2/mage---a6b_UI_COMPONENT_CONFIGURATION_DATA_SALES_ORDER_GRID): Permission denied The "/var/www/html/magento2/var/cache/mage--2/mage---a6b_EAV_ENTITY_ATTRIBUTES_3_1_3" file can't be deleted. Warning!unlink(/var/www/html/magento2/var/cache/mage--2/mage---a6b_EAV_ENTITY_ATTRIBUTES_3_1_3): Permission denied The "/var/www/html/magento2/var/cache/mage--2/mage---a6b_SYSTEM_WEBSITES_BASE" file can't be deleted. Warning!unlink(/var/www/html/magento2/var/cache/mage--2/mage---a6b_SYSTEM_WEBSITES_BASE): Permission denied The "/var/www/html/magento2/var/cache/mage--2/mage---a6b_THEME_BY_ID_1" file can't be deleted. Warning!unlink(/var/www/html/magento2/var/cache/mage--2/mage---a6b_THEME_BY_ID_1): Permission denied The "/var/www/html/magento2/var/cache/mage--2/mage---a6b_LAYOUT_ADMINHTML_STORE1_231B80C99F1D265B3F83441BDFF2ABF85_PAGE_LAYOUT_MERGED" file can't be deleted. Warning!unlink(/var/www/html/magento2/var/cache/mage--2/mage---a6b_LAYOUT_ADMINHTML_STORE1_231B80C99F1D265B3F83441BDFF2ABF85_PAGE_LAYOUT_MERGED): Permission denied The "/var/www/html/magento2/var/cache/mage--2/mage---a6b_LAYOUT_ADMINHTML_STORE1_2D41D8CD98F00B204E9800998ECF8427E_PAGE_LAYOUT_MERGED" file can't be deleted. Warning!unlink(/var/www/html/magento2/var/cache/mage--2/mage---a6b_LAYOUT_ADMINHTML_STORE1_2D41D8CD98F00B204E9800998ECF8427E_PAGE_LAYOUT_MERGED): Permission denied The "/var/www/html/magento2/var/cache/mage--2/mage---a6b_LAYOUT_FRONTEND_STORE1_30A98983867A1770682B48D9A0AD63441_PAGE_LAYOUT_MERGED" file can't be deleted. Warning!unlink(/var/www/html/magento2/var/cache/mage--2/mage---a6b_LAYOUT_FRONTEND_STORE1_30A98983867A1770682B48D9A0AD63441_PAGE_LAYOUT_MERGED): Permission denied The "/var/www/html/magento2/var/cache/mage--2/mage---a6b_LAYOUT_ADMINHTML_STORE1_2CF9AB1B1723BEDC1DCD665A812B00335_PAGE_LAYOUT_MERGED" file can't be deleted. Warning!unlink(/var/www/html/magento2/var/cache/mage--2/mage---a6b_LAYOUT_ADMINHTML_STORE1_2CF9AB1B1723BEDC1DCD665A812B00335_PAGE_LAYOUT_MERGED): Permission denied The "/var/www/html/magento2/var/cache/mage--7/mage---a6b_BLOCK_CC742745246367A5AFBAED340AC94BC19BB3960D" file can't be deleted. Warning!unlink(/var/www/html/magento2/var/cache/mage--7/mage---a6b_BLOCK_CC742745246367A5AFBAED340AC94BC19BB3960D): Permission denied The "/var/www/html/magento2/var/cache/mage--7/mage---a6b_GLOBAL__EVENT_CONFIG_CACHE" file can't be deleted. Warning!unlink(/var/www/html/magento2/var/cache/mage--7/mage---a6b_GLOBAL__EVENT_CONFIG_CACHE): Permission denied The "/var/www/html/magento2/var/cache/mage--7/mage---a6b_DB_PDO_MYSQL_DDL_THEME_1" file can't be deleted. Warning!unlink(/var/www/html/magento2/var/cache/mage--7/mage---a6b_DB_PDO_MYSQL_DDL_THEME_1): Permission denied The "/var/www/html/magento2/var/cache/mage--7/mage---a6b_GLOBAL__CSP_WHITELIST_CONFIG" file can't be deleted. Warning!unlink(/var/www/html/magento2/var/cache/mage--7/mage---a6b_GLOBAL__CSP_WHITELIST_CONFIG): Permission denied The "/var/www/html/magento2/var/cache/mage--7/mage---a6b_TRANSLATE_EN_US_FRONTEND_DEFAULT_MAGENTO_LUMA_" file can't be deleted. Warning!unlink(/var/www/html/magento2/var/cache/mage--7/mage---a6b_TRANSLATE_EN_US_FRONTEND_DEFAULT_MAGENTO_LUMA_): Permission denied The "/var/www/html/magento2/var/cache/mage--7/mage---a6b_BLOCK_4E82BF2EB76D17FD52C99D4B9A50B0F9968C0D67" file can't be deleted. Warning!unlink(/var/www/html/magento2/var/cache/mage--7/mage---a6b_BLOCK_4E82BF2EB76D17FD52C99D4B9A50B0F9968C0D67): Permission denied The "/var/www/html/magento2/var/cache/mage--f/mage---a6b_EXTENSION_ATTRIBUTES_CONFIG" file can't be deleted. Warning!unlink(/var/www/html/magento2/var/cache/mage--f/mage---a6b_EXTENSION_ATTRIBUTES_CONFIG): Permission denied The "/var/www/html/magento2/var/cache/mage--f/mage---a6b_FRONTEND__RESOURCESCACHE" file can't be deleted. Warning!unlink(/var/www/html/magento2/var/cache/mage--f/mage---a6b_FRONTEND__RESOURCESCACHE): Permission denied The "/var/www/html/magento2/var/cache/mage--f/mage---a6b_LAYOUT_ADMINHTML_STORE1_291FCCD54DA687AFC76A5D6559B714906_PAGE_LAYOUT_MERGED" file can't be deleted. Warning!unlink(/var/www/html/magento2/var/cache/mage--f/mage---a6b_LAYOUT_ADMINHTML_STORE1_291FCCD54DA687AFC76A5D6559B714906_PAGE_LAYOUT_MERGED): Permission denied The "/var/www/html/magento2/var/cache/mage--f/mage---a6b_SYSTEM_DEFAULT" file can't be deleted. Warning!unlink(/var/www/html/magento2/var/cache/mage--f/mage---a6b_SYSTEM_DEFAULT): Permission denied The "/var/www/html/magento2/var/cache/mage--f/mage---a6b_THEMEADMINHTML_MAGENTO_BACKEND" file can't be deleted. Warning!unlink(/var/www/html/magento2/var/cache/mage--f/mage---a6b_THEMEADMINHTML_MAGENTO_BACKEND): Permission denied The "/var/www/html/magento2/var/cache/mage--f/mage---a6b_LAYOUT_ADMINHTML_STORE1_2PAGE_LAYOUT" file can't be deleted. Warning!unlink(/var/www/html/magento2/var/cache/mage--f/mage---a6b_LAYOUT_ADMINHTML_STORE1_2PAGE_LAYOUT): Permission denied The "/var/www/html/magento2/var/cache/mage--c/mage---a6b_SYSTEM_SCOPES" file can't be deleted. Warning!unlink(/var/www/html/magento2/var/cache/mage--c/mage---a6b_SYSTEM_SCOPES): Permission denied The "/var/www/html/magento2/var/cache/mage--c/mage---a6b_DB_PDO_MYSQL_DDL_SETUP_MODULE_5" file can't be deleted. Warning!unlink(/var/www/html/magento2/var/cache/mage--c/mage---a6b_DB_PDO_MYSQL_DDL_SETUP_MODULE_5): Permission denied The "/var/www/html/magento2/var/cache/mage--c/mage---a6b_ADMINHTML__ROUTESCONFIG" file can't be deleted. Warning!unlink(/var/www/html/magento2/var/cache/mage--c/mage---a6b_ADMINHTML__ROUTESCONFIG): Permission denied The "/var/www/html/magento2/var/cache/mage--c/mage---a6b_RELEASE_NOTIFICATION_CONTENT_2__4__6_COMMUNITY_EN_US" file can't be deleted. Warning!unlink(/var/www/html/magento2/var/cache/mage--c/mage---a6b_RELEASE_NOTIFICATION_CONTENT_2__4__6_COMMUNITY_EN_US): Permission denied The "/var/www/html/magento2/var/cache/mage--c/mage---a6b_AUTHORIZATION_RULE_CACHED_DATA" file can't be deleted. Warning!unlink(/var/www/html/magento2/var/cache/mage--c/mage---a6b_AUTHORIZATION_RULE_CACHED_DATA): Permission denied The "/var/www/html/magento2/var/cache/mage--c/mage---a6b_UI_COMPONENT_CONFIGURATION_DATA_RELEASE_NOTIFICATION" file can't be deleted. Warning!unlink(/var/www/html/magento2/var/cache/mage--c/mage---a6b_UI_COMPONENT_CONFIGURATION_DATA_RELEASE_NOTIFICATION): Permission denied The "/var/www/html/magento2/var/cache/mage--0/mage---a6b_INDEXER_CONFIG" file can't be deleted. Warning!unlink(/var/www/html/magento2/var/cache/mage--0/mage---a6b_INDEXER_CONFIG): Permission denied The "/var/www/html/magento2/var/cache/mage--0/mage---a6b_RESOLVED_STORES_D1BEFA03C79CA0B84ECC488DEA96BC68" file can't be deleted. Warning!unlink(/var/www/html/magento2/var/cache/mage--0/mage---a6b_RESOLVED_STORES_D1BEFA03C79CA0B84ECC488DEA96BC68): Permission denied The "/var/www/html/magento2/var/cache/mage--0/mage---a6b_LAYOUT_FRONTEND_STORE1_3" file can't be deleted. Warning!unlink(/var/www/html/magento2/var/cache/mage--0/mage---a6b_LAYOUT_FRONTEND_STORE1_3): Permission denied The "/var/www/html/magento2/var/cache/mage--a/mage---a6b_STRUCTURE_LAYOUT_ADMINHTML_STORE1_26F1B068EC7CCF4878F9284DD1137AFD1" file can't be deleted. Warning!unlink(/var/www/html/magento2/var/cache/mage--a/mage---a6b_STRUCTURE_LAYOUT_ADMINHTML_STORE1_26F1B068EC7CCF4878F9284DD1137AFD1): Permission denied The "/var/www/html/magento2/var/cache/mage--a/mage---a6b_APP_ACTION_LIST" file can't be deleted. Warning!unlink(/var/www/html/magento2/var/cache/mage--a/mage---a6b_APP_ACTION_LIST): Permission denied The "/var/www/html/magento2/var/cache/mage--a/mage---a6b_APP_35C0BF370AE35F8C482DC31B8A81FC2F" file can't be deleted. Warning!unlink(/var/www/html/magento2/var/cache/mage--a/mage---a6b_APP_35C0BF370AE35F8C482DC31B8A81FC2F): Permission denied The "/var/www/html/magento2/var/cache/mage--a/mage---a6b_UI_COMPONENT_TEMPLATES" file can't be deleted. Warning!unlink(/var/www/html/magento2/var/cache/mage--a/mage---a6b_UI_COMPONENT_TEMPLATES): Permission denied The "/var/www/html/magento2/var/cache/mage--8/mage---a6b_APP_CE79F7EF764E9F981C8549B9DBEC468F" file can't be deleted. Warning!unlink(/var/www/html/magento2/var/cache/mage--8/mage---a6b_APP_CE79F7EF764E9F981C8549B9DBEC468F): Permission denied The "/var/www/html/magento2/var/cache/mage--8/mage---a6b_MAGE_VERSION" file can't be deleted. Warning!unlink(/var/www/html/magento2/var/cache/mage--8/mage---a6b_MAGE_VERSION): Permission denied The "/var/www/html/magento2/var/cache/mage--8/mage---a6b_LAYOUT_ADMINHTML_STORE1_2C470299521325284ED2F872FB317D47B_PAGE_LAYOUT_MERGED" file can't be deleted. Warning!unlink(/var/www/html/magento2/var/cache/mage--8/mage---a6b_LAYOUT_ADMINHTML_STORE1_2C470299521325284ED2F872FB317D47B_PAGE_LAYOUT_MERGED): Permission denied The "/var/www/html/magento2/var/cache/mage--8/mage---a6b_TRANSLATE_EN_US_ADMINHTML_ADMIN_MAGENTO_BACKEND_MAGENTO_SALES" file can't be deleted. Warning!unlink(/var/www/html/magento2/var/cache/mage--8/mage---a6b_TRANSLATE_EN_US_ADMINHTML_ADMIN_MAGENTO_BACKEND_MAGENTO_SALES): Permission denied The "/var/www/html/magento2/var/cache/mage--8/mage---a6b_SYSTEM_STORES_3" file can't be deleted. Warning!unlink(/var/www/html/magento2/var/cache/mage--8/mage---a6b_SYSTEM_STORES_3): Permission denied The "/var/www/html/magento2/var/cache/mage--8/mage---a6b_THEME_BY_ID_3" file can't be deleted. Warning!unlink(/var/www/html/magento2/var/cache/mage--8/mage---a6b_THEME_BY_ID_3): Permission denied The "/var/www/html/magento2/var/cache/mage--b/mage---a6b_TRANSLATE_EN_US_ADMINHTML_ADMIN_MAGENTO_BACKEND_MAGENTO_BACKEND" file can't be deleted. Warning!unlink(/var/www/html/magento2/var/cache/mage--b/mage---a6b_TRANSLATE_EN_US_ADMINHTML_ADMIN_MAGENTO_BACKEND_MAGENTO_BACKEND): Permission denied The "/var/www/html/magento2/var/cache/mage--b/mage---a6b_AUTHORIZATION_ROLE_CACHED_DATA" file can't be deleted. Warning!unlink(/var/www/html/magento2/var/cache/mage--b/mage---a6b_AUTHORIZATION_ROLE_CACHED_DATA): Permission denied The "/var/www/html/magento2/var/cache/mage--b/mage---a6b_LAYOUT_FRONTEND_STORE1_3C7461AF04BB11FE209659D7147D2C579_PAGE_LAYOUT_MERGED" file can't be deleted. Warning!unlink(/var/www/html/magento2/var/cache/mage--b/mage---a6b_LAYOUT_FRONTEND_STORE1_3C7461AF04BB11FE209659D7147D2C579_PAGE_LAYOUT_MERGED): Permission denied The "/var/www/html/magento2/var/cache/mage--b/mage---a6b_TRANSLATE_EN_US_ADMINHTML_ADMIN_MAGENTO_BACKEND_" file can't be deleted. Warning!unlink(/var/www/html/magento2/var/cache/mage--b/mage---a6b_TRANSLATE_EN_US_ADMINHTML_ADMIN_MAGENTO_BACKEND_): Permission denied The "/var/www/html/magento2/var/cache/mage--b/mage---a6b_PAYMENT_CONFIG" file can't be deleted. Warning!unlink(/var/www/html/magento2/var/cache/mage--b/mage---a6b_PAYMENT_CONFIG): Permission denied The "/var/www/html/magento2/var/cache/mage--4/mage---a6b_ADDRESS_FORMAT" file can't be deleted. Warning!unlink(/var/www/html/magento2/var/cache/mage--4/mage---a6b_ADDRESS_FORMAT): Permission denied The "/var/www/html/magento2/var/cache/mage--4/mage---a6b_STRUCTURE_LAYOUT_ADMINHTML_STORE1_291FCCD54DA687AFC76A5D6559B714906" file can't be deleted. Warning!unlink(/var/www/html/magento2/var/cache/mage--4/mage---a6b_STRUCTURE_LAYOUT_ADMINHTML_STORE1_291FCCD54DA687AFC76A5D6559B714906): Permission denied The "/var/www/html/magento2/var/cache/mage--4/mage---a6b_ADMIN_USAGE_NOTIFICATION_POPUP" file can't be deleted. Warning!unlink(/var/www/html/magento2/var/cache/mage--4/mage---a6b_ADMIN_USAGE_NOTIFICATION_POPUP): Permission denied The "/var/www/html/magento2/var/cache/mage--4/mage---a6b_BLOCK_3D02A9C6039C035B9A3C11D11BC2715C9929C9DA" file can't be deleted. Warning!unlink(/var/www/html/magento2/var/cache/mage--4/mage---a6b_BLOCK_3D02A9C6039C035B9A3C11D11BC2715C9929C9DA): Permission denied The "/var/www/html/magento2/var/cache/mage--4/mage---a6b_DB_PDO_MYSQL_DDL_CMS_PAGE_3" file can't be deleted. Warning!unlink(/var/www/html/magento2/var/cache/mage--4/mage---a6b_DB_PDO_MYSQL_DDL_CMS_PAGE_3): Permission denied The "/var/www/html/magento2/var/cache/mage--d/mage---a6b_LAYOUT_FRONTEND_STORE1_36F1B068EC7CCF4878F9284DD1137AFD1_PAGE_LAYOUT_MERGED" file can't be deleted. Warning!unlink(/var/www/html/magento2/var/cache/mage--d/mage---a6b_LAYOUT_FRONTEND_STORE1_36F1B068EC7CCF4878F9284DD1137AFD1_PAGE_LAYOUT_MERGED): Permission denied The "/var/www/html/magento2/var/cache/mage--d/mage---a6b_EAV_ENTITY_TYPES" file can't be deleted. Warning!unlink(/var/www/html/magento2/var/cache/mage--d/mage---a6b_EAV_ENTITY_TYPES): Permission denied The "/var/www/html/magento2/var/cache/mage--d/mage---a6b_SYSTEM" file can't be deleted. Warning!unlink(/var/www/html/magento2/var/cache/mage--d/mage---a6b_SYSTEM): Permission denied The "/var/www/html/magento2/var/cache/mage--d/mage---a6b_FRONTEND__ROUTESCONFIG" file can't be deleted. Warning!unlink(/var/www/html/magento2/var/cache/mage--d/mage---a6b_FRONTEND__ROUTESCONFIG): Permission denied The "/var/www/html/magento2/var/cache/mage--d/mage---a6b_SYSTEM_STORES_1" file can't be deleted. Warning!unlink(/var/www/html/magento2/var/cache/mage--d/mage---a6b_SYSTEM_STORES_1): Permission denied The "/var/www/html/magento2/var/cache/mage--d/mage---a6b_STRUCTURE_LAYOUT_ADMINHTML_STORE1_2D41D8CD98F00B204E9800998ECF8427E" file can't be deleted. Warning!unlink(/var/www/html/magento2/var/cache/mage--d/mage---a6b_STRUCTURE_LAYOUT_ADMINHTML_STORE1_2D41D8CD98F00B204E9800998ECF8427E): Permission denied The "/var/www/html/magento2/var/cache/mage--d/mage---a6b_THEMEFRONTEND_MAGENTO_LUMA" file can't be deleted. Warning!unlink(/var/www/html/magento2/var/cache/mage--d/mage---a6b_THEMEFRONTEND_MAGENTO_LUMA): Permission denied The "/var/www/html/magento2/var/cache/mage--d/mage---a6b_APP_108B5EBA5ECACA9F6E9F88D4CD04D6E0" file can't be deleted. Warning!unlink(/var/www/html/magento2/var/cache/mage--d/mage---a6b_APP_108B5EBA5ECACA9F6E9F88D4CD04D6E0): Permission denied The "/var/www/html/magento2/var/cache/mage--d/mage---a6b_THEMEFRONTEND_MAGENTO_BLANK" file can't be deleted. Warning!unlink(/var/www/html/magento2/var/cache/mage--d/mage---a6b_THEMEFRONTEND_MAGENTO_BLANK): Permission denied The "/var/www/html/magento2/var/cache/mage--1/mage---a6b_LAYOUT_ADMINHTML_STORE1_26F1B068EC7CCF4878F9284DD1137AFD1_PAGE_LAYOUT_MERGED" file can't be deleted. Warning!unlink(/var/www/html/magento2/var/cache/mage--1/mage---a6b_LAYOUT_ADMINHTML_STORE1_26F1B068EC7CCF4878F9284DD1137AFD1_PAGE_LAYOUT_MERGED): Permission denied The "/var/www/html/magento2/var/cache/mage--1/mage---a6b_BLOCK_44E9365BAE429F96B52EA7A4099C4E918DF53B9A" file can't be deleted. Warning!unlink(/var/www/html/magento2/var/cache/mage--1/mage---a6b_BLOCK_44E9365BAE429F96B52EA7A4099C4E918DF53B9A): Permission denied The "/var/www/html/magento2/var/cache/mage--1/mage---a6b_CONFIGURATION_FILES_ACCESS_LEVEL_VERIFICATION" file can't be deleted. Warning!unlink(/var/www/html/magento2/var/cache/mage--1/mage---a6b_CONFIGURATION_FILES_ACCESS_LEVEL_VERIFICATION): Permission denied The "/var/www/html/magento2/var/cache/mage--1/mage---a6b_BACKEND_MENU_OBJECT" file can't be deleted. Warning!unlink(/var/www/html/magento2/var/cache/mage--1/mage---a6b_BACKEND_MENU_OBJECT): Permission denied The "/var/www/html/magento2/var/cache/mage--1/mage---a6b_UI_COMPONENT_CONFIGURATION_DEFINITION_DATA" file can't be deleted. Warning!unlink(/var/www/html/magento2/var/cache/mage--1/mage---a6b_UI_COMPONENT_CONFIGURATION_DEFINITION_DATA): Permission denied The "/var/www/html/magento2/var/cache/mage--1/mage---a6b_SECTIONS_INVALIDATION_CONFIG" file can't be deleted. Warning!unlink(/var/www/html/magento2/var/cache/mage--1/mage---a6b_SECTIONS_INVALIDATION_CONFIG): Permission denied The "/var/www/html/magento2/var/cache/mage--1/mage---a6b_SYSTEM_STORES_ADMIN" file can't be deleted. Warning!unlink(/var/www/html/magento2/var/cache/mage--1/mage---a6b_SYSTEM_STORES_ADMIN): Permission denied The "/var/www/html/magento2/var/cache/mage--1/mage---a6b_DB_PDO_MYSQL_DDL_SALES_ORDER_STATUS_1" file can't be deleted. Warning!unlink(/var/www/html/magento2/var/cache/mage--1/mage---a6b_DB_PDO_MYSQL_DDL_SALES_ORDER_STATUS_1): Permission denied The "/var/www/html/magento2/var/cache/mage--6/mage---a6b_THEME_BY_ID_2" file can't be deleted. Warning!unlink(/var/www/html/magento2/var/cache/mage--6/mage---a6b_THEME_BY_ID_2): Permission denied The "/var/www/html/magento2/var/cache/mage--6/mage---a6b_INITIAL_CONFIG" file can't be deleted. Warning!unlink(/var/www/html/magento2/var/cache/mage--6/mage---a6b_INITIAL_CONFIG): Permission denied The "/var/www/html/magento2/var/cache/mage--6/mage---a6b_THEME_LAYOUTS_FILES_MERGED" file can't be deleted. Warning!unlink(/var/www/html/magento2/var/cache/mage--6/mage---a6b_THEME_LAYOUTS_FILES_MERGED): Permission denied The "/var/www/html/magento2/var/cache/mage--6/mage---a6b_APP_4169C5DEEEB8F84FEFBFAC574BE2769B" file can't be deleted. Warning!unlink(/var/www/html/magento2/var/cache/mage--6/mage---a6b_APP_4169C5DEEEB8F84FEFBFAC574BE2769B): Permission denied The "/var/www/html/magento2/var/cache/mage--6/mage---a6b_LAYOUT_FRONTEND_STORE1_3PAGE_LAYOUT" file can't be deleted. Warning!unlink(/var/www/html/magento2/var/cache/mage--6/mage---a6b_LAYOUT_FRONTEND_STORE1_3PAGE_LAYOUT): Permission denied The "/var/www/html/magento2/var/cache/mage--5/mage---a6b_SYSTEM_STORES_FR" file can't be deleted. Warning!unlink(/var/www/html/magento2/var/cache/mage--5/mage---a6b_SYSTEM_STORES_FR): Permission denied The "/var/www/html/magento2/var/cache/mage--5/mage---a6b_SYSTEM_STORES_BE" file can't be deleted. Warning!unlink(/var/www/html/magento2/var/cache/mage--5/mage---a6b_SYSTEM_STORES_BE): Permission denied The "/var/www/html/magento2/var/cache/mage--5/mage---a6b_EAV_ENTITY_ATTRIBUTES_3_0_3" file can't be deleted. Warning!unlink(/var/www/html/magento2/var/cache/mage--5/mage---a6b_EAV_ENTITY_ATTRIBUTES_3_0_3): Permission denied The "/var/www/html/magento2/var/cache/mage--5/mage---a6b_SYSTEM_WEBSITES_ADMIN" file can't be deleted. Warning!unlink(/var/www/html/magento2/var/cache/mage--5/mage---a6b_SYSTEM_WEBSITES_ADMIN): Permission denied The "/var/www/html/magento2/var/cache/mage--5/mage---a6b_ADMINHTML__RESOURCESCACHE" file can't be deleted. Warning!unlink(/var/www/html/magento2/var/cache/mage--5/mage---a6b_ADMINHTML__RESOURCESCACHE): Permission denied The "/var/www/html/magento2/var/cache/mage--5/mage---a6b_DB_PDO_MYSQL_DDL_SALES_ORDER_GRID_1" file can't be deleted. Warning!unlink(/var/www/html/magento2/var/cache/mage--5/mage---a6b_DB_PDO_MYSQL_DDL_SALES_ORDER_GRID_1): Permission denied The "/var/www/html/magento2/var/cache/mage--5/mage---a6b_PROVIDER_ACL_RESOURCES_CACHE" file can't be deleted. Warning!unlink(/var/www/html/magento2/var/cache/mage--5/mage---a6b_PROVIDER_ACL_RESOURCES_CACHE): Permission denied The "/var/www/html/magento2/var/cache/mage--3/mage---a6b_RELEASE_NOTIFICATION_POPUP_2" file can't be deleted. Warning!unlink(/var/www/html/magento2/var/cache/mage--3/mage---a6b_RELEASE_NOTIFICATION_POPUP_2): Permission denied The "/var/www/html/magento2/var/cache/mage--3/mage---a6b_ADMIN_NOTIFICATIONS_LASTCHECK" file can't be deleted. Warning!unlink(/var/www/html/magento2/var/cache/mage--3/mage---a6b_ADMIN_NOTIFICATIONS_LASTCHECK): Permission denied The "/var/www/html/magento2/var/cache/mage--3/mage---a6b_BLOCK_AA0D1879257E4BF454FAF87F1169A1BB7943FAFC" file can't be deleted. Warning!unlink(/var/www/html/magento2/var/cache/mage--3/mage---a6b_BLOCK_AA0D1879257E4BF454FAF87F1169A1BB7943FAFC): Permission denied The "/var/www/html/magento2/var/cache/mage--3/mage---a6b_DB_PDO_MYSQL_DDL_ADMIN_USER_SESSION_1" file can't be deleted. Warning!unlink(/var/www/html/magento2/var/cache/mage--3/mage---a6b_DB_PDO_MYSQL_DDL_ADMIN_USER_SESSION_1): Permission denied The "/var/www/html/magento2/var/cache/mage--3/mage---a6b_SYSTEM_WEBSITES_0" file can't be deleted. Warning!unlink(/var/www/html/magento2/var/cache/mage--3/mage---a6b_SYSTEM_WEBSITES_0): Permission denied The "/var/www/html/magento2/var/cache/mage--3/mage---a6b_CRON_GROUPS_CONFIG_CACHE" file can't be deleted. Warning!unlink(/var/www/html/magento2/var/cache/mage--3/mage---a6b_CRON_GROUPS_CONFIG_CACHE): Permission denied The "/var/www/html/magento2/var/cache/mage--3/mage---a6b_TRANSLATE_EN_US_ADMINHTML_ADMIN_MAGENTO_BACKEND_MAGENTO_UI" file can't be deleted. Warning!unlink(/var/www/html/magento2/var/cache/mage--3/mage---a6b_TRANSLATE_EN_US_ADMINHTML_ADMIN_MAGENTO_BACKEND_MAGENTO_UI): Permission denied The "/var/www/html/magento2/var/cache/mage--3/mage---a6b_ASSIGNED_ROLE_2" file can't be deleted. Warning!unlink(/var/www/html/magento2/var/cache/mage--3/mage---a6b_ASSIGNED_ROLE_2): Permission denied The "/var/www/html/magento2/var/cache/mage--3/mage---a6b_ADMINHTML__EVENT_CONFIG_CACHE" file can't be deleted. Warning!unlink(/var/www/html/magento2/var/cache/mage--3/mage---a6b_ADMINHTML__EVENT_CONFIG_CACHE): Permission denied The "/var/www/html/magento2/var/cache/mage--3/mage---a6b_DB_IS_UP_TO_DATE" file can't be deleted. Warning!unlink(/var/www/html/magento2/var/cache/mage--3/mage---a6b_DB_IS_UP_TO_DATE): Permission denied The "/var/www/html/magento2/var/cache/mage--3/mage---a6b_TRANSLATE_EN_US_FRONTEND_DEFAULT_MAGENTO_LUMA_MAGENTO_CMS" file can't be deleted. Warning!unlink(/var/www/html/magento2/var/cache/mage--3/mage---a6b_TRANSLATE_EN_US_FRONTEND_DEFAULT_MAGENTO_LUMA_MAGENTO_CMS): Permission denied The "/var/www/html/magento2/var/cache/mage--9/mage---a6b_STRUCTURE_LAYOUT_ADMINHTML_STORE1_297367C484975343FEA5D20830D4FB758" file can't be deleted. Warning!unlink(/var/www/html/magento2/var/cache/mage--9/mage---a6b_STRUCTURE_LAYOUT_ADMINHTML_STORE1_297367C484975343FEA5D20830D4FB758): Permission denied The "/var/www/html/magento2/var/cache/mage--9/mage---a6b_FRONTEND__EVENT_CONFIG_CACHE" file can't be deleted. Warning!unlink(/var/www/html/magento2/var/cache/mage--9/mage---a6b_FRONTEND__EVENT_CONFIG_CACHE): Permission denied The "/var/www/html/magento2/var/cache/mage--9/mage---a6b_LAYOUT_ADMINHTML_STORE1_297367C484975343FEA5D20830D4FB758_PAGE_LAYOUT_MERGED" file can't be deleted. Warning!unlink(/var/www/html/magento2/var/cache/mage--9/mage---a6b_LAYOUT_ADMINHTML_STORE1_297367C484975343FEA5D20830D4FB758_PAGE_LAYOUT_MERGED): Permission denied The "/var/www/html/magento2/var/cache/mage--9/mage---a6b_UI_COMPONENT_CONFIGURATION_DATA_NOTIFICATION_AREA" file can't be deleted. Warning!unlink(/var/www/html/magento2/var/cache/mage--9/mage---a6b_UI_COMPONENT_CONFIGURATION_DATA_NOTIFICATION_AREA): Permission denied The "/var/www/html/magento2/var/cache/mage--9/mage---a6b_STRUCTURE_LAYOUT_FRONTEND_STORE1_3C7461AF04BB11FE209659D7147D2C579" file can't be deleted. Warning!unlink(/var/www/html/magento2/var/cache/mage--9/mage---a6b_STRUCTURE_LAYOUT_FRONTEND_STORE1_3C7461AF04BB11FE209659D7147D2C579): Permission denied The "/var/www/html/magento2/var/cache/mage--9/mage---a6b_DB_PDO_MYSQL_DDL_SALES_ORDER_1" file can't be deleted. Warning!unlink(/var/www/html/magento2/var/cache/mage--9/mage---a6b_DB_PDO_MYSQL_DDL_SALES_ORDER_1): Permission denied The "/var/www/html/magento2/var/cache/mage--9/mage---a6b_BLOCK_CA2D04F236756BAF985ADFB6B192354441B4BC96" file can't be deleted. Warning!unlink(/var/www/html/magento2/var/cache/mage--9/mage---a6b_BLOCK_CA2D04F236756BAF985ADFB6B192354441B4BC96): Permission denied The "/var/www/html/magento2/var/cache/mage--9/mage---a6b_DB_PDO_MYSQL_DDL_CATALOG_CATEGORY_ENTITY_3" file can't be deleted. Warning!unlink(/var/www/html/magento2/var/cache/mage--9/mage---a6b_DB_PDO_MYSQL_DDL_CATALOG_CATEGORY_ENTITY_3): Permission denied The "/var/www/html/magento2/var/cache/mage--9/mage---a6b_LAYOUT_ADMINHTML_STORE1_2" file can't be deleted. Warning!unlink(/var/www/html/magento2/var/cache/mage--9/mage---a6b_LAYOUT_ADMINHTML_STORE1_2): Permission denied The "/var/www/html/magento2/var/cache/mage--9/mage---a6b_GLOBAL__RESOURCESCACHE" file can't be deleted. Warning!unlink(/var/www/html/magento2/var/cache/mage--9/mage---a6b_GLOBAL__RESOURCESCACHE): Permission denied The "/var/www/html/magento2/var/cache/mage--9/mage---a6b_SYSTEM_STORES_DEFAULT" file can't be deleted. Warning!unlink(/var/www/html/magento2/var/cache/mage--9/mage---a6b_SYSTEM_STORES_DEFAULT): Permission denied The "/var/www/html/magento2/var/cache/mage--9/mage---a6b_SYSTEM_STORES_2" file can't be deleted. Warning!unlink(/var/www/html/magento2/var/cache/mage--9/mage---a6b_SYSTEM_STORES_2): Permission denied The "/var/www/html/magento2/var/cache/mage--9/mage---a6b_STRUCTURE_LAYOUT_FRONTEND_STORE1_36F1B068EC7CCF4878F9284DD1137AFD1" file can't be deleted. Warning!unlink(/var/www/html/magento2/var/cache/mage--9/mage---a6b_STRUCTURE_LAYOUT_FRONTEND_STORE1_36F1B068EC7CCF4878F9284DD1137AFD1): Permission denied The "/var/www/html/magento2/var/cache/mage--9/mage---a6b_STRUCTURE_LAYOUT_ADMINHTML_STORE1_2C470299521325284ED2F872FB317D47B" file can't be deleted. Warning!unlink(/var/www/html/magento2/var/cache/mage--9/mage---a6b_STRUCTURE_LAYOUT_ADMINHTML_STORE1_2C470299521325284ED2F872FB317D47B): Permission denied The "/var/www/html/magento2/var/cache/mage--9/mage---a6b_UI_COMPONENT_CONFIGURATION_DATA_ADMIN_USAGE_NOTIFICATION" file can't be deleted. Warning!unlink(/var/www/html/magento2/var/cache/mage--9/mage---a6b_UI_COMPONENT_CONFIGURATION_DATA_ADMIN_USAGE_NOTIFICATION): Permission denied The "/var/www/html/magento2/var/cache/mage--e/mage---a6b_FRONTEND__CSP_WHITELIST_CONFIG" file can't be deleted. Warning!unlink(/var/www/html/magento2/var/cache/mage--e/mage---a6b_FRONTEND__CSP_WHITELIST_CONFIG): Permission denied The "/var/www/html/magento2/var/cache/mage--e/mage---a6b_SYSTEM_WEBSITES_1" file can't be deleted. Warning!unlink(/var/www/html/magento2/var/cache/mage--e/mage---a6b_SYSTEM_WEBSITES_1): Permission denied The "/var/www/html/magento2/var/cache/mage--e/mage---a6b_ADMINHTML__CSP_WHITELIST_CONFIG" file can't be deleted. Warning!unlink(/var/www/html/magento2/var/cache/mage--e/mage---a6b_ADMINHTML__CSP_WHITELIST_CONFIG): Permission denied The "/var/www/html/magento2/var/cache/mage--e/mage---a6b_DESIGN_CHANGE_E08D1AFD4BE7C0DFD028563334C7B875" file can't be deleted. Warning!unlink(/var/www/html/magento2/var/cache/mage--e/mage---a6b_DESIGN_CHANGE_E08D1AFD4BE7C0DFD028563334C7B875): Permission denied The "/var/www/html/magento2/var/cache/mage--e/mage---a6b_SYSTEM_STORES_0" file can't be deleted. Warning!unlink(/var/www/html/magento2/var/cache/mage--e/mage---a6b_SYSTEM_STORES_0): Permission denied The "/var/www/html/magento2/var/cache/mage--2/mage---a6b_UI_COMPONENT_CONFIGURATION_DATA_SALES_ORDER_GRID" file can't be deleted. Warning!unlink(/var/www/html/magento2/var/cache/mage--2/mage---a6b_UI_COMPONENT_CONFIGURATION_DATA_SALES_ORDER_GRID): Permission denied The "/var/www/html/magento2/var/cache/mage--2/mage---a6b_EAV_ENTITY_ATTRIBUTES_3_1_3" file can't be deleted. Warning!unlink(/var/www/html/magento2/var/cache/mage--2/mage---a6b_EAV_ENTITY_ATTRIBUTES_3_1_3): Permission denied The "/var/www/html/magento2/var/cache/mage--2/mage---a6b_SYSTEM_WEBSITES_BASE" file can't be deleted. Warning!unlink(/var/www/html/magento2/var/cache/mage--2/mage---a6b_SYSTEM_WEBSITES_BASE): Permission denied The "/var/www/html/magento2/var/cache/mage--2/mage---a6b_THEME_BY_ID_1" file can't be deleted. Warning!unlink(/var/www/html/magento2/var/cache/mage--2/mage---a6b_THEME_BY_ID_1): Permission denied The "/var/www/html/magento2/var/cache/mage--2/mage---a6b_LAYOUT_ADMINHTML_STORE1_231B80C99F1D265B3F83441BDFF2ABF85_PAGE_LAYOUT_MERGED" file can't be deleted. Warning!unlink(/var/www/html/magento2/var/cache/mage--2/mage---a6b_LAYOUT_ADMINHTML_STORE1_231B80C99F1D265B3F83441BDFF2ABF85_PAGE_LAYOUT_MERGED): Permission denied The "/var/www/html/magento2/var/cache/mage--2/mage---a6b_LAYOUT_ADMINHTML_STORE1_2D41D8CD98F00B204E9800998ECF8427E_PAGE_LAYOUT_MERGED" file can't be deleted. Warning!unlink(/var/www/html/magento2/var/cache/mage--2/mage---a6b_LAYOUT_ADMINHTML_STORE1_2D41D8CD98F00B204E9800998ECF8427E_PAGE_LAYOUT_MERGED): Permission denied The "/var/www/html/magento2/var/cache/mage--2/mage---a6b_LAYOUT_FRONTEND_STORE1_30A98983867A1770682B48D9A0AD63441_PAGE_LAYOUT_MERGED" file can't be deleted. Warning!unlink(/var/www/html/magento2/var/cache/mage--2/mage---a6b_LAYOUT_FRONTEND_STORE1_30A98983867A1770682B48D9A0AD63441_PAGE_LAYOUT_MERGED): Permission denied The "/var/www/html/magento2/var/cache/mage--2/mage---a6b_LAYOUT_ADMINHTML_STORE1_2CF9AB1B1723BEDC1DCD665A812B00335_PAGE_LAYOUT_MERGED" file can't be deleted. Warning!unlink(/var/www/html/magento2/var/cache/mage--2/mage---a6b_LAYOUT_ADMINHTML_STORE1_2CF9AB1B1723BEDC1DCD665A812B00335_PAGE_LAYOUT_MERGED): Permission denied The "/var/www/html/magento2/var/cache/mage--7/mage---a6b_BLOCK_CC742745246367A5AFBAED340AC94BC19BB3960D" file can't be deleted. Warning!unlink(/var/www/html/magento2/var/cache/mage--7/mage---a6b_BLOCK_CC742745246367A5AFBAED340AC94BC19BB3960D): Permission denied The "/var/www/html/magento2/var/cache/mage--7/mage---a6b_GLOBAL__EVENT_CONFIG_CACHE" file can't be deleted. Warning!unlink(/var/www/html/magento2/var/cache/mage--7/mage---a6b_GLOBAL__EVENT_CONFIG_CACHE): Permission denied The "/var/www/html/magento2/var/cache/mage--7/mage---a6b_DB_PDO_MYSQL_DDL_THEME_1" file can't be deleted. Warning!unlink(/var/www/html/magento2/var/cache/mage--7/mage---a6b_DB_PDO_MYSQL_DDL_THEME_1): Permission denied The "/var/www/html/magento2/var/cache/mage--7/mage---a6b_GLOBAL__CSP_WHITELIST_CONFIG" file can't be deleted. Warning!unlink(/var/www/html/magento2/var/cache/mage--7/mage---a6b_GLOBAL__CSP_WHITELIST_CONFIG): Permission denied The "/var/www/html/magento2/var/cache/mage--7/mage---a6b_TRANSLATE_EN_US_FRONTEND_DEFAULT_MAGENTO_LUMA_" file can't be deleted. Warning!unlink(/var/www/html/magento2/var/cache/mage--7/mage---a6b_TRANSLATE_EN_US_FRONTEND_DEFAULT_MAGENTO_LUMA_): Permission denied The "/var/www/html/magento2/var/cache/mage--7/mage---a6b_BLOCK_4E82BF2EB76D17FD52C99D4B9A50B0F9968C0D67" file can't be deleted. Warning!unlink(/var/www/html/magento2/var/cache/mage--7/mage---a6b_BLOCK_4E82BF2EB76D17FD52C99D4B9A50B0F9968C0D67): Permission denied The "/var/www/html/magento2/var/cache/mage--f/mage---a6b_EXTENSION_ATTRIBUTES_CONFIG" file can't be deleted. Warning!unlink(/var/www/html/magento2/var/cache/mage--f/mage---a6b_EXTENSION_ATTRIBUTES_CONFIG): Permission denied The "/var/www/html/magento2/var/cache/mage--f/mage---a6b_FRONTEND__RESOURCESCACHE" file can't be deleted. Warning!unlink(/var/www/html/magento2/var/cache/mage--f/mage---a6b_FRONTEND__RESOURCESCACHE): Permission denied The "/var/www/html/magento2/var/cache/mage--f/mage---a6b_LAYOUT_ADMINHTML_STORE1_291FCCD54DA687AFC76A5D6559B714906_PAGE_LAYOUT_MERGED" file can't be deleted. Warning!unlink(/var/www/html/magento2/var/cache/mage--f/mage---a6b_LAYOUT_ADMINHTML_STORE1_291FCCD54DA687AFC76A5D6559B714906_PAGE_LAYOUT_MERGED): Permission denied The "/var/www/html/magento2/var/cache/mage--f/mage---a6b_SYSTEM_DEFAULT" file can't be deleted. Warning!unlink(/var/www/html/magento2/var/cache/mage--f/mage---a6b_SYSTEM_DEFAULT): Permission denied The "/var/www/html/magento2/var/cache/mage--f/mage---a6b_THEMEADMINHTML_MAGENTO_BACKEND" file can't be deleted. Warning!unlink(/var/www/html/magento2/var/cache/mage--f/mage---a6b_THEMEADMINHTML_MAGENTO_BACKEND): Permission denied The "/var/www/html/magento2/var/cache/mage--f/mage---a6b_LAYOUT_ADMINHTML_STORE1_2PAGE_LAYOUT" file can't be deleted. Warning!unlink(/var/www/html/magento2/var/cache/mage--f/mage---a6b_LAYOUT_ADMINHTML_STORE1_2PAGE_LAYOUT): Permission denied The "/var/www/html/magento2/var/cache/mage--c/mage---a6b_SYSTEM_SCOPES" file can't be deleted. Warning!unlink(/var/www/html/magento2/var/cache/mage--c/mage---a6b_SYSTEM_SCOPES): Permission denied The "/var/www/html/magento2/var/cache/mage--c/mage---a6b_DB_PDO_MYSQL_DDL_SETUP_MODULE_5" file can't be deleted. Warning!unlink(/var/www/html/magento2/var/cache/mage--c/mage---a6b_DB_PDO_MYSQL_DDL_SETUP_MODULE_5): Permission denied The "/var/www/html/magento2/var/cache/mage--c/mage---a6b_ADMINHTML__ROUTESCONFIG" file can't be deleted. Warning!unlink(/var/www/html/magento2/var/cache/mage--c/mage---a6b_ADMINHTML__ROUTESCONFIG): Permission denied The "/var/www/html/magento2/var/cache/mage--c/mage---a6b_RELEASE_NOTIFICATION_CONTENT_2__4__6_COMMUNITY_EN_US" file can't be deleted. Warning!unlink(/var/www/html/magento2/var/cache/mage--c/mage---a6b_RELEASE_NOTIFICATION_CONTENT_2__4__6_COMMUNITY_EN_US): Permission denied The "/var/www/html/magento2/var/cache/mage--c/mage---a6b_AUTHORIZATION_RULE_CACHED_DATA" file can't be deleted. Warning!unlink(/var/www/html/magento2/var/cache/mage--c/mage---a6b_AUTHORIZATION_RULE_CACHED_DATA): Permission denied The "/var/www/html/magento2/var/cache/mage--c/mage---a6b_UI_COMPONENT_CONFIGURATION_DATA_RELEASE_NOTIFICATION" file can't be deleted. Warning!unlink(/var/www/html/magento2/var/cache/mage--c/mage---a6b_UI_COMPONENT_CONFIGURATION_DATA_RELEASE_NOTIFICATION): Permission denied The "/var/www/html/magento2/var/cache/mage--0/mage---a6b_INDEXER_CONFIG" file can't be deleted. Warning!unlink(/var/www/html/magento2/var/cache/mage--0/mage---a6b_INDEXER_CONFIG): Permission denied The "/var/www/html/magento2/var/cache/mage--0/mage---a6b_RESOLVED_STORES_D1BEFA03C79CA0B84ECC488DEA96BC68" file can't be deleted. Warning!unlink(/var/www/html/magento2/var/cache/mage--0/mage---a6b_RESOLVED_STORES_D1BEFA03C79CA0B84ECC488DEA96BC68): Permission denied The "/var/www/html/magento2/var/cache/mage--0/mage---a6b_LAYOUT_FRONTEND_STORE1_3" file can't be deleted. Warning!unlink(/var/www/html/magento2/var/cache/mage--0/mage---a6b_LAYOUT_FRONTEND_STORE1_3): Permission denied The "/var/www/html/magento2/var/cache/mage--a/mage---a6b_STRUCTURE_LAYOUT_ADMINHTML_STORE1_26F1B068EC7CCF4878F9284DD1137AFD1" file can't be deleted. Warning!unlink(/var/www/html/magento2/var/cache/mage--a/mage---a6b_STRUCTURE_LAYOUT_ADMINHTML_STORE1_26F1B068EC7CCF4878F9284DD1137AFD1): Permission denied The "/var/www/html/magento2/var/cache/mage--a/mage---a6b_APP_ACTION_LIST" file can't be deleted. Warning!unlink(/var/www/html/magento2/var/cache/mage--a/mage---a6b_APP_ACTION_LIST): Permission denied The "/var/www/html/magento2/var/cache/mage--a/mage---a6b_APP_35C0BF370AE35F8C482DC31B8A81FC2F" file can't be deleted. Warning!unlink(/var/www/html/magento2/var/cache/mage--a/mage---a6b_APP_35C0BF370AE35F8C482DC31B8A81FC2F): Permission denied The "/var/www/html/magento2/var/cache/mage--a/mage---a6b_UI_COMPONENT_TEMPLATES" file can't be deleted. Warning!unlink(/var/www/html/magento2/var/cache/mage--a/mage---a6b_UI_COMPONENT_TEMPLATES): Permission denied The "/var/www/html/magento2/var/cache/mage--8/mage---a6b_APP_CE79F7EF764E9F981C8549B9DBEC468F" file can't be deleted. Warning!unlink(/var/www/html/magento2/var/cache/mage--8/mage---a6b_APP_CE79F7EF764E9F981C8549B9DBEC468F): Permission denied The "/var/www/html/magento2/var/cache/mage--8/mage---a6b_MAGE_VERSION" file can't be deleted. Warning!unlink(/var/www/html/magento2/var/cache/mage--8/mage---a6b_MAGE_VERSION): Permission denied The "/var/www/html/magento2/var/cache/mage--8/mage---a6b_LAYOUT_ADMINHTML_STORE1_2C470299521325284ED2F872FB317D47B_PAGE_LAYOUT_MERGED" file can't be deleted. Warning!unlink(/var/www/html/magento2/var/cache/mage--8/mage---a6b_LAYOUT_ADMINHTML_STORE1_2C470299521325284ED2F872FB317D47B_PAGE_LAYOUT_MERGED): Permission denied The "/var/www/html/magento2/var/cache/mage--8/mage---a6b_TRANSLATE_EN_US_ADMINHTML_ADMIN_MAGENTO_BACKEND_MAGENTO_SALES" file can't be deleted. Warning!unlink(/var/www/html/magento2/var/cache/mage--8/mage---a6b_TRANSLATE_EN_US_ADMINHTML_ADMIN_MAGENTO_BACKEND_MAGENTO_SALES): Permission denied The "/var/www/html/magento2/var/cache/mage--8/mage---a6b_SYSTEM_STORES_3" file can't be deleted. Warning!unlink(/var/www/html/magento2/var/cache/mage--8/mage---a6b_SYSTEM_STORES_3): Permission denied The "/var/www/html/magento2/var/cache/mage--8/mage---a6b_THEME_BY_ID_3" file can't be deleted. Warning!unlink(/var/www/html/magento2/var/cache/mage--8/mage---a6b_THEME_BY_ID_3): Permission denied
#0 /var/www/html/magento2/setup/src/Magento/Setup/Console/Command/DiCompileCommand.php(309): Magento\Framework\Filesystem\Directory\Write->delete()
#1 /var/www/html/magento2/setup/src/Magento/Setup/Console/Command/DiCompileCommand.php(183): Magento\Setup\Console\Command\DiCompileCommand->cleanupFilesystem()
#2 /var/www/html/magento2/vendor/symfony/console/Command/Command.php(298): Magento\Setup\Console\Command\DiCompileCommand->execute()
#3 /var/www/html/magento2/vendor/symfony/console/Application.php(1040): Symfony\Component\Console\Command\Command->run()
#4 /var/www/html/magento2/vendor/symfony/console/Application.php(301): Symfony\Component\Console\Application->doRunCommand()
#5 /var/www/html/magento2/vendor/magento/framework/Console/Cli.php(116): Symfony\Component\Console\Application->doRun()
#6 /var/www/html/magento2/vendor/symfony/console/Application.php(171): Magento\Framework\Console\Cli->doRun()
#7 /var/www/html/magento2/bin/magento(23): Symfony\Component\Console\Application->run()
#8 {main} [] []
[2025-08-13T04:09:39.594210+00:00] main.DEBUG: cache_invalidate:  {"method":"GET","url":"http:/","invalidateInfo":{"tags":[],"mode":"all"}} []
[2025-08-13T04:09:39.596820+00:00] main.DEBUG: cache_invalidate:  {"method":"GET","url":"http:/","invalidateInfo":{"tags":[],"mode":"all"}} []
[2025-08-13T04:10:32.487799+00:00] main.DEBUG: cache_invalidate:  {"method":"GET","url":"http:/","invalidateInfo":{"tags":["FPC"],"mode":"matchingTag"}} []
[2025-08-13T04:14:04.092210+00:00] main.CRITICAL: Can't create directory /var/www/html/magento2/generated/code/Magento/Framework/App/ResourceConnection/.
Class Magento\Framework\App\ResourceConnection\Proxy generation error: The requested class did not generate properly, because the 'generated' directory permission is read-only. If --- after running the 'bin/magento setup:di:compile' CLI command when the 'generated' directory permission is set to write --- the requested class did not generate properly, then you must add the generated class object to the signature of the related construct method, only. [] []
[2025-08-13T04:14:04.092481+00:00] main.DEBUG: Can't create directory /var/www/html/magento2/generated/code/Magento/Framework/App/ResourceConnection/.
Class Magento\Framework\App\ResourceConnection\Proxy generation error: The requested class did not generate properly, because the 'generated' directory permission is read-only. If --- after running the 'bin/magento setup:di:compile' CLI command when the 'generated' directory permission is set to write --- the requested class did not generate properly, then you must add the generated class object to the signature of the related construct method, only. {"exception":"[object] (RuntimeException(code: 0): Can't create directory /var/www/html/magento2/generated/code/Magento/Framework/App/ResourceConnection/.
Class Magento\\Framework\\App\\ResourceConnection\\Proxy generation error: The requested class did not generate properly, because the 'generated' directory permission is read-only. If --- after running the 'bin/magento setup:di:compile' CLI command when the 'generated' directory permission is set to write --- the requested class did not generate properly, then you must add the generated class object to the signature of the related construct method, only. at /var/www/html/magento2/vendor/magento/framework/Code/Generator.php:140)"} []
[2025-08-13T04:14:06.942864+00:00] main.CRITICAL: Can't create directory /var/www/html/magento2/generated/code/Magento/Framework/App/ResourceConnection/.
Class Magento\Framework\App\ResourceConnection\Proxy generation error: The requested class did not generate properly, because the 'generated' directory permission is read-only. If --- after running the 'bin/magento setup:di:compile' CLI command when the 'generated' directory permission is set to write --- the requested class did not generate properly, then you must add the generated class object to the signature of the related construct method, only. [] []
[2025-08-13T04:14:06.943184+00:00] main.DEBUG: Can't create directory /var/www/html/magento2/generated/code/Magento/Framework/App/ResourceConnection/.
Class Magento\Framework\App\ResourceConnection\Proxy generation error: The requested class did not generate properly, because the 'generated' directory permission is read-only. If --- after running the 'bin/magento setup:di:compile' CLI command when the 'generated' directory permission is set to write --- the requested class did not generate properly, then you must add the generated class object to the signature of the related construct method, only. {"exception":"[object] (RuntimeException(code: 0): Can't create directory /var/www/html/magento2/generated/code/Magento/Framework/App/ResourceConnection/.
Class Magento\\Framework\\App\\ResourceConnection\\Proxy generation error: The requested class did not generate properly, because the 'generated' directory permission is read-only. If --- after running the 'bin/magento setup:di:compile' CLI command when the 'generated' directory permission is set to write --- the requested class did not generate properly, then you must add the generated class object to the signature of the related construct method, only. at /var/www/html/magento2/vendor/magento/framework/Code/Generator.php:140)"} []
[2025-08-13T04:14:28.243267+00:00] main.ERROR: Command "setup:upgarde" is not defined.

Did you mean one of these?
    setup:backup
    setup:config:set
    setup:db-data:upgrade
    setup:db-declaration:generate-patch
    setup:db-declaration:generate-whitelist
    setup:db-schema:upgrade
    setup:db:status
    setup:di:compile
    setup:install
    setup:performance:generate-fixtures
    setup:rollback
    setup:static-content:deploy
    setup:store-config:set
    setup:uninstall
    setup:upgrade
#0 /var/www/html/magento2/vendor/symfony/console/Application.php(259): Symfony\Component\Console\Application->find()
#1 /var/www/html/magento2/vendor/magento/framework/Console/Cli.php(116): Symfony\Component\Console\Application->doRun()
#2 /var/www/html/magento2/vendor/symfony/console/Application.php(171): Magento\Framework\Console\Cli->doRun()
#3 /var/www/html/magento2/bin/magento(23): Symfony\Component\Console\Application->run()
#4 {main} [] []
[2025-08-13T04:14:58.486874+00:00] main.DEBUG: cache_invalidate:  {"method":"GET","url":"http:/","invalidateInfo":{"tags":["CONFIG"],"mode":"matchingTag"}} []
[2025-08-13T04:14:58.488570+00:00] main.DEBUG: cache_invalidate:  {"method":"GET","url":"http:/","invalidateInfo":{"tags":["LAYOUT_GENERAL_CACHE_TAG"],"mode":"matchingTag"}} []
[2025-08-13T04:14:58.489849+00:00] main.DEBUG: cache_invalidate:  {"method":"GET","url":"http:/","invalidateInfo":{"tags":["BLOCK_HTML"],"mode":"matchingTag"}} []
[2025-08-13T04:14:58.491094+00:00] main.DEBUG: cache_invalidate:  {"method":"GET","url":"http:/","invalidateInfo":{"tags":["COLLECTION_DATA"],"mode":"matchingTag"}} []
[2025-08-13T04:14:58.492410+00:00] main.DEBUG: cache_invalidate:  {"method":"GET","url":"http:/","invalidateInfo":{"tags":["REFLECTION"],"mode":"matchingTag"}} []
[2025-08-13T04:14:58.493685+00:00] main.DEBUG: cache_invalidate:  {"method":"GET","url":"http:/","invalidateInfo":{"tags":["DB_DDL"],"mode":"matchingTag"}} []
[2025-08-13T04:14:58.495339+00:00] main.DEBUG: cache_invalidate:  {"method":"GET","url":"http:/","invalidateInfo":{"tags":["COMPILED_CONFIG"],"mode":"matchingTag"}} []
[2025-08-13T04:14:58.496712+00:00] main.DEBUG: cache_invalidate:  {"method":"GET","url":"http:/","invalidateInfo":{"tags":["EAV"],"mode":"matchingTag"}} []
[2025-08-13T04:14:58.498825+00:00] main.DEBUG: cache_invalidate:  {"method":"GET","url":"http:/","invalidateInfo":{"tags":["CUSTOMER_NOTIFICATION"],"mode":"matchingTag"}} []
[2025-08-13T04:14:58.500259+00:00] main.DEBUG: cache_invalidate:  {"method":"GET","url":"http:/","invalidateInfo":{"tags":["INTEGRATION"],"mode":"matchingTag"}} []
[2025-08-13T04:14:58.501556+00:00] main.DEBUG: cache_invalidate:  {"method":"GET","url":"http:/","invalidateInfo":{"tags":["INTEGRATION_API_CONFIG"],"mode":"matchingTag"}} []
[2025-08-13T04:14:58.532644+00:00] main.DEBUG: cache_invalidate:  {"method":"GET","url":"http:/","invalidateInfo":{"tags":["FPC"],"mode":"matchingTag"}} []
[2025-08-13T04:14:58.534141+00:00] main.DEBUG: cache_invalidate:  {"method":"GET","url":"http:/","invalidateInfo":{"tags":["WEBSERVICE"],"mode":"matchingTag"}} []
[2025-08-13T04:14:58.535516+00:00] main.DEBUG: cache_invalidate:  {"method":"GET","url":"http:/","invalidateInfo":{"tags":["TRANSLATE"],"mode":"matchingTag"}} []
[2025-08-13T04:15:04.460350+00:00] main.DEBUG: cache_invalidate:  {"method":"GET","url":"http:/","invalidateInfo":{"tags":["CONFIG"],"mode":"matchingTag"}} []
[2025-08-13T04:15:44.196328+00:00] main.DEBUG: cache_invalidate:  {"method":"GET","url":"http:/","invalidateInfo":{"tags":["CONFIG"],"mode":"matchingTag"}} []
[2025-08-13T04:15:44.198146+00:00] main.DEBUG: cache_invalidate:  {"method":"GET","url":"http:/","invalidateInfo":{"tags":["LAYOUT_GENERAL_CACHE_TAG"],"mode":"matchingTag"}} []
[2025-08-13T04:15:44.201132+00:00] main.DEBUG: cache_invalidate:  {"method":"GET","url":"http:/","invalidateInfo":{"tags":["BLOCK_HTML"],"mode":"matchingTag"}} []
[2025-08-13T04:15:44.202584+00:00] main.DEBUG: cache_invalidate:  {"method":"GET","url":"http:/","invalidateInfo":{"tags":["COLLECTION_DATA"],"mode":"matchingTag"}} []
[2025-08-13T04:15:44.203848+00:00] main.DEBUG: cache_invalidate:  {"method":"GET","url":"http:/","invalidateInfo":{"tags":["REFLECTION"],"mode":"matchingTag"}} []
[2025-08-13T04:15:44.205143+00:00] main.DEBUG: cache_invalidate:  {"method":"GET","url":"http:/","invalidateInfo":{"tags":["DB_DDL"],"mode":"matchingTag"}} []
[2025-08-13T04:15:44.206387+00:00] main.DEBUG: cache_invalidate:  {"method":"GET","url":"http:/","invalidateInfo":{"tags":["COMPILED_CONFIG"],"mode":"matchingTag"}} []
[2025-08-13T04:15:44.208320+00:00] main.DEBUG: cache_invalidate:  {"method":"GET","url":"http:/","invalidateInfo":{"tags":["EAV"],"mode":"matchingTag"}} []
[2025-08-13T04:15:44.210255+00:00] main.DEBUG: cache_invalidate:  {"method":"GET","url":"http:/","invalidateInfo":{"tags":["CUSTOMER_NOTIFICATION"],"mode":"matchingTag"}} []
[2025-08-13T04:15:44.211702+00:00] main.DEBUG: cache_invalidate:  {"method":"GET","url":"http:/","invalidateInfo":{"tags":["INTEGRATION"],"mode":"matchingTag"}} []
[2025-08-13T04:15:44.212978+00:00] main.DEBUG: cache_invalidate:  {"method":"GET","url":"http:/","invalidateInfo":{"tags":["INTEGRATION_API_CONFIG"],"mode":"matchingTag"}} []
[2025-08-13T04:15:44.218814+00:00] main.DEBUG: cache_invalidate:  {"method":"GET","url":"http:/","invalidateInfo":{"tags":["FPC"],"mode":"matchingTag"}} []
[2025-08-13T04:15:44.220316+00:00] main.DEBUG: cache_invalidate:  {"method":"GET","url":"http:/","invalidateInfo":{"tags":["WEBSERVICE"],"mode":"matchingTag"}} []
[2025-08-13T04:15:44.221683+00:00] main.DEBUG: cache_invalidate:  {"method":"GET","url":"http:/","invalidateInfo":{"tags":["TRANSLATE"],"mode":"matchingTag"}} []
[2025-08-13T04:15:49.455784+00:00] main.DEBUG: cache_invalidate:  {"method":"GET","url":"http:/","invalidateInfo":{"tags":["CONFIG"],"mode":"matchingTag"}} []
[2025-08-13T04:15:49.598875+00:00] main.DEBUG: cache_invalidate:  {"method":"GET","url":"http:/","invalidateInfo":{"tags":["CONFIG"],"mode":"matchingTag"}} []
[2025-08-13T04:15:49.600285+00:00] main.DEBUG: cache_invalidate:  {"method":"GET","url":"http:/","invalidateInfo":{"tags":["LAYOUT_GENERAL_CACHE_TAG"],"mode":"matchingTag"}} []
[2025-08-13T04:15:49.601565+00:00] main.DEBUG: cache_invalidate:  {"method":"GET","url":"http:/","invalidateInfo":{"tags":["BLOCK_HTML"],"mode":"matchingTag"}} []
[2025-08-13T04:15:49.602766+00:00] main.DEBUG: cache_invalidate:  {"method":"GET","url":"http:/","invalidateInfo":{"tags":["COLLECTION_DATA"],"mode":"matchingTag"}} []
[2025-08-13T04:15:49.603984+00:00] main.DEBUG: cache_invalidate:  {"method":"GET","url":"http:/","invalidateInfo":{"tags":["REFLECTION"],"mode":"matchingTag"}} []
[2025-08-13T04:15:49.605214+00:00] main.DEBUG: cache_invalidate:  {"method":"GET","url":"http:/","invalidateInfo":{"tags":["DB_DDL"],"mode":"matchingTag"}} []
[2025-08-13T04:15:49.606449+00:00] main.DEBUG: cache_invalidate:  {"method":"GET","url":"http:/","invalidateInfo":{"tags":["COMPILED_CONFIG"],"mode":"matchingTag"}} []
[2025-08-13T04:15:49.607831+00:00] main.DEBUG: cache_invalidate:  {"method":"GET","url":"http:/","invalidateInfo":{"tags":["EAV"],"mode":"matchingTag"}} []
[2025-08-13T04:15:49.609083+00:00] main.DEBUG: cache_invalidate:  {"method":"GET","url":"http:/","invalidateInfo":{"tags":["CUSTOMER_NOTIFICATION"],"mode":"matchingTag"}} []
[2025-08-13T04:15:49.610314+00:00] main.DEBUG: cache_invalidate:  {"method":"GET","url":"http:/","invalidateInfo":{"tags":["INTEGRATION"],"mode":"matchingTag"}} []
[2025-08-13T04:15:49.611507+00:00] main.DEBUG: cache_invalidate:  {"method":"GET","url":"http:/","invalidateInfo":{"tags":["INTEGRATION_API_CONFIG"],"mode":"matchingTag"}} []
[2025-08-13T04:15:49.612995+00:00] main.DEBUG: cache_invalidate:  {"method":"GET","url":"http:/","invalidateInfo":{"tags":["FPC"],"mode":"matchingTag"}} []
[2025-08-13T04:15:49.614220+00:00] main.DEBUG: cache_invalidate:  {"method":"GET","url":"http:/","invalidateInfo":{"tags":["WEBSERVICE"],"mode":"matchingTag"}} []
[2025-08-13T04:15:49.615609+00:00] main.DEBUG: cache_invalidate:  {"method":"GET","url":"http:/","invalidateInfo":{"tags":["TRANSLATE"],"mode":"matchingTag"}} []
[2025-08-13T04:15:52.572593+00:00] main.DEBUG: cache_invalidate:  {"method":"GET","url":"http:/","invalidateInfo":{"tags":["LAYOUT_GENERAL_CACHE_TAG"],"mode":"matchingTag"}} []
[2025-08-13T04:15:52.573879+00:00] main.DEBUG: cache_invalidate:  {"method":"GET","url":"http:/","invalidateInfo":{"tags":["BLOCK_HTML"],"mode":"matchingTag"}} []
[2025-08-13T04:15:52.575057+00:00] main.DEBUG: cache_invalidate:  {"method":"GET","url":"http:/","invalidateInfo":{"tags":["FPC"],"mode":"matchingTag"}} []
[2025-08-13T04:16:08.868698+00:00] main.DEBUG: cache_invalidate:  {"method":"GET","url":"http:/","invalidateInfo":{"tags":[],"mode":"all"}} []
[2025-08-13T04:16:08.879382+00:00] main.DEBUG: cache_invalidate:  {"method":"GET","url":"http:/","invalidateInfo":{"tags":[],"mode":"all"}} []
[2025-08-13T04:16:49.902725+00:00] main.DEBUG: cache_invalidate:  {"method":"GET","url":"http:/","invalidateInfo":{"tags":["FPC"],"mode":"matchingTag"}} []
[2025-08-13T04:17:10.487753+00:00] main.INFO: Broken reference: the 'catalog.compare.sidebar' element cannot be added as child to 'sidebar.additional', because the latter doesn't exist [] []
[2025-08-13T04:17:10.488660+00:00] main.INFO: Broken reference: the 'sale.reorder.sidebar' element cannot be added as child to 'sidebar.additional', because the latter doesn't exist [] []
[2025-08-13T04:17:10.489896+00:00] main.INFO: Broken reference: the 'wishlist_sidebar' element cannot be added as child to 'sidebar.additional', because the latter doesn't exist [] []
[2025-08-13T04:17:10.490804+00:00] main.INFO: Broken reference: the 'paypal.partner.right.logo' element cannot be added as child to 'sidebar.additional', because the latter doesn't exist [] []
[2025-08-13T04:17:10.491453+00:00] main.INFO: Broken reference: the 'bml.right.logo' element cannot be added as child to 'sidebar.additional', because the latter doesn't exist [] []
[2025-08-13T04:17:10.491921+00:00] main.INFO: Broken reference: the 'sidebar.container.paylater' element cannot be added as child to 'sidebar.additional', because the latter doesn't exist [] []
[2025-08-13T04:27:08.257481+00:00] main.DEBUG: cache_invalidate:  {"method":"GET","url":"http:/","invalidateInfo":{"tags":["CONFIG"],"mode":"matchingTag"}} []
[2025-08-13T04:27:08.259800+00:00] main.DEBUG: cache_invalidate:  {"method":"GET","url":"http:/","invalidateInfo":{"tags":["LAYOUT_GENERAL_CACHE_TAG"],"mode":"matchingTag"}} []
[2025-08-13T04:27:08.261726+00:00] main.DEBUG: cache_invalidate:  {"method":"GET","url":"http:/","invalidateInfo":{"tags":["BLOCK_HTML"],"mode":"matchingTag"}} []
[2025-08-13T04:27:08.264455+00:00] main.DEBUG: cache_invalidate:  {"method":"GET","url":"http:/","invalidateInfo":{"tags":["COLLECTION_DATA"],"mode":"matchingTag"}} []
[2025-08-13T04:27:08.265826+00:00] main.DEBUG: cache_invalidate:  {"method":"GET","url":"http:/","invalidateInfo":{"tags":["REFLECTION"],"mode":"matchingTag"}} []
[2025-08-13T04:27:08.267596+00:00] main.DEBUG: cache_invalidate:  {"method":"GET","url":"http:/","invalidateInfo":{"tags":["DB_DDL"],"mode":"matchingTag"}} []
[2025-08-13T04:27:08.269352+00:00] main.DEBUG: cache_invalidate:  {"method":"GET","url":"http:/","invalidateInfo":{"tags":["COMPILED_CONFIG"],"mode":"matchingTag"}} []
[2025-08-13T04:27:08.271177+00:00] main.DEBUG: cache_invalidate:  {"method":"GET","url":"http:/","invalidateInfo":{"tags":["EAV"],"mode":"matchingTag"}} []
[2025-08-13T04:27:08.272549+00:00] main.DEBUG: cache_invalidate:  {"method":"GET","url":"http:/","invalidateInfo":{"tags":["CUSTOMER_NOTIFICATION"],"mode":"matchingTag"}} []
[2025-08-13T04:27:08.274271+00:00] main.DEBUG: cache_invalidate:  {"method":"GET","url":"http:/","invalidateInfo":{"tags":["INTEGRATION"],"mode":"matchingTag"}} []
[2025-08-13T04:27:08.276368+00:00] main.DEBUG: cache_invalidate:  {"method":"GET","url":"http:/","invalidateInfo":{"tags":["INTEGRATION_API_CONFIG"],"mode":"matchingTag"}} []
[2025-08-13T04:27:08.279564+00:00] main.DEBUG: cache_invalidate:  {"method":"GET","url":"http:/","invalidateInfo":{"tags":["FPC"],"mode":"matchingTag"}} []
[2025-08-13T04:27:08.281793+00:00] main.DEBUG: cache_invalidate:  {"method":"GET","url":"http:/","invalidateInfo":{"tags":["WEBSERVICE"],"mode":"matchingTag"}} []
[2025-08-13T04:27:08.283700+00:00] main.DEBUG: cache_invalidate:  {"method":"GET","url":"http:/","invalidateInfo":{"tags":["TRANSLATE"],"mode":"matchingTag"}} []
[2025-08-13T04:27:16.709257+00:00] main.DEBUG: cache_invalidate:  {"method":"GET","url":"http:/","invalidateInfo":{"tags":["CONFIG"],"mode":"matchingTag"}} []
[2025-08-13T04:27:16.811121+00:00] main.DEBUG: cache_invalidate:  {"method":"GET","url":"http:/","invalidateInfo":{"tags":["CONFIG"],"mode":"matchingTag"}} []
[2025-08-13T04:27:16.813628+00:00] main.DEBUG: cache_invalidate:  {"method":"GET","url":"http:/","invalidateInfo":{"tags":["LAYOUT_GENERAL_CACHE_TAG"],"mode":"matchingTag"}} []
[2025-08-13T04:27:16.815717+00:00] main.DEBUG: cache_invalidate:  {"method":"GET","url":"http:/","invalidateInfo":{"tags":["BLOCK_HTML"],"mode":"matchingTag"}} []
[2025-08-13T04:27:16.817565+00:00] main.DEBUG: cache_invalidate:  {"method":"GET","url":"http:/","invalidateInfo":{"tags":["COLLECTION_DATA"],"mode":"matchingTag"}} []
[2025-08-13T04:27:16.818917+00:00] main.DEBUG: cache_invalidate:  {"method":"GET","url":"http:/","invalidateInfo":{"tags":["REFLECTION"],"mode":"matchingTag"}} []
[2025-08-13T04:27:16.822969+00:00] main.DEBUG: cache_invalidate:  {"method":"GET","url":"http:/","invalidateInfo":{"tags":["DB_DDL"],"mode":"matchingTag"}} []
[2025-08-13T04:27:16.825435+00:00] main.DEBUG: cache_invalidate:  {"method":"GET","url":"http:/","invalidateInfo":{"tags":["COMPILED_CONFIG"],"mode":"matchingTag"}} []
[2025-08-13T04:27:16.827409+00:00] main.DEBUG: cache_invalidate:  {"method":"GET","url":"http:/","invalidateInfo":{"tags":["EAV"],"mode":"matchingTag"}} []
[2025-08-13T04:27:16.828980+00:00] main.DEBUG: cache_invalidate:  {"method":"GET","url":"http:/","invalidateInfo":{"tags":["CUSTOMER_NOTIFICATION"],"mode":"matchingTag"}} []
[2025-08-13T04:27:16.831357+00:00] main.DEBUG: cache_invalidate:  {"method":"GET","url":"http:/","invalidateInfo":{"tags":["INTEGRATION"],"mode":"matchingTag"}} []
[2025-08-13T04:27:16.833210+00:00] main.DEBUG: cache_invalidate:  {"method":"GET","url":"http:/","invalidateInfo":{"tags":["INTEGRATION_API_CONFIG"],"mode":"matchingTag"}} []
[2025-08-13T04:27:16.835495+00:00] main.DEBUG: cache_invalidate:  {"method":"GET","url":"http:/","invalidateInfo":{"tags":["FPC"],"mode":"matchingTag"}} []
[2025-08-13T04:27:16.837370+00:00] main.DEBUG: cache_invalidate:  {"method":"GET","url":"http:/","invalidateInfo":{"tags":["WEBSERVICE"],"mode":"matchingTag"}} []
[2025-08-13T04:27:16.839049+00:00] main.DEBUG: cache_invalidate:  {"method":"GET","url":"http:/","invalidateInfo":{"tags":["TRANSLATE"],"mode":"matchingTag"}} []
[2025-08-13T04:27:20.126594+00:00] main.DEBUG: cache_invalidate:  {"method":"GET","url":"http:/","invalidateInfo":{"tags":["LAYOUT_GENERAL_CACHE_TAG"],"mode":"matchingTag"}} []
[2025-08-13T04:27:20.128706+00:00] main.DEBUG: cache_invalidate:  {"method":"GET","url":"http:/","invalidateInfo":{"tags":["BLOCK_HTML"],"mode":"matchingTag"}} []
[2025-08-13T04:27:20.131738+00:00] main.DEBUG: cache_invalidate:  {"method":"GET","url":"http:/","invalidateInfo":{"tags":["FPC"],"mode":"matchingTag"}} []
[2025-08-13T04:27:34.631130+00:00] main.DEBUG: cache_invalidate:  {"method":"GET","url":"http:/","invalidateInfo":{"tags":[],"mode":"all"}} []
[2025-08-13T04:27:34.639231+00:00] main.DEBUG: cache_invalidate:  {"method":"GET","url":"http:/","invalidateInfo":{"tags":[],"mode":"all"}} []
[2025-08-13T04:27:34.641542+00:00] main.DEBUG: cache_invalidate:  {"method":"GET","url":"http:/","invalidateInfo":{"tags":[],"mode":"all"}} []
[2025-08-13T04:28:15.802455+00:00] main.DEBUG: cache_invalidate:  {"method":"GET","url":"http:/","invalidateInfo":{"tags":["FPC"],"mode":"matchingTag"}} []
[2025-08-13T04:29:05.416082+00:00] main.INFO: Broken reference: the 'catalog.compare.sidebar' element cannot be added as child to 'sidebar.additional', because the latter doesn't exist [] []
[2025-08-13T04:29:05.417918+00:00] main.INFO: Broken reference: the 'sale.reorder.sidebar' element cannot be added as child to 'sidebar.additional', because the latter doesn't exist [] []
[2025-08-13T04:29:05.419571+00:00] main.INFO: Broken reference: the 'wishlist_sidebar' element cannot be added as child to 'sidebar.additional', because the latter doesn't exist [] []
[2025-08-13T04:29:05.421051+00:00] main.INFO: Broken reference: the 'paypal.partner.right.logo' element cannot be added as child to 'sidebar.additional', because the latter doesn't exist [] []
[2025-08-13T04:29:05.422309+00:00] main.INFO: Broken reference: the 'bml.right.logo' element cannot be added as child to 'sidebar.additional', because the latter doesn't exist [] []
[2025-08-13T04:29:05.423440+00:00] main.INFO: Broken reference: the 'sidebar.container.paylater' element cannot be added as child to 'sidebar.additional', because the latter doesn't exist [] []
[2025-08-13T04:31:35.536752+00:00] main.DEBUG: cache_invalidate:  {"method":"GET","url":"http:/","invalidateInfo":{"tags":["CONFIG"],"mode":"matchingTag"}} []
[2025-08-13T04:31:35.539021+00:00] main.DEBUG: cache_invalidate:  {"method":"GET","url":"http:/","invalidateInfo":{"tags":["LAYOUT_GENERAL_CACHE_TAG"],"mode":"matchingTag"}} []
[2025-08-13T04:31:35.540896+00:00] main.DEBUG: cache_invalidate:  {"method":"GET","url":"http:/","invalidateInfo":{"tags":["BLOCK_HTML"],"mode":"matchingTag"}} []
[2025-08-13T04:31:35.542662+00:00] main.DEBUG: cache_invalidate:  {"method":"GET","url":"http:/","invalidateInfo":{"tags":["COLLECTION_DATA"],"mode":"matchingTag"}} []
[2025-08-13T04:31:35.544049+00:00] main.DEBUG: cache_invalidate:  {"method":"GET","url":"http:/","invalidateInfo":{"tags":["REFLECTION"],"mode":"matchingTag"}} []
[2025-08-13T04:31:35.546862+00:00] main.DEBUG: cache_invalidate:  {"method":"GET","url":"http:/","invalidateInfo":{"tags":["DB_DDL"],"mode":"matchingTag"}} []
[2025-08-13T04:31:35.548838+00:00] main.DEBUG: cache_invalidate:  {"method":"GET","url":"http:/","invalidateInfo":{"tags":["COMPILED_CONFIG"],"mode":"matchingTag"}} []
[2025-08-13T04:31:35.550706+00:00] main.DEBUG: cache_invalidate:  {"method":"GET","url":"http:/","invalidateInfo":{"tags":["EAV"],"mode":"matchingTag"}} []
[2025-08-13T04:31:35.552152+00:00] main.DEBUG: cache_invalidate:  {"method":"GET","url":"http:/","invalidateInfo":{"tags":["CUSTOMER_NOTIFICATION"],"mode":"matchingTag"}} []
[2025-08-13T04:31:35.554160+00:00] main.DEBUG: cache_invalidate:  {"method":"GET","url":"http:/","invalidateInfo":{"tags":["INTEGRATION"],"mode":"matchingTag"}} []
[2025-08-13T04:31:35.555848+00:00] main.DEBUG: cache_invalidate:  {"method":"GET","url":"http:/","invalidateInfo":{"tags":["INTEGRATION_API_CONFIG"],"mode":"matchingTag"}} []
[2025-08-13T04:31:35.560516+00:00] main.DEBUG: cache_invalidate:  {"method":"GET","url":"http:/","invalidateInfo":{"tags":["FPC"],"mode":"matchingTag"}} []
[2025-08-13T04:31:35.563170+00:00] main.DEBUG: cache_invalidate:  {"method":"GET","url":"http:/","invalidateInfo":{"tags":["WEBSERVICE"],"mode":"matchingTag"}} []
[2025-08-13T04:31:35.565530+00:00] main.DEBUG: cache_invalidate:  {"method":"GET","url":"http:/","invalidateInfo":{"tags":["TRANSLATE"],"mode":"matchingTag"}} []
[2025-08-13T04:31:42.067193+00:00] main.DEBUG: cache_invalidate:  {"method":"GET","url":"http:/","invalidateInfo":{"tags":["CONFIG"],"mode":"matchingTag"}} []
[2025-08-13T04:31:42.164367+00:00] main.DEBUG: cache_invalidate:  {"method":"GET","url":"http:/","invalidateInfo":{"tags":["CONFIG"],"mode":"matchingTag"}} []
[2025-08-13T04:31:42.166578+00:00] main.DEBUG: cache_invalidate:  {"method":"GET","url":"http:/","invalidateInfo":{"tags":["LAYOUT_GENERAL_CACHE_TAG"],"mode":"matchingTag"}} []
[2025-08-13T04:31:42.168498+00:00] main.DEBUG: cache_invalidate:  {"method":"GET","url":"http:/","invalidateInfo":{"tags":["BLOCK_HTML"],"mode":"matchingTag"}} []
[2025-08-13T04:31:42.170542+00:00] main.DEBUG: cache_invalidate:  {"method":"GET","url":"http:/","invalidateInfo":{"tags":["COLLECTION_DATA"],"mode":"matchingTag"}} []
[2025-08-13T04:31:42.171961+00:00] main.DEBUG: cache_invalidate:  {"method":"GET","url":"http:/","invalidateInfo":{"tags":["REFLECTION"],"mode":"matchingTag"}} []
[2025-08-13T04:31:42.173771+00:00] main.DEBUG: cache_invalidate:  {"method":"GET","url":"http:/","invalidateInfo":{"tags":["DB_DDL"],"mode":"matchingTag"}} []
[2025-08-13T04:31:42.175106+00:00] main.DEBUG: cache_invalidate:  {"method":"GET","url":"http:/","invalidateInfo":{"tags":["COMPILED_CONFIG"],"mode":"matchingTag"}} []
[2025-08-13T04:31:42.176905+00:00] main.DEBUG: cache_invalidate:  {"method":"GET","url":"http:/","invalidateInfo":{"tags":["EAV"],"mode":"matchingTag"}} []
[2025-08-13T04:31:42.178573+00:00] main.DEBUG: cache_invalidate:  {"method":"GET","url":"http:/","invalidateInfo":{"tags":["CUSTOMER_NOTIFICATION"],"mode":"matchingTag"}} []
[2025-08-13T04:31:42.181041+00:00] main.DEBUG: cache_invalidate:  {"method":"GET","url":"http:/","invalidateInfo":{"tags":["INTEGRATION"],"mode":"matchingTag"}} []
[2025-08-13T04:31:42.182862+00:00] main.DEBUG: cache_invalidate:  {"method":"GET","url":"http:/","invalidateInfo":{"tags":["INTEGRATION_API_CONFIG"],"mode":"matchingTag"}} []
[2025-08-13T04:31:42.184900+00:00] main.DEBUG: cache_invalidate:  {"method":"GET","url":"http:/","invalidateInfo":{"tags":["FPC"],"mode":"matchingTag"}} []
[2025-08-13T04:31:42.187364+00:00] main.DEBUG: cache_invalidate:  {"method":"GET","url":"http:/","invalidateInfo":{"tags":["WEBSERVICE"],"mode":"matchingTag"}} []
[2025-08-13T04:31:42.189177+00:00] main.DEBUG: cache_invalidate:  {"method":"GET","url":"http:/","invalidateInfo":{"tags":["TRANSLATE"],"mode":"matchingTag"}} []
[2025-08-13T04:31:45.189253+00:00] main.DEBUG: cache_invalidate:  {"method":"GET","url":"http:/","invalidateInfo":{"tags":["LAYOUT_GENERAL_CACHE_TAG"],"mode":"matchingTag"}} []
[2025-08-13T04:31:45.191167+00:00] main.DEBUG: cache_invalidate:  {"method":"GET","url":"http:/","invalidateInfo":{"tags":["BLOCK_HTML"],"mode":"matchingTag"}} []
[2025-08-13T04:31:45.193044+00:00] main.DEBUG: cache_invalidate:  {"method":"GET","url":"http:/","invalidateInfo":{"tags":["FPC"],"mode":"matchingTag"}} []
[2025-08-13T04:32:48.268240+00:00] main.DEBUG: cache_invalidate:  {"method":"GET","url":"http:/","invalidateInfo":{"tags":[],"mode":"all"}} []
[2025-08-13T04:32:48.276591+00:00] main.DEBUG: cache_invalidate:  {"method":"GET","url":"http:/","invalidateInfo":{"tags":[],"mode":"all"}} []
[2025-08-13T04:32:48.283948+00:00] main.DEBUG: cache_invalidate:  {"method":"GET","url":"http:/","invalidateInfo":{"tags":[],"mode":"all"}} []
[2025-08-13T04:33:34.547251+00:00] main.DEBUG: cache_invalidate:  {"method":"GET","url":"http:/","invalidateInfo":{"tags":["FPC"],"mode":"matchingTag"}} []
[2025-08-13T04:33:58.841819+00:00] main.INFO: Broken reference: the 'catalog.compare.sidebar' element cannot be added as child to 'sidebar.additional', because the latter doesn't exist [] []
[2025-08-13T04:33:58.843447+00:00] main.INFO: Broken reference: the 'sale.reorder.sidebar' element cannot be added as child to 'sidebar.additional', because the latter doesn't exist [] []
[2025-08-13T04:33:58.845075+00:00] main.INFO: Broken reference: the 'wishlist_sidebar' element cannot be added as child to 'sidebar.additional', because the latter doesn't exist [] []
[2025-08-13T04:33:58.846084+00:00] main.INFO: Broken reference: the 'paypal.partner.right.logo' element cannot be added as child to 'sidebar.additional', because the latter doesn't exist [] []
[2025-08-13T04:33:58.846956+00:00] main.INFO: Broken reference: the 'bml.right.logo' element cannot be added as child to 'sidebar.additional', because the latter doesn't exist [] []
[2025-08-13T04:33:58.847792+00:00] main.INFO: Broken reference: the 'sidebar.container.paylater' element cannot be added as child to 'sidebar.additional', because the latter doesn't exist [] []
[2025-08-13T04:40:03.075520+00:00] main.DEBUG: cache_invalidate:  {"method":"GET","url":"http:/","invalidateInfo":{"tags":["CONFIG"],"mode":"matchingTag"}} []
[2025-08-13T04:40:03.078960+00:00] main.DEBUG: cache_invalidate:  {"method":"GET","url":"http:/","invalidateInfo":{"tags":["LAYOUT_GENERAL_CACHE_TAG"],"mode":"matchingTag"}} []
[2025-08-13T04:40:03.080554+00:00] main.DEBUG: cache_invalidate:  {"method":"GET","url":"http:/","invalidateInfo":{"tags":["BLOCK_HTML"],"mode":"matchingTag"}} []
[2025-08-13T04:40:03.081910+00:00] main.DEBUG: cache_invalidate:  {"method":"GET","url":"http:/","invalidateInfo":{"tags":["COLLECTION_DATA"],"mode":"matchingTag"}} []
[2025-08-13T04:40:03.083183+00:00] main.DEBUG: cache_invalidate:  {"method":"GET","url":"http:/","invalidateInfo":{"tags":["REFLECTION"],"mode":"matchingTag"}} []
[2025-08-13T04:40:03.084456+00:00] main.DEBUG: cache_invalidate:  {"method":"GET","url":"http:/","invalidateInfo":{"tags":["DB_DDL"],"mode":"matchingTag"}} []
[2025-08-13T04:40:03.085677+00:00] main.DEBUG: cache_invalidate:  {"method":"GET","url":"http:/","invalidateInfo":{"tags":["COMPILED_CONFIG"],"mode":"matchingTag"}} []
[2025-08-13T04:40:03.087079+00:00] main.DEBUG: cache_invalidate:  {"method":"GET","url":"http:/","invalidateInfo":{"tags":["EAV"],"mode":"matchingTag"}} []
[2025-08-13T04:40:03.088324+00:00] main.DEBUG: cache_invalidate:  {"method":"GET","url":"http:/","invalidateInfo":{"tags":["CUSTOMER_NOTIFICATION"],"mode":"matchingTag"}} []
[2025-08-13T04:40:03.089557+00:00] main.DEBUG: cache_invalidate:  {"method":"GET","url":"http:/","invalidateInfo":{"tags":["INTEGRATION"],"mode":"matchingTag"}} []
[2025-08-13T04:40:03.090910+00:00] main.DEBUG: cache_invalidate:  {"method":"GET","url":"http:/","invalidateInfo":{"tags":["INTEGRATION_API_CONFIG"],"mode":"matchingTag"}} []
[2025-08-13T04:40:03.093378+00:00] main.DEBUG: cache_invalidate:  {"method":"GET","url":"http:/","invalidateInfo":{"tags":["FPC"],"mode":"matchingTag"}} []
[2025-08-13T04:40:03.095425+00:00] main.DEBUG: cache_invalidate:  {"method":"GET","url":"http:/","invalidateInfo":{"tags":["WEBSERVICE"],"mode":"matchingTag"}} []
[2025-08-13T04:40:03.096804+00:00] main.DEBUG: cache_invalidate:  {"method":"GET","url":"http:/","invalidateInfo":{"tags":["TRANSLATE"],"mode":"matchingTag"}} []
[2025-08-13T04:40:08.480400+00:00] main.DEBUG: cache_invalidate:  {"method":"GET","url":"http:/","invalidateInfo":{"tags":["CONFIG"],"mode":"matchingTag"}} []
[2025-08-13T04:40:08.554656+00:00] main.DEBUG: cache_invalidate:  {"method":"GET","url":"http:/","invalidateInfo":{"tags":["CONFIG"],"mode":"matchingTag"}} []
[2025-08-13T04:40:08.556058+00:00] main.DEBUG: cache_invalidate:  {"method":"GET","url":"http:/","invalidateInfo":{"tags":["LAYOUT_GENERAL_CACHE_TAG"],"mode":"matchingTag"}} []
[2025-08-13T04:40:08.557375+00:00] main.DEBUG: cache_invalidate:  {"method":"GET","url":"http:/","invalidateInfo":{"tags":["BLOCK_HTML"],"mode":"matchingTag"}} []
[2025-08-13T04:40:08.558651+00:00] main.DEBUG: cache_invalidate:  {"method":"GET","url":"http:/","invalidateInfo":{"tags":["COLLECTION_DATA"],"mode":"matchingTag"}} []
[2025-08-13T04:40:08.559922+00:00] main.DEBUG: cache_invalidate:  {"method":"GET","url":"http:/","invalidateInfo":{"tags":["REFLECTION"],"mode":"matchingTag"}} []
[2025-08-13T04:40:08.561867+00:00] main.DEBUG: cache_invalidate:  {"method":"GET","url":"http:/","invalidateInfo":{"tags":["DB_DDL"],"mode":"matchingTag"}} []
[2025-08-13T04:40:08.563260+00:00] main.DEBUG: cache_invalidate:  {"method":"GET","url":"http:/","invalidateInfo":{"tags":["COMPILED_CONFIG"],"mode":"matchingTag"}} []
[2025-08-13T04:40:08.564492+00:00] main.DEBUG: cache_invalidate:  {"method":"GET","url":"http:/","invalidateInfo":{"tags":["EAV"],"mode":"matchingTag"}} []
[2025-08-13T04:40:08.565859+00:00] main.DEBUG: cache_invalidate:  {"method":"GET","url":"http:/","invalidateInfo":{"tags":["CUSTOMER_NOTIFICATION"],"mode":"matchingTag"}} []
[2025-08-13T04:40:08.567104+00:00] main.DEBUG: cache_invalidate:  {"method":"GET","url":"http:/","invalidateInfo":{"tags":["INTEGRATION"],"mode":"matchingTag"}} []
[2025-08-13T04:40:08.568423+00:00] main.DEBUG: cache_invalidate:  {"method":"GET","url":"http:/","invalidateInfo":{"tags":["INTEGRATION_API_CONFIG"],"mode":"matchingTag"}} []
[2025-08-13T04:40:08.569939+00:00] main.DEBUG: cache_invalidate:  {"method":"GET","url":"http:/","invalidateInfo":{"tags":["FPC"],"mode":"matchingTag"}} []
[2025-08-13T04:40:08.571216+00:00] main.DEBUG: cache_invalidate:  {"method":"GET","url":"http:/","invalidateInfo":{"tags":["WEBSERVICE"],"mode":"matchingTag"}} []
[2025-08-13T04:40:08.572546+00:00] main.DEBUG: cache_invalidate:  {"method":"GET","url":"http:/","invalidateInfo":{"tags":["TRANSLATE"],"mode":"matchingTag"}} []
[2025-08-13T04:40:11.449758+00:00] main.DEBUG: cache_invalidate:  {"method":"GET","url":"http:/","invalidateInfo":{"tags":["LAYOUT_GENERAL_CACHE_TAG"],"mode":"matchingTag"}} []
[2025-08-13T04:40:11.451112+00:00] main.DEBUG: cache_invalidate:  {"method":"GET","url":"http:/","invalidateInfo":{"tags":["BLOCK_HTML"],"mode":"matchingTag"}} []
[2025-08-13T04:40:11.452336+00:00] main.DEBUG: cache_invalidate:  {"method":"GET","url":"http:/","invalidateInfo":{"tags":["FPC"],"mode":"matchingTag"}} []
[2025-08-13T04:40:21.867650+00:00] main.DEBUG: cache_invalidate:  {"method":"GET","url":"http:/","invalidateInfo":{"tags":[],"mode":"all"}} []
[2025-08-13T04:40:21.878424+00:00] main.DEBUG: cache_invalidate:  {"method":"GET","url":"http:/","invalidateInfo":{"tags":[],"mode":"all"}} []
[2025-08-13T04:41:08.845875+00:00] main.DEBUG: cache_invalidate:  {"method":"GET","url":"http:/","invalidateInfo":{"tags":["FPC"],"mode":"matchingTag"}} []
[2025-08-13T04:42:10.854952+00:00] main.INFO: Broken reference: the 'catalog.compare.sidebar' element cannot be added as child to 'sidebar.additional', because the latter doesn't exist [] []
[2025-08-13T04:42:10.855772+00:00] main.INFO: Broken reference: the 'sale.reorder.sidebar' element cannot be added as child to 'sidebar.additional', because the latter doesn't exist [] []
[2025-08-13T04:42:10.856568+00:00] main.INFO: Broken reference: the 'wishlist_sidebar' element cannot be added as child to 'sidebar.additional', because the latter doesn't exist [] []
[2025-08-13T04:42:10.857148+00:00] main.INFO: Broken reference: the 'paypal.partner.right.logo' element cannot be added as child to 'sidebar.additional', because the latter doesn't exist [] []
[2025-08-13T04:42:10.857601+00:00] main.INFO: Broken reference: the 'bml.right.logo' element cannot be added as child to 'sidebar.additional', because the latter doesn't exist [] []
[2025-08-13T04:42:10.858144+00:00] main.INFO: Broken reference: the 'sidebar.container.paylater' element cannot be added as child to 'sidebar.additional', because the latter doesn't exist [] []
[2025-08-13T18:12:26.337142+00:00] main.INFO: Broken reference: the 'catalog.compare.sidebar' element cannot be added as child to 'sidebar.additional', because the latter doesn't exist [] []
[2025-08-13T18:12:26.341807+00:00] main.INFO: Broken reference: the 'sale.reorder.sidebar' element cannot be added as child to 'sidebar.additional', because the latter doesn't exist [] []
[2025-08-13T18:12:26.342692+00:00] main.INFO: Broken reference: the 'wishlist_sidebar' element cannot be added as child to 'sidebar.additional', because the latter doesn't exist [] []
[2025-08-13T18:12:26.343351+00:00] main.INFO: Broken reference: the 'paypal.partner.right.logo' element cannot be added as child to 'sidebar.additional', because the latter doesn't exist [] []
[2025-08-13T18:12:26.344387+00:00] main.INFO: Broken reference: the 'bml.right.logo' element cannot be added as child to 'sidebar.additional', because the latter doesn't exist [] []
[2025-08-13T18:12:26.345444+00:00] main.INFO: Broken reference: the 'sidebar.container.paylater' element cannot be added as child to 'sidebar.additional', because the latter doesn't exist [] []
[2025-08-13T18:12:34.950652+00:00] main.CRITICAL: Elasticsearch\Common\Exceptions\NoNodesAvailableException: No alive nodes found in your cluster in /var/www/html/magento2/vendor/elasticsearch/elasticsearch/src/Elasticsearch/ConnectionPool/StaticNoPingConnectionPool.php:64
Stack trace:
#0 /var/www/html/magento2/vendor/elasticsearch/elasticsearch/src/Elasticsearch/Transport.php(82): Elasticsearch\ConnectionPool\StaticNoPingConnectionPool->nextConnection()
#1 /var/www/html/magento2/vendor/elasticsearch/elasticsearch/src/Elasticsearch/Transport.php(99): Elasticsearch\Transport->getConnection()
#2 /var/www/html/magento2/vendor/elasticsearch/elasticsearch/src/Elasticsearch/Connections/Connection.php(297): Elasticsearch\Transport->performRequest()
#3 /var/www/html/magento2/vendor/react/promise/src/FulfilledPromise.php(28): Elasticsearch\Connections\Connection->Elasticsearch\Connections\{closure}()
#4 /var/www/html/magento2/vendor/ezimuel/ringphp/src/Future/CompletedFutureValue.php(65): React\Promise\FulfilledPromise->then()
#5 /var/www/html/magento2/vendor/ezimuel/ringphp/src/Core.php(341): GuzzleHttp\Ring\Future\CompletedFutureValue->then()
#6 /var/www/html/magento2/vendor/elasticsearch/elasticsearch/src/Elasticsearch/Connections/Connection.php(345): GuzzleHttp\Ring\Core::proxy()
#7 /var/www/html/magento2/vendor/elasticsearch/elasticsearch/src/Elasticsearch/Connections/Connection.php(241): Elasticsearch\Connections\Connection->Elasticsearch\Connections\{closure}()
#8 /var/www/html/magento2/vendor/elasticsearch/elasticsearch/src/Elasticsearch/Transport.php(110): Elasticsearch\Connections\Connection->performRequest()
#9 /var/www/html/magento2/vendor/elasticsearch/elasticsearch/src/Elasticsearch/Client.php(1929): Elasticsearch\Transport->performRequest()
#10 /var/www/html/magento2/vendor/elasticsearch/elasticsearch/src/Elasticsearch/Client.php(1353): Elasticsearch\Client->performRequest()
#11 /var/www/html/magento2/vendor/magento/module-elasticsearch-7/Model/Client/Elasticsearch.php(338): Elasticsearch\Client->search()
#12 /var/www/html/magento2/vendor/magento/module-elasticsearch-7/SearchAdapter/Adapter.php(117): Magento\Elasticsearch7\Model\Client\Elasticsearch->query()
#13 /var/www/html/magento2/vendor/magento/module-search/Model/SearchEngine.php(42): Magento\Elasticsearch7\SearchAdapter\Adapter->query()
#14 /var/www/html/magento2/vendor/magento/framework/Search/Search.php(85): Magento\Search\Model\SearchEngine->search()
#15 /var/www/html/magento2/vendor/magento/module-catalog-search/Model/ResourceModel/Fulltext/Collection.php(464): Magento\Framework\Search\Search->search()
#16 /var/www/html/magento2/vendor/magento/framework/Data/Collection/AbstractDb.php(343): Magento\CatalogSearch\Model\ResourceModel\Fulltext\Collection->_renderFiltersBefore()
#17 /var/www/html/magento2/vendor/magento/module-catalog-search/Model/ResourceModel/Fulltext/Collection.php(582): Magento\Framework\Data\Collection\AbstractDb->_renderFilters()
#18 /var/www/html/magento2/vendor/magento/module-eav/Model/Entity/Collection/AbstractCollection.php(929): Magento\CatalogSearch\Model\ResourceModel\Fulltext\Collection->_renderFilters()
#19 /var/www/html/magento2/vendor/magento/module-catalog/Model/ResourceModel/Product/Collection.php(801): Magento\Eav\Model\Entity\Collection\AbstractCollection->load()
#20 /var/www/html/magento2/vendor/magento/framework/Interception/Interceptor.php(58): Magento\Catalog\Model\ResourceModel\Product\Collection->load()
#21 /var/www/html/magento2/vendor/magento/framework/Interception/Interceptor.php(138): Magento\CatalogSearch\Model\ResourceModel\Fulltext\Collection\Interceptor->___callParent()
#22 /var/www/html/magento2/vendor/magento/framework/Interception/Interceptor.php(153): Magento\CatalogSearch\Model\ResourceModel\Fulltext\Collection\Interceptor->Magento\Framework\Interception\{closure}()
#23 /var/www/html/magento2/generated/code/Magento/CatalogSearch/Model/ResourceModel/Fulltext/Collection/Interceptor.php(32): Magento\CatalogSearch\Model\ResourceModel\Fulltext\Collection\Interceptor->___callPlugins()
#24 /var/www/html/magento2/vendor/magento/module-catalog/Block/Product/ListProduct.php(199): Magento\CatalogSearch\Model\ResourceModel\Fulltext\Collection\Interceptor->load()
#25 /var/www/html/magento2/vendor/magento/framework/View/Element/AbstractBlock.php(1094): Magento\Catalog\Block\Product\ListProduct->_beforeToHtml()
#26 /var/www/html/magento2/vendor/magento/framework/View/Element/AbstractBlock.php(1099): Magento\Framework\View\Element\AbstractBlock->Magento\Framework\View\Element\{closure}()
#27 /var/www/html/magento2/vendor/magento/framework/View/Element/AbstractBlock.php(660): Magento\Framework\View\Element\AbstractBlock->_loadCache()
#28 /var/www/html/magento2/vendor/magento/framework/View/Layout.php(578): Magento\Framework\View\Element\AbstractBlock->toHtml()
#29 /var/www/html/magento2/vendor/magento/framework/View/Layout.php(555): Magento\Framework\View\Layout->_renderBlock()
#30 /var/www/html/magento2/vendor/magento/framework/View/Layout.php(510): Magento\Framework\View\Layout->renderNonCachedElement()
#31 /var/www/html/magento2/vendor/magento/framework/View/Element/AbstractBlock.php(507): Magento\Framework\View\Layout->renderElement()
#32 /var/www/html/magento2/vendor/magento/module-catalog/Block/Category/View.php(100): Magento\Framework\View\Element\AbstractBlock->getChildHtml()
#33 /var/www/html/magento2/vendor/magento/module-catalog/view/frontend/templates/category/products.phtml(15): Magento\Catalog\Block\Category\View->getProductListHtml()
#34 /var/www/html/magento2/vendor/magento/framework/View/TemplateEngine/Php.php(71): include('...')
#35 /var/www/html/magento2/vendor/magento/framework/View/Element/Template.php(263): Magento\Framework\View\TemplateEngine\Php->render()
#36 /var/www/html/magento2/vendor/magento/framework/View/Element/Template.php(293): Magento\Framework\View\Element\Template->fetchView()
#37 /var/www/html/magento2/vendor/magento/framework/View/Element/AbstractBlock.php(1095): Magento\Framework\View\Element\Template->_toHtml()
#38 /var/www/html/magento2/vendor/magento/framework/View/Element/AbstractBlock.php(1099): Magento\Framework\View\Element\AbstractBlock->Magento\Framework\View\Element\{closure}()
#39 /var/www/html/magento2/vendor/magento/framework/View/Element/AbstractBlock.php(660): Magento\Framework\View\Element\AbstractBlock->_loadCache()
#40 /var/www/html/magento2/vendor/magento/framework/View/Layout.php(578): Magento\Framework\View\Element\AbstractBlock->toHtml()
#41 /var/www/html/magento2/vendor/magento/framework/View/Layout.php(555): Magento\Framework\View\Layout->_renderBlock()
#42 /var/www/html/magento2/vendor/magento/framework/View/Layout.php(510): Magento\Framework\View\Layout->renderNonCachedElement()
#43 /var/www/html/magento2/vendor/magento/framework/View/Layout.php(606): Magento\Framework\View\Layout->renderElement()
#44 /var/www/html/magento2/vendor/magento/framework/View/Layout.php(557): Magento\Framework\View\Layout->_renderContainer()
#45 /var/www/html/magento2/vendor/magento/framework/View/Layout.php(510): Magento\Framework\View\Layout->renderNonCachedElement()
#46 /var/www/html/magento2/vendor/magento/framework/View/Layout.php(606): Magento\Framework\View\Layout->renderElement()
#47 /var/www/html/magento2/vendor/magento/framework/View/Layout.php(557): Magento\Framework\View\Layout->_renderContainer()
#48 /var/www/html/magento2/vendor/magento/framework/View/Layout.php(510): Magento\Framework\View\Layout->renderNonCachedElement()
#49 /var/www/html/magento2/vendor/magento/framework/View/Layout.php(606): Magento\Framework\View\Layout->renderElement()
#50 /var/www/html/magento2/vendor/magento/framework/View/Layout.php(557): Magento\Framework\View\Layout->_renderContainer()
#51 /var/www/html/magento2/vendor/magento/framework/View/Layout.php(510): Magento\Framework\View\Layout->renderNonCachedElement()
#52 /var/www/html/magento2/vendor/magento/framework/View/Layout.php(606): Magento\Framework\View\Layout->renderElement()
#53 /var/www/html/magento2/vendor/magento/framework/View/Layout.php(557): Magento\Framework\View\Layout->_renderContainer()
#54 /var/www/html/magento2/vendor/magento/framework/View/Layout.php(510): Magento\Framework\View\Layout->renderNonCachedElement()
#55 /var/www/html/magento2/vendor/magento/framework/View/Layout.php(606): Magento\Framework\View\Layout->renderElement()
#56 /var/www/html/magento2/vendor/magento/framework/View/Layout.php(557): Magento\Framework\View\Layout->_renderContainer()
#57 /var/www/html/magento2/vendor/magento/framework/View/Layout.php(510): Magento\Framework\View\Layout->renderNonCachedElement()
#58 /var/www/html/magento2/vendor/magento/framework/View/Layout.php(606): Magento\Framework\View\Layout->renderElement()
#59 /var/www/html/magento2/vendor/magento/framework/View/Layout.php(557): Magento\Framework\View\Layout->_renderContainer()
#60 /var/www/html/magento2/vendor/magento/framework/View/Layout.php(510): Magento\Framework\View\Layout->renderNonCachedElement()
#61 /var/www/html/magento2/vendor/magento/framework/View/Layout.php(975): Magento\Framework\View\Layout->renderElement()
#62 /var/www/html/magento2/vendor/magento/framework/Interception/Interceptor.php(58): Magento\Framework\View\Layout->getOutput()
#63 /var/www/html/magento2/vendor/magento/framework/Interception/Interceptor.php(138): Magento\Framework\View\Layout\Interceptor->___callParent()
#64 /var/www/html/magento2/vendor/magento/framework/Interception/Interceptor.php(153): Magento\Framework\View\Layout\Interceptor->Magento\Framework\Interception\{closure}()
#65 /var/www/html/magento2/generated/code/Magento/Framework/View/Layout/Interceptor.php(41): Magento\Framework\View\Layout\Interceptor->___callPlugins()
#66 /var/www/html/magento2/vendor/magento/framework/View/Result/Page.php(260): Magento\Framework\View\Layout\Interceptor->getOutput()
#67 /var/www/html/magento2/vendor/magento/framework/View/Result/Layout.php(171): Magento\Framework\View\Result\Page->render()
#68 /var/www/html/magento2/vendor/magento/framework/Interception/Interceptor.php(58): Magento\Framework\View\Result\Layout->renderResult()
#69 /var/www/html/magento2/vendor/magento/framework/Interception/Interceptor.php(138): Magento\Framework\View\Result\Page\Interceptor->___callParent()
#70 /var/www/html/magento2/vendor/magento/framework/Interception/Interceptor.php(153): Magento\Framework\View\Result\Page\Interceptor->Magento\Framework\Interception\{closure}()
#71 /var/www/html/magento2/generated/code/Magento/Framework/View/Result/Page/Interceptor.php(32): Magento\Framework\View\Result\Page\Interceptor->___callPlugins()
#72 /var/www/html/magento2/vendor/magento/framework/App/Http.php(120): Magento\Framework\View\Result\Page\Interceptor->renderResult()
#73 /var/www/html/magento2/vendor/magento/framework/App/Bootstrap.php(264): Magento\Framework\App\Http->launch()
#74 /var/www/html/magento2/pub/index.php(30): Magento\Framework\App\Bootstrap->run()
#75 {main} {"exception":"[object] (Elasticsearch\\Common\\Exceptions\\NoNodesAvailableException(code: 0): No alive nodes found in your cluster at /var/www/html/magento2/vendor/elasticsearch/elasticsearch/src/Elasticsearch/ConnectionPool/StaticNoPingConnectionPool.php:64)"} []
[2025-08-14T17:02:17.174536+00:00] main.DEBUG: cache_invalidate:  {"method":"GET","url":"http:/","invalidateInfo":{"tags":["CONFIG"],"mode":"matchingTag"}} []
[2025-08-14T17:02:17.177700+00:00] main.DEBUG: cache_invalidate:  {"method":"GET","url":"http:/","invalidateInfo":{"tags":["LAYOUT_GENERAL_CACHE_TAG"],"mode":"matchingTag"}} []
[2025-08-14T17:02:17.180086+00:00] main.DEBUG: cache_invalidate:  {"method":"GET","url":"http:/","invalidateInfo":{"tags":["BLOCK_HTML"],"mode":"matchingTag"}} []
[2025-08-14T17:02:17.182113+00:00] main.DEBUG: cache_invalidate:  {"method":"GET","url":"http:/","invalidateInfo":{"tags":["COLLECTION_DATA"],"mode":"matchingTag"}} []
[2025-08-14T17:02:17.183569+00:00] main.DEBUG: cache_invalidate:  {"method":"GET","url":"http:/","invalidateInfo":{"tags":["REFLECTION"],"mode":"matchingTag"}} []
[2025-08-14T17:02:17.185421+00:00] main.DEBUG: cache_invalidate:  {"method":"GET","url":"http:/","invalidateInfo":{"tags":["DB_DDL"],"mode":"matchingTag"}} []
[2025-08-14T17:02:17.186773+00:00] main.DEBUG: cache_invalidate:  {"method":"GET","url":"http:/","invalidateInfo":{"tags":["COMPILED_CONFIG"],"mode":"matchingTag"}} []
[2025-08-14T17:02:17.188662+00:00] main.DEBUG: cache_invalidate:  {"method":"GET","url":"http:/","invalidateInfo":{"tags":["EAV"],"mode":"matchingTag"}} []
[2025-08-14T17:02:17.190066+00:00] main.DEBUG: cache_invalidate:  {"method":"GET","url":"http:/","invalidateInfo":{"tags":["CUSTOMER_NOTIFICATION"],"mode":"matchingTag"}} []
[2025-08-14T17:02:17.191956+00:00] main.DEBUG: cache_invalidate:  {"method":"GET","url":"http:/","invalidateInfo":{"tags":["INTEGRATION"],"mode":"matchingTag"}} []
[2025-08-14T17:02:17.193793+00:00] main.DEBUG: cache_invalidate:  {"method":"GET","url":"http:/","invalidateInfo":{"tags":["INTEGRATION_API_CONFIG"],"mode":"matchingTag"}} []
[2025-08-14T17:02:17.202314+00:00] main.DEBUG: cache_invalidate:  {"method":"GET","url":"http:/","invalidateInfo":{"tags":["FPC"],"mode":"matchingTag"}} []
[2025-08-14T17:02:17.204273+00:00] main.DEBUG: cache_invalidate:  {"method":"GET","url":"http:/","invalidateInfo":{"tags":["WEBSERVICE"],"mode":"matchingTag"}} []
[2025-08-14T17:02:17.205991+00:00] main.DEBUG: cache_invalidate:  {"method":"GET","url":"http:/","invalidateInfo":{"tags":["TRANSLATE"],"mode":"matchingTag"}} []
[2025-08-14T17:02:23.949539+00:00] main.DEBUG: cache_invalidate:  {"method":"GET","url":"http:/","invalidateInfo":{"tags":["CONFIG"],"mode":"matchingTag"}} []
[2025-08-14T17:03:02.134018+00:00] main.DEBUG: cache_invalidate:  {"method":"GET","url":"http:/","invalidateInfo":{"tags":["CONFIG"],"mode":"matchingTag"}} []
[2025-08-14T17:03:02.136172+00:00] main.DEBUG: cache_invalidate:  {"method":"GET","url":"http:/","invalidateInfo":{"tags":["LAYOUT_GENERAL_CACHE_TAG"],"mode":"matchingTag"}} []
[2025-08-14T17:03:02.137972+00:00] main.DEBUG: cache_invalidate:  {"method":"GET","url":"http:/","invalidateInfo":{"tags":["BLOCK_HTML"],"mode":"matchingTag"}} []
[2025-08-14T17:03:02.139767+00:00] main.DEBUG: cache_invalidate:  {"method":"GET","url":"http:/","invalidateInfo":{"tags":["COLLECTION_DATA"],"mode":"matchingTag"}} []
[2025-08-14T17:03:02.141175+00:00] main.DEBUG: cache_invalidate:  {"method":"GET","url":"http:/","invalidateInfo":{"tags":["REFLECTION"],"mode":"matchingTag"}} []
[2025-08-14T17:03:02.143273+00:00] main.DEBUG: cache_invalidate:  {"method":"GET","url":"http:/","invalidateInfo":{"tags":["DB_DDL"],"mode":"matchingTag"}} []
[2025-08-14T17:03:02.144753+00:00] main.DEBUG: cache_invalidate:  {"method":"GET","url":"http:/","invalidateInfo":{"tags":["COMPILED_CONFIG"],"mode":"matchingTag"}} []
[2025-08-14T17:03:02.148522+00:00] main.DEBUG: cache_invalidate:  {"method":"GET","url":"http:/","invalidateInfo":{"tags":["EAV"],"mode":"matchingTag"}} []
[2025-08-14T17:03:02.149970+00:00] main.DEBUG: cache_invalidate:  {"method":"GET","url":"http:/","invalidateInfo":{"tags":["CUSTOMER_NOTIFICATION"],"mode":"matchingTag"}} []
[2025-08-14T17:03:02.151783+00:00] main.DEBUG: cache_invalidate:  {"method":"GET","url":"http:/","invalidateInfo":{"tags":["INTEGRATION"],"mode":"matchingTag"}} []
[2025-08-14T17:03:02.153516+00:00] main.DEBUG: cache_invalidate:  {"method":"GET","url":"http:/","invalidateInfo":{"tags":["INTEGRATION_API_CONFIG"],"mode":"matchingTag"}} []
[2025-08-14T17:03:02.157733+00:00] main.DEBUG: cache_invalidate:  {"method":"GET","url":"http:/","invalidateInfo":{"tags":["FPC"],"mode":"matchingTag"}} []
[2025-08-14T17:03:02.159923+00:00] main.DEBUG: cache_invalidate:  {"method":"GET","url":"http:/","invalidateInfo":{"tags":["WEBSERVICE"],"mode":"matchingTag"}} []
[2025-08-14T17:03:02.161699+00:00] main.DEBUG: cache_invalidate:  {"method":"GET","url":"http:/","invalidateInfo":{"tags":["TRANSLATE"],"mode":"matchingTag"}} []
[2025-08-14T17:03:08.753705+00:00] main.DEBUG: cache_invalidate:  {"method":"GET","url":"http:/","invalidateInfo":{"tags":["CONFIG"],"mode":"matchingTag"}} []
[2025-08-14T17:03:08.939884+00:00] main.DEBUG: cache_invalidate:  {"method":"GET","url":"http:/","invalidateInfo":{"tags":["CONFIG"],"mode":"matchingTag"}} []
[2025-08-14T17:03:08.941796+00:00] main.DEBUG: cache_invalidate:  {"method":"GET","url":"http:/","invalidateInfo":{"tags":["LAYOUT_GENERAL_CACHE_TAG"],"mode":"matchingTag"}} []
[2025-08-14T17:03:08.943541+00:00] main.DEBUG: cache_invalidate:  {"method":"GET","url":"http:/","invalidateInfo":{"tags":["BLOCK_HTML"],"mode":"matchingTag"}} []
[2025-08-14T17:03:08.945260+00:00] main.DEBUG: cache_invalidate:  {"method":"GET","url":"http:/","invalidateInfo":{"tags":["COLLECTION_DATA"],"mode":"matchingTag"}} []
[2025-08-14T17:03:08.946806+00:00] main.DEBUG: cache_invalidate:  {"method":"GET","url":"http:/","invalidateInfo":{"tags":["REFLECTION"],"mode":"matchingTag"}} []
[2025-08-14T17:03:08.948682+00:00] main.DEBUG: cache_invalidate:  {"method":"GET","url":"http:/","invalidateInfo":{"tags":["DB_DDL"],"mode":"matchingTag"}} []
[2025-08-14T17:03:08.950120+00:00] main.DEBUG: cache_invalidate:  {"method":"GET","url":"http:/","invalidateInfo":{"tags":["COMPILED_CONFIG"],"mode":"matchingTag"}} []
[2025-08-14T17:03:08.951937+00:00] main.DEBUG: cache_invalidate:  {"method":"GET","url":"http:/","invalidateInfo":{"tags":["EAV"],"mode":"matchingTag"}} []
[2025-08-14T17:03:08.953255+00:00] main.DEBUG: cache_invalidate:  {"method":"GET","url":"http:/","invalidateInfo":{"tags":["CUSTOMER_NOTIFICATION"],"mode":"matchingTag"}} []
[2025-08-14T17:03:08.955018+00:00] main.DEBUG: cache_invalidate:  {"method":"GET","url":"http:/","invalidateInfo":{"tags":["INTEGRATION"],"mode":"matchingTag"}} []
[2025-08-14T17:03:08.956806+00:00] main.DEBUG: cache_invalidate:  {"method":"GET","url":"http:/","invalidateInfo":{"tags":["INTEGRATION_API_CONFIG"],"mode":"matchingTag"}} []
[2025-08-14T17:03:08.958864+00:00] main.DEBUG: cache_invalidate:  {"method":"GET","url":"http:/","invalidateInfo":{"tags":["FPC"],"mode":"matchingTag"}} []
[2025-08-14T17:03:08.960673+00:00] main.DEBUG: cache_invalidate:  {"method":"GET","url":"http:/","invalidateInfo":{"tags":["WEBSERVICE"],"mode":"matchingTag"}} []
[2025-08-14T17:03:08.962738+00:00] main.DEBUG: cache_invalidate:  {"method":"GET","url":"http:/","invalidateInfo":{"tags":["TRANSLATE"],"mode":"matchingTag"}} []
[2025-08-14T17:03:12.349281+00:00] main.DEBUG: cache_invalidate:  {"method":"GET","url":"http:/","invalidateInfo":{"tags":["LAYOUT_GENERAL_CACHE_TAG"],"mode":"matchingTag"}} []
[2025-08-14T17:03:12.351303+00:00] main.DEBUG: cache_invalidate:  {"method":"GET","url":"http:/","invalidateInfo":{"tags":["BLOCK_HTML"],"mode":"matchingTag"}} []
[2025-08-14T17:03:12.353105+00:00] main.DEBUG: cache_invalidate:  {"method":"GET","url":"http:/","invalidateInfo":{"tags":["FPC"],"mode":"matchingTag"}} []
[2025-08-14T17:03:28.297869+00:00] main.DEBUG: cache_invalidate:  {"method":"GET","url":"http:/","invalidateInfo":{"tags":[],"mode":"all"}} []
[2025-08-14T17:03:28.306128+00:00] main.DEBUG: cache_invalidate:  {"method":"GET","url":"http:/","invalidateInfo":{"tags":[],"mode":"all"}} []
[2025-08-14T17:03:28.311733+00:00] main.DEBUG: cache_invalidate:  {"method":"GET","url":"http:/","invalidateInfo":{"tags":[],"mode":"all"}} []
[2025-08-14T17:04:32.265491+00:00] main.INFO: Broken reference: the 'catalog.compare.sidebar' element cannot be added as child to 'sidebar.additional', because the latter doesn't exist [] []
[2025-08-14T17:04:32.268539+00:00] main.INFO: Broken reference: the 'sale.reorder.sidebar' element cannot be added as child to 'sidebar.additional', because the latter doesn't exist [] []
[2025-08-14T17:04:32.269239+00:00] main.INFO: Broken reference: the 'wishlist_sidebar' element cannot be added as child to 'sidebar.additional', because the latter doesn't exist [] []
[2025-08-14T17:04:32.269821+00:00] main.INFO: Broken reference: the 'paypal.partner.right.logo' element cannot be added as child to 'sidebar.additional', because the latter doesn't exist [] []
[2025-08-14T17:04:32.270298+00:00] main.INFO: Broken reference: the 'bml.right.logo' element cannot be added as child to 'sidebar.additional', because the latter doesn't exist [] []
[2025-08-14T17:04:32.270764+00:00] main.INFO: Broken reference: the 'sidebar.container.paylater' element cannot be added as child to 'sidebar.additional', because the latter doesn't exist [] []
[2025-08-14T17:28:06.622403+00:00] main.DEBUG: cache_invalidate:  {"method":"GET","url":"http:/","invalidateInfo":{"tags":["CONFIG"],"mode":"matchingTag"}} []
[2025-08-14T17:28:06.625526+00:00] main.DEBUG: cache_invalidate:  {"method":"GET","url":"http:/","invalidateInfo":{"tags":["LAYOUT_GENERAL_CACHE_TAG"],"mode":"matchingTag"}} []
[2025-08-14T17:28:06.627250+00:00] main.DEBUG: cache_invalidate:  {"method":"GET","url":"http:/","invalidateInfo":{"tags":["BLOCK_HTML"],"mode":"matchingTag"}} []
[2025-08-14T17:28:06.628982+00:00] main.DEBUG: cache_invalidate:  {"method":"GET","url":"http:/","invalidateInfo":{"tags":["COLLECTION_DATA"],"mode":"matchingTag"}} []
[2025-08-14T17:28:06.630770+00:00] main.DEBUG: cache_invalidate:  {"method":"GET","url":"http:/","invalidateInfo":{"tags":["REFLECTION"],"mode":"matchingTag"}} []
[2025-08-14T17:28:06.633033+00:00] main.DEBUG: cache_invalidate:  {"method":"GET","url":"http:/","invalidateInfo":{"tags":["DB_DDL"],"mode":"matchingTag"}} []
[2025-08-14T17:28:06.634399+00:00] main.DEBUG: cache_invalidate:  {"method":"GET","url":"http:/","invalidateInfo":{"tags":["COMPILED_CONFIG"],"mode":"matchingTag"}} []
[2025-08-14T17:28:06.636395+00:00] main.DEBUG: cache_invalidate:  {"method":"GET","url":"http:/","invalidateInfo":{"tags":["EAV"],"mode":"matchingTag"}} []
[2025-08-14T17:28:06.637790+00:00] main.DEBUG: cache_invalidate:  {"method":"GET","url":"http:/","invalidateInfo":{"tags":["CUSTOMER_NOTIFICATION"],"mode":"matchingTag"}} []
[2025-08-14T17:28:06.639481+00:00] main.DEBUG: cache_invalidate:  {"method":"GET","url":"http:/","invalidateInfo":{"tags":["INTEGRATION"],"mode":"matchingTag"}} []
[2025-08-14T17:28:06.641317+00:00] main.DEBUG: cache_invalidate:  {"method":"GET","url":"http:/","invalidateInfo":{"tags":["INTEGRATION_API_CONFIG"],"mode":"matchingTag"}} []
[2025-08-14T17:28:06.699673+00:00] main.DEBUG: cache_invalidate:  {"method":"GET","url":"http:/","invalidateInfo":{"tags":["FPC"],"mode":"matchingTag"}} []
[2025-08-14T17:28:06.701717+00:00] main.DEBUG: cache_invalidate:  {"method":"GET","url":"http:/","invalidateInfo":{"tags":["WEBSERVICE"],"mode":"matchingTag"}} []
[2025-08-14T17:28:06.703483+00:00] main.DEBUG: cache_invalidate:  {"method":"GET","url":"http:/","invalidateInfo":{"tags":["TRANSLATE"],"mode":"matchingTag"}} []
[2025-08-14T17:28:16.535759+00:00] main.DEBUG: cache_invalidate:  {"method":"GET","url":"http:/","invalidateInfo":{"tags":["CONFIG"],"mode":"matchingTag"}} []
[2025-08-14T17:28:16.651556+00:00] main.DEBUG: cache_invalidate:  {"method":"GET","url":"http:/","invalidateInfo":{"tags":["CONFIG"],"mode":"matchingTag"}} []
[2025-08-14T17:28:16.653512+00:00] main.DEBUG: cache_invalidate:  {"method":"GET","url":"http:/","invalidateInfo":{"tags":["LAYOUT_GENERAL_CACHE_TAG"],"mode":"matchingTag"}} []
[2025-08-14T17:28:16.655242+00:00] main.DEBUG: cache_invalidate:  {"method":"GET","url":"http:/","invalidateInfo":{"tags":["BLOCK_HTML"],"mode":"matchingTag"}} []
[2025-08-14T17:28:16.656974+00:00] main.DEBUG: cache_invalidate:  {"method":"GET","url":"http:/","invalidateInfo":{"tags":["COLLECTION_DATA"],"mode":"matchingTag"}} []
[2025-08-14T17:28:16.658458+00:00] main.DEBUG: cache_invalidate:  {"method":"GET","url":"http:/","invalidateInfo":{"tags":["REFLECTION"],"mode":"matchingTag"}} []
[2025-08-14T17:28:16.660317+00:00] main.DEBUG: cache_invalidate:  {"method":"GET","url":"http:/","invalidateInfo":{"tags":["DB_DDL"],"mode":"matchingTag"}} []
[2025-08-14T17:28:16.661742+00:00] main.DEBUG: cache_invalidate:  {"method":"GET","url":"http:/","invalidateInfo":{"tags":["COMPILED_CONFIG"],"mode":"matchingTag"}} []
[2025-08-14T17:28:16.664740+00:00] main.DEBUG: cache_invalidate:  {"method":"GET","url":"http:/","invalidateInfo":{"tags":["EAV"],"mode":"matchingTag"}} []
[2025-08-14T17:28:16.666236+00:00] main.DEBUG: cache_invalidate:  {"method":"GET","url":"http:/","invalidateInfo":{"tags":["CUSTOMER_NOTIFICATION"],"mode":"matchingTag"}} []
[2025-08-14T17:28:16.668040+00:00] main.DEBUG: cache_invalidate:  {"method":"GET","url":"http:/","invalidateInfo":{"tags":["INTEGRATION"],"mode":"matchingTag"}} []
[2025-08-14T17:28:16.669791+00:00] main.DEBUG: cache_invalidate:  {"method":"GET","url":"http:/","invalidateInfo":{"tags":["INTEGRATION_API_CONFIG"],"mode":"matchingTag"}} []
[2025-08-14T17:28:16.671895+00:00] main.DEBUG: cache_invalidate:  {"method":"GET","url":"http:/","invalidateInfo":{"tags":["FPC"],"mode":"matchingTag"}} []
[2025-08-14T17:28:16.673650+00:00] main.DEBUG: cache_invalidate:  {"method":"GET","url":"http:/","invalidateInfo":{"tags":["WEBSERVICE"],"mode":"matchingTag"}} []
[2025-08-14T17:28:16.675357+00:00] main.DEBUG: cache_invalidate:  {"method":"GET","url":"http:/","invalidateInfo":{"tags":["TRANSLATE"],"mode":"matchingTag"}} []
[2025-08-14T17:28:20.537761+00:00] main.DEBUG: cache_invalidate:  {"method":"GET","url":"http:/","invalidateInfo":{"tags":["LAYOUT_GENERAL_CACHE_TAG"],"mode":"matchingTag"}} []
[2025-08-14T17:28:20.541163+00:00] main.DEBUG: cache_invalidate:  {"method":"GET","url":"http:/","invalidateInfo":{"tags":["BLOCK_HTML"],"mode":"matchingTag"}} []
[2025-08-14T17:28:20.544071+00:00] main.DEBUG: cache_invalidate:  {"method":"GET","url":"http:/","invalidateInfo":{"tags":["FPC"],"mode":"matchingTag"}} []
[2025-08-14T17:28:39.194688+00:00] main.DEBUG: cache_invalidate:  {"method":"GET","url":"http:/","invalidateInfo":{"tags":[],"mode":"all"}} []
[2025-08-14T17:28:39.204255+00:00] main.DEBUG: cache_invalidate:  {"method":"GET","url":"http:/","invalidateInfo":{"tags":[],"mode":"all"}} []
[2025-08-14T17:28:39.208887+00:00] main.DEBUG: cache_invalidate:  {"method":"GET","url":"http:/","invalidateInfo":{"tags":[],"mode":"all"}} []
[2025-08-14T17:29:40.494916+00:00] main.DEBUG: cache_invalidate:  {"method":"GET","url":"http:/","invalidateInfo":{"tags":["CONFIG"],"mode":"matchingTag"}} []
[2025-08-14T17:29:40.497942+00:00] main.DEBUG: cache_invalidate:  {"method":"GET","url":"http:/","invalidateInfo":{"tags":["LAYOUT_GENERAL_CACHE_TAG"],"mode":"matchingTag"}} []
[2025-08-14T17:29:40.500321+00:00] main.DEBUG: cache_invalidate:  {"method":"GET","url":"http:/","invalidateInfo":{"tags":["BLOCK_HTML"],"mode":"matchingTag"}} []
[2025-08-14T17:29:40.502105+00:00] main.DEBUG: cache_invalidate:  {"method":"GET","url":"http:/","invalidateInfo":{"tags":["COLLECTION_DATA"],"mode":"matchingTag"}} []
[2025-08-14T17:29:40.503457+00:00] main.DEBUG: cache_invalidate:  {"method":"GET","url":"http:/","invalidateInfo":{"tags":["REFLECTION"],"mode":"matchingTag"}} []
[2025-08-14T17:29:40.505195+00:00] main.DEBUG: cache_invalidate:  {"method":"GET","url":"http:/","invalidateInfo":{"tags":["DB_DDL"],"mode":"matchingTag"}} []
[2025-08-14T17:29:40.506634+00:00] main.DEBUG: cache_invalidate:  {"method":"GET","url":"http:/","invalidateInfo":{"tags":["COMPILED_CONFIG"],"mode":"matchingTag"}} []
[2025-08-14T17:29:40.508395+00:00] main.DEBUG: cache_invalidate:  {"method":"GET","url":"http:/","invalidateInfo":{"tags":["EAV"],"mode":"matchingTag"}} []
[2025-08-14T17:29:40.509790+00:00] main.DEBUG: cache_invalidate:  {"method":"GET","url":"http:/","invalidateInfo":{"tags":["CUSTOMER_NOTIFICATION"],"mode":"matchingTag"}} []
[2025-08-14T17:29:40.511496+00:00] main.DEBUG: cache_invalidate:  {"method":"GET","url":"http:/","invalidateInfo":{"tags":["INTEGRATION"],"mode":"matchingTag"}} []
[2025-08-14T17:29:40.514389+00:00] main.DEBUG: cache_invalidate:  {"method":"GET","url":"http:/","invalidateInfo":{"tags":["INTEGRATION_API_CONFIG"],"mode":"matchingTag"}} []
[2025-08-14T17:29:40.517851+00:00] main.DEBUG: cache_invalidate:  {"method":"GET","url":"http:/","invalidateInfo":{"tags":["FPC"],"mode":"matchingTag"}} []
[2025-08-14T17:29:40.519609+00:00] main.DEBUG: cache_invalidate:  {"method":"GET","url":"http:/","invalidateInfo":{"tags":["WEBSERVICE"],"mode":"matchingTag"}} []
[2025-08-14T17:29:40.521461+00:00] main.DEBUG: cache_invalidate:  {"method":"GET","url":"http:/","invalidateInfo":{"tags":["TRANSLATE"],"mode":"matchingTag"}} []
[2025-08-14T17:29:47.943592+00:00] main.DEBUG: cache_invalidate:  {"method":"GET","url":"http:/","invalidateInfo":{"tags":["CONFIG"],"mode":"matchingTag"}} []
[2025-08-14T17:29:48.023400+00:00] main.DEBUG: cache_invalidate:  {"method":"GET","url":"http:/","invalidateInfo":{"tags":["CONFIG"],"mode":"matchingTag"}} []
[2025-08-14T17:29:48.025462+00:00] main.DEBUG: cache_invalidate:  {"method":"GET","url":"http:/","invalidateInfo":{"tags":["LAYOUT_GENERAL_CACHE_TAG"],"mode":"matchingTag"}} []
[2025-08-14T17:29:48.027235+00:00] main.DEBUG: cache_invalidate:  {"method":"GET","url":"http:/","invalidateInfo":{"tags":["BLOCK_HTML"],"mode":"matchingTag"}} []
[2025-08-14T17:29:48.029134+00:00] main.DEBUG: cache_invalidate:  {"method":"GET","url":"http:/","invalidateInfo":{"tags":["COLLECTION_DATA"],"mode":"matchingTag"}} []
[2025-08-14T17:29:48.031085+00:00] main.DEBUG: cache_invalidate:  {"method":"GET","url":"http:/","invalidateInfo":{"tags":["REFLECTION"],"mode":"matchingTag"}} []
[2025-08-14T17:29:48.032940+00:00] main.DEBUG: cache_invalidate:  {"method":"GET","url":"http:/","invalidateInfo":{"tags":["DB_DDL"],"mode":"matchingTag"}} []
[2025-08-14T17:29:48.034282+00:00] main.DEBUG: cache_invalidate:  {"method":"GET","url":"http:/","invalidateInfo":{"tags":["COMPILED_CONFIG"],"mode":"matchingTag"}} []
[2025-08-14T17:29:48.036063+00:00] main.DEBUG: cache_invalidate:  {"method":"GET","url":"http:/","invalidateInfo":{"tags":["EAV"],"mode":"matchingTag"}} []
[2025-08-14T17:29:48.037423+00:00] main.DEBUG: cache_invalidate:  {"method":"GET","url":"http:/","invalidateInfo":{"tags":["CUSTOMER_NOTIFICATION"],"mode":"matchingTag"}} []
[2025-08-14T17:29:48.039154+00:00] main.DEBUG: cache_invalidate:  {"method":"GET","url":"http:/","invalidateInfo":{"tags":["INTEGRATION"],"mode":"matchingTag"}} []
[2025-08-14T17:29:48.040967+00:00] main.DEBUG: cache_invalidate:  {"method":"GET","url":"http:/","invalidateInfo":{"tags":["INTEGRATION_API_CONFIG"],"mode":"matchingTag"}} []
[2025-08-14T17:29:48.042940+00:00] main.DEBUG: cache_invalidate:  {"method":"GET","url":"http:/","invalidateInfo":{"tags":["FPC"],"mode":"matchingTag"}} []
[2025-08-14T17:29:48.046055+00:00] main.DEBUG: cache_invalidate:  {"method":"GET","url":"http:/","invalidateInfo":{"tags":["WEBSERVICE"],"mode":"matchingTag"}} []
[2025-08-14T17:29:48.048692+00:00] main.DEBUG: cache_invalidate:  {"method":"GET","url":"http:/","invalidateInfo":{"tags":["TRANSLATE"],"mode":"matchingTag"}} []
[2025-08-14T17:29:51.051517+00:00] main.DEBUG: cache_invalidate:  {"method":"GET","url":"http:/","invalidateInfo":{"tags":["LAYOUT_GENERAL_CACHE_TAG"],"mode":"matchingTag"}} []
[2025-08-14T17:29:51.053638+00:00] main.DEBUG: cache_invalidate:  {"method":"GET","url":"http:/","invalidateInfo":{"tags":["BLOCK_HTML"],"mode":"matchingTag"}} []
[2025-08-14T17:29:51.055475+00:00] main.DEBUG: cache_invalidate:  {"method":"GET","url":"http:/","invalidateInfo":{"tags":["FPC"],"mode":"matchingTag"}} []
[2025-08-14T17:30:12.791462+00:00] main.DEBUG: cache_invalidate:  {"method":"GET","url":"http:/","invalidateInfo":{"tags":[],"mode":"all"}} []
[2025-08-14T17:30:12.801439+00:00] main.DEBUG: cache_invalidate:  {"method":"GET","url":"http:/","invalidateInfo":{"tags":[],"mode":"all"}} []
[2025-08-14T17:30:12.806801+00:00] main.DEBUG: cache_invalidate:  {"method":"GET","url":"http:/","invalidateInfo":{"tags":[],"mode":"all"}} []
[2025-08-14T17:31:21.951008+00:00] main.DEBUG: cache_invalidate:  {"method":"GET","url":"http:/","invalidateInfo":{"tags":["FPC"],"mode":"matchingTag"}} []
[2025-08-14T17:43:07.354024+00:00] main.DEBUG: cache_invalidate:  {"method":"GET","url":"http:/","invalidateInfo":{"tags":["CONFIG"],"mode":"matchingTag"}} []
[2025-08-14T17:43:07.357460+00:00] main.DEBUG: cache_invalidate:  {"method":"GET","url":"http:/","invalidateInfo":{"tags":["LAYOUT_GENERAL_CACHE_TAG"],"mode":"matchingTag"}} []
[2025-08-14T17:43:07.359287+00:00] main.DEBUG: cache_invalidate:  {"method":"GET","url":"http:/","invalidateInfo":{"tags":["BLOCK_HTML"],"mode":"matchingTag"}} []
[2025-08-14T17:43:07.361121+00:00] main.DEBUG: cache_invalidate:  {"method":"GET","url":"http:/","invalidateInfo":{"tags":["COLLECTION_DATA"],"mode":"matchingTag"}} []
[2025-08-14T17:43:07.362521+00:00] main.DEBUG: cache_invalidate:  {"method":"GET","url":"http:/","invalidateInfo":{"tags":["REFLECTION"],"mode":"matchingTag"}} []
[2025-08-14T17:43:07.364342+00:00] main.DEBUG: cache_invalidate:  {"method":"GET","url":"http:/","invalidateInfo":{"tags":["DB_DDL"],"mode":"matchingTag"}} []
[2025-08-14T17:43:07.365969+00:00] main.DEBUG: cache_invalidate:  {"method":"GET","url":"http:/","invalidateInfo":{"tags":["COMPILED_CONFIG"],"mode":"matchingTag"}} []
[2025-08-14T17:43:07.368097+00:00] main.DEBUG: cache_invalidate:  {"method":"GET","url":"http:/","invalidateInfo":{"tags":["EAV"],"mode":"matchingTag"}} []
[2025-08-14T17:43:07.369449+00:00] main.DEBUG: cache_invalidate:  {"method":"GET","url":"http:/","invalidateInfo":{"tags":["CUSTOMER_NOTIFICATION"],"mode":"matchingTag"}} []
[2025-08-14T17:43:07.371112+00:00] main.DEBUG: cache_invalidate:  {"method":"GET","url":"http:/","invalidateInfo":{"tags":["INTEGRATION"],"mode":"matchingTag"}} []
[2025-08-14T17:43:07.372926+00:00] main.DEBUG: cache_invalidate:  {"method":"GET","url":"http:/","invalidateInfo":{"tags":["INTEGRATION_API_CONFIG"],"mode":"matchingTag"}} []
[2025-08-14T17:43:07.379312+00:00] main.DEBUG: cache_invalidate:  {"method":"GET","url":"http:/","invalidateInfo":{"tags":["FPC"],"mode":"matchingTag"}} []
[2025-08-14T17:43:07.381252+00:00] main.DEBUG: cache_invalidate:  {"method":"GET","url":"http:/","invalidateInfo":{"tags":["WEBSERVICE"],"mode":"matchingTag"}} []
[2025-08-14T17:43:07.383942+00:00] main.DEBUG: cache_invalidate:  {"method":"GET","url":"http:/","invalidateInfo":{"tags":["TRANSLATE"],"mode":"matchingTag"}} []
[2025-08-14T17:43:17.772321+00:00] main.DEBUG: cache_invalidate:  {"method":"GET","url":"http:/","invalidateInfo":{"tags":["CONFIG"],"mode":"matchingTag"}} []
[2025-08-14T17:43:17.925136+00:00] main.DEBUG: cache_invalidate:  {"method":"GET","url":"http:/","invalidateInfo":{"tags":["CONFIG"],"mode":"matchingTag"}} []
[2025-08-14T17:43:17.927460+00:00] main.DEBUG: cache_invalidate:  {"method":"GET","url":"http:/","invalidateInfo":{"tags":["LAYOUT_GENERAL_CACHE_TAG"],"mode":"matchingTag"}} []
[2025-08-14T17:43:17.929532+00:00] main.DEBUG: cache_invalidate:  {"method":"GET","url":"http:/","invalidateInfo":{"tags":["BLOCK_HTML"],"mode":"matchingTag"}} []
[2025-08-14T17:43:17.931674+00:00] main.DEBUG: cache_invalidate:  {"method":"GET","url":"http:/","invalidateInfo":{"tags":["COLLECTION_DATA"],"mode":"matchingTag"}} []
[2025-08-14T17:43:17.933294+00:00] main.DEBUG: cache_invalidate:  {"method":"GET","url":"http:/","invalidateInfo":{"tags":["REFLECTION"],"mode":"matchingTag"}} []
[2025-08-14T17:43:17.935518+00:00] main.DEBUG: cache_invalidate:  {"method":"GET","url":"http:/","invalidateInfo":{"tags":["DB_DDL"],"mode":"matchingTag"}} []
[2025-08-14T17:43:17.937086+00:00] main.DEBUG: cache_invalidate:  {"method":"GET","url":"http:/","invalidateInfo":{"tags":["COMPILED_CONFIG"],"mode":"matchingTag"}} []
[2025-08-14T17:43:17.939525+00:00] main.DEBUG: cache_invalidate:  {"method":"GET","url":"http:/","invalidateInfo":{"tags":["EAV"],"mode":"matchingTag"}} []
[2025-08-14T17:43:17.941759+00:00] main.DEBUG: cache_invalidate:  {"method":"GET","url":"http:/","invalidateInfo":{"tags":["CUSTOMER_NOTIFICATION"],"mode":"matchingTag"}} []
[2025-08-14T17:43:17.943772+00:00] main.DEBUG: cache_invalidate:  {"method":"GET","url":"http:/","invalidateInfo":{"tags":["INTEGRATION"],"mode":"matchingTag"}} []
[2025-08-14T17:43:17.945587+00:00] main.DEBUG: cache_invalidate:  {"method":"GET","url":"http:/","invalidateInfo":{"tags":["INTEGRATION_API_CONFIG"],"mode":"matchingTag"}} []
[2025-08-14T17:43:17.947729+00:00] main.DEBUG: cache_invalidate:  {"method":"GET","url":"http:/","invalidateInfo":{"tags":["FPC"],"mode":"matchingTag"}} []
[2025-08-14T17:43:17.949726+00:00] main.DEBUG: cache_invalidate:  {"method":"GET","url":"http:/","invalidateInfo":{"tags":["WEBSERVICE"],"mode":"matchingTag"}} []
[2025-08-14T17:43:17.951575+00:00] main.DEBUG: cache_invalidate:  {"method":"GET","url":"http:/","invalidateInfo":{"tags":["TRANSLATE"],"mode":"matchingTag"}} []
[2025-08-14T17:43:22.234954+00:00] main.DEBUG: cache_invalidate:  {"method":"GET","url":"http:/","invalidateInfo":{"tags":["LAYOUT_GENERAL_CACHE_TAG"],"mode":"matchingTag"}} []
[2025-08-14T17:43:22.236978+00:00] main.DEBUG: cache_invalidate:  {"method":"GET","url":"http:/","invalidateInfo":{"tags":["BLOCK_HTML"],"mode":"matchingTag"}} []
[2025-08-14T17:43:22.238840+00:00] main.DEBUG: cache_invalidate:  {"method":"GET","url":"http:/","invalidateInfo":{"tags":["FPC"],"mode":"matchingTag"}} []
[2025-08-14T17:43:34.985951+00:00] main.DEBUG: cache_invalidate:  {"method":"GET","url":"http:/","invalidateInfo":{"tags":[],"mode":"all"}} []
[2025-08-14T17:43:34.994382+00:00] main.DEBUG: cache_invalidate:  {"method":"GET","url":"http:/","invalidateInfo":{"tags":[],"mode":"all"}} []
[2025-08-14T17:43:35.002297+00:00] main.DEBUG: cache_invalidate:  {"method":"GET","url":"http:/","invalidateInfo":{"tags":[],"mode":"all"}} []
[2025-08-14T17:44:23.574817+00:00] main.DEBUG: cache_invalidate:  {"method":"GET","url":"http:/","invalidateInfo":{"tags":["FPC"],"mode":"matchingTag"}} []
[2025-08-14T17:45:05.106984+00:00] main.ERROR: Warning: file_put_contents(/var/www/html/magento2/var/cache//mage-tags/mage---ea6_MAGE): Failed to open stream: Permission denied in /var/www/html/magento2/vendor/colinmollenhour/cache-backend-file/File.php on line 710 [] []
[2025-08-14T17:45:05.563562+00:00] main.ERROR: Warning: file_put_contents(/var/www/html/magento2/var/cache//mage-tags/mage---ea6_MAGE): Failed to open stream: Permission denied in /var/www/html/magento2/vendor/colinmollenhour/cache-backend-file/File.php on line 710 [] []
[2025-08-14T17:45:15.321284+00:00] main.INFO: Broken reference: the 'tracking' element cannot be added as child to 'header', because the latter doesn't exist [] []
[2025-08-14T17:45:15.322373+00:00] main.INFO: Broken reference: the 'notification_area' element cannot be added as child to 'notifications', because the latter doesn't exist [] []
[2025-08-14T17:45:15.322964+00:00] main.INFO: Broken reference: the 'unread_system_messages' element cannot be added as child to 'notifications', because the latter doesn't exist [] []
[2025-08-14T17:45:15.323445+00:00] main.INFO: Broken reference: the 'notification_window' element cannot be added as child to 'notifications', because the latter doesn't exist [] []
[2025-08-14T17:45:15.328323+00:00] main.INFO: Broken reference: the 'notification.messages' element cannot be added as child to 'header', because the latter doesn't exist [] []
[2025-08-14T17:45:15.328833+00:00] main.INFO: Broken reference: the 'global_notices' element cannot be added as child to 'global.notices', because the latter doesn't exist [] []
[2025-08-14T17:45:15.329318+00:00] main.INFO: Broken reference: the 'logo' element cannot be added as child to 'header', because the latter doesn't exist [] []
[2025-08-14T17:45:15.329850+00:00] main.INFO: Broken reference: the 'global.search' element cannot be added as child to 'header', because the latter doesn't exist [] []
[2025-08-14T17:45:15.330323+00:00] main.INFO: Broken reference: the 'user' element cannot be added as child to 'header', because the latter doesn't exist [] []
[2025-08-14T17:45:15.330986+00:00] main.INFO: Broken reference: the 'menu' element cannot be added as child to 'page.menu', because the latter doesn't exist [] []
[2025-08-14T17:45:15.331482+00:00] main.INFO: Broken reference: the 'breadcrumbs' element cannot be added as child to 'page.breadcrumbs', because the latter doesn't exist [] []
[2025-08-14T17:45:15.332192+00:00] main.INFO: Broken reference: the 'formkey' element cannot be added as child to 'page.formkey', because the latter doesn't exist [] []
[2025-08-14T17:45:15.333153+00:00] main.INFO: Broken reference: the 'page.title' element cannot be added as child to 'main.top', because the latter doesn't exist [] []
[2025-08-14T17:45:15.334040+00:00] main.INFO: Broken reference: the 'messages' element cannot be added as child to 'page.messages', because the latter doesn't exist [] []
[2025-08-14T17:45:15.334844+00:00] main.INFO: Broken reference: the 'page.actions.toolbar' element cannot be added as child to 'page.main.actions', because the latter doesn't exist [] []
[2025-08-14T17:45:15.335684+00:00] main.INFO: Broken reference: the 'legal' element cannot be added as child to 'footer', because the latter doesn't exist [] []
[2025-08-14T17:45:15.336742+00:00] main.INFO: Broken reference: the 'header.inner.left' element cannot be added as child to 'header', because the latter doesn't exist [] []
[2025-08-14T17:45:15.338582+00:00] main.INFO: Broken reference: the 'header.inner.right' element cannot be added as child to 'header', because the latter doesn't exist [] []
[2025-08-14T17:45:15.339573+00:00] main.INFO: Broken reference: the 'user' tries to reorder itself towards '', but their parents are different: 'header' and '' respectively. [] []
[2025-08-14T17:45:15.340610+00:00] main.INFO: Broken reference: the 'notification.messages' tries to reorder itself towards 'user', but their parents are different: 'header' and '' respectively. [] []
[2025-08-14T17:45:15.341119+00:00] main.INFO: Broken reference: the 'logo' tries to reorder itself towards '', but their parents are different: 'header' and '' respectively. [] []
[2025-08-14T17:45:15.341593+00:00] main.INFO: Broken reference: the 'global.search' tries to reorder itself towards 'logo', but their parents are different: 'header' and '' respectively. [] []
[2025-08-14T17:45:15.342638+00:00] main.INFO: Broken reference: the 'page.actions.toolbar' tries to reorder itself towards '', but their parents are different: 'page.main.actions' and '' respectively. [] []
[2025-08-14T17:45:15.343447+00:00] main.INFO: Broken reference: the 'header.inner.left' tries to reorder itself towards '', but their parents are different: 'header' and '' respectively. [] []
[2025-08-14T17:45:15.343978+00:00] main.INFO: Broken reference: the 'header.inner.right' tries to reorder itself towards 'header.inner.left', but their parents are different: 'header' and '' respectively. [] []
[2025-08-14T17:45:15.344489+00:00] main.INFO: Broken reference: the 'notification.messages' tries to reorder itself towards 'user', but their parents are different: 'header.inner.right' and '' respectively. [] []
[2025-08-14T17:46:05.057912+00:00] main.ERROR: An existing user has the given username but different email. Username and email both need to match an existing user or both be new.
#0 /var/www/html/magento2/setup/src/Magento/Setup/Model/AdminAccount.php(113): Magento\Setup\Model\AdminAccount->validateUserMatches()
#1 /var/www/html/magento2/setup/src/Magento/Setup/Model/AdminAccount.php(83): Magento\Setup\Model\AdminAccount->saveAdminUser()
#2 /var/www/html/magento2/setup/src/Magento/Setup/Model/Installer.php(1348): Magento\Setup\Model\AdminAccount->save()
#3 /var/www/html/magento2/setup/src/Magento/Setup/Console/Command/AdminUserCreateCommand.php(166): Magento\Setup\Model\Installer->installAdminUser()
#4 /var/www/html/magento2/vendor/symfony/console/Command/Command.php(298): Magento\Setup\Console\Command\AdminUserCreateCommand->execute()
#5 /var/www/html/magento2/vendor/symfony/console/Application.php(1040): Symfony\Component\Console\Command\Command->run()
#6 /var/www/html/magento2/vendor/symfony/console/Application.php(301): Symfony\Component\Console\Application->doRunCommand()
#7 /var/www/html/magento2/vendor/magento/framework/Console/Cli.php(116): Symfony\Component\Console\Application->doRun()
#8 /var/www/html/magento2/vendor/symfony/console/Application.php(171): Magento\Framework\Console\Cli->doRun()
#9 /var/www/html/magento2/bin/magento(23): Symfony\Component\Console\Application->run()
#10 {main} [] []
[2025-08-14T17:47:26.988981+00:00] main.ERROR: Warning: file_put_contents(/var/www/html/magento2/var/cache//mage-tags/mage---ea6_MAGE): Failed to open stream: Permission denied in /var/www/html/magento2/vendor/colinmollenhour/cache-backend-file/File.php on line 710 [] []
[2025-08-14T17:47:27.194242+00:00] main.ERROR: Warning: file_put_contents(/var/www/html/magento2/var/cache//mage-tags/mage---ea6_MAGE): Failed to open stream: Permission denied in /var/www/html/magento2/vendor/colinmollenhour/cache-backend-file/File.php on line 710 [] []
[2025-08-14T17:47:30.204763+00:00] main.INFO: Broken reference: the 'tracking' element cannot be added as child to 'header', because the latter doesn't exist [] []
[2025-08-14T17:47:30.205539+00:00] main.INFO: Broken reference: the 'notification_area' element cannot be added as child to 'notifications', because the latter doesn't exist [] []
[2025-08-14T17:47:30.206143+00:00] main.INFO: Broken reference: the 'unread_system_messages' element cannot be added as child to 'notifications', because the latter doesn't exist [] []
[2025-08-14T17:47:30.206644+00:00] main.INFO: Broken reference: the 'notification_window' element cannot be added as child to 'notifications', because the latter doesn't exist [] []
[2025-08-14T17:47:30.207198+00:00] main.INFO: Broken reference: the 'notification.messages' element cannot be added as child to 'header', because the latter doesn't exist [] []
[2025-08-14T17:47:30.207713+00:00] main.INFO: Broken reference: the 'global_notices' element cannot be added as child to 'global.notices', because the latter doesn't exist [] []
[2025-08-14T17:47:30.208228+00:00] main.INFO: Broken reference: the 'logo' element cannot be added as child to 'header', because the latter doesn't exist [] []
[2025-08-14T17:47:30.208698+00:00] main.INFO: Broken reference: the 'global.search' element cannot be added as child to 'header', because the latter doesn't exist [] []
[2025-08-14T17:47:30.209213+00:00] main.INFO: Broken reference: the 'user' element cannot be added as child to 'header', because the latter doesn't exist [] []
[2025-08-14T17:47:30.209696+00:00] main.INFO: Broken reference: the 'menu' element cannot be added as child to 'page.menu', because the latter doesn't exist [] []
[2025-08-14T17:47:30.210193+00:00] main.INFO: Broken reference: the 'breadcrumbs' element cannot be added as child to 'page.breadcrumbs', because the latter doesn't exist [] []
[2025-08-14T17:47:30.210672+00:00] main.INFO: Broken reference: the 'formkey' element cannot be added as child to 'page.formkey', because the latter doesn't exist [] []
[2025-08-14T17:47:30.211163+00:00] main.INFO: Broken reference: the 'page.title' element cannot be added as child to 'main.top', because the latter doesn't exist [] []
[2025-08-14T17:47:30.211682+00:00] main.INFO: Broken reference: the 'messages' element cannot be added as child to 'page.messages', because the latter doesn't exist [] []
[2025-08-14T17:47:30.212167+00:00] main.INFO: Broken reference: the 'page.actions.toolbar' element cannot be added as child to 'page.main.actions', because the latter doesn't exist [] []
[2025-08-14T17:47:30.212648+00:00] main.INFO: Broken reference: the 'legal' element cannot be added as child to 'footer', because the latter doesn't exist [] []
[2025-08-14T17:47:30.213654+00:00] main.INFO: Broken reference: the 'header.inner.left' element cannot be added as child to 'header', because the latter doesn't exist [] []
[2025-08-14T17:47:30.214481+00:00] main.INFO: Broken reference: the 'header.inner.right' element cannot be added as child to 'header', because the latter doesn't exist [] []
[2025-08-14T17:47:30.215531+00:00] main.INFO: Broken reference: the 'user' tries to reorder itself towards '', but their parents are different: 'header' and '' respectively. [] []
[2025-08-14T17:47:30.216418+00:00] main.INFO: Broken reference: the 'notification.messages' tries to reorder itself towards 'user', but their parents are different: 'header' and '' respectively. [] []
[2025-08-14T17:47:30.217273+00:00] main.INFO: Broken reference: the 'logo' tries to reorder itself towards '', but their parents are different: 'header' and '' respectively. [] []
[2025-08-14T17:47:30.217874+00:00] main.INFO: Broken reference: the 'global.search' tries to reorder itself towards 'logo', but their parents are different: 'header' and '' respectively. [] []
[2025-08-14T17:47:30.218352+00:00] main.INFO: Broken reference: the 'page.actions.toolbar' tries to reorder itself towards '', but their parents are different: 'page.main.actions' and '' respectively. [] []
[2025-08-14T17:47:30.218865+00:00] main.INFO: Broken reference: the 'header.inner.left' tries to reorder itself towards '', but their parents are different: 'header' and '' respectively. [] []
[2025-08-14T17:47:30.219367+00:00] main.INFO: Broken reference: the 'header.inner.right' tries to reorder itself towards 'header.inner.left', but their parents are different: 'header' and '' respectively. [] []
[2025-08-14T17:47:30.219915+00:00] main.INFO: Broken reference: the 'notification.messages' tries to reorder itself towards 'user', but their parents are different: 'header.inner.right' and '' respectively. [] []
[2025-08-14T17:47:37.908472+00:00] main.DEBUG: cache_invalidate:  {"method":"POST","url":"http://magento.local.com/admin","invalidateInfo":{"tags":["BACKEND_MAINMENU"],"mode":"matchingAnyTag"}} []
[2025-08-14T17:47:38.054714+00:00] main.DEBUG: cache_invalidate:  {"method":"POST","url":"http://magento.local.com/admin","invalidateInfo":{"tags":["PB_EDITOR_CONFIG","CONFIG"],"mode":"matchingTag"}} []
[2025-08-14T17:47:38.102845+00:00] main.INFO: Item Magento_Backend::system_currency was removed [] []
[2025-08-14T17:47:38.109430+00:00] main.INFO: Add of item with id Magento_Config::system_config was processed [] []
[2025-08-14T17:47:38.110001+00:00] main.INFO: Add of item with id Magento_AdminNotification::system_adminnotification was processed [] []
[2025-08-14T17:47:38.110514+00:00] main.INFO: Add of item with id Magento_Theme::design_config was processed [] []
[2025-08-14T17:47:38.111008+00:00] main.INFO: Add of item with id Magento_Theme::system_design_theme was processed [] []
[2025-08-14T17:47:38.111476+00:00] main.INFO: Add of item with id Magento_Backend::system_design_schedule was processed [] []
[2025-08-14T17:47:38.111965+00:00] main.INFO: Add of item with id Magento_Backend::system_store was processed [] []
[2025-08-14T17:47:38.112457+00:00] main.INFO: Add of item with id Magento_Backend::dashboard was processed [] []
[2025-08-14T17:47:38.112931+00:00] main.INFO: Add of item with id Magento_Backend::system was processed [] []
[2025-08-14T17:47:38.113406+00:00] main.INFO: Add of item with id Magento_Backend::system_tools was processed [] []
[2025-08-14T17:47:38.113881+00:00] main.INFO: Add of item with id Magento_Backend::system_design was processed [] []
[2025-08-14T17:47:38.114720+00:00] main.INFO: Add of item with id Magento_Backend::system_convert was processed [] []
[2025-08-14T17:47:38.115567+00:00] main.INFO: Add of item with id Magento_Backend::system_cache was processed [] []
[2025-08-14T17:47:38.116131+00:00] main.INFO: Add of item with id Magento_Backend::marketing was processed [] []
[2025-08-14T17:47:38.116645+00:00] main.INFO: Add of item with id Magento_Backend::marketing_communications was processed [] []
[2025-08-14T17:47:38.117134+00:00] main.INFO: Add of item with id Magento_Backend::marketing_seo was processed [] []
[2025-08-14T17:47:38.117627+00:00] main.INFO: Add of item with id Magento_Backend::marketing_user_content was processed [] []
[2025-08-14T17:47:38.118092+00:00] main.INFO: Add of item with id Magento_Backend::content was processed [] []
[2025-08-14T17:47:38.118573+00:00] main.INFO: Add of item with id Magento_Backend::content_elements was processed [] []
[2025-08-14T17:47:38.119044+00:00] main.INFO: Add of item with id Magento_Backend::stores was processed [] []
[2025-08-14T17:47:38.119516+00:00] main.INFO: Add of item with id Magento_Backend::stores_settings was processed [] []
[2025-08-14T17:47:38.119993+00:00] main.INFO: Add of item with id Magento_Backend::stores_attributes was processed [] []
[2025-08-14T17:47:38.120479+00:00] main.INFO: Add of item with id Magento_Backend::other_settings was processed [] []
[2025-08-14T17:47:38.120950+00:00] main.INFO: Add of item with id Magento_Backend::system_other_settings was processed [] []
[2025-08-14T17:47:38.121414+00:00] main.INFO: Add of item with id Magento_User::system_acl was processed [] []
[2025-08-14T17:47:38.121892+00:00] main.INFO: Add of item with id Magento_User::system_acl_users was processed [] []
[2025-08-14T17:47:38.122364+00:00] main.INFO: Add of item with id Magento_User::system_acl_roles was processed [] []
[2025-08-14T17:47:38.122855+00:00] main.INFO: Add of item with id Magento_User::system_acl_locks was processed [] []
[2025-08-14T17:47:38.123316+00:00] main.INFO: Add of item with id Magento_Customer::customer was processed [] []
[2025-08-14T17:47:38.124153+00:00] main.INFO: Add of item with id Magento_Customer::customer_manage was processed [] []
[2025-08-14T17:47:38.124675+00:00] main.INFO: Add of item with id Magento_Customer::customer_online was processed [] []
[2025-08-14T17:47:38.125142+00:00] main.INFO: Add of item with id Magento_Customer::customer_group was processed [] []
[2025-08-14T17:47:38.125625+00:00] main.INFO: Add of item with id Magento_Backup::system_tools_backup was processed [] []
[2025-08-14T17:47:38.126099+00:00] main.INFO: Add of item with id Magento_Indexer::system_index was processed [] []
[2025-08-14T17:47:38.126565+00:00] main.INFO: Add of item with id Magento_Variable::system_variable was processed [] []
[2025-08-14T17:47:38.127039+00:00] main.INFO: Add of item with id Magento_Cms::cms_page was processed [] []
[2025-08-14T17:47:38.127501+00:00] main.INFO: Add of item with id Magento_Cms::cms_block was processed [] []
[2025-08-14T17:47:38.128016+00:00] main.INFO: Add of item with id Magento_Search::search_terms was processed [] []
[2025-08-14T17:47:38.128482+00:00] main.INFO: Add of item with id Magento_Search::search_synonyms was processed [] []
[2025-08-14T17:47:38.128943+00:00] main.INFO: Add of item with id Magento_Catalog::catalog was processed [] []
[2025-08-14T17:47:38.129410+00:00] main.INFO: Add of item with id Magento_Catalog::catalog_products was processed [] []
[2025-08-14T17:47:38.129898+00:00] main.INFO: Add of item with id Magento_Catalog::catalog_categories was processed [] []
[2025-08-14T17:47:38.130394+00:00] main.INFO: Add of item with id Magento_Catalog::catalog_attributes_attributes was processed [] []
[2025-08-14T17:47:38.131481+00:00] main.INFO: Add of item with id Magento_Catalog::catalog_attributes_sets was processed [] []
[2025-08-14T17:47:38.132048+00:00] main.INFO: Add of item with id Magento_Catalog::inventory was processed [] []
[2025-08-14T17:47:38.132516+00:00] main.INFO: Add of item with id Magento_CatalogRule::promo was processed [] []
[2025-08-14T17:47:38.132985+00:00] main.INFO: Add of item with id Magento_CatalogRule::promo_catalog was processed [] []
[2025-08-14T17:47:38.133449+00:00] main.INFO: Add of item with id Magento_MediaGalleryUi::media was processed [] []
[2025-08-14T17:47:38.133953+00:00] main.INFO: Add of item with id Magento_MediaGalleryUi::media_gallery was processed [] []
[2025-08-14T17:47:38.134608+00:00] main.INFO: Add of item with id Magento_Integration::system_extensions was processed [] []
[2025-08-14T17:47:38.135268+00:00] main.INFO: Add of item with id Magento_Integration::system_integrations was processed [] []
[2025-08-14T17:47:38.135953+00:00] main.INFO: Add of item with id Magento_Sales::sales was processed [] []
[2025-08-14T17:47:38.136574+00:00] main.INFO: Add of item with id Magento_Sales::sales_operation was processed [] []
[2025-08-14T17:47:38.137194+00:00] main.INFO: Add of item with id Magento_Sales::sales_order was processed [] []
[2025-08-14T17:47:38.137782+00:00] main.INFO: Add of item with id Magento_Sales::sales_invoice was processed [] []
[2025-08-14T17:47:38.138317+00:00] main.INFO: Add of item with id Magento_Sales::sales_shipment was processed [] []
[2025-08-14T17:47:38.138824+00:00] main.INFO: Add of item with id Magento_Sales::sales_creditmemo was processed [] []
[2025-08-14T17:47:38.139328+00:00] main.INFO: Add of item with id Magento_Sales::sales_transactions was processed [] []
[2025-08-14T17:47:38.139854+00:00] main.INFO: Add of item with id Magento_Sales::system_order_statuses was processed [] []
[2025-08-14T17:47:38.140330+00:00] main.INFO: Add of item with id Magento_Widget::cms_widget_instance was processed [] []
[2025-08-14T17:47:38.140807+00:00] main.INFO: Add of item with id Magento_Analytics::business_intelligence was processed [] []
[2025-08-14T17:47:38.141283+00:00] main.INFO: Add of item with id Magento_Analytics::advanced_reporting was processed [] []
[2025-08-14T17:47:38.141772+00:00] main.INFO: Add of item with id Magento_Analytics::bi_essentials was processed [] []
[2025-08-14T17:47:38.142244+00:00] main.INFO: Add of item with id Magento_Downloadable::report_products_downloads was processed [] []
[2025-08-14T17:47:38.142718+00:00] main.INFO: Add of item with id Magento_ImportExport::system_convert_import was processed [] []
[2025-08-14T17:47:38.143182+00:00] main.INFO: Add of item with id Magento_ImportExport::system_convert_export was processed [] []
[2025-08-14T17:47:38.143680+00:00] main.INFO: Add of item with id Magento_ImportExport::system_convert_history was processed [] []
[2025-08-14T17:47:38.144167+00:00] main.INFO: Add of item with id Magento_Email::template was processed [] []
[2025-08-14T17:47:38.144632+00:00] main.INFO: Add of item with id Magento_EncryptionKey::system_crypt_key was processed [] []
[2025-08-14T17:47:38.145122+00:00] main.INFO: Add of item with id Magento_InventoryAdminUi::inventory was processed [] []
[2025-08-14T17:47:38.145629+00:00] main.INFO: Add of item with id Magento_InventoryAdminUi::source was processed [] []
[2025-08-14T17:47:38.146091+00:00] main.INFO: Add of item with id Magento_InventoryAdminUi::stock was processed [] []
[2025-08-14T17:47:38.146553+00:00] main.INFO: Add of item with id Magento_Reports::report was processed [] []
[2025-08-14T17:47:38.147013+00:00] main.INFO: Add of item with id Magento_Reports::report_marketing was processed [] []
[2025-08-14T17:47:38.147491+00:00] main.INFO: Add of item with id Magento_Reports::report_salesroot was processed [] []
[2025-08-14T17:47:38.148607+00:00] main.INFO: Add of item with id Magento_Reports::report_salesroot_sales was processed [] []
[2025-08-14T17:47:38.149742+00:00] main.INFO: Add of item with id Magento_Reports::report_salesroot_tax was processed [] []
[2025-08-14T17:47:38.150333+00:00] main.INFO: Add of item with id Magento_Reports::report_salesroot_invoiced was processed [] []
[2025-08-14T17:47:38.150808+00:00] main.INFO: Add of item with id Magento_Reports::report_salesroot_shipping was processed [] []
[2025-08-14T17:47:38.151272+00:00] main.INFO: Add of item with id Magento_Reports::report_salesroot_refunded was processed [] []
[2025-08-14T17:47:38.151764+00:00] main.INFO: Add of item with id Magento_Reports::report_salesroot_coupons was processed [] []
[2025-08-14T17:47:38.152276+00:00] main.INFO: Add of item with id Magento_Reports::report_shopcart_product was processed [] []
[2025-08-14T17:47:38.152740+00:00] main.INFO: Add of item with id Magento_Reports::report_shopcart_abandoned was processed [] []
[2025-08-14T17:47:38.153216+00:00] main.INFO: Add of item with id Magento_Reports::report_products was processed [] []
[2025-08-14T17:47:38.153707+00:00] main.INFO: Add of item with id Magento_Reports::report_products_bestsellers was processed [] []
[2025-08-14T17:47:38.154217+00:00] main.INFO: Add of item with id Magento_Reports::report_products_sold was processed [] []
[2025-08-14T17:47:38.154677+00:00] main.INFO: Add of item with id Magento_Reports::report_products_viewed was processed [] []
[2025-08-14T17:47:38.155136+00:00] main.INFO: Add of item with id Magento_Reports::report_products_lowstock was processed [] []
[2025-08-14T17:47:38.155621+00:00] main.INFO: Add of item with id Magento_Reports::report_customers was processed [] []
[2025-08-14T17:47:38.156132+00:00] main.INFO: Add of item with id Magento_Reports::report_customers_accounts was processed [] []
[2025-08-14T17:47:38.156595+00:00] main.INFO: Add of item with id Magento_Reports::report_customers_totals was processed [] []
[2025-08-14T17:47:38.157067+00:00] main.INFO: Add of item with id Magento_Reports::report_customers_orders was processed [] []
[2025-08-14T17:47:38.157535+00:00] main.INFO: Add of item with id Magento_Reports::report_statistics was processed [] []
[2025-08-14T17:47:38.158016+00:00] main.INFO: Add of item with id Magento_Reports::report_statistics_refresh was processed [] []
[2025-08-14T17:47:38.158478+00:00] main.INFO: Add of item with id Magento_Search::report_search_term was processed [] []
[2025-08-14T17:47:38.158961+00:00] main.INFO: Add of item with id Magento_LoginAsCustomerLog::login_log was processed [] []
[2025-08-14T17:47:38.159430+00:00] main.INFO: Add of item with id Magento_Marketplace::partners was processed [] []
[2025-08-14T17:47:38.159901+00:00] main.INFO: Add of item with id Magento_Newsletter::newsletter_template was processed [] []
[2025-08-14T17:47:38.160364+00:00] main.INFO: Add of item with id Magento_Newsletter::newsletter_queue was processed [] []
[2025-08-14T17:47:38.160843+00:00] main.INFO: Add of item with id Magento_Newsletter::newsletter_subscriber was processed [] []
[2025-08-14T17:47:38.161333+00:00] main.INFO: Add of item with id Magento_Newsletter::newsletter_problem was processed [] []
[2025-08-14T17:47:38.161800+00:00] main.INFO: Add of item with id Magento_SalesRule::promo_quote was processed [] []
[2025-08-14T17:47:38.162258+00:00] main.INFO: Add of item with id Magento_Sitemap::catalog_sitemap was processed [] []
[2025-08-14T17:47:38.162715+00:00] main.INFO: Add of item with id Magento_PageBuilder::templates was processed [] []
[2025-08-14T17:47:38.163195+00:00] main.INFO: Add of item with id Magento_Paypal::report_salesroot_paypal_settlement_reports was processed [] []
[2025-08-14T17:47:38.163888+00:00] main.INFO: Add of item with id Magento_Paypal::paypal_billing_agreement was processed [] []
[2025-08-14T17:47:38.165042+00:00] main.INFO: Add of item with id Magento_CheckoutAgreements::sales_checkoutagreement was processed [] []
[2025-08-14T17:47:38.166326+00:00] main.INFO: Add of item with id Magento_Review::catalog_reviews_ratings_ratings was processed [] []
[2025-08-14T17:47:38.166832+00:00] main.INFO: Add of item with id Magento_Review::catalog_reviews_ratings_pending was processed [] []
[2025-08-14T17:47:38.167301+00:00] main.INFO: Add of item with id Magento_Review::catalog_reviews_ratings_reviews_all was processed [] []
[2025-08-14T17:47:38.167784+00:00] main.INFO: Add of item with id Magento_Review::report_review was processed [] []
[2025-08-14T17:47:38.168328+00:00] main.INFO: Add of item with id Magento_Review::report_review_customer was processed [] []
[2025-08-14T17:47:38.168799+00:00] main.INFO: Add of item with id Magento_Review::report_review_product was processed [] []
[2025-08-14T17:47:38.169261+00:00] main.INFO: Add of item with id Magento_UrlRewrite::urlrewrite was processed [] []
[2025-08-14T17:47:38.169724+00:00] main.INFO: Add of item with id Magento_Tax::sales_tax was processed [] []
[2025-08-14T17:47:38.170243+00:00] main.INFO: Add of item with id Magento_Tax::sales_tax_rules was processed [] []
[2025-08-14T17:47:38.170708+00:00] main.INFO: Add of item with id Magento_Tax::sales_tax_rates was processed [] []
[2025-08-14T17:47:38.171173+00:00] main.INFO: Add of item with id Magento_TaxImportExport::system_convert_tax was processed [] []
[2025-08-14T17:47:38.171634+00:00] main.INFO: Add of item with id Magento_AsynchronousOperations::system_magento_logging was processed [] []
[2025-08-14T17:47:38.172144+00:00] main.INFO: Add of item with id Magento_AsynchronousOperations::system_magento_logging_bulk_operations was processed [] []
[2025-08-14T17:47:38.172637+00:00] main.INFO: Add of item with id Magento_CurrencySymbol::system_currency was processed [] []
[2025-08-14T17:47:38.173113+00:00] main.INFO: Add of item with id Magento_CurrencySymbol::system_currency_rates was processed [] []
[2025-08-14T17:47:38.173578+00:00] main.INFO: Add of item with id Magento_CurrencySymbol::system_currency_symbols was processed [] []
[2025-08-14T17:47:38.174058+00:00] main.INFO: Add of item with id PayPal_Braintree::settlement_report was processed [] []
[2025-08-14T17:47:38.174529+00:00] main.INFO: Add of item with id PayPal_Braintree::virtual_terminal was processed [] []
[2025-08-14T17:47:40.681080+00:00] main.INFO: Broken reference: the 'notification.messages' tries to reorder itself towards 'user', but their parents are different: 'header.inner.right' and 'header' respectively. [] []
[2025-08-14T17:47:40.684760+00:00] main.ERROR: Warning: file_put_contents(/var/www/html/magento2/var/cache//mage-tags/mage---ea6_MAGE): Failed to open stream: Permission denied in /var/www/html/magento2/vendor/colinmollenhour/cache-backend-file/File.php on line 710 [] []
[2025-08-14T17:47:40.721788+00:00] main.DEBUG: Request validation failed for action "Magento\Backend\Controller\Adminhtml\Index\Index\Interceptor" {"exception":"[object] (Magento\\Framework\\App\\Request\\InvalidRequestException(code: 0): Invalid request received at /var/www/html/magento2/vendor/magento/module-backend/App/Request/BackendValidator.php:176)"} []
[2025-08-14T17:47:42.121772+00:00] main.INFO: Broken reference: the 'notification.messages' tries to reorder itself towards 'user', but their parents are different: 'header.inner.right' and 'header' respectively. [] []
[2025-08-14T17:47:42.132642+00:00] main.ERROR: Warning: file_put_contents(/var/www/html/magento2/var/cache//mage-tags/mage---ea6_MAGE): Failed to open stream: Permission denied in /var/www/html/magento2/vendor/colinmollenhour/cache-backend-file/File.php on line 710 [] []
[2025-08-14T17:47:42.283380+00:00] main.ERROR: Warning: file_put_contents(/var/www/html/magento2/var/cache//mage-tags/mage---ea6_MAGE): Failed to open stream: Permission denied in /var/www/html/magento2/vendor/colinmollenhour/cache-backend-file/File.php on line 710 [] []
[2025-08-14T17:47:54.508198+00:00] main.INFO: Broken reference: the 'notification.messages' tries to reorder itself towards 'user', but their parents are different: 'header.inner.right' and 'header' respectively. [] []
[2025-08-14T17:47:54.857142+00:00] main.ERROR: Warning: file_put_contents(/var/www/html/magento2/var/cache//mage-tags/mage---ea6_MAGE): Failed to open stream: Permission denied in /var/www/html/magento2/vendor/colinmollenhour/cache-backend-file/File.php on line 710 [] []
[2025-08-14T17:47:56.189454+00:00] main.ERROR: Warning: file_put_contents(/var/www/html/magento2/var/cache//mage-tags/mage---ea6_MAGE): Failed to open stream: Permission denied in /var/www/html/magento2/vendor/colinmollenhour/cache-backend-file/File.php on line 710 [] []
[2025-08-14T17:47:59.044175+00:00] main.INFO: Broken reference: the 'notification.messages' tries to reorder itself towards 'user', but their parents are different: 'header.inner.right' and 'header' respectively. [] []
[2025-08-14T17:47:59.346200+00:00] main.CRITICAL: Exception: Warning: file_put_contents(/var/www/html/magento2/var/cache//mage-tags/mage---ea6_MAGE): Failed to open stream: Permission denied in /var/www/html/magento2/vendor/colinmollenhour/cache-backend-file/File.php on line 710 in /var/www/html/magento2/vendor/magento/framework/App/ErrorHandler.php:62
Stack trace:
#0 [internal function]: Magento\Framework\App\ErrorHandler->handler()
#1 /var/www/html/magento2/vendor/colinmollenhour/cache-backend-file/File.php(710): file_put_contents()
#2 /var/www/html/magento2/vendor/colinmollenhour/cache-backend-file/File.php(204): Cm_Cache_Backend_File->_updateIdsTags()
#3 /var/www/html/magento2/vendor/magento/zend-cache/library/Zend/Cache/Core.php(390): Cm_Cache_Backend_File->save()
#4 /var/www/html/magento2/vendor/magento/framework/Cache/Core.php(74): Zend_Cache_Core->save()
#5 /var/www/html/magento2/vendor/magento/framework/Cache/Frontend/Adapter/Zend.php(63): Magento\Framework\Cache\Core->save()
#6 /var/www/html/magento2/vendor/magento/framework/Cache/Frontend/Decorator/Bare.php(75): Magento\Framework\Cache\Frontend\Adapter\Zend->save()
#7 /var/www/html/magento2/vendor/magento/framework/Cache/Frontend/Decorator/TagScope.php(52): Magento\Framework\Cache\Frontend\Decorator\Bare->save()
#8 /var/www/html/magento2/vendor/magento/framework/Cache/Frontend/Decorator/Bare.php(75): Magento\Framework\Cache\Frontend\Decorator\TagScope->save()
#9 /var/www/html/magento2/vendor/magento/framework/App/Cache.php(73): Magento\Framework\Cache\Frontend\Decorator\Bare->save()
#10 /var/www/html/magento2/vendor/magento/framework/App/Cache/Proxy.php(81): Magento\Framework\App\Cache->save()
#11 /var/www/html/magento2/vendor/magento/module-admin-notification/Model/System/Message/Security.php(100): Magento\Framework\App\Cache\Proxy->save()
#12 /var/www/html/magento2/vendor/magento/module-admin-notification/Model/System/Message/Security.php(141): Magento\AdminNotification\Model\System\Message\Security->_canShowNotification()
#13 /var/www/html/magento2/vendor/magento/module-admin-notification/Model/ResourceModel/System/Message/Collection/Synchronized.php(32): Magento\AdminNotification\Model\System\Message\Security->isDisplayed()
#14 /var/www/html/magento2/vendor/magento/framework/Data/Collection/AbstractDb.php(594): Magento\AdminNotification\Model\ResourceModel\System\Message\Collection\Synchronized->_afterLoad()
#15 /var/www/html/magento2/vendor/magento/framework/Data/Collection/AbstractDb.php(565): Magento\Framework\Data\Collection\AbstractDb->loadWithFilter()
#16 /var/www/html/magento2/vendor/magento/framework/Data/Collection.php(840): Magento\Framework\Data\Collection\AbstractDb->load()
#17 /var/www/html/magento2/vendor/magento/framework/Data/Collection.php(741): Magento\Framework\Data\Collection->getIterator()
#18 /var/www/html/magento2/vendor/magento/framework/Interception/Interceptor.php(58): Magento\Framework\Data\Collection->toArray()
#19 /var/www/html/magento2/vendor/magento/framework/Interception/Interceptor.php(138): Magento\AdminNotification\Model\ResourceModel\System\Message\Collection\Synchronized\Interceptor->___callParent()
#20 /var/www/html/magento2/vendor/magento/framework/Interception/Interceptor.php(153): Magento\AdminNotification\Model\ResourceModel\System\Message\Collection\Synchronized\Interceptor->Magento\Framework\Interception\{closure}()
#21 /var/www/html/magento2/generated/code/Magento/AdminNotification/Model/ResourceModel/System/Message/Collection/Synchronized/Interceptor.php(32): Magento\AdminNotification\Model\ResourceModel\System\Message\Collection\Synchronized\Interceptor->___callPlugins()
#22 /var/www/html/magento2/vendor/magento/module-ui/DataProvider/AbstractDataProvider.php(263): Magento\AdminNotification\Model\ResourceModel\System\Message\Collection\Synchronized\Interceptor->toArray()
#23 /var/www/html/magento2/vendor/magento/module-ui/Component/Listing.php(38): Magento\Ui\DataProvider\AbstractDataProvider->getData()
#24 /var/www/html/magento2/vendor/magento/framework/View/Element/UiComponent/Context.php(250): Magento\Ui\Component\Listing->getDataSourceData()
#25 /var/www/html/magento2/vendor/magento/framework/View/Layout/Generic.php(75): Magento\Framework\View\Element\UiComponent\Context->getDataSourceData()
#26 /var/www/html/magento2/vendor/magento/framework/View/Layout/Generator/Structure.php(46): Magento\Framework\View\Layout\Generic->build()
#27 /var/www/html/magento2/vendor/magento/module-ui/TemplateEngine/Xhtml/Result.php(102): Magento\Framework\View\Layout\Generator\Structure->generate()
#28 /var/www/html/magento2/vendor/magento/module-ui/TemplateEngine/Xhtml/Result.php(124): Magento\Ui\TemplateEngine\Xhtml\Result->appendLayoutConfiguration()
#29 /var/www/html/magento2/vendor/magento/module-ui/Component/Wrapper/UiComponent.php(73): Magento\Ui\TemplateEngine\Xhtml\Result->__toString()
#30 /var/www/html/magento2/vendor/magento/framework/View/Element/AbstractBlock.php(1095): Magento\Ui\Component\Wrapper\UiComponent->_toHtml()
#31 /var/www/html/magento2/vendor/magento/framework/View/Element/AbstractBlock.php(1099): Magento\Framework\View\Element\AbstractBlock->Magento\Framework\View\Element\{closure}()
#32 /var/www/html/magento2/vendor/magento/framework/View/Element/AbstractBlock.php(660): Magento\Framework\View\Element\AbstractBlock->_loadCache()
#33 /var/www/html/magento2/vendor/magento/framework/View/Layout.php(591): Magento\Framework\View\Element\AbstractBlock->toHtml()
#34 /var/www/html/magento2/vendor/magento/framework/View/Layout.php(553): Magento\Framework\View\Layout->_renderUiComponent()
#35 /var/www/html/magento2/vendor/magento/framework/View/Layout.php(510): Magento\Framework\View\Layout->renderNonCachedElement()
#36 /var/www/html/magento2/vendor/magento/framework/View/Layout.php(606): Magento\Framework\View\Layout->renderElement()
#37 /var/www/html/magento2/vendor/magento/framework/View/Layout.php(557): Magento\Framework\View\Layout->_renderContainer()
#38 /var/www/html/magento2/vendor/magento/framework/View/Layout.php(510): Magento\Framework\View\Layout->renderNonCachedElement()
#39 /var/www/html/magento2/vendor/magento/framework/View/Layout.php(606): Magento\Framework\View\Layout->renderElement()
#40 /var/www/html/magento2/vendor/magento/framework/View/Layout.php(557): Magento\Framework\View\Layout->_renderContainer()
#41 /var/www/html/magento2/vendor/magento/framework/View/Layout.php(510): Magento\Framework\View\Layout->renderNonCachedElement()
#42 /var/www/html/magento2/vendor/magento/framework/View/Layout.php(606): Magento\Framework\View\Layout->renderElement()
#43 /var/www/html/magento2/vendor/magento/framework/View/Layout.php(557): Magento\Framework\View\Layout->_renderContainer()
#44 /var/www/html/magento2/vendor/magento/framework/View/Layout.php(510): Magento\Framework\View\Layout->renderNonCachedElement()
#45 /var/www/html/magento2/vendor/magento/framework/View/Layout.php(606): Magento\Framework\View\Layout->renderElement()
#46 /var/www/html/magento2/vendor/magento/framework/View/Layout.php(557): Magento\Framework\View\Layout->_renderContainer()
#47 /var/www/html/magento2/vendor/magento/framework/View/Layout.php(510): Magento\Framework\View\Layout->renderNonCachedElement()
#48 /var/www/html/magento2/vendor/magento/framework/View/Layout.php(606): Magento\Framework\View\Layout->renderElement()
#49 /var/www/html/magento2/vendor/magento/framework/View/Layout.php(557): Magento\Framework\View\Layout->_renderContainer()
#50 /var/www/html/magento2/vendor/magento/framework/View/Layout.php(510): Magento\Framework\View\Layout->renderNonCachedElement()
#51 /var/www/html/magento2/vendor/magento/framework/View/Layout.php(975): Magento\Framework\View\Layout->renderElement()
#52 /var/www/html/magento2/generated/code/Magento/Framework/View/Layout/Interceptor.php(41): Magento\Framework\View\Layout->getOutput()
#53 /var/www/html/magento2/vendor/magento/framework/View/Result/Page.php(260): Magento\Framework\View\Layout\Interceptor->getOutput()
#54 /var/www/html/magento2/vendor/magento/framework/View/Result/Layout.php(171): Magento\Framework\View\Result\Page->render()
#55 /var/www/html/magento2/generated/code/Magento/Backend/Model/View/Result/Page/Interceptor.php(32): Magento\Framework\View\Result\Layout->renderResult()
#56 /var/www/html/magento2/vendor/magento/framework/App/Http.php(120): Magento\Backend\Model\View\Result\Page\Interceptor->renderResult()
#57 /var/www/html/magento2/vendor/magento/framework/App/Bootstrap.php(264): Magento\Framework\App\Http->launch()
#58 /var/www/html/magento2/pub/index.php(30): Magento\Framework\App\Bootstrap->run()
#59 {main} {"exception":"[object] (Exception(code: 0): Warning: file_put_contents(/var/www/html/magento2/var/cache//mage-tags/mage---ea6_MAGE): Failed to open stream: Permission denied in /var/www/html/magento2/vendor/colinmollenhour/cache-backend-file/File.php on line 710 at /var/www/html/magento2/vendor/magento/framework/App/ErrorHandler.php:62)"} []
[2025-08-14T17:47:59.434139+00:00] main.ERROR: Warning: file_put_contents(/var/www/html/magento2/var/cache//mage-tags/mage---ea6_MAGE): Failed to open stream: Permission denied in /var/www/html/magento2/vendor/colinmollenhour/cache-backend-file/File.php on line 710 [] []
[2025-08-14T17:48:00.406302+00:00] main.ERROR: Warning: file_put_contents(/var/www/html/magento2/var/cache//mage-tags/mage---ea6_MAGE): Failed to open stream: Permission denied in /var/www/html/magento2/vendor/colinmollenhour/cache-backend-file/File.php on line 710 [] []
[2025-08-14T17:48:10.018055+00:00] main.INFO: Broken reference: the 'notification.messages' tries to reorder itself towards 'user', but their parents are different: 'header.inner.right' and 'header' respectively. [] []
[2025-08-14T17:48:21.280860+00:00] main.INFO: Broken reference: the 'notification.messages' tries to reorder itself towards 'user', but their parents are different: 'header.inner.right' and 'header' respectively. [] []
[2025-08-20T12:34:50.745638+00:00] main.INFO: Broken reference: the 'catalog.compare.sidebar' element cannot be added as child to 'sidebar.additional', because the latter doesn't exist [] []
[2025-08-20T12:34:50.749775+00:00] main.INFO: Broken reference: the 'sale.reorder.sidebar' element cannot be added as child to 'sidebar.additional', because the latter doesn't exist [] []
[2025-08-20T12:34:50.750507+00:00] main.INFO: Broken reference: the 'wishlist_sidebar' element cannot be added as child to 'sidebar.additional', because the latter doesn't exist [] []
[2025-08-20T12:34:50.751080+00:00] main.INFO: Broken reference: the 'paypal.partner.right.logo' element cannot be added as child to 'sidebar.additional', because the latter doesn't exist [] []
[2025-08-20T12:34:50.751526+00:00] main.INFO: Broken reference: the 'bml.right.logo' element cannot be added as child to 'sidebar.additional', because the latter doesn't exist [] []
[2025-08-20T12:34:50.751959+00:00] main.INFO: Broken reference: the 'sidebar.container.paylater' element cannot be added as child to 'sidebar.additional', because the latter doesn't exist [] []
[2025-08-23T17:06:29.908019+00:00] main.INFO: Broken reference: the 'catalog.compare.sidebar' element cannot be added as child to 'sidebar.additional', because the latter doesn't exist [] []
[2025-08-23T17:06:29.912888+00:00] main.INFO: Broken reference: the 'sale.reorder.sidebar' element cannot be added as child to 'sidebar.additional', because the latter doesn't exist [] []
[2025-08-23T17:06:29.914399+00:00] main.INFO: Broken reference: the 'wishlist_sidebar' element cannot be added as child to 'sidebar.additional', because the latter doesn't exist [] []
[2025-08-23T17:06:29.915750+00:00] main.INFO: Broken reference: the 'paypal.partner.right.logo' element cannot be added as child to 'sidebar.additional', because the latter doesn't exist [] []
[2025-08-23T17:06:29.916877+00:00] main.INFO: Broken reference: the 'bml.right.logo' element cannot be added as child to 'sidebar.additional', because the latter doesn't exist [] []
[2025-08-23T17:06:29.917950+00:00] main.INFO: Broken reference: the 'sidebar.container.paylater' element cannot be added as child to 'sidebar.additional', because the latter doesn't exist [] []
[2025-08-24T18:16:15.320485+00:00] main.INFO: Broken reference: the 'catalog.compare.sidebar' element cannot be added as child to 'sidebar.additional', because the latter doesn't exist [] []
[2025-08-24T18:16:15.323298+00:00] main.INFO: Broken reference: the 'sale.reorder.sidebar' element cannot be added as child to 'sidebar.additional', because the latter doesn't exist [] []
[2025-08-24T18:16:15.324042+00:00] main.INFO: Broken reference: the 'wishlist_sidebar' element cannot be added as child to 'sidebar.additional', because the latter doesn't exist [] []
[2025-08-24T18:16:15.324581+00:00] main.INFO: Broken reference: the 'paypal.partner.right.logo' element cannot be added as child to 'sidebar.additional', because the latter doesn't exist [] []
[2025-08-24T18:16:15.325097+00:00] main.INFO: Broken reference: the 'bml.right.logo' element cannot be added as child to 'sidebar.additional', because the latter doesn't exist [] []
[2025-08-24T18:16:15.325567+00:00] main.INFO: Broken reference: the 'sidebar.container.paylater' element cannot be added as child to 'sidebar.additional', because the latter doesn't exist [] []
[2025-12-26T04:46:36.245080+00:00] main.INFO: Broken reference: the 'catalog.compare.sidebar' element cannot be added as child to 'sidebar.additional', because the latter doesn't exist [] []
[2025-12-26T04:46:36.247853+00:00] main.INFO: Broken reference: the 'sale.reorder.sidebar' element cannot be added as child to 'sidebar.additional', because the latter doesn't exist [] []
[2025-12-26T04:46:36.248424+00:00] main.INFO: Broken reference: the 'wishlist_sidebar' element cannot be added as child to 'sidebar.additional', because the latter doesn't exist [] []
[2025-12-26T04:46:36.248834+00:00] main.INFO: Broken reference: the 'paypal.partner.right.logo' element cannot be added as child to 'sidebar.additional', because the latter doesn't exist [] []
[2025-12-26T04:46:36.249201+00:00] main.INFO: Broken reference: the 'bml.right.logo' element cannot be added as child to 'sidebar.additional', because the latter doesn't exist [] []
[2025-12-26T04:46:36.249640+00:00] main.INFO: Broken reference: the 'sidebar.container.paylater' element cannot be added as child to 'sidebar.additional', because the latter doesn't exist [] []
[2026-01-01T21:13:06.306603+00:00] main.INFO: Broken reference: the 'catalog.compare.sidebar' element cannot be added as child to 'sidebar.additional', because the latter doesn't exist [] []
[2026-01-01T21:13:06.314753+00:00] main.INFO: Broken reference: the 'sale.reorder.sidebar' element cannot be added as child to 'sidebar.additional', because the latter doesn't exist [] []
[2026-01-01T21:13:06.315750+00:00] main.INFO: Broken reference: the 'wishlist_sidebar' element cannot be added as child to 'sidebar.additional', because the latter doesn't exist [] []
[2026-01-01T21:13:06.316866+00:00] main.INFO: Broken reference: the 'paypal.partner.right.logo' element cannot be added as child to 'sidebar.additional', because the latter doesn't exist [] []
[2026-01-01T21:13:06.317766+00:00] main.INFO: Broken reference: the 'bml.right.logo' element cannot be added as child to 'sidebar.additional', because the latter doesn't exist [] []
[2026-01-01T21:13:06.318784+00:00] main.INFO: Broken reference: the 'sidebar.container.paylater' element cannot be added as child to 'sidebar.additional', because the latter doesn't exist [] []
[2026-01-27T18:55:21.531167+00:00] main.INFO: Broken reference: the 'catalog.compare.sidebar' element cannot be added as child to 'sidebar.additional', because the latter doesn't exist [] []
[2026-01-27T18:55:21.535699+00:00] main.INFO: Broken reference: the 'sale.reorder.sidebar' element cannot be added as child to 'sidebar.additional', because the latter doesn't exist [] []
[2026-01-27T18:55:21.537123+00:00] main.INFO: Broken reference: the 'wishlist_sidebar' element cannot be added as child to 'sidebar.additional', because the latter doesn't exist [] []
[2026-01-27T18:55:21.538167+00:00] main.INFO: Broken reference: the 'paypal.partner.right.logo' element cannot be added as child to 'sidebar.additional', because the latter doesn't exist [] []
[2026-01-27T18:55:21.539131+00:00] main.INFO: Broken reference: the 'bml.right.logo' element cannot be added as child to 'sidebar.additional', because the latter doesn't exist [] []
[2026-01-27T18:55:21.540103+00:00] main.INFO: Broken reference: the 'sidebar.container.paylater' element cannot be added as child to 'sidebar.additional', because the latter doesn't exist [] []
[2026-01-27T18:55:39.792636+00:00] main.INFO: Broken reference: the 'tracking' element cannot be added as child to 'header', because the latter doesn't exist [] []
[2026-01-27T18:55:39.793336+00:00] main.INFO: Broken reference: the 'notification_area' element cannot be added as child to 'notifications', because the latter doesn't exist [] []
[2026-01-27T18:55:39.793824+00:00] main.INFO: Broken reference: the 'unread_system_messages' element cannot be added as child to 'notifications', because the latter doesn't exist [] []
[2026-01-27T18:55:39.794291+00:00] main.INFO: Broken reference: the 'notification_window' element cannot be added as child to 'notifications', because the latter doesn't exist [] []
[2026-01-27T18:55:39.795034+00:00] main.INFO: Broken reference: the 'notification.messages' element cannot be added as child to 'header', because the latter doesn't exist [] []
[2026-01-27T18:55:39.795532+00:00] main.INFO: Broken reference: the 'global_notices' element cannot be added as child to 'global.notices', because the latter doesn't exist [] []
[2026-01-27T18:55:39.796095+00:00] main.INFO: Broken reference: the 'logo' element cannot be added as child to 'header', because the latter doesn't exist [] []
[2026-01-27T18:55:39.796614+00:00] main.INFO: Broken reference: the 'global.search' element cannot be added as child to 'header', because the latter doesn't exist [] []
[2026-01-27T18:55:39.797085+00:00] main.INFO: Broken reference: the 'user' element cannot be added as child to 'header', because the latter doesn't exist [] []
[2026-01-27T18:55:39.797553+00:00] main.INFO: Broken reference: the 'menu' element cannot be added as child to 'page.menu', because the latter doesn't exist [] []
[2026-01-27T18:55:39.798019+00:00] main.INFO: Broken reference: the 'breadcrumbs' element cannot be added as child to 'page.breadcrumbs', because the latter doesn't exist [] []
[2026-01-27T18:55:39.798560+00:00] main.INFO: Broken reference: the 'formkey' element cannot be added as child to 'page.formkey', because the latter doesn't exist [] []
[2026-01-27T18:55:39.799038+00:00] main.INFO: Broken reference: the 'page.title' element cannot be added as child to 'main.top', because the latter doesn't exist [] []
[2026-01-27T18:55:39.799505+00:00] main.INFO: Broken reference: the 'messages' element cannot be added as child to 'page.messages', because the latter doesn't exist [] []
[2026-01-27T18:55:39.799969+00:00] main.INFO: Broken reference: the 'page.actions.toolbar' element cannot be added as child to 'page.main.actions', because the latter doesn't exist [] []
[2026-01-27T18:55:39.800457+00:00] main.INFO: Broken reference: the 'legal' element cannot be added as child to 'footer', because the latter doesn't exist [] []
[2026-01-27T18:55:39.801306+00:00] main.INFO: Broken reference: the 'header.inner.left' element cannot be added as child to 'header', because the latter doesn't exist [] []
[2026-01-27T18:55:39.801812+00:00] main.INFO: Broken reference: the 'header.inner.right' element cannot be added as child to 'header', because the latter doesn't exist [] []
[2026-01-27T18:55:39.802521+00:00] main.INFO: Broken reference: the 'user' tries to reorder itself towards '', but their parents are different: 'header' and '' respectively. [] []
[2026-01-27T18:55:39.803034+00:00] main.INFO: Broken reference: the 'notification.messages' tries to reorder itself towards 'user', but their parents are different: 'header' and '' respectively. [] []
[2026-01-27T18:55:39.803500+00:00] main.INFO: Broken reference: the 'logo' tries to reorder itself towards '', but their parents are different: 'header' and '' respectively. [] []
[2026-01-27T18:55:39.803988+00:00] main.INFO: Broken reference: the 'global.search' tries to reorder itself towards 'logo', but their parents are different: 'header' and '' respectively. [] []
[2026-01-27T18:55:39.804461+00:00] main.INFO: Broken reference: the 'page.actions.toolbar' tries to reorder itself towards '', but their parents are different: 'page.main.actions' and '' respectively. [] []
[2026-01-27T18:55:39.804950+00:00] main.INFO: Broken reference: the 'header.inner.left' tries to reorder itself towards '', but their parents are different: 'header' and '' respectively. [] []
[2026-01-27T18:55:39.805419+00:00] main.INFO: Broken reference: the 'header.inner.right' tries to reorder itself towards 'header.inner.left', but their parents are different: 'header' and '' respectively. [] []
[2026-01-27T18:55:39.805914+00:00] main.INFO: Broken reference: the 'notification.messages' tries to reorder itself towards 'user', but their parents are different: 'header.inner.right' and '' respectively. [] []
[2026-01-27T18:55:44.378041+00:00] main.INFO: Broken reference: the 'tracking' element cannot be added as child to 'header', because the latter doesn't exist [] []
[2026-01-27T18:55:44.378962+00:00] main.INFO: Broken reference: the 'notification_area' element cannot be added as child to 'notifications', because the latter doesn't exist [] []
[2026-01-27T18:55:44.379869+00:00] main.INFO: Broken reference: the 'unread_system_messages' element cannot be added as child to 'notifications', because the latter doesn't exist [] []
[2026-01-27T18:55:44.380574+00:00] main.INFO: Broken reference: the 'notification_window' element cannot be added as child to 'notifications', because the latter doesn't exist [] []
[2026-01-27T18:55:44.381115+00:00] main.INFO: Broken reference: the 'notification.messages' element cannot be added as child to 'header', because the latter doesn't exist [] []
[2026-01-27T18:55:44.381727+00:00] main.INFO: Broken reference: the 'global_notices' element cannot be added as child to 'global.notices', because the latter doesn't exist [] []
[2026-01-27T18:55:44.382753+00:00] main.INFO: Broken reference: the 'logo' element cannot be added as child to 'header', because the latter doesn't exist [] []
[2026-01-27T18:55:44.383664+00:00] main.INFO: Broken reference: the 'global.search' element cannot be added as child to 'header', because the latter doesn't exist [] []
[2026-01-27T18:55:44.384604+00:00] main.INFO: Broken reference: the 'user' element cannot be added as child to 'header', because the latter doesn't exist [] []
[2026-01-27T18:55:44.385474+00:00] main.INFO: Broken reference: the 'menu' element cannot be added as child to 'page.menu', because the latter doesn't exist [] []
[2026-01-27T18:55:44.386021+00:00] main.INFO: Broken reference: the 'breadcrumbs' element cannot be added as child to 'page.breadcrumbs', because the latter doesn't exist [] []
[2026-01-27T18:55:44.386618+00:00] main.INFO: Broken reference: the 'formkey' element cannot be added as child to 'page.formkey', because the latter doesn't exist [] []
[2026-01-27T18:55:44.387180+00:00] main.INFO: Broken reference: the 'page.title' element cannot be added as child to 'main.top', because the latter doesn't exist [] []
[2026-01-27T18:55:44.387665+00:00] main.INFO: Broken reference: the 'messages' element cannot be added as child to 'page.messages', because the latter doesn't exist [] []
[2026-01-27T18:55:44.388148+00:00] main.INFO: Broken reference: the 'page.actions.toolbar' element cannot be added as child to 'page.main.actions', because the latter doesn't exist [] []
[2026-01-27T18:55:44.388618+00:00] main.INFO: Broken reference: the 'legal' element cannot be added as child to 'footer', because the latter doesn't exist [] []
[2026-01-27T18:55:44.389215+00:00] main.INFO: Broken reference: the 'header.inner.left' element cannot be added as child to 'header', because the latter doesn't exist [] []
[2026-01-27T18:55:44.389689+00:00] main.INFO: Broken reference: the 'header.inner.right' element cannot be added as child to 'header', because the latter doesn't exist [] []
[2026-01-27T18:55:44.390214+00:00] main.INFO: Broken reference: the 'user' tries to reorder itself towards '', but their parents are different: 'header' and '' respectively. [] []
[2026-01-27T18:55:44.390750+00:00] main.INFO: Broken reference: the 'notification.messages' tries to reorder itself towards 'user', but their parents are different: 'header' and '' respectively. [] []
[2026-01-27T18:55:44.391251+00:00] main.INFO: Broken reference: the 'logo' tries to reorder itself towards '', but their parents are different: 'header' and '' respectively. [] []
[2026-01-27T18:55:44.391717+00:00] main.INFO: Broken reference: the 'global.search' tries to reorder itself towards 'logo', but their parents are different: 'header' and '' respectively. [] []
[2026-01-27T18:55:44.392180+00:00] main.INFO: Broken reference: the 'page.actions.toolbar' tries to reorder itself towards '', but their parents are different: 'page.main.actions' and '' respectively. [] []
[2026-01-27T18:55:44.392666+00:00] main.INFO: Broken reference: the 'header.inner.left' tries to reorder itself towards '', but their parents are different: 'header' and '' respectively. [] []
[2026-01-27T18:55:44.393159+00:00] main.INFO: Broken reference: the 'header.inner.right' tries to reorder itself towards 'header.inner.left', but their parents are different: 'header' and '' respectively. [] []
[2026-01-27T18:55:44.393663+00:00] main.INFO: Broken reference: the 'notification.messages' tries to reorder itself towards 'user', but their parents are different: 'header.inner.right' and '' respectively. [] []
[2026-01-27T18:57:36.184235+00:00] main.ERROR: An existing user has the given username but different email. Username and email both need to match an existing user or both be new.
#0 /var/www/html/magento2/setup/src/Magento/Setup/Model/AdminAccount.php(113): Magento\Setup\Model\AdminAccount->validateUserMatches()
#1 /var/www/html/magento2/setup/src/Magento/Setup/Model/AdminAccount.php(83): Magento\Setup\Model\AdminAccount->saveAdminUser()
#2 /var/www/html/magento2/setup/src/Magento/Setup/Model/Installer.php(1348): Magento\Setup\Model\AdminAccount->save()
#3 /var/www/html/magento2/setup/src/Magento/Setup/Console/Command/AdminUserCreateCommand.php(166): Magento\Setup\Model\Installer->installAdminUser()
#4 /var/www/html/magento2/vendor/symfony/console/Command/Command.php(298): Magento\Setup\Console\Command\AdminUserCreateCommand->execute()
#5 /var/www/html/magento2/vendor/symfony/console/Application.php(1040): Symfony\Component\Console\Command\Command->run()
#6 /var/www/html/magento2/vendor/symfony/console/Application.php(301): Symfony\Component\Console\Application->doRunCommand()
#7 /var/www/html/magento2/vendor/magento/framework/Console/Cli.php(116): Symfony\Component\Console\Application->doRun()
#8 /var/www/html/magento2/vendor/symfony/console/Application.php(171): Magento\Framework\Console\Cli->doRun()
#9 /var/www/html/magento2/bin/magento(23): Symfony\Component\Console\Application->run()
#10 {main} [] []
[2026-01-27T18:58:21.876806+00:00] main.ERROR: An existing user has the given email but different username. Username and email both need to match an existing user or both be new.
#0 /var/www/html/magento2/setup/src/Magento/Setup/Model/AdminAccount.php(113): Magento\Setup\Model\AdminAccount->validateUserMatches()
#1 /var/www/html/magento2/setup/src/Magento/Setup/Model/AdminAccount.php(83): Magento\Setup\Model\AdminAccount->saveAdminUser()
#2 /var/www/html/magento2/setup/src/Magento/Setup/Model/Installer.php(1348): Magento\Setup\Model\AdminAccount->save()
#3 /var/www/html/magento2/setup/src/Magento/Setup/Console/Command/AdminUserCreateCommand.php(166): Magento\Setup\Model\Installer->installAdminUser()
#4 /var/www/html/magento2/vendor/symfony/console/Command/Command.php(298): Magento\Setup\Console\Command\AdminUserCreateCommand->execute()
#5 /var/www/html/magento2/vendor/symfony/console/Application.php(1040): Symfony\Component\Console\Command\Command->run()
#6 /var/www/html/magento2/vendor/symfony/console/Application.php(301): Symfony\Component\Console\Application->doRunCommand()
#7 /var/www/html/magento2/vendor/magento/framework/Console/Cli.php(116): Symfony\Component\Console\Application->doRun()
#8 /var/www/html/magento2/vendor/symfony/console/Application.php(171): Magento\Framework\Console\Cli->doRun()
#9 /var/www/html/magento2/bin/magento(23): Symfony\Component\Console\Application->run()
#10 {main} [] []
[2026-01-27T18:59:29.082187+00:00] main.DEBUG: cache_invalidate:  {"method":"POST","url":"http://magento.local.com/admin","invalidateInfo":{"tags":["BACKEND_MAINMENU"],"mode":"matchingAnyTag"}} []
[2026-01-27T18:59:29.127463+00:00] main.DEBUG: cache_invalidate:  {"method":"POST","url":"http://magento.local.com/admin","invalidateInfo":{"tags":["PB_EDITOR_CONFIG","CONFIG"],"mode":"matchingTag"}} []
[2026-01-27T18:59:30.894762+00:00] main.INFO: Broken reference: the 'notification.messages' tries to reorder itself towards 'user', but their parents are different: 'header.inner.right' and 'header' respectively. [] []
[2026-01-27T18:59:56.337834+00:00] main.DEBUG: cache_invalidate:  {"method":"POST","url":"http://magento.local.com/admin/admin/system_account/save/key/5a748c12552500375333d05c6a6dde4604044182ecf9568ffd6ccf4ed344b09f/","invalidateInfo":{"tags":["BACKEND_MAINMENU","user_assigned_role"],"mode":"matchingAnyTag"}} []
[2026-01-27T18:59:56.627590+00:00] main.ERROR: Laminas\Mail\Transport\Exception\RuntimeException: Unable to send mail: Unknown error in /var/www/html/magento2/vendor/laminas/laminas-mail/src/Transport/Sendmail.php:313
Stack trace:
#0 /var/www/html/magento2/vendor/laminas/laminas-mail/src/Transport/Sendmail.php(150): Laminas\Mail\Transport\Sendmail->mailHandler()
#1 /var/www/html/magento2/vendor/magento/module-email/Model/Transport.php(183): Laminas\Mail\Transport\Sendmail->send()
#2 /var/www/html/magento2/vendor/magento/framework/Interception/Interceptor.php(58): Magento\Email\Model\Transport->sendMessage()
#3 /var/www/html/magento2/vendor/magento/framework/Interception/Interceptor.php(138): Magento\Email\Model\Transport\Interceptor->___callParent()
#4 /var/www/html/magento2/vendor/magento/module-email/Model/Mail/TransportInterfacePlugin.php(48): Magento\Email\Model\Transport\Interceptor->Magento\Framework\Interception\{closure}()
#5 /var/www/html/magento2/vendor/magento/framework/Interception/Interceptor.php(135): Magento\Email\Model\Mail\TransportInterfacePlugin->aroundSendMessage()
#6 /var/www/html/magento2/vendor/magento/framework/Interception/Interceptor.php(153): Magento\Email\Model\Transport\Interceptor->Magento\Framework\Interception\{closure}()
#7 /var/www/html/magento2/generated/code/Magento/Email/Model/Transport/Interceptor.php(23): Magento\Email\Model\Transport\Interceptor->___callPlugins()
#8 /var/www/html/magento2/vendor/magento/module-user/Model/Notificator.php(98): Magento\Email\Model\Transport\Interceptor->sendMessage()
#9 /var/www/html/magento2/vendor/magento/module-user/Model/Notificator.php(186): Magento\User\Model\Notificator->sendNotification()
#10 /var/www/html/magento2/vendor/magento/module-user/Model/User.php(506): Magento\User\Model\Notificator->sendUpdated()
#11 /var/www/html/magento2/vendor/magento/module-backend/Controller/Adminhtml/System/Account/Save.php(83): Magento\User\Model\User->sendNotificationEmailsIfRequired()
#12 /var/www/html/magento2/vendor/magento/framework/Interception/Interceptor.php(58): Magento\Backend\Controller\Adminhtml\System\Account\Save->execute()
#13 /var/www/html/magento2/vendor/magento/framework/Interception/Interceptor.php(138): Magento\Backend\Controller\Adminhtml\System\Account\Save\Interceptor->___callParent()
#14 /var/www/html/magento2/vendor/magento/framework/Interception/Interceptor.php(153): Magento\Backend\Controller\Adminhtml\System\Account\Save\Interceptor->Magento\Framework\Interception\{closure}()
#15 /var/www/html/magento2/generated/code/Magento/Backend/Controller/Adminhtml/System/Account/Save/Interceptor.php(23): Magento\Backend\Controller\Adminhtml\System\Account\Save\Interceptor->___callPlugins()
#16 /var/www/html/magento2/vendor/magento/framework/App/Action/Action.php(111): Magento\Backend\Controller\Adminhtml\System\Account\Save\Interceptor->execute()
#17 /var/www/html/magento2/vendor/magento/module-backend/App/AbstractAction.php(151): Magento\Framework\App\Action\Action->dispatch()
#18 /var/www/html/magento2/vendor/magento/framework/Interception/Interceptor.php(58): Magento\Backend\App\AbstractAction->dispatch()
#19 /var/www/html/magento2/vendor/magento/framework/Interception/Interceptor.php(138): Magento\Backend\Controller\Adminhtml\System\Account\Save\Interceptor->___callParent()
#20 /var/www/html/magento2/vendor/magento/module-backend/App/Action/Plugin/Authentication.php(145): Magento\Backend\Controller\Adminhtml\System\Account\Save\Interceptor->Magento\Framework\Interception\{closure}()
#21 /var/www/html/magento2/vendor/magento/framework/Interception/Interceptor.php(135): Magento\Backend\App\Action\Plugin\Authentication->aroundDispatch()
#22 /var/www/html/magento2/vendor/magento/framework/Interception/Interceptor.php(153): Magento\Backend\Controller\Adminhtml\System\Account\Save\Interceptor->Magento\Framework\Interception\{closure}()
#23 /var/www/html/magento2/generated/code/Magento/Backend/Controller/Adminhtml/System/Account/Save/Interceptor.php(32): Magento\Backend\Controller\Adminhtml\System\Account\Save\Interceptor->___callPlugins()
#24 /var/www/html/magento2/vendor/magento/framework/App/FrontController.php(245): Magento\Backend\Controller\Adminhtml\System\Account\Save\Interceptor->dispatch()
#25 /var/www/html/magento2/vendor/magento/framework/App/FrontController.php(212): Magento\Framework\App\FrontController->getActionResponse()
#26 /var/www/html/magento2/vendor/magento/framework/App/FrontController.php(147): Magento\Framework\App\FrontController->processRequest()
#27 /var/www/html/magento2/vendor/magento/framework/Interception/Interceptor.php(58): Magento\Framework\App\FrontController->dispatch()
#28 /var/www/html/magento2/vendor/magento/framework/Interception/Interceptor.php(138): Magento\Framework\App\FrontController\Interceptor->___callParent()
#29 /var/www/html/magento2/vendor/magento/framework/Interception/Interceptor.php(153): Magento\Framework\App\FrontController\Interceptor->Magento\Framework\Interception\{closure}()
#30 /var/www/html/magento2/generated/code/Magento/Framework/App/FrontController/Interceptor.php(23): Magento\Framework\App\FrontController\Interceptor->___callPlugins()
#31 /var/www/html/magento2/vendor/magento/framework/App/Http.php(116): Magento\Framework\App\FrontController\Interceptor->dispatch()
#32 /var/www/html/magento2/vendor/magento/framework/App/Bootstrap.php(264): Magento\Framework\App\Http->launch()
#33 /var/www/html/magento2/pub/index.php(30): Magento\Framework\App\Bootstrap->run()
#34 {main} {"exception":"[object] (Laminas\\Mail\\Transport\\Exception\\RuntimeException(code: 0): Unable to send mail: Unknown error at /var/www/html/magento2/vendor/laminas/laminas-mail/src/Transport/Sendmail.php:313)"} []
[2026-01-27T18:59:56.732683+00:00] main.INFO: Broken reference: the 'notification.messages' tries to reorder itself towards 'user', but their parents are different: 'header.inner.right' and 'header' respectively. [] []
[2026-01-27T19:00:05.695257+00:00] main.INFO: Broken reference: the 'notification.messages' tries to reorder itself towards 'user', but their parents are different: 'header.inner.right' and 'header' respectively. [] []
[2026-01-27T19:00:11.115684+00:00] main.INFO: Broken reference: the 'notification.messages' tries to reorder itself towards 'user', but their parents are different: 'header.inner.right' and 'header' respectively. [] []
[2026-01-27T19:04:58.065389+00:00] main.DEBUG: cache_invalidate:  {"method":"GET","url":"http:/","invalidateInfo":{"tags":["CONFIG"],"mode":"matchingTag"}} []
[2026-01-27T19:04:58.068705+00:00] main.DEBUG: cache_invalidate:  {"method":"GET","url":"http:/","invalidateInfo":{"tags":["LAYOUT_GENERAL_CACHE_TAG"],"mode":"matchingTag"}} []
[2026-01-27T19:04:58.072548+00:00] main.DEBUG: cache_invalidate:  {"method":"GET","url":"http:/","invalidateInfo":{"tags":["BLOCK_HTML"],"mode":"matchingTag"}} []
[2026-01-27T19:04:58.075807+00:00] main.DEBUG: cache_invalidate:  {"method":"GET","url":"http:/","invalidateInfo":{"tags":["COLLECTION_DATA"],"mode":"matchingTag"}} []
[2026-01-27T19:04:58.079222+00:00] main.DEBUG: cache_invalidate:  {"method":"GET","url":"http:/","invalidateInfo":{"tags":["REFLECTION"],"mode":"matchingTag"}} []
[2026-01-27T19:04:58.083823+00:00] main.DEBUG: cache_invalidate:  {"method":"GET","url":"http:/","invalidateInfo":{"tags":["DB_DDL"],"mode":"matchingTag"}} []
[2026-01-27T19:04:58.086276+00:00] main.DEBUG: cache_invalidate:  {"method":"GET","url":"http:/","invalidateInfo":{"tags":["COMPILED_CONFIG"],"mode":"matchingTag"}} []
[2026-01-27T19:04:58.089268+00:00] main.DEBUG: cache_invalidate:  {"method":"GET","url":"http:/","invalidateInfo":{"tags":["EAV"],"mode":"matchingTag"}} []
[2026-01-27T19:04:58.091962+00:00] main.DEBUG: cache_invalidate:  {"method":"GET","url":"http:/","invalidateInfo":{"tags":["CUSTOMER_NOTIFICATION"],"mode":"matchingTag"}} []
[2026-01-27T19:04:58.097227+00:00] main.DEBUG: cache_invalidate:  {"method":"GET","url":"http:/","invalidateInfo":{"tags":["INTEGRATION"],"mode":"matchingTag"}} []
[2026-01-27T19:04:58.100795+00:00] main.DEBUG: cache_invalidate:  {"method":"GET","url":"http:/","invalidateInfo":{"tags":["INTEGRATION_API_CONFIG"],"mode":"matchingTag"}} []
[2026-01-27T19:04:58.177291+00:00] main.DEBUG: cache_invalidate:  {"method":"GET","url":"http:/","invalidateInfo":{"tags":["FPC"],"mode":"matchingTag"}} []
[2026-01-27T19:04:58.179691+00:00] main.DEBUG: cache_invalidate:  {"method":"GET","url":"http:/","invalidateInfo":{"tags":["WEBSERVICE"],"mode":"matchingTag"}} []
[2026-01-27T19:04:58.182088+00:00] main.DEBUG: cache_invalidate:  {"method":"GET","url":"http:/","invalidateInfo":{"tags":["TRANSLATE"],"mode":"matchingTag"}} []
[2026-01-27T19:05:06.213928+00:00] main.DEBUG: cache_invalidate:  {"method":"GET","url":"http:/","invalidateInfo":{"tags":["CONFIG"],"mode":"matchingTag"}} []
[2026-01-27T19:05:47.535288+00:00] main.DEBUG: cache_invalidate:  {"method":"GET","url":"http:/","invalidateInfo":{"tags":["CONFIG"],"mode":"matchingTag"}} []
[2026-01-27T19:05:47.538041+00:00] main.DEBUG: cache_invalidate:  {"method":"GET","url":"http:/","invalidateInfo":{"tags":["LAYOUT_GENERAL_CACHE_TAG"],"mode":"matchingTag"}} []
[2026-01-27T19:05:47.540217+00:00] main.DEBUG: cache_invalidate:  {"method":"GET","url":"http:/","invalidateInfo":{"tags":["BLOCK_HTML"],"mode":"matchingTag"}} []
[2026-01-27T19:05:47.542009+00:00] main.DEBUG: cache_invalidate:  {"method":"GET","url":"http:/","invalidateInfo":{"tags":["COLLECTION_DATA"],"mode":"matchingTag"}} []
[2026-01-27T19:05:47.543559+00:00] main.DEBUG: cache_invalidate:  {"method":"GET","url":"http:/","invalidateInfo":{"tags":["REFLECTION"],"mode":"matchingTag"}} []
[2026-01-27T19:05:47.545311+00:00] main.DEBUG: cache_invalidate:  {"method":"GET","url":"http:/","invalidateInfo":{"tags":["DB_DDL"],"mode":"matchingTag"}} []
[2026-01-27T19:05:47.547298+00:00] main.DEBUG: cache_invalidate:  {"method":"GET","url":"http:/","invalidateInfo":{"tags":["COMPILED_CONFIG"],"mode":"matchingTag"}} []
[2026-01-27T19:05:47.549402+00:00] main.DEBUG: cache_invalidate:  {"method":"GET","url":"http:/","invalidateInfo":{"tags":["EAV"],"mode":"matchingTag"}} []
[2026-01-27T19:05:47.550833+00:00] main.DEBUG: cache_invalidate:  {"method":"GET","url":"http:/","invalidateInfo":{"tags":["CUSTOMER_NOTIFICATION"],"mode":"matchingTag"}} []
[2026-01-27T19:05:47.552581+00:00] main.DEBUG: cache_invalidate:  {"method":"GET","url":"http:/","invalidateInfo":{"tags":["INTEGRATION"],"mode":"matchingTag"}} []
[2026-01-27T19:05:47.554408+00:00] main.DEBUG: cache_invalidate:  {"method":"GET","url":"http:/","invalidateInfo":{"tags":["INTEGRATION_API_CONFIG"],"mode":"matchingTag"}} []
[2026-01-27T19:05:47.568151+00:00] main.DEBUG: cache_invalidate:  {"method":"GET","url":"http:/","invalidateInfo":{"tags":["FPC"],"mode":"matchingTag"}} []
[2026-01-27T19:05:47.571336+00:00] main.DEBUG: cache_invalidate:  {"method":"GET","url":"http:/","invalidateInfo":{"tags":["WEBSERVICE"],"mode":"matchingTag"}} []
[2026-01-27T19:05:47.574996+00:00] main.DEBUG: cache_invalidate:  {"method":"GET","url":"http:/","invalidateInfo":{"tags":["TRANSLATE"],"mode":"matchingTag"}} []
[2026-01-27T19:05:53.713441+00:00] main.DEBUG: cache_invalidate:  {"method":"GET","url":"http:/","invalidateInfo":{"tags":["CONFIG"],"mode":"matchingTag"}} []
[2026-01-27T19:05:53.860445+00:00] main.DEBUG: cache_invalidate:  {"method":"GET","url":"http:/","invalidateInfo":{"tags":["CONFIG"],"mode":"matchingTag"}} []
[2026-01-27T19:05:53.862943+00:00] main.DEBUG: cache_invalidate:  {"method":"GET","url":"http:/","invalidateInfo":{"tags":["LAYOUT_GENERAL_CACHE_TAG"],"mode":"matchingTag"}} []
[2026-01-27T19:05:53.865516+00:00] main.DEBUG: cache_invalidate:  {"method":"GET","url":"http:/","invalidateInfo":{"tags":["BLOCK_HTML"],"mode":"matchingTag"}} []
[2026-01-27T19:05:53.868165+00:00] main.DEBUG: cache_invalidate:  {"method":"GET","url":"http:/","invalidateInfo":{"tags":["COLLECTION_DATA"],"mode":"matchingTag"}} []
[2026-01-27T19:05:53.870272+00:00] main.DEBUG: cache_invalidate:  {"method":"GET","url":"http:/","invalidateInfo":{"tags":["REFLECTION"],"mode":"matchingTag"}} []
[2026-01-27T19:05:53.873236+00:00] main.DEBUG: cache_invalidate:  {"method":"GET","url":"http:/","invalidateInfo":{"tags":["DB_DDL"],"mode":"matchingTag"}} []
[2026-01-27T19:05:53.880703+00:00] main.DEBUG: cache_invalidate:  {"method":"GET","url":"http:/","invalidateInfo":{"tags":["COMPILED_CONFIG"],"mode":"matchingTag"}} []
[2026-01-27T19:05:53.884024+00:00] main.DEBUG: cache_invalidate:  {"method":"GET","url":"http:/","invalidateInfo":{"tags":["EAV"],"mode":"matchingTag"}} []
[2026-01-27T19:05:53.885822+00:00] main.DEBUG: cache_invalidate:  {"method":"GET","url":"http:/","invalidateInfo":{"tags":["CUSTOMER_NOTIFICATION"],"mode":"matchingTag"}} []
[2026-01-27T19:05:53.887743+00:00] main.DEBUG: cache_invalidate:  {"method":"GET","url":"http:/","invalidateInfo":{"tags":["INTEGRATION"],"mode":"matchingTag"}} []
[2026-01-27T19:05:53.889650+00:00] main.DEBUG: cache_invalidate:  {"method":"GET","url":"http:/","invalidateInfo":{"tags":["INTEGRATION_API_CONFIG"],"mode":"matchingTag"}} []
[2026-01-27T19:05:53.892090+00:00] main.DEBUG: cache_invalidate:  {"method":"GET","url":"http:/","invalidateInfo":{"tags":["FPC"],"mode":"matchingTag"}} []
[2026-01-27T19:05:53.893969+00:00] main.DEBUG: cache_invalidate:  {"method":"GET","url":"http:/","invalidateInfo":{"tags":["WEBSERVICE"],"mode":"matchingTag"}} []
[2026-01-27T19:05:53.895793+00:00] main.DEBUG: cache_invalidate:  {"method":"GET","url":"http:/","invalidateInfo":{"tags":["TRANSLATE"],"mode":"matchingTag"}} []
[2026-01-27T19:05:57.419562+00:00] main.DEBUG: cache_invalidate:  {"method":"GET","url":"http:/","invalidateInfo":{"tags":["EAV","EAV_ATTRIBUTE"],"mode":"matchingAnyTag"}} []
[2026-01-27T19:05:57.423140+00:00] main.DEBUG: cache_invalidate:  {"method":"GET","url":"http:/","invalidateInfo":{"tags":["EAV","EAV_ATTRIBUTE"],"mode":"matchingAnyTag"}} []
[2026-01-27T19:05:57.424443+00:00] main.DEBUG: cache_invalidate:  {"method":"GET","url":"http:/","invalidateInfo":{"tags":["EAV","EAV_ATTRIBUTE"],"mode":"matchingAnyTag"}} []
[2026-01-27T19:05:57.427269+00:00] main.DEBUG: cache_invalidate:  {"method":"GET","url":"http:/","invalidateInfo":{"tags":["EAV_ATTRIBUTE"],"mode":"matchingAnyTag"}} []
[2026-01-27T19:05:57.625503+00:00] main.DEBUG: cache_invalidate:  {"method":"GET","url":"http:/","invalidateInfo":{"identifier":"DB_PDO_MYSQL_DDL_customer_grid_flat_1"}} []
[2026-01-27T19:05:57.627124+00:00] main.DEBUG: cache_invalidate:  {"method":"GET","url":"http:/","invalidateInfo":{"identifier":"DB_PDO_MYSQL_DDL_customer_grid_flat_2"}} []
[2026-01-27T19:05:57.628920+00:00] main.DEBUG: cache_invalidate:  {"method":"GET","url":"http:/","invalidateInfo":{"identifier":"DB_PDO_MYSQL_DDL_customer_grid_flat_3"}} []
[2026-01-27T19:05:57.630322+00:00] main.DEBUG: cache_invalidate:  {"method":"GET","url":"http:/","invalidateInfo":{"identifier":"DB_PDO_MYSQL_DDL_customer_grid_flat_4"}} []
[2026-01-27T19:05:57.633580+00:00] main.DEBUG: cache_invalidate:  {"method":"GET","url":"http:/","invalidateInfo":{"identifier":"DB_PDO_MYSQL_DDL_customer_grid_flat_5"}} []
[2026-01-27T19:05:57.673627+00:00] main.DEBUG: cache_invalidate:  {"method":"GET","url":"http:/","invalidateInfo":{"identifier":"DB_PDO_MYSQL_DDL_customer_grid_flat_1"}} []
[2026-01-27T19:05:57.675258+00:00] main.DEBUG: cache_invalidate:  {"method":"GET","url":"http:/","invalidateInfo":{"identifier":"DB_PDO_MYSQL_DDL_customer_grid_flat_2"}} []
[2026-01-27T19:05:57.677035+00:00] main.DEBUG: cache_invalidate:  {"method":"GET","url":"http:/","invalidateInfo":{"identifier":"DB_PDO_MYSQL_DDL_customer_grid_flat_3"}} []
[2026-01-27T19:05:57.678387+00:00] main.DEBUG: cache_invalidate:  {"method":"GET","url":"http:/","invalidateInfo":{"identifier":"DB_PDO_MYSQL_DDL_customer_grid_flat_4"}} []
[2026-01-27T19:05:57.679785+00:00] main.DEBUG: cache_invalidate:  {"method":"GET","url":"http:/","invalidateInfo":{"identifier":"DB_PDO_MYSQL_DDL_customer_grid_flat_5"}} []
[2026-01-27T19:05:57.855149+00:00] main.DEBUG: cache_invalidate:  {"method":"GET","url":"http:/","invalidateInfo":{"tags":["LAYOUT_GENERAL_CACHE_TAG"],"mode":"matchingTag"}} []
[2026-01-27T19:05:57.857035+00:00] main.DEBUG: cache_invalidate:  {"method":"GET","url":"http:/","invalidateInfo":{"tags":["BLOCK_HTML"],"mode":"matchingTag"}} []
[2026-01-27T19:05:57.858825+00:00] main.DEBUG: cache_invalidate:  {"method":"GET","url":"http:/","invalidateInfo":{"tags":["FPC"],"mode":"matchingTag"}} []
[2026-01-27T19:07:32.349642+00:00] main.DEBUG: cache_invalidate:  {"method":"GET","url":"http:/","invalidateInfo":{"tags":[],"mode":"all"}} []
[2026-01-27T19:07:32.351220+00:00] main.DEBUG: cache_invalidate:  {"method":"GET","url":"http:/","invalidateInfo":{"tags":[],"mode":"all"}} []
[2026-01-27T19:07:32.356706+00:00] main.DEBUG: cache_invalidate:  {"method":"GET","url":"http:/","invalidateInfo":{"tags":[],"mode":"all"}} []
[2026-01-27T19:07:32.384279+00:00] main.ERROR: The "/var/www/html/magento2/var/cache/mage--4/mage---ea6_BLOCK_AA0D1879257E4BF454FAF87F1169A1BB7943FAFC" file can't be deleted. Warning!unlink(/var/www/html/magento2/var/cache/mage--4/mage---ea6_BLOCK_AA0D1879257E4BF454FAF87F1169A1BB7943FAFC): Permission denied The "/var/www/html/magento2/var/cache/mage--4/mage---ea6_DESIGN_CHANGE_B04703DCE8DF5A9D55E2EA4DE3D5AA22" file can't be deleted. Warning!unlink(/var/www/html/magento2/var/cache/mage--4/mage---ea6_DESIGN_CHANGE_B04703DCE8DF5A9D55E2EA4DE3D5AA22): Permission denied The "/var/www/html/magento2/var/cache/mage--4/mage---ea6_DESIGN_CHANGE_A2C1C32693F8AFC32458A8B065D680FE" file can't be deleted. Warning!unlink(/var/www/html/magento2/var/cache/mage--4/mage---ea6_DESIGN_CHANGE_A2C1C32693F8AFC32458A8B065D680FE): Permission denied The "/var/www/html/magento2/var/cache/mage--c/mage---ea6_BLOCK_CA2D04F236756BAF985ADFB6B192354441B4BC96" file can't be deleted. Warning!unlink(/var/www/html/magento2/var/cache/mage--c/mage---ea6_BLOCK_CA2D04F236756BAF985ADFB6B192354441B4BC96): Permission denied The "/var/www/html/magento2/var/cache/mage--4/mage---ea6_BLOCK_AA0D1879257E4BF454FAF87F1169A1BB7943FAFC" file can't be deleted. Warning!unlink(/var/www/html/magento2/var/cache/mage--4/mage---ea6_BLOCK_AA0D1879257E4BF454FAF87F1169A1BB7943FAFC): Permission denied The "/var/www/html/magento2/var/cache/mage--4/mage---ea6_DESIGN_CHANGE_B04703DCE8DF5A9D55E2EA4DE3D5AA22" file can't be deleted. Warning!unlink(/var/www/html/magento2/var/cache/mage--4/mage---ea6_DESIGN_CHANGE_B04703DCE8DF5A9D55E2EA4DE3D5AA22): Permission denied The "/var/www/html/magento2/var/cache/mage--4/mage---ea6_DESIGN_CHANGE_A2C1C32693F8AFC32458A8B065D680FE" file can't be deleted. Warning!unlink(/var/www/html/magento2/var/cache/mage--4/mage---ea6_DESIGN_CHANGE_A2C1C32693F8AFC32458A8B065D680FE): Permission denied The "/var/www/html/magento2/var/cache/mage--c/mage---ea6_BLOCK_CA2D04F236756BAF985ADFB6B192354441B4BC96" file can't be deleted. Warning!unlink(/var/www/html/magento2/var/cache/mage--c/mage---ea6_BLOCK_CA2D04F236756BAF985ADFB6B192354441B4BC96): Permission denied
#0 /var/www/html/magento2/setup/src/Magento/Setup/Console/Command/DiCompileCommand.php(309): Magento\Framework\Filesystem\Directory\Write->delete()
#1 /var/www/html/magento2/setup/src/Magento/Setup/Console/Command/DiCompileCommand.php(183): Magento\Setup\Console\Command\DiCompileCommand->cleanupFilesystem()
#2 /var/www/html/magento2/vendor/symfony/console/Command/Command.php(298): Magento\Setup\Console\Command\DiCompileCommand->execute()
#3 /var/www/html/magento2/vendor/symfony/console/Application.php(1040): Symfony\Component\Console\Command\Command->run()
#4 /var/www/html/magento2/vendor/symfony/console/Application.php(301): Symfony\Component\Console\Application->doRunCommand()
#5 /var/www/html/magento2/vendor/magento/framework/Console/Cli.php(116): Symfony\Component\Console\Application->doRun()
#6 /var/www/html/magento2/vendor/symfony/console/Application.php(171): Magento\Framework\Console\Cli->doRun()
#7 /var/www/html/magento2/bin/magento(23): Symfony\Component\Console\Application->run()
#8 {main} [] []
[2026-01-27T19:07:49.443101+00:00] main.DEBUG: cache_invalidate:  {"method":"GET","url":"http:/","invalidateInfo":{"tags":[],"mode":"all"}} []
[2026-01-27T19:07:49.445436+00:00] main.DEBUG: cache_invalidate:  {"method":"GET","url":"http:/","invalidateInfo":{"tags":[],"mode":"all"}} []
[2026-01-27T19:07:49.458236+00:00] main.DEBUG: cache_invalidate:  {"method":"GET","url":"http:/","invalidateInfo":{"tags":[],"mode":"all"}} []
[2026-01-27T19:19:54.385158+00:00] main.INFO: Broken reference: the 'catalog.compare.sidebar' element cannot be added as child to 'sidebar.additional', because the latter doesn't exist [] []
[2026-01-27T19:19:54.388112+00:00] main.INFO: Broken reference: the 'sale.reorder.sidebar' element cannot be added as child to 'sidebar.additional', because the latter doesn't exist [] []
[2026-01-27T19:19:54.388857+00:00] main.INFO: Broken reference: the 'wishlist_sidebar' element cannot be added as child to 'sidebar.additional', because the latter doesn't exist [] []
[2026-01-27T19:19:54.389398+00:00] main.INFO: Broken reference: the 'paypal.partner.right.logo' element cannot be added as child to 'sidebar.additional', because the latter doesn't exist [] []
[2026-01-27T19:19:54.389887+00:00] main.INFO: Broken reference: the 'bml.right.logo' element cannot be added as child to 'sidebar.additional', because the latter doesn't exist [] []
[2026-01-27T19:19:54.390409+00:00] main.INFO: Broken reference: the 'sidebar.container.paylater' element cannot be added as child to 'sidebar.additional', because the latter doesn't exist [] []
[2026-01-29T20:50:24.740589+00:00] main.DEBUG: cache_invalidate:  {"method":"GET","url":"http:/","invalidateInfo":{"tags":["CONFIG"],"mode":"matchingTag"}} []
[2026-01-29T20:50:24.742709+00:00] main.DEBUG: cache_invalidate:  {"method":"GET","url":"http:/","invalidateInfo":{"tags":["LAYOUT_GENERAL_CACHE_TAG"],"mode":"matchingTag"}} []
[2026-01-29T20:50:24.744633+00:00] main.DEBUG: cache_invalidate:  {"method":"GET","url":"http:/","invalidateInfo":{"tags":["BLOCK_HTML"],"mode":"matchingTag"}} []
[2026-01-29T20:50:24.746182+00:00] main.DEBUG: cache_invalidate:  {"method":"GET","url":"http:/","invalidateInfo":{"tags":["COLLECTION_DATA"],"mode":"matchingTag"}} []
[2026-01-29T20:50:24.747237+00:00] main.DEBUG: cache_invalidate:  {"method":"GET","url":"http:/","invalidateInfo":{"tags":["REFLECTION"],"mode":"matchingTag"}} []
[2026-01-29T20:50:24.748558+00:00] main.DEBUG: cache_invalidate:  {"method":"GET","url":"http:/","invalidateInfo":{"tags":["DB_DDL"],"mode":"matchingTag"}} []
[2026-01-29T20:50:24.749580+00:00] main.DEBUG: cache_invalidate:  {"method":"GET","url":"http:/","invalidateInfo":{"tags":["COMPILED_CONFIG"],"mode":"matchingTag"}} []
[2026-01-29T20:50:24.750976+00:00] main.DEBUG: cache_invalidate:  {"method":"GET","url":"http:/","invalidateInfo":{"tags":["EAV"],"mode":"matchingTag"}} []
[2026-01-29T20:50:24.752018+00:00] main.DEBUG: cache_invalidate:  {"method":"GET","url":"http:/","invalidateInfo":{"tags":["CUSTOMER_NOTIFICATION"],"mode":"matchingTag"}} []
[2026-01-29T20:50:24.753559+00:00] main.DEBUG: cache_invalidate:  {"method":"GET","url":"http:/","invalidateInfo":{"tags":["INTEGRATION"],"mode":"matchingTag"}} []
[2026-01-29T20:50:24.755107+00:00] main.DEBUG: cache_invalidate:  {"method":"GET","url":"http:/","invalidateInfo":{"tags":["INTEGRATION_API_CONFIG"],"mode":"matchingTag"}} []
[2026-01-29T20:50:24.788472+00:00] main.DEBUG: cache_invalidate:  {"method":"GET","url":"http:/","invalidateInfo":{"tags":["FPC"],"mode":"matchingTag"}} []
[2026-01-29T20:50:24.790000+00:00] main.DEBUG: cache_invalidate:  {"method":"GET","url":"http:/","invalidateInfo":{"tags":["WEBSERVICE"],"mode":"matchingTag"}} []
[2026-01-29T20:50:24.791575+00:00] main.DEBUG: cache_invalidate:  {"method":"GET","url":"http:/","invalidateInfo":{"tags":["TRANSLATE"],"mode":"matchingTag"}} []
[2026-01-29T20:50:29.191735+00:00] main.DEBUG: cache_invalidate:  {"method":"GET","url":"http:/","invalidateInfo":{"tags":["CONFIG"],"mode":"matchingTag"}} []
[2026-01-29T20:50:29.266957+00:00] main.DEBUG: cache_invalidate:  {"method":"GET","url":"http:/","invalidateInfo":{"tags":["CONFIG"],"mode":"matchingTag"}} []
[2026-01-29T20:50:29.268840+00:00] main.DEBUG: cache_invalidate:  {"method":"GET","url":"http:/","invalidateInfo":{"tags":["LAYOUT_GENERAL_CACHE_TAG"],"mode":"matchingTag"}} []
[2026-01-29T20:50:29.270598+00:00] main.DEBUG: cache_invalidate:  {"method":"GET","url":"http:/","invalidateInfo":{"tags":["BLOCK_HTML"],"mode":"matchingTag"}} []
[2026-01-29T20:50:29.272126+00:00] main.DEBUG: cache_invalidate:  {"method":"GET","url":"http:/","invalidateInfo":{"tags":["COLLECTION_DATA"],"mode":"matchingTag"}} []
[2026-01-29T20:50:29.273306+00:00] main.DEBUG: cache_invalidate:  {"method":"GET","url":"http:/","invalidateInfo":{"tags":["REFLECTION"],"mode":"matchingTag"}} []
[2026-01-29T20:50:29.274938+00:00] main.DEBUG: cache_invalidate:  {"method":"GET","url":"http:/","invalidateInfo":{"tags":["DB_DDL"],"mode":"matchingTag"}} []
[2026-01-29T20:50:29.276138+00:00] main.DEBUG: cache_invalidate:  {"method":"GET","url":"http:/","invalidateInfo":{"tags":["COMPILED_CONFIG"],"mode":"matchingTag"}} []
[2026-01-29T20:50:29.277841+00:00] main.DEBUG: cache_invalidate:  {"method":"GET","url":"http:/","invalidateInfo":{"tags":["EAV"],"mode":"matchingTag"}} []
[2026-01-29T20:50:29.279193+00:00] main.DEBUG: cache_invalidate:  {"method":"GET","url":"http:/","invalidateInfo":{"tags":["CUSTOMER_NOTIFICATION"],"mode":"matchingTag"}} []
[2026-01-29T20:50:29.280887+00:00] main.DEBUG: cache_invalidate:  {"method":"GET","url":"http:/","invalidateInfo":{"tags":["INTEGRATION"],"mode":"matchingTag"}} []
[2026-01-29T20:50:29.282628+00:00] main.DEBUG: cache_invalidate:  {"method":"GET","url":"http:/","invalidateInfo":{"tags":["INTEGRATION_API_CONFIG"],"mode":"matchingTag"}} []
[2026-01-29T20:50:29.284562+00:00] main.DEBUG: cache_invalidate:  {"method":"GET","url":"http:/","invalidateInfo":{"tags":["FPC"],"mode":"matchingTag"}} []
[2026-01-29T20:50:29.286316+00:00] main.DEBUG: cache_invalidate:  {"method":"GET","url":"http:/","invalidateInfo":{"tags":["WEBSERVICE"],"mode":"matchingTag"}} []
[2026-01-29T20:50:29.288020+00:00] main.DEBUG: cache_invalidate:  {"method":"GET","url":"http:/","invalidateInfo":{"tags":["TRANSLATE"],"mode":"matchingTag"}} []
[2026-01-29T20:50:31.339200+00:00] main.DEBUG: cache_invalidate:  {"method":"GET","url":"http:/","invalidateInfo":{"tags":["LAYOUT_GENERAL_CACHE_TAG"],"mode":"matchingTag"}} []
[2026-01-29T20:50:31.340816+00:00] main.DEBUG: cache_invalidate:  {"method":"GET","url":"http:/","invalidateInfo":{"tags":["BLOCK_HTML"],"mode":"matchingTag"}} []
[2026-01-29T20:50:31.342476+00:00] main.DEBUG: cache_invalidate:  {"method":"GET","url":"http:/","invalidateInfo":{"tags":["FPC"],"mode":"matchingTag"}} []
[2026-01-29T20:50:42.009942+00:00] main.DEBUG: cache_invalidate:  {"method":"GET","url":"http:/","invalidateInfo":{"tags":[],"mode":"all"}} []
[2026-01-29T20:50:42.016366+00:00] main.DEBUG: cache_invalidate:  {"method":"GET","url":"http:/","invalidateInfo":{"tags":[],"mode":"all"}} []
[2026-01-29T20:50:42.020483+00:00] main.DEBUG: cache_invalidate:  {"method":"GET","url":"http:/","invalidateInfo":{"tags":[],"mode":"all"}} []
[2026-01-29T20:51:29.180878+00:00] main.INFO: Broken reference: the 'catalog.compare.sidebar' element cannot be added as child to 'sidebar.additional', because the latter doesn't exist [] []
[2026-01-29T20:51:29.181579+00:00] main.INFO: Broken reference: the 'sale.reorder.sidebar' element cannot be added as child to 'sidebar.additional', because the latter doesn't exist [] []
[2026-01-29T20:51:29.182342+00:00] main.INFO: Broken reference: the 'wishlist_sidebar' element cannot be added as child to 'sidebar.additional', because the latter doesn't exist [] []
[2026-01-29T20:51:29.182912+00:00] main.INFO: Broken reference: the 'paypal.partner.right.logo' element cannot be added as child to 'sidebar.additional', because the latter doesn't exist [] []
[2026-01-29T20:51:29.183386+00:00] main.INFO: Broken reference: the 'bml.right.logo' element cannot be added as child to 'sidebar.additional', because the latter doesn't exist [] []
[2026-01-29T20:51:29.183875+00:00] main.INFO: Broken reference: the 'sidebar.container.paylater' element cannot be added as child to 'sidebar.additional', because the latter doesn't exist [] []
[2026-01-29T20:53:22.637793+00:00] main.DEBUG: cache_invalidate:  {"method":"GET","url":"http:/","invalidateInfo":{"tags":["CONFIG"],"mode":"matchingTag"}} []
[2026-01-29T20:53:22.639663+00:00] main.DEBUG: cache_invalidate:  {"method":"GET","url":"http:/","invalidateInfo":{"tags":["LAYOUT_GENERAL_CACHE_TAG"],"mode":"matchingTag"}} []
[2026-01-29T20:53:22.641111+00:00] main.DEBUG: cache_invalidate:  {"method":"GET","url":"http:/","invalidateInfo":{"tags":["BLOCK_HTML"],"mode":"matchingTag"}} []
[2026-01-29T20:53:22.642762+00:00] main.DEBUG: cache_invalidate:  {"method":"GET","url":"http:/","invalidateInfo":{"tags":["COLLECTION_DATA"],"mode":"matchingTag"}} []
[2026-01-29T20:53:22.643836+00:00] main.DEBUG: cache_invalidate:  {"method":"GET","url":"http:/","invalidateInfo":{"tags":["REFLECTION"],"mode":"matchingTag"}} []
[2026-01-29T20:53:22.645226+00:00] main.DEBUG: cache_invalidate:  {"method":"GET","url":"http:/","invalidateInfo":{"tags":["DB_DDL"],"mode":"matchingTag"}} []
[2026-01-29T20:53:22.646349+00:00] main.DEBUG: cache_invalidate:  {"method":"GET","url":"http:/","invalidateInfo":{"tags":["COMPILED_CONFIG"],"mode":"matchingTag"}} []
[2026-01-29T20:53:22.647727+00:00] main.DEBUG: cache_invalidate:  {"method":"GET","url":"http:/","invalidateInfo":{"tags":["EAV"],"mode":"matchingTag"}} []
[2026-01-29T20:53:22.648777+00:00] main.DEBUG: cache_invalidate:  {"method":"GET","url":"http:/","invalidateInfo":{"tags":["CUSTOMER_NOTIFICATION"],"mode":"matchingTag"}} []
[2026-01-29T20:53:22.650194+00:00] main.DEBUG: cache_invalidate:  {"method":"GET","url":"http:/","invalidateInfo":{"tags":["INTEGRATION"],"mode":"matchingTag"}} []
[2026-01-29T20:53:22.651546+00:00] main.DEBUG: cache_invalidate:  {"method":"GET","url":"http:/","invalidateInfo":{"tags":["INTEGRATION_API_CONFIG"],"mode":"matchingTag"}} []
[2026-01-29T20:53:22.682932+00:00] main.DEBUG: cache_invalidate:  {"method":"GET","url":"http:/","invalidateInfo":{"tags":["FPC"],"mode":"matchingTag"}} []
[2026-01-29T20:53:22.684431+00:00] main.DEBUG: cache_invalidate:  {"method":"GET","url":"http:/","invalidateInfo":{"tags":["WEBSERVICE"],"mode":"matchingTag"}} []
[2026-01-29T20:53:22.685748+00:00] main.DEBUG: cache_invalidate:  {"method":"GET","url":"http:/","invalidateInfo":{"tags":["TRANSLATE"],"mode":"matchingTag"}} []
[2026-01-29T20:53:27.651885+00:00] main.DEBUG: cache_invalidate:  {"method":"GET","url":"http:/","invalidateInfo":{"tags":["CONFIG"],"mode":"matchingTag"}} []
[2026-01-29T20:53:27.718431+00:00] main.DEBUG: cache_invalidate:  {"method":"GET","url":"http:/","invalidateInfo":{"tags":["CONFIG"],"mode":"matchingTag"}} []
[2026-01-29T20:53:27.720398+00:00] main.DEBUG: cache_invalidate:  {"method":"GET","url":"http:/","invalidateInfo":{"tags":["LAYOUT_GENERAL_CACHE_TAG"],"mode":"matchingTag"}} []
[2026-01-29T20:53:27.722458+00:00] main.DEBUG: cache_invalidate:  {"method":"GET","url":"http:/","invalidateInfo":{"tags":["BLOCK_HTML"],"mode":"matchingTag"}} []
[2026-01-29T20:53:27.723898+00:00] main.DEBUG: cache_invalidate:  {"method":"GET","url":"http:/","invalidateInfo":{"tags":["COLLECTION_DATA"],"mode":"matchingTag"}} []
[2026-01-29T20:53:27.725031+00:00] main.DEBUG: cache_invalidate:  {"method":"GET","url":"http:/","invalidateInfo":{"tags":["REFLECTION"],"mode":"matchingTag"}} []
[2026-01-29T20:53:27.726479+00:00] main.DEBUG: cache_invalidate:  {"method":"GET","url":"http:/","invalidateInfo":{"tags":["DB_DDL"],"mode":"matchingTag"}} []
[2026-01-29T20:53:27.727515+00:00] main.DEBUG: cache_invalidate:  {"method":"GET","url":"http:/","invalidateInfo":{"tags":["COMPILED_CONFIG"],"mode":"matchingTag"}} []
[2026-01-29T20:53:27.728863+00:00] main.DEBUG: cache_invalidate:  {"method":"GET","url":"http:/","invalidateInfo":{"tags":["EAV"],"mode":"matchingTag"}} []
[2026-01-29T20:53:27.729879+00:00] main.DEBUG: cache_invalidate:  {"method":"GET","url":"http:/","invalidateInfo":{"tags":["CUSTOMER_NOTIFICATION"],"mode":"matchingTag"}} []
[2026-01-29T20:53:27.731238+00:00] main.DEBUG: cache_invalidate:  {"method":"GET","url":"http:/","invalidateInfo":{"tags":["INTEGRATION"],"mode":"matchingTag"}} []
[2026-01-29T20:53:27.732514+00:00] main.DEBUG: cache_invalidate:  {"method":"GET","url":"http:/","invalidateInfo":{"tags":["INTEGRATION_API_CONFIG"],"mode":"matchingTag"}} []
[2026-01-29T20:53:27.733981+00:00] main.DEBUG: cache_invalidate:  {"method":"GET","url":"http:/","invalidateInfo":{"tags":["FPC"],"mode":"matchingTag"}} []
[2026-01-29T20:53:27.735495+00:00] main.DEBUG: cache_invalidate:  {"method":"GET","url":"http:/","invalidateInfo":{"tags":["WEBSERVICE"],"mode":"matchingTag"}} []
[2026-01-29T20:53:27.736853+00:00] main.DEBUG: cache_invalidate:  {"method":"GET","url":"http:/","invalidateInfo":{"tags":["TRANSLATE"],"mode":"matchingTag"}} []
[2026-01-29T20:53:29.688718+00:00] main.DEBUG: cache_invalidate:  {"method":"GET","url":"http:/","invalidateInfo":{"tags":["LAYOUT_GENERAL_CACHE_TAG"],"mode":"matchingTag"}} []
[2026-01-29T20:53:29.690446+00:00] main.DEBUG: cache_invalidate:  {"method":"GET","url":"http:/","invalidateInfo":{"tags":["BLOCK_HTML"],"mode":"matchingTag"}} []
[2026-01-29T20:53:29.692045+00:00] main.DEBUG: cache_invalidate:  {"method":"GET","url":"http:/","invalidateInfo":{"tags":["FPC"],"mode":"matchingTag"}} []
[2026-01-29T20:53:41.831226+00:00] main.DEBUG: cache_invalidate:  {"method":"GET","url":"http:/","invalidateInfo":{"tags":[],"mode":"all"}} []
[2026-01-29T20:53:41.844597+00:00] main.DEBUG: cache_invalidate:  {"method":"GET","url":"http:/","invalidateInfo":{"tags":[],"mode":"all"}} []
[2026-01-29T20:53:41.852603+00:00] main.DEBUG: cache_invalidate:  {"method":"GET","url":"http:/","invalidateInfo":{"tags":[],"mode":"all"}} []
[2026-01-29T20:54:25.275423+00:00] main.INFO: Broken reference: the 'catalog.compare.sidebar' element cannot be added as child to 'sidebar.additional', because the latter doesn't exist [] []
[2026-01-29T20:54:25.276284+00:00] main.INFO: Broken reference: the 'sale.reorder.sidebar' element cannot be added as child to 'sidebar.additional', because the latter doesn't exist [] []
[2026-01-29T20:54:25.276994+00:00] main.INFO: Broken reference: the 'wishlist_sidebar' element cannot be added as child to 'sidebar.additional', because the latter doesn't exist [] []
[2026-01-29T20:54:25.277468+00:00] main.INFO: Broken reference: the 'paypal.partner.right.logo' element cannot be added as child to 'sidebar.additional', because the latter doesn't exist [] []
[2026-01-29T20:54:25.277891+00:00] main.INFO: Broken reference: the 'bml.right.logo' element cannot be added as child to 'sidebar.additional', because the latter doesn't exist [] []
[2026-01-29T20:54:25.278340+00:00] main.INFO: Broken reference: the 'sidebar.container.paylater' element cannot be added as child to 'sidebar.additional', because the latter doesn't exist [] []
[2026-01-29T20:54:39.171361+00:00] main.INFO: Broken reference: the 'tracking' element cannot be added as child to 'header', because the latter doesn't exist [] []
[2026-01-29T20:54:39.172860+00:00] main.INFO: Broken reference: the 'notification_area' element cannot be added as child to 'notifications', because the latter doesn't exist [] []
[2026-01-29T20:54:39.173965+00:00] main.INFO: Broken reference: the 'unread_system_messages' element cannot be added as child to 'notifications', because the latter doesn't exist [] []
[2026-01-29T20:54:39.175121+00:00] main.INFO: Broken reference: the 'notification_window' element cannot be added as child to 'notifications', because the latter doesn't exist [] []
[2026-01-29T20:54:39.176515+00:00] main.INFO: Broken reference: the 'notification.messages' element cannot be added as child to 'header', because the latter doesn't exist [] []
[2026-01-29T20:54:39.177842+00:00] main.INFO: Broken reference: the 'global_notices' element cannot be added as child to 'global.notices', because the latter doesn't exist [] []
[2026-01-29T20:54:39.179031+00:00] main.INFO: Broken reference: the 'logo' element cannot be added as child to 'header', because the latter doesn't exist [] []
[2026-01-29T20:54:39.180163+00:00] main.INFO: Broken reference: the 'global.search' element cannot be added as child to 'header', because the latter doesn't exist [] []
[2026-01-29T20:54:39.181239+00:00] main.INFO: Broken reference: the 'user' element cannot be added as child to 'header', because the latter doesn't exist [] []
[2026-01-29T20:54:39.182480+00:00] main.INFO: Broken reference: the 'menu' element cannot be added as child to 'page.menu', because the latter doesn't exist [] []
[2026-01-29T20:54:39.183829+00:00] main.INFO: Broken reference: the 'breadcrumbs' element cannot be added as child to 'page.breadcrumbs', because the latter doesn't exist [] []
[2026-01-29T20:54:39.185125+00:00] main.INFO: Broken reference: the 'formkey' element cannot be added as child to 'page.formkey', because the latter doesn't exist [] []
[2026-01-29T20:54:39.186298+00:00] main.INFO: Broken reference: the 'page.title' element cannot be added as child to 'main.top', because the latter doesn't exist [] []
[2026-01-29T20:54:39.187582+00:00] main.INFO: Broken reference: the 'messages' element cannot be added as child to 'page.messages', because the latter doesn't exist [] []
[2026-01-29T20:54:39.188646+00:00] main.INFO: Broken reference: the 'page.actions.toolbar' element cannot be added as child to 'page.main.actions', because the latter doesn't exist [] []
[2026-01-29T20:54:39.189732+00:00] main.INFO: Broken reference: the 'legal' element cannot be added as child to 'footer', because the latter doesn't exist [] []
[2026-01-29T20:54:39.191054+00:00] main.INFO: Broken reference: the 'header.inner.left' element cannot be added as child to 'header', because the latter doesn't exist [] []
[2026-01-29T20:54:39.192335+00:00] main.INFO: Broken reference: the 'header.inner.right' element cannot be added as child to 'header', because the latter doesn't exist [] []
[2026-01-29T20:54:39.193656+00:00] main.INFO: Broken reference: the 'user' tries to reorder itself towards '', but their parents are different: 'header' and '' respectively. [] []
[2026-01-29T20:54:39.194739+00:00] main.INFO: Broken reference: the 'notification.messages' tries to reorder itself towards 'user', but their parents are different: 'header' and '' respectively. [] []
[2026-01-29T20:54:39.195889+00:00] main.INFO: Broken reference: the 'logo' tries to reorder itself towards '', but their parents are different: 'header' and '' respectively. [] []
[2026-01-29T20:54:39.196971+00:00] main.INFO: Broken reference: the 'global.search' tries to reorder itself towards 'logo', but their parents are different: 'header' and '' respectively. [] []
[2026-01-29T20:54:39.198072+00:00] main.INFO: Broken reference: the 'page.actions.toolbar' tries to reorder itself towards '', but their parents are different: 'page.main.actions' and '' respectively. [] []
[2026-01-29T20:54:39.199220+00:00] main.INFO: Broken reference: the 'header.inner.left' tries to reorder itself towards '', but their parents are different: 'header' and '' respectively. [] []
[2026-01-29T20:54:39.200326+00:00] main.INFO: Broken reference: the 'header.inner.right' tries to reorder itself towards 'header.inner.left', but their parents are different: 'header' and '' respectively. [] []
[2026-01-29T20:54:39.202280+00:00] main.INFO: Broken reference: the 'notification.messages' tries to reorder itself towards 'user', but their parents are different: 'header.inner.right' and '' respectively. [] []
[2026-01-29T20:57:58.810361+00:00] main.DEBUG: cache_invalidate:  {"method":"GET","url":"http:/","invalidateInfo":{"tags":["CONFIG"],"mode":"matchingTag"}} []
[2026-01-29T20:57:58.812441+00:00] main.DEBUG: cache_invalidate:  {"method":"GET","url":"http:/","invalidateInfo":{"tags":["LAYOUT_GENERAL_CACHE_TAG"],"mode":"matchingTag"}} []
[2026-01-29T20:57:58.814013+00:00] main.DEBUG: cache_invalidate:  {"method":"GET","url":"http:/","invalidateInfo":{"tags":["BLOCK_HTML"],"mode":"matchingTag"}} []
[2026-01-29T20:57:58.815490+00:00] main.DEBUG: cache_invalidate:  {"method":"GET","url":"http:/","invalidateInfo":{"tags":["COLLECTION_DATA"],"mode":"matchingTag"}} []
[2026-01-29T20:57:58.816659+00:00] main.DEBUG: cache_invalidate:  {"method":"GET","url":"http:/","invalidateInfo":{"tags":["REFLECTION"],"mode":"matchingTag"}} []
[2026-01-29T20:57:58.818057+00:00] main.DEBUG: cache_invalidate:  {"method":"GET","url":"http:/","invalidateInfo":{"tags":["DB_DDL"],"mode":"matchingTag"}} []
[2026-01-29T20:57:58.819158+00:00] main.DEBUG: cache_invalidate:  {"method":"GET","url":"http:/","invalidateInfo":{"tags":["COMPILED_CONFIG"],"mode":"matchingTag"}} []
[2026-01-29T20:57:58.820417+00:00] main.DEBUG: cache_invalidate:  {"method":"GET","url":"http:/","invalidateInfo":{"tags":["EAV"],"mode":"matchingTag"}} []
[2026-01-29T20:57:58.821428+00:00] main.DEBUG: cache_invalidate:  {"method":"GET","url":"http:/","invalidateInfo":{"tags":["CUSTOMER_NOTIFICATION"],"mode":"matchingTag"}} []
[2026-01-29T20:57:58.822897+00:00] main.DEBUG: cache_invalidate:  {"method":"GET","url":"http:/","invalidateInfo":{"tags":["INTEGRATION"],"mode":"matchingTag"}} []
[2026-01-29T20:57:58.824506+00:00] main.DEBUG: cache_invalidate:  {"method":"GET","url":"http:/","invalidateInfo":{"tags":["INTEGRATION_API_CONFIG"],"mode":"matchingTag"}} []
[2026-01-29T20:57:58.856564+00:00] main.DEBUG: cache_invalidate:  {"method":"GET","url":"http:/","invalidateInfo":{"tags":["FPC"],"mode":"matchingTag"}} []
[2026-01-29T20:57:58.858283+00:00] main.DEBUG: cache_invalidate:  {"method":"GET","url":"http:/","invalidateInfo":{"tags":["WEBSERVICE"],"mode":"matchingTag"}} []
[2026-01-29T20:57:58.860005+00:00] main.DEBUG: cache_invalidate:  {"method":"GET","url":"http:/","invalidateInfo":{"tags":["TRANSLATE"],"mode":"matchingTag"}} []
[2026-01-29T20:58:04.018953+00:00] main.DEBUG: cache_invalidate:  {"method":"GET","url":"http:/","invalidateInfo":{"tags":["CONFIG"],"mode":"matchingTag"}} []
[2026-01-29T20:58:04.081572+00:00] main.DEBUG: cache_invalidate:  {"method":"GET","url":"http:/","invalidateInfo":{"tags":["CONFIG"],"mode":"matchingTag"}} []
[2026-01-29T20:58:04.083137+00:00] main.DEBUG: cache_invalidate:  {"method":"GET","url":"http:/","invalidateInfo":{"tags":["LAYOUT_GENERAL_CACHE_TAG"],"mode":"matchingTag"}} []
[2026-01-29T20:58:04.084688+00:00] main.DEBUG: cache_invalidate:  {"method":"GET","url":"http:/","invalidateInfo":{"tags":["BLOCK_HTML"],"mode":"matchingTag"}} []
[2026-01-29T20:58:04.086133+00:00] main.DEBUG: cache_invalidate:  {"method":"GET","url":"http:/","invalidateInfo":{"tags":["COLLECTION_DATA"],"mode":"matchingTag"}} []
[2026-01-29T20:58:04.087207+00:00] main.DEBUG: cache_invalidate:  {"method":"GET","url":"http:/","invalidateInfo":{"tags":["REFLECTION"],"mode":"matchingTag"}} []
[2026-01-29T20:58:04.088553+00:00] main.DEBUG: cache_invalidate:  {"method":"GET","url":"http:/","invalidateInfo":{"tags":["DB_DDL"],"mode":"matchingTag"}} []
[2026-01-29T20:58:04.089657+00:00] main.DEBUG: cache_invalidate:  {"method":"GET","url":"http:/","invalidateInfo":{"tags":["COMPILED_CONFIG"],"mode":"matchingTag"}} []
[2026-01-29T20:58:04.091288+00:00] main.DEBUG: cache_invalidate:  {"method":"GET","url":"http:/","invalidateInfo":{"tags":["EAV"],"mode":"matchingTag"}} []
[2026-01-29T20:58:04.092376+00:00] main.DEBUG: cache_invalidate:  {"method":"GET","url":"http:/","invalidateInfo":{"tags":["CUSTOMER_NOTIFICATION"],"mode":"matchingTag"}} []
[2026-01-29T20:58:04.093900+00:00] main.DEBUG: cache_invalidate:  {"method":"GET","url":"http:/","invalidateInfo":{"tags":["INTEGRATION"],"mode":"matchingTag"}} []
[2026-01-29T20:58:04.095344+00:00] main.DEBUG: cache_invalidate:  {"method":"GET","url":"http:/","invalidateInfo":{"tags":["INTEGRATION_API_CONFIG"],"mode":"matchingTag"}} []
[2026-01-29T20:58:04.096907+00:00] main.DEBUG: cache_invalidate:  {"method":"GET","url":"http:/","invalidateInfo":{"tags":["FPC"],"mode":"matchingTag"}} []
[2026-01-29T20:58:04.098188+00:00] main.DEBUG: cache_invalidate:  {"method":"GET","url":"http:/","invalidateInfo":{"tags":["WEBSERVICE"],"mode":"matchingTag"}} []
[2026-01-29T20:58:04.099501+00:00] main.DEBUG: cache_invalidate:  {"method":"GET","url":"http:/","invalidateInfo":{"tags":["TRANSLATE"],"mode":"matchingTag"}} []
[2026-01-29T20:58:06.133084+00:00] main.DEBUG: cache_invalidate:  {"method":"GET","url":"http:/","invalidateInfo":{"tags":["LAYOUT_GENERAL_CACHE_TAG"],"mode":"matchingTag"}} []
[2026-01-29T20:58:06.134634+00:00] main.DEBUG: cache_invalidate:  {"method":"GET","url":"http:/","invalidateInfo":{"tags":["BLOCK_HTML"],"mode":"matchingTag"}} []
[2026-01-29T20:58:06.136018+00:00] main.DEBUG: cache_invalidate:  {"method":"GET","url":"http:/","invalidateInfo":{"tags":["FPC"],"mode":"matchingTag"}} []
[2026-01-29T20:58:45.219144+00:00] main.DEBUG: cache_invalidate:  {"method":"GET","url":"http:/","invalidateInfo":{"tags":[],"mode":"all"}} []
[2026-01-29T20:58:45.225907+00:00] main.DEBUG: cache_invalidate:  {"method":"GET","url":"http:/","invalidateInfo":{"tags":[],"mode":"all"}} []
[2026-01-29T20:58:45.232447+00:00] main.DEBUG: cache_invalidate:  {"method":"GET","url":"http:/","invalidateInfo":{"tags":[],"mode":"all"}} []
[2026-01-29T20:59:56.086735+00:00] main.DEBUG: cache_invalidate:  {"method":"GET","url":"http:/","invalidateInfo":{"tags":["CONFIG"],"mode":"matchingTag"}} []
[2026-01-29T20:59:56.088635+00:00] main.DEBUG: cache_invalidate:  {"method":"GET","url":"http:/","invalidateInfo":{"tags":["LAYOUT_GENERAL_CACHE_TAG"],"mode":"matchingTag"}} []
[2026-01-29T20:59:56.090050+00:00] main.DEBUG: cache_invalidate:  {"method":"GET","url":"http:/","invalidateInfo":{"tags":["BLOCK_HTML"],"mode":"matchingTag"}} []
[2026-01-29T20:59:56.092430+00:00] main.DEBUG: cache_invalidate:  {"method":"GET","url":"http:/","invalidateInfo":{"tags":["COLLECTION_DATA"],"mode":"matchingTag"}} []
[2026-01-29T20:59:56.093583+00:00] main.DEBUG: cache_invalidate:  {"method":"GET","url":"http:/","invalidateInfo":{"tags":["REFLECTION"],"mode":"matchingTag"}} []
[2026-01-29T20:59:56.095004+00:00] main.DEBUG: cache_invalidate:  {"method":"GET","url":"http:/","invalidateInfo":{"tags":["DB_DDL"],"mode":"matchingTag"}} []
[2026-01-29T20:59:56.096029+00:00] main.DEBUG: cache_invalidate:  {"method":"GET","url":"http:/","invalidateInfo":{"tags":["COMPILED_CONFIG"],"mode":"matchingTag"}} []
[2026-01-29T20:59:56.097329+00:00] main.DEBUG: cache_invalidate:  {"method":"GET","url":"http:/","invalidateInfo":{"tags":["EAV"],"mode":"matchingTag"}} []
[2026-01-29T20:59:56.098368+00:00] main.DEBUG: cache_invalidate:  {"method":"GET","url":"http:/","invalidateInfo":{"tags":["CUSTOMER_NOTIFICATION"],"mode":"matchingTag"}} []
[2026-01-29T20:59:56.099658+00:00] main.DEBUG: cache_invalidate:  {"method":"GET","url":"http:/","invalidateInfo":{"tags":["INTEGRATION"],"mode":"matchingTag"}} []
[2026-01-29T20:59:56.100955+00:00] main.DEBUG: cache_invalidate:  {"method":"GET","url":"http:/","invalidateInfo":{"tags":["INTEGRATION_API_CONFIG"],"mode":"matchingTag"}} []
[2026-01-29T20:59:56.103220+00:00] main.DEBUG: cache_invalidate:  {"method":"GET","url":"http:/","invalidateInfo":{"tags":["FPC"],"mode":"matchingTag"}} []
[2026-01-29T20:59:56.104587+00:00] main.DEBUG: cache_invalidate:  {"method":"GET","url":"http:/","invalidateInfo":{"tags":["WEBSERVICE"],"mode":"matchingTag"}} []
[2026-01-29T20:59:56.106022+00:00] main.DEBUG: cache_invalidate:  {"method":"GET","url":"http:/","invalidateInfo":{"tags":["TRANSLATE"],"mode":"matchingTag"}} []
[2026-01-29T21:00:00.583741+00:00] main.DEBUG: cache_invalidate:  {"method":"GET","url":"http:/","invalidateInfo":{"tags":["CONFIG"],"mode":"matchingTag"}} []
[2026-01-29T21:00:00.645896+00:00] main.DEBUG: cache_invalidate:  {"method":"GET","url":"http:/","invalidateInfo":{"tags":["CONFIG"],"mode":"matchingTag"}} []
[2026-01-29T21:00:00.647541+00:00] main.DEBUG: cache_invalidate:  {"method":"GET","url":"http:/","invalidateInfo":{"tags":["LAYOUT_GENERAL_CACHE_TAG"],"mode":"matchingTag"}} []
[2026-01-29T21:00:00.649023+00:00] main.DEBUG: cache_invalidate:  {"method":"GET","url":"http:/","invalidateInfo":{"tags":["BLOCK_HTML"],"mode":"matchingTag"}} []
[2026-01-29T21:00:00.650529+00:00] main.DEBUG: cache_invalidate:  {"method":"GET","url":"http:/","invalidateInfo":{"tags":["COLLECTION_DATA"],"mode":"matchingTag"}} []
[2026-01-29T21:00:00.651592+00:00] main.DEBUG: cache_invalidate:  {"method":"GET","url":"http:/","invalidateInfo":{"tags":["REFLECTION"],"mode":"matchingTag"}} []
[2026-01-29T21:00:00.652888+00:00] main.DEBUG: cache_invalidate:  {"method":"GET","url":"http:/","invalidateInfo":{"tags":["DB_DDL"],"mode":"matchingTag"}} []
[2026-01-29T21:00:00.653885+00:00] main.DEBUG: cache_invalidate:  {"method":"GET","url":"http:/","invalidateInfo":{"tags":["COMPILED_CONFIG"],"mode":"matchingTag"}} []
[2026-01-29T21:00:00.655239+00:00] main.DEBUG: cache_invalidate:  {"method":"GET","url":"http:/","invalidateInfo":{"tags":["EAV"],"mode":"matchingTag"}} []
[2026-01-29T21:00:00.656306+00:00] main.DEBUG: cache_invalidate:  {"method":"GET","url":"http:/","invalidateInfo":{"tags":["CUSTOMER_NOTIFICATION"],"mode":"matchingTag"}} []
[2026-01-29T21:00:00.658205+00:00] main.DEBUG: cache_invalidate:  {"method":"GET","url":"http:/","invalidateInfo":{"tags":["INTEGRATION"],"mode":"matchingTag"}} []
[2026-01-29T21:00:00.659853+00:00] main.DEBUG: cache_invalidate:  {"method":"GET","url":"http:/","invalidateInfo":{"tags":["INTEGRATION_API_CONFIG"],"mode":"matchingTag"}} []
[2026-01-29T21:00:00.661629+00:00] main.DEBUG: cache_invalidate:  {"method":"GET","url":"http:/","invalidateInfo":{"tags":["FPC"],"mode":"matchingTag"}} []
[2026-01-29T21:00:00.663298+00:00] main.DEBUG: cache_invalidate:  {"method":"GET","url":"http:/","invalidateInfo":{"tags":["WEBSERVICE"],"mode":"matchingTag"}} []
[2026-01-29T21:00:00.664951+00:00] main.DEBUG: cache_invalidate:  {"method":"GET","url":"http:/","invalidateInfo":{"tags":["TRANSLATE"],"mode":"matchingTag"}} []
[2026-01-29T21:00:02.517337+00:00] main.DEBUG: cache_invalidate:  {"method":"GET","url":"http:/","invalidateInfo":{"tags":["LAYOUT_GENERAL_CACHE_TAG"],"mode":"matchingTag"}} []
[2026-01-29T21:00:02.518946+00:00] main.DEBUG: cache_invalidate:  {"method":"GET","url":"http:/","invalidateInfo":{"tags":["BLOCK_HTML"],"mode":"matchingTag"}} []
[2026-01-29T21:00:02.520385+00:00] main.DEBUG: cache_invalidate:  {"method":"GET","url":"http:/","invalidateInfo":{"tags":["FPC"],"mode":"matchingTag"}} []
[2026-01-29T21:04:20.148489+00:00] main.DEBUG: cache_invalidate:  {"method":"GET","url":"http:/","invalidateInfo":{"tags":["CONFIG"],"mode":"matchingTag"}} []
[2026-01-29T21:04:20.150223+00:00] main.DEBUG: cache_invalidate:  {"method":"GET","url":"http:/","invalidateInfo":{"tags":["LAYOUT_GENERAL_CACHE_TAG"],"mode":"matchingTag"}} []
[2026-01-29T21:04:20.151590+00:00] main.DEBUG: cache_invalidate:  {"method":"GET","url":"http:/","invalidateInfo":{"tags":["BLOCK_HTML"],"mode":"matchingTag"}} []
[2026-01-29T21:04:20.152936+00:00] main.DEBUG: cache_invalidate:  {"method":"GET","url":"http:/","invalidateInfo":{"tags":["COLLECTION_DATA"],"mode":"matchingTag"}} []
[2026-01-29T21:04:20.159630+00:00] main.DEBUG: cache_invalidate:  {"method":"GET","url":"http:/","invalidateInfo":{"tags":["REFLECTION"],"mode":"matchingTag"}} []
[2026-01-29T21:04:20.161451+00:00] main.DEBUG: cache_invalidate:  {"method":"GET","url":"http:/","invalidateInfo":{"tags":["DB_DDL"],"mode":"matchingTag"}} []
[2026-01-29T21:04:20.162613+00:00] main.DEBUG: cache_invalidate:  {"method":"GET","url":"http:/","invalidateInfo":{"tags":["COMPILED_CONFIG"],"mode":"matchingTag"}} []
[2026-01-29T21:04:20.164073+00:00] main.DEBUG: cache_invalidate:  {"method":"GET","url":"http:/","invalidateInfo":{"tags":["EAV"],"mode":"matchingTag"}} []
[2026-01-29T21:04:20.165121+00:00] main.DEBUG: cache_invalidate:  {"method":"GET","url":"http:/","invalidateInfo":{"tags":["CUSTOMER_NOTIFICATION"],"mode":"matchingTag"}} []
[2026-01-29T21:04:20.166458+00:00] main.DEBUG: cache_invalidate:  {"method":"GET","url":"http:/","invalidateInfo":{"tags":["INTEGRATION"],"mode":"matchingTag"}} []
[2026-01-29T21:04:20.167729+00:00] main.DEBUG: cache_invalidate:  {"method":"GET","url":"http:/","invalidateInfo":{"tags":["INTEGRATION_API_CONFIG"],"mode":"matchingTag"}} []
[2026-01-29T21:04:20.171528+00:00] main.DEBUG: cache_invalidate:  {"method":"GET","url":"http:/","invalidateInfo":{"tags":["FPC"],"mode":"matchingTag"}} []
[2026-01-29T21:04:20.173035+00:00] main.DEBUG: cache_invalidate:  {"method":"GET","url":"http:/","invalidateInfo":{"tags":["WEBSERVICE"],"mode":"matchingTag"}} []
[2026-01-29T21:04:20.174404+00:00] main.DEBUG: cache_invalidate:  {"method":"GET","url":"http:/","invalidateInfo":{"tags":["TRANSLATE"],"mode":"matchingTag"}} []
[2026-01-29T21:04:24.313069+00:00] main.DEBUG: cache_invalidate:  {"method":"GET","url":"http:/","invalidateInfo":{"tags":["CONFIG"],"mode":"matchingTag"}} []
[2026-01-29T21:04:24.380376+00:00] main.DEBUG: cache_invalidate:  {"method":"GET","url":"http:/","invalidateInfo":{"tags":["CONFIG"],"mode":"matchingTag"}} []
[2026-01-29T21:04:24.382117+00:00] main.DEBUG: cache_invalidate:  {"method":"GET","url":"http:/","invalidateInfo":{"tags":["LAYOUT_GENERAL_CACHE_TAG"],"mode":"matchingTag"}} []
[2026-01-29T21:04:24.383624+00:00] main.DEBUG: cache_invalidate:  {"method":"GET","url":"http:/","invalidateInfo":{"tags":["BLOCK_HTML"],"mode":"matchingTag"}} []
[2026-01-29T21:04:24.385054+00:00] main.DEBUG: cache_invalidate:  {"method":"GET","url":"http:/","invalidateInfo":{"tags":["COLLECTION_DATA"],"mode":"matchingTag"}} []
[2026-01-29T21:04:24.386187+00:00] main.DEBUG: cache_invalidate:  {"method":"GET","url":"http:/","invalidateInfo":{"tags":["REFLECTION"],"mode":"matchingTag"}} []
[2026-01-29T21:04:24.387552+00:00] main.DEBUG: cache_invalidate:  {"method":"GET","url":"http:/","invalidateInfo":{"tags":["DB_DDL"],"mode":"matchingTag"}} []
[2026-01-29T21:04:24.388562+00:00] main.DEBUG: cache_invalidate:  {"method":"GET","url":"http:/","invalidateInfo":{"tags":["COMPILED_CONFIG"],"mode":"matchingTag"}} []
[2026-01-29T21:04:24.390381+00:00] main.DEBUG: cache_invalidate:  {"method":"GET","url":"http:/","invalidateInfo":{"tags":["EAV"],"mode":"matchingTag"}} []
[2026-01-29T21:04:24.391556+00:00] main.DEBUG: cache_invalidate:  {"method":"GET","url":"http:/","invalidateInfo":{"tags":["CUSTOMER_NOTIFICATION"],"mode":"matchingTag"}} []
[2026-01-29T21:04:24.393168+00:00] main.DEBUG: cache_invalidate:  {"method":"GET","url":"http:/","invalidateInfo":{"tags":["INTEGRATION"],"mode":"matchingTag"}} []
[2026-01-29T21:04:24.395044+00:00] main.DEBUG: cache_invalidate:  {"method":"GET","url":"http:/","invalidateInfo":{"tags":["INTEGRATION_API_CONFIG"],"mode":"matchingTag"}} []
[2026-01-29T21:04:24.397176+00:00] main.DEBUG: cache_invalidate:  {"method":"GET","url":"http:/","invalidateInfo":{"tags":["FPC"],"mode":"matchingTag"}} []
[2026-01-29T21:04:24.398936+00:00] main.DEBUG: cache_invalidate:  {"method":"GET","url":"http:/","invalidateInfo":{"tags":["WEBSERVICE"],"mode":"matchingTag"}} []
[2026-01-29T21:04:24.400509+00:00] main.DEBUG: cache_invalidate:  {"method":"GET","url":"http:/","invalidateInfo":{"tags":["TRANSLATE"],"mode":"matchingTag"}} []
[2026-01-29T21:04:26.300681+00:00] main.DEBUG: cache_invalidate:  {"method":"GET","url":"http:/","invalidateInfo":{"tags":["LAYOUT_GENERAL_CACHE_TAG"],"mode":"matchingTag"}} []
[2026-01-29T21:04:26.302624+00:00] main.DEBUG: cache_invalidate:  {"method":"GET","url":"http:/","invalidateInfo":{"tags":["BLOCK_HTML"],"mode":"matchingTag"}} []
[2026-01-29T21:04:26.304370+00:00] main.DEBUG: cache_invalidate:  {"method":"GET","url":"http:/","invalidateInfo":{"tags":["FPC"],"mode":"matchingTag"}} []
[2026-01-29T21:04:56.617305+00:00] main.DEBUG: cache_invalidate:  {"method":"GET","url":"http:/","invalidateInfo":{"tags":["CONFIG"],"mode":"matchingTag"}} []
[2026-01-29T21:04:56.619073+00:00] main.DEBUG: cache_invalidate:  {"method":"GET","url":"http:/","invalidateInfo":{"tags":["LAYOUT_GENERAL_CACHE_TAG"],"mode":"matchingTag"}} []
[2026-01-29T21:04:56.620704+00:00] main.DEBUG: cache_invalidate:  {"method":"GET","url":"http:/","invalidateInfo":{"tags":["BLOCK_HTML"],"mode":"matchingTag"}} []
[2026-01-29T21:04:56.622044+00:00] main.DEBUG: cache_invalidate:  {"method":"GET","url":"http:/","invalidateInfo":{"tags":["COLLECTION_DATA"],"mode":"matchingTag"}} []
[2026-01-29T21:04:56.628547+00:00] main.DEBUG: cache_invalidate:  {"method":"GET","url":"http:/","invalidateInfo":{"tags":["REFLECTION"],"mode":"matchingTag"}} []
[2026-01-29T21:04:56.630280+00:00] main.DEBUG: cache_invalidate:  {"method":"GET","url":"http:/","invalidateInfo":{"tags":["DB_DDL"],"mode":"matchingTag"}} []
[2026-01-29T21:04:56.631483+00:00] main.DEBUG: cache_invalidate:  {"method":"GET","url":"http:/","invalidateInfo":{"tags":["COMPILED_CONFIG"],"mode":"matchingTag"}} []
[2026-01-29T21:04:56.633096+00:00] main.DEBUG: cache_invalidate:  {"method":"GET","url":"http:/","invalidateInfo":{"tags":["EAV"],"mode":"matchingTag"}} []
[2026-01-29T21:04:56.634228+00:00] main.DEBUG: cache_invalidate:  {"method":"GET","url":"http:/","invalidateInfo":{"tags":["CUSTOMER_NOTIFICATION"],"mode":"matchingTag"}} []
[2026-01-29T21:04:56.635610+00:00] main.DEBUG: cache_invalidate:  {"method":"GET","url":"http:/","invalidateInfo":{"tags":["INTEGRATION"],"mode":"matchingTag"}} []
[2026-01-29T21:04:56.637124+00:00] main.DEBUG: cache_invalidate:  {"method":"GET","url":"http:/","invalidateInfo":{"tags":["INTEGRATION_API_CONFIG"],"mode":"matchingTag"}} []
[2026-01-29T21:04:56.640938+00:00] main.DEBUG: cache_invalidate:  {"method":"GET","url":"http:/","invalidateInfo":{"tags":["FPC"],"mode":"matchingTag"}} []
[2026-01-29T21:04:56.642504+00:00] main.DEBUG: cache_invalidate:  {"method":"GET","url":"http:/","invalidateInfo":{"tags":["WEBSERVICE"],"mode":"matchingTag"}} []
[2026-01-29T21:04:56.643935+00:00] main.DEBUG: cache_invalidate:  {"method":"GET","url":"http:/","invalidateInfo":{"tags":["TRANSLATE"],"mode":"matchingTag"}} []
[2026-01-29T21:05:01.345665+00:00] main.DEBUG: cache_invalidate:  {"method":"GET","url":"http:/","invalidateInfo":{"tags":["CONFIG"],"mode":"matchingTag"}} []
[2026-01-29T21:05:01.412195+00:00] main.DEBUG: cache_invalidate:  {"method":"GET","url":"http:/","invalidateInfo":{"tags":["CONFIG"],"mode":"matchingTag"}} []
[2026-01-29T21:05:01.413956+00:00] main.DEBUG: cache_invalidate:  {"method":"GET","url":"http:/","invalidateInfo":{"tags":["LAYOUT_GENERAL_CACHE_TAG"],"mode":"matchingTag"}} []
[2026-01-29T21:05:01.415651+00:00] main.DEBUG: cache_invalidate:  {"method":"GET","url":"http:/","invalidateInfo":{"tags":["BLOCK_HTML"],"mode":"matchingTag"}} []
[2026-01-29T21:05:01.417146+00:00] main.DEBUG: cache_invalidate:  {"method":"GET","url":"http:/","invalidateInfo":{"tags":["COLLECTION_DATA"],"mode":"matchingTag"}} []
[2026-01-29T21:05:01.418315+00:00] main.DEBUG: cache_invalidate:  {"method":"GET","url":"http:/","invalidateInfo":{"tags":["REFLECTION"],"mode":"matchingTag"}} []
[2026-01-29T21:05:01.419784+00:00] main.DEBUG: cache_invalidate:  {"method":"GET","url":"http:/","invalidateInfo":{"tags":["DB_DDL"],"mode":"matchingTag"}} []
[2026-01-29T21:05:01.420839+00:00] main.DEBUG: cache_invalidate:  {"method":"GET","url":"http:/","invalidateInfo":{"tags":["COMPILED_CONFIG"],"mode":"matchingTag"}} []
[2026-01-29T21:05:01.422338+00:00] main.DEBUG: cache_invalidate:  {"method":"GET","url":"http:/","invalidateInfo":{"tags":["EAV"],"mode":"matchingTag"}} []
[2026-01-29T21:05:01.423499+00:00] main.DEBUG: cache_invalidate:  {"method":"GET","url":"http:/","invalidateInfo":{"tags":["CUSTOMER_NOTIFICATION"],"mode":"matchingTag"}} []
[2026-01-29T21:05:01.425246+00:00] main.DEBUG: cache_invalidate:  {"method":"GET","url":"http:/","invalidateInfo":{"tags":["INTEGRATION"],"mode":"matchingTag"}} []
[2026-01-29T21:05:01.427000+00:00] main.DEBUG: cache_invalidate:  {"method":"GET","url":"http:/","invalidateInfo":{"tags":["INTEGRATION_API_CONFIG"],"mode":"matchingTag"}} []
[2026-01-29T21:05:01.428917+00:00] main.DEBUG: cache_invalidate:  {"method":"GET","url":"http:/","invalidateInfo":{"tags":["FPC"],"mode":"matchingTag"}} []
[2026-01-29T21:05:01.430509+00:00] main.DEBUG: cache_invalidate:  {"method":"GET","url":"http:/","invalidateInfo":{"tags":["WEBSERVICE"],"mode":"matchingTag"}} []
[2026-01-29T21:05:01.432307+00:00] main.DEBUG: cache_invalidate:  {"method":"GET","url":"http:/","invalidateInfo":{"tags":["TRANSLATE"],"mode":"matchingTag"}} []
[2026-01-29T21:05:03.532730+00:00] main.DEBUG: cache_invalidate:  {"method":"GET","url":"http:/","invalidateInfo":{"tags":["LAYOUT_GENERAL_CACHE_TAG"],"mode":"matchingTag"}} []
[2026-01-29T21:05:03.534433+00:00] main.DEBUG: cache_invalidate:  {"method":"GET","url":"http:/","invalidateInfo":{"tags":["BLOCK_HTML"],"mode":"matchingTag"}} []
[2026-01-29T21:05:03.535977+00:00] main.DEBUG: cache_invalidate:  {"method":"GET","url":"http:/","invalidateInfo":{"tags":["FPC"],"mode":"matchingTag"}} []
[2026-01-29T21:05:33.777052+00:00] main.DEBUG: cache_invalidate:  {"method":"GET","url":"http:/","invalidateInfo":{"tags":["CONFIG"],"mode":"matchingTag"}} []
[2026-01-29T21:05:33.779019+00:00] main.DEBUG: cache_invalidate:  {"method":"GET","url":"http:/","invalidateInfo":{"tags":["LAYOUT_GENERAL_CACHE_TAG"],"mode":"matchingTag"}} []
[2026-01-29T21:05:33.780479+00:00] main.DEBUG: cache_invalidate:  {"method":"GET","url":"http:/","invalidateInfo":{"tags":["BLOCK_HTML"],"mode":"matchingTag"}} []
[2026-01-29T21:05:33.781765+00:00] main.DEBUG: cache_invalidate:  {"method":"GET","url":"http:/","invalidateInfo":{"tags":["COLLECTION_DATA"],"mode":"matchingTag"}} []
[2026-01-29T21:05:33.789015+00:00] main.DEBUG: cache_invalidate:  {"method":"GET","url":"http:/","invalidateInfo":{"tags":["REFLECTION"],"mode":"matchingTag"}} []
[2026-01-29T21:05:33.790806+00:00] main.DEBUG: cache_invalidate:  {"method":"GET","url":"http:/","invalidateInfo":{"tags":["DB_DDL"],"mode":"matchingTag"}} []
[2026-01-29T21:05:33.791973+00:00] main.DEBUG: cache_invalidate:  {"method":"GET","url":"http:/","invalidateInfo":{"tags":["COMPILED_CONFIG"],"mode":"matchingTag"}} []
[2026-01-29T21:05:33.793402+00:00] main.DEBUG: cache_invalidate:  {"method":"GET","url":"http:/","invalidateInfo":{"tags":["EAV"],"mode":"matchingTag"}} []
[2026-01-29T21:05:33.794529+00:00] main.DEBUG: cache_invalidate:  {"method":"GET","url":"http:/","invalidateInfo":{"tags":["CUSTOMER_NOTIFICATION"],"mode":"matchingTag"}} []
[2026-01-29T21:05:33.796002+00:00] main.DEBUG: cache_invalidate:  {"method":"GET","url":"http:/","invalidateInfo":{"tags":["INTEGRATION"],"mode":"matchingTag"}} []
[2026-01-29T21:05:33.797424+00:00] main.DEBUG: cache_invalidate:  {"method":"GET","url":"http:/","invalidateInfo":{"tags":["INTEGRATION_API_CONFIG"],"mode":"matchingTag"}} []
[2026-01-29T21:05:33.801140+00:00] main.DEBUG: cache_invalidate:  {"method":"GET","url":"http:/","invalidateInfo":{"tags":["FPC"],"mode":"matchingTag"}} []
[2026-01-29T21:05:33.802777+00:00] main.DEBUG: cache_invalidate:  {"method":"GET","url":"http:/","invalidateInfo":{"tags":["WEBSERVICE"],"mode":"matchingTag"}} []
[2026-01-29T21:05:33.804473+00:00] main.DEBUG: cache_invalidate:  {"method":"GET","url":"http:/","invalidateInfo":{"tags":["TRANSLATE"],"mode":"matchingTag"}} []
[2026-01-29T21:05:38.552863+00:00] main.DEBUG: cache_invalidate:  {"method":"GET","url":"http:/","invalidateInfo":{"tags":["CONFIG"],"mode":"matchingTag"}} []
[2026-01-29T21:05:38.620752+00:00] main.DEBUG: cache_invalidate:  {"method":"GET","url":"http:/","invalidateInfo":{"tags":["CONFIG"],"mode":"matchingTag"}} []
[2026-01-29T21:05:38.622516+00:00] main.DEBUG: cache_invalidate:  {"method":"GET","url":"http:/","invalidateInfo":{"tags":["LAYOUT_GENERAL_CACHE_TAG"],"mode":"matchingTag"}} []
[2026-01-29T21:05:38.624154+00:00] main.DEBUG: cache_invalidate:  {"method":"GET","url":"http:/","invalidateInfo":{"tags":["BLOCK_HTML"],"mode":"matchingTag"}} []
[2026-01-29T21:05:38.625695+00:00] main.DEBUG: cache_invalidate:  {"method":"GET","url":"http:/","invalidateInfo":{"tags":["COLLECTION_DATA"],"mode":"matchingTag"}} []
[2026-01-29T21:05:38.626861+00:00] main.DEBUG: cache_invalidate:  {"method":"GET","url":"http:/","invalidateInfo":{"tags":["REFLECTION"],"mode":"matchingTag"}} []
[2026-01-29T21:05:38.628264+00:00] main.DEBUG: cache_invalidate:  {"method":"GET","url":"http:/","invalidateInfo":{"tags":["DB_DDL"],"mode":"matchingTag"}} []
[2026-01-29T21:05:38.629380+00:00] main.DEBUG: cache_invalidate:  {"method":"GET","url":"http:/","invalidateInfo":{"tags":["COMPILED_CONFIG"],"mode":"matchingTag"}} []
[2026-01-29T21:05:38.630891+00:00] main.DEBUG: cache_invalidate:  {"method":"GET","url":"http:/","invalidateInfo":{"tags":["EAV"],"mode":"matchingTag"}} []
[2026-01-29T21:05:38.632017+00:00] main.DEBUG: cache_invalidate:  {"method":"GET","url":"http:/","invalidateInfo":{"tags":["CUSTOMER_NOTIFICATION"],"mode":"matchingTag"}} []
[2026-01-29T21:05:38.633537+00:00] main.DEBUG: cache_invalidate:  {"method":"GET","url":"http:/","invalidateInfo":{"tags":["INTEGRATION"],"mode":"matchingTag"}} []
[2026-01-29T21:05:38.635195+00:00] main.DEBUG: cache_invalidate:  {"method":"GET","url":"http:/","invalidateInfo":{"tags":["INTEGRATION_API_CONFIG"],"mode":"matchingTag"}} []
[2026-01-29T21:05:38.637249+00:00] main.DEBUG: cache_invalidate:  {"method":"GET","url":"http:/","invalidateInfo":{"tags":["FPC"],"mode":"matchingTag"}} []
[2026-01-29T21:05:38.638882+00:00] main.DEBUG: cache_invalidate:  {"method":"GET","url":"http:/","invalidateInfo":{"tags":["WEBSERVICE"],"mode":"matchingTag"}} []
[2026-01-29T21:05:38.640728+00:00] main.DEBUG: cache_invalidate:  {"method":"GET","url":"http:/","invalidateInfo":{"tags":["TRANSLATE"],"mode":"matchingTag"}} []
[2026-01-29T21:05:40.742069+00:00] main.DEBUG: cache_invalidate:  {"method":"GET","url":"http:/","invalidateInfo":{"tags":["LAYOUT_GENERAL_CACHE_TAG"],"mode":"matchingTag"}} []
[2026-01-29T21:05:40.743925+00:00] main.DEBUG: cache_invalidate:  {"method":"GET","url":"http:/","invalidateInfo":{"tags":["BLOCK_HTML"],"mode":"matchingTag"}} []
[2026-01-29T21:05:40.745550+00:00] main.DEBUG: cache_invalidate:  {"method":"GET","url":"http:/","invalidateInfo":{"tags":["FPC"],"mode":"matchingTag"}} []
[2026-01-30T18:28:38.300510+00:00] main.DEBUG: cache_invalidate:  {"method":"GET","url":"http:/","invalidateInfo":{"tags":["CONFIG"],"mode":"matchingTag"}} []
[2026-01-30T18:28:38.311785+00:00] main.DEBUG: cache_invalidate:  {"method":"GET","url":"http:/","invalidateInfo":{"tags":["LAYOUT_GENERAL_CACHE_TAG"],"mode":"matchingTag"}} []
[2026-01-30T18:28:38.318120+00:00] main.DEBUG: cache_invalidate:  {"method":"GET","url":"http:/","invalidateInfo":{"tags":["BLOCK_HTML"],"mode":"matchingTag"}} []
[2026-01-30T18:28:38.328734+00:00] main.DEBUG: cache_invalidate:  {"method":"GET","url":"http:/","invalidateInfo":{"tags":["COLLECTION_DATA"],"mode":"matchingTag"}} []
[2026-01-30T18:28:38.377216+00:00] main.DEBUG: cache_invalidate:  {"method":"GET","url":"http:/","invalidateInfo":{"tags":["REFLECTION"],"mode":"matchingTag"}} []
[2026-01-30T18:28:38.384352+00:00] main.DEBUG: cache_invalidate:  {"method":"GET","url":"http:/","invalidateInfo":{"tags":["DB_DDL"],"mode":"matchingTag"}} []
[2026-01-30T18:28:38.390501+00:00] main.DEBUG: cache_invalidate:  {"method":"GET","url":"http:/","invalidateInfo":{"tags":["COMPILED_CONFIG"],"mode":"matchingTag"}} []
[2026-01-30T18:28:38.398510+00:00] main.DEBUG: cache_invalidate:  {"method":"GET","url":"http:/","invalidateInfo":{"tags":["EAV"],"mode":"matchingTag"}} []
[2026-01-30T18:28:38.403571+00:00] main.DEBUG: cache_invalidate:  {"method":"GET","url":"http:/","invalidateInfo":{"tags":["CUSTOMER_NOTIFICATION"],"mode":"matchingTag"}} []
[2026-01-30T18:28:38.409642+00:00] main.DEBUG: cache_invalidate:  {"method":"GET","url":"http:/","invalidateInfo":{"tags":["INTEGRATION"],"mode":"matchingTag"}} []
[2026-01-30T18:28:38.415222+00:00] main.DEBUG: cache_invalidate:  {"method":"GET","url":"http:/","invalidateInfo":{"tags":["INTEGRATION_API_CONFIG"],"mode":"matchingTag"}} []
[2026-01-30T18:28:38.433383+00:00] main.DEBUG: cache_invalidate:  {"method":"GET","url":"http:/","invalidateInfo":{"tags":["FPC"],"mode":"matchingTag"}} []
[2026-01-30T18:28:38.439564+00:00] main.DEBUG: cache_invalidate:  {"method":"GET","url":"http:/","invalidateInfo":{"tags":["WEBSERVICE"],"mode":"matchingTag"}} []
[2026-01-30T18:28:38.445544+00:00] main.DEBUG: cache_invalidate:  {"method":"GET","url":"http:/","invalidateInfo":{"tags":["TRANSLATE"],"mode":"matchingTag"}} []
[2026-01-30T18:28:58.762492+00:00] main.DEBUG: cache_invalidate:  {"method":"GET","url":"http:/","invalidateInfo":{"tags":["CONFIG"],"mode":"matchingTag"}} []
[2026-01-30T18:29:01.870088+00:00] main.DEBUG: cache_invalidate:  {"method":"GET","url":"http:/","invalidateInfo":{"tags":["CONFIG"],"mode":"matchingTag"}} []
[2026-01-30T18:29:01.879293+00:00] main.DEBUG: cache_invalidate:  {"method":"GET","url":"http:/","invalidateInfo":{"tags":["LAYOUT_GENERAL_CACHE_TAG"],"mode":"matchingTag"}} []
[2026-01-30T18:29:01.890310+00:00] main.DEBUG: cache_invalidate:  {"method":"GET","url":"http:/","invalidateInfo":{"tags":["BLOCK_HTML"],"mode":"matchingTag"}} []
[2026-01-30T18:29:01.898834+00:00] main.DEBUG: cache_invalidate:  {"method":"GET","url":"http:/","invalidateInfo":{"tags":["COLLECTION_DATA"],"mode":"matchingTag"}} []
[2026-01-30T18:29:01.904957+00:00] main.DEBUG: cache_invalidate:  {"method":"GET","url":"http:/","invalidateInfo":{"tags":["REFLECTION"],"mode":"matchingTag"}} []
[2026-01-30T18:29:01.912591+00:00] main.DEBUG: cache_invalidate:  {"method":"GET","url":"http:/","invalidateInfo":{"tags":["DB_DDL"],"mode":"matchingTag"}} []
[2026-01-30T18:29:01.917058+00:00] main.DEBUG: cache_invalidate:  {"method":"GET","url":"http:/","invalidateInfo":{"tags":["COMPILED_CONFIG"],"mode":"matchingTag"}} []
[2026-01-30T18:29:01.923112+00:00] main.DEBUG: cache_invalidate:  {"method":"GET","url":"http:/","invalidateInfo":{"tags":["EAV"],"mode":"matchingTag"}} []
[2026-01-30T18:29:01.930177+00:00] main.DEBUG: cache_invalidate:  {"method":"GET","url":"http:/","invalidateInfo":{"tags":["CUSTOMER_NOTIFICATION"],"mode":"matchingTag"}} []
[2026-01-30T18:29:01.936698+00:00] main.DEBUG: cache_invalidate:  {"method":"GET","url":"http:/","invalidateInfo":{"tags":["INTEGRATION"],"mode":"matchingTag"}} []
[2026-01-30T18:29:01.942799+00:00] main.DEBUG: cache_invalidate:  {"method":"GET","url":"http:/","invalidateInfo":{"tags":["INTEGRATION_API_CONFIG"],"mode":"matchingTag"}} []
[2026-01-30T18:29:01.949760+00:00] main.DEBUG: cache_invalidate:  {"method":"GET","url":"http:/","invalidateInfo":{"tags":["FPC"],"mode":"matchingTag"}} []
[2026-01-30T18:29:01.956179+00:00] main.DEBUG: cache_invalidate:  {"method":"GET","url":"http:/","invalidateInfo":{"tags":["WEBSERVICE"],"mode":"matchingTag"}} []
[2026-01-30T18:29:01.961826+00:00] main.DEBUG: cache_invalidate:  {"method":"GET","url":"http:/","invalidateInfo":{"tags":["TRANSLATE"],"mode":"matchingTag"}} []
[2026-01-30T18:29:15.255732+00:00] main.DEBUG: cache_invalidate:  {"method":"GET","url":"http:/","invalidateInfo":{"tags":["LAYOUT_GENERAL_CACHE_TAG"],"mode":"matchingTag"}} []
[2026-01-30T18:29:15.272432+00:00] main.DEBUG: cache_invalidate:  {"method":"GET","url":"http:/","invalidateInfo":{"tags":["BLOCK_HTML"],"mode":"matchingTag"}} []
[2026-01-30T18:29:15.295254+00:00] main.DEBUG: cache_invalidate:  {"method":"GET","url":"http:/","invalidateInfo":{"tags":["FPC"],"mode":"matchingTag"}} []
[2026-01-30T18:33:48.226423+00:00] main.DEBUG: cache_invalidate:  {"method":"GET","url":"http:/","invalidateInfo":{"tags":["CONFIG"],"mode":"matchingTag"}} []
[2026-01-30T18:33:48.228931+00:00] main.DEBUG: cache_invalidate:  {"method":"GET","url":"http:/","invalidateInfo":{"tags":["LAYOUT_GENERAL_CACHE_TAG"],"mode":"matchingTag"}} []
[2026-01-30T18:33:48.231141+00:00] main.DEBUG: cache_invalidate:  {"method":"GET","url":"http:/","invalidateInfo":{"tags":["BLOCK_HTML"],"mode":"matchingTag"}} []
[2026-01-30T18:33:48.233192+00:00] main.DEBUG: cache_invalidate:  {"method":"GET","url":"http:/","invalidateInfo":{"tags":["COLLECTION_DATA"],"mode":"matchingTag"}} []
[2026-01-30T18:33:48.245214+00:00] main.DEBUG: cache_invalidate:  {"method":"GET","url":"http:/","invalidateInfo":{"tags":["REFLECTION"],"mode":"matchingTag"}} []
[2026-01-30T18:33:48.248349+00:00] main.DEBUG: cache_invalidate:  {"method":"GET","url":"http:/","invalidateInfo":{"tags":["DB_DDL"],"mode":"matchingTag"}} []
[2026-01-30T18:33:48.260421+00:00] main.DEBUG: cache_invalidate:  {"method":"GET","url":"http:/","invalidateInfo":{"tags":["COMPILED_CONFIG"],"mode":"matchingTag"}} []
[2026-01-30T18:33:48.262903+00:00] main.DEBUG: cache_invalidate:  {"method":"GET","url":"http:/","invalidateInfo":{"tags":["EAV"],"mode":"matchingTag"}} []
[2026-01-30T18:33:48.265072+00:00] main.DEBUG: cache_invalidate:  {"method":"GET","url":"http:/","invalidateInfo":{"tags":["CUSTOMER_NOTIFICATION"],"mode":"matchingTag"}} []
[2026-01-30T18:33:48.267940+00:00] main.DEBUG: cache_invalidate:  {"method":"GET","url":"http:/","invalidateInfo":{"tags":["INTEGRATION"],"mode":"matchingTag"}} []
[2026-01-30T18:33:48.270070+00:00] main.DEBUG: cache_invalidate:  {"method":"GET","url":"http:/","invalidateInfo":{"tags":["INTEGRATION_API_CONFIG"],"mode":"matchingTag"}} []
[2026-01-30T18:33:48.276032+00:00] main.DEBUG: cache_invalidate:  {"method":"GET","url":"http:/","invalidateInfo":{"tags":["FPC"],"mode":"matchingTag"}} []
[2026-01-30T18:33:48.279272+00:00] main.DEBUG: cache_invalidate:  {"method":"GET","url":"http:/","invalidateInfo":{"tags":["WEBSERVICE"],"mode":"matchingTag"}} []
[2026-01-30T18:33:48.282407+00:00] main.DEBUG: cache_invalidate:  {"method":"GET","url":"http:/","invalidateInfo":{"tags":["TRANSLATE"],"mode":"matchingTag"}} []
[2026-01-30T18:33:56.077256+00:00] main.DEBUG: cache_invalidate:  {"method":"GET","url":"http:/","invalidateInfo":{"tags":["CONFIG"],"mode":"matchingTag"}} []
[2026-01-30T18:33:56.197033+00:00] main.DEBUG: cache_invalidate:  {"method":"GET","url":"http:/","invalidateInfo":{"tags":["CONFIG"],"mode":"matchingTag"}} []
[2026-01-30T18:33:56.200430+00:00] main.DEBUG: cache_invalidate:  {"method":"GET","url":"http:/","invalidateInfo":{"tags":["LAYOUT_GENERAL_CACHE_TAG"],"mode":"matchingTag"}} []
[2026-01-30T18:33:56.205564+00:00] main.DEBUG: cache_invalidate:  {"method":"GET","url":"http:/","invalidateInfo":{"tags":["BLOCK_HTML"],"mode":"matchingTag"}} []
[2026-01-30T18:33:56.210109+00:00] main.DEBUG: cache_invalidate:  {"method":"GET","url":"http:/","invalidateInfo":{"tags":["COLLECTION_DATA"],"mode":"matchingTag"}} []
[2026-01-30T18:33:56.211858+00:00] main.DEBUG: cache_invalidate:  {"method":"GET","url":"http:/","invalidateInfo":{"tags":["REFLECTION"],"mode":"matchingTag"}} []
[2026-01-30T18:33:56.215443+00:00] main.DEBUG: cache_invalidate:  {"method":"GET","url":"http:/","invalidateInfo":{"tags":["DB_DDL"],"mode":"matchingTag"}} []
[2026-01-30T18:33:56.217194+00:00] main.DEBUG: cache_invalidate:  {"method":"GET","url":"http:/","invalidateInfo":{"tags":["COMPILED_CONFIG"],"mode":"matchingTag"}} []
[2026-01-30T18:33:56.221137+00:00] main.DEBUG: cache_invalidate:  {"method":"GET","url":"http:/","invalidateInfo":{"tags":["EAV"],"mode":"matchingTag"}} []
[2026-01-30T18:33:56.223409+00:00] main.DEBUG: cache_invalidate:  {"method":"GET","url":"http:/","invalidateInfo":{"tags":["CUSTOMER_NOTIFICATION"],"mode":"matchingTag"}} []
[2026-01-30T18:33:56.226450+00:00] main.DEBUG: cache_invalidate:  {"method":"GET","url":"http:/","invalidateInfo":{"tags":["INTEGRATION"],"mode":"matchingTag"}} []
[2026-01-30T18:33:56.230165+00:00] main.DEBUG: cache_invalidate:  {"method":"GET","url":"http:/","invalidateInfo":{"tags":["INTEGRATION_API_CONFIG"],"mode":"matchingTag"}} []
[2026-01-30T18:33:56.233024+00:00] main.DEBUG: cache_invalidate:  {"method":"GET","url":"http:/","invalidateInfo":{"tags":["FPC"],"mode":"matchingTag"}} []
[2026-01-30T18:33:56.238706+00:00] main.DEBUG: cache_invalidate:  {"method":"GET","url":"http:/","invalidateInfo":{"tags":["WEBSERVICE"],"mode":"matchingTag"}} []
[2026-01-30T18:33:56.243773+00:00] main.DEBUG: cache_invalidate:  {"method":"GET","url":"http:/","invalidateInfo":{"tags":["TRANSLATE"],"mode":"matchingTag"}} []
[2026-01-30T18:34:00.390741+00:00] main.DEBUG: cache_invalidate:  {"method":"GET","url":"http:/","invalidateInfo":{"tags":["LAYOUT_GENERAL_CACHE_TAG"],"mode":"matchingTag"}} []
[2026-01-30T18:34:00.394118+00:00] main.DEBUG: cache_invalidate:  {"method":"GET","url":"http:/","invalidateInfo":{"tags":["BLOCK_HTML"],"mode":"matchingTag"}} []
[2026-01-30T18:34:00.396492+00:00] main.DEBUG: cache_invalidate:  {"method":"GET","url":"http:/","invalidateInfo":{"tags":["FPC"],"mode":"matchingTag"}} []
[2026-01-30T19:01:07.009691+00:00] main.DEBUG: cache_invalidate:  {"method":"GET","url":"http:/","invalidateInfo":{"tags":["CONFIG"],"mode":"matchingTag"}} []
[2026-01-30T19:01:07.021912+00:00] main.DEBUG: cache_invalidate:  {"method":"GET","url":"http:/","invalidateInfo":{"tags":["LAYOUT_GENERAL_CACHE_TAG"],"mode":"matchingTag"}} []
[2026-01-30T19:01:07.031763+00:00] main.DEBUG: cache_invalidate:  {"method":"GET","url":"http:/","invalidateInfo":{"tags":["BLOCK_HTML"],"mode":"matchingTag"}} []
[2026-01-30T19:01:07.047787+00:00] main.DEBUG: cache_invalidate:  {"method":"GET","url":"http:/","invalidateInfo":{"tags":["COLLECTION_DATA"],"mode":"matchingTag"}} []
[2026-01-30T19:01:07.146211+00:00] main.DEBUG: cache_invalidate:  {"method":"GET","url":"http:/","invalidateInfo":{"tags":["REFLECTION"],"mode":"matchingTag"}} []
[2026-01-30T19:01:07.164935+00:00] main.DEBUG: cache_invalidate:  {"method":"GET","url":"http:/","invalidateInfo":{"tags":["DB_DDL"],"mode":"matchingTag"}} []
[2026-01-30T19:01:07.171921+00:00] main.DEBUG: cache_invalidate:  {"method":"GET","url":"http:/","invalidateInfo":{"tags":["COMPILED_CONFIG"],"mode":"matchingTag"}} []
[2026-01-30T19:01:07.192365+00:00] main.DEBUG: cache_invalidate:  {"method":"GET","url":"http:/","invalidateInfo":{"tags":["EAV"],"mode":"matchingTag"}} []
[2026-01-30T19:01:07.210815+00:00] main.DEBUG: cache_invalidate:  {"method":"GET","url":"http:/","invalidateInfo":{"tags":["CUSTOMER_NOTIFICATION"],"mode":"matchingTag"}} []
[2026-01-30T19:01:07.228163+00:00] main.DEBUG: cache_invalidate:  {"method":"GET","url":"http:/","invalidateInfo":{"tags":["INTEGRATION"],"mode":"matchingTag"}} []
[2026-01-30T19:01:07.239886+00:00] main.DEBUG: cache_invalidate:  {"method":"GET","url":"http:/","invalidateInfo":{"tags":["INTEGRATION_API_CONFIG"],"mode":"matchingTag"}} []
[2026-01-30T19:01:07.305072+00:00] main.DEBUG: cache_invalidate:  {"method":"GET","url":"http:/","invalidateInfo":{"tags":["FPC"],"mode":"matchingTag"}} []
[2026-01-30T19:01:07.323818+00:00] main.DEBUG: cache_invalidate:  {"method":"GET","url":"http:/","invalidateInfo":{"tags":["WEBSERVICE"],"mode":"matchingTag"}} []
[2026-01-30T19:01:07.353247+00:00] main.DEBUG: cache_invalidate:  {"method":"GET","url":"http:/","invalidateInfo":{"tags":["TRANSLATE"],"mode":"matchingTag"}} []
[2026-01-30T19:01:25.137888+00:00] main.DEBUG: cache_invalidate:  {"method":"GET","url":"http:/","invalidateInfo":{"tags":["CONFIG"],"mode":"matchingTag"}} []
[2026-01-30T19:01:25.416898+00:00] main.DEBUG: cache_invalidate:  {"method":"GET","url":"http:/","invalidateInfo":{"tags":["CONFIG"],"mode":"matchingTag"}} []
[2026-01-30T19:01:25.420628+00:00] main.DEBUG: cache_invalidate:  {"method":"GET","url":"http:/","invalidateInfo":{"tags":["LAYOUT_GENERAL_CACHE_TAG"],"mode":"matchingTag"}} []
[2026-01-30T19:01:25.424117+00:00] main.DEBUG: cache_invalidate:  {"method":"GET","url":"http:/","invalidateInfo":{"tags":["BLOCK_HTML"],"mode":"matchingTag"}} []
[2026-01-30T19:01:25.429847+00:00] main.DEBUG: cache_invalidate:  {"method":"GET","url":"http:/","invalidateInfo":{"tags":["COLLECTION_DATA"],"mode":"matchingTag"}} []
[2026-01-30T19:01:25.433920+00:00] main.DEBUG: cache_invalidate:  {"method":"GET","url":"http:/","invalidateInfo":{"tags":["REFLECTION"],"mode":"matchingTag"}} []
[2026-01-30T19:01:25.439436+00:00] main.DEBUG: cache_invalidate:  {"method":"GET","url":"http:/","invalidateInfo":{"tags":["DB_DDL"],"mode":"matchingTag"}} []
[2026-01-30T19:01:25.443811+00:00] main.DEBUG: cache_invalidate:  {"method":"GET","url":"http:/","invalidateInfo":{"tags":["COMPILED_CONFIG"],"mode":"matchingTag"}} []
[2026-01-30T19:01:25.447968+00:00] main.DEBUG: cache_invalidate:  {"method":"GET","url":"http:/","invalidateInfo":{"tags":["EAV"],"mode":"matchingTag"}} []
[2026-01-30T19:01:25.450635+00:00] main.DEBUG: cache_invalidate:  {"method":"GET","url":"http:/","invalidateInfo":{"tags":["CUSTOMER_NOTIFICATION"],"mode":"matchingTag"}} []
[2026-01-30T19:01:25.454746+00:00] main.DEBUG: cache_invalidate:  {"method":"GET","url":"http:/","invalidateInfo":{"tags":["INTEGRATION"],"mode":"matchingTag"}} []
[2026-01-30T19:01:25.459608+00:00] main.DEBUG: cache_invalidate:  {"method":"GET","url":"http:/","invalidateInfo":{"tags":["INTEGRATION_API_CONFIG"],"mode":"matchingTag"}} []
[2026-01-30T19:01:25.463894+00:00] main.DEBUG: cache_invalidate:  {"method":"GET","url":"http:/","invalidateInfo":{"tags":["FPC"],"mode":"matchingTag"}} []
[2026-01-30T19:01:25.467504+00:00] main.DEBUG: cache_invalidate:  {"method":"GET","url":"http:/","invalidateInfo":{"tags":["WEBSERVICE"],"mode":"matchingTag"}} []
[2026-01-30T19:01:25.471360+00:00] main.DEBUG: cache_invalidate:  {"method":"GET","url":"http:/","invalidateInfo":{"tags":["TRANSLATE"],"mode":"matchingTag"}} []
[2026-01-30T19:01:34.974629+00:00] main.DEBUG: cache_invalidate:  {"method":"GET","url":"http:/","invalidateInfo":{"tags":["LAYOUT_GENERAL_CACHE_TAG"],"mode":"matchingTag"}} []
[2026-01-30T19:01:34.982673+00:00] main.DEBUG: cache_invalidate:  {"method":"GET","url":"http:/","invalidateInfo":{"tags":["BLOCK_HTML"],"mode":"matchingTag"}} []
[2026-01-30T19:01:34.989623+00:00] main.DEBUG: cache_invalidate:  {"method":"GET","url":"http:/","invalidateInfo":{"tags":["FPC"],"mode":"matchingTag"}} []
[2026-01-30T19:01:57.882674+00:00] main.DEBUG: cache_invalidate:  {"method":"GET","url":"http:/","invalidateInfo":{"tags":[],"mode":"all"}} []
[2026-01-30T19:01:57.906140+00:00] main.DEBUG: cache_invalidate:  {"method":"GET","url":"http:/","invalidateInfo":{"tags":[],"mode":"all"}} []
[2026-01-30T19:01:57.918935+00:00] main.DEBUG: cache_invalidate:  {"method":"GET","url":"http:/","invalidateInfo":{"tags":[],"mode":"all"}} []
[2026-01-30T19:02:59.904673+00:00] main.ERROR: Error during compilation
#0 /var/www/html/magento2/setup/src/Magento/Setup/Module/Di/Code/Reader/Decorator/Interceptions.php(85): Magento\Setup\Module\Di\Compiler\Log\Log->report()
#1 /var/www/html/magento2/setup/src/Magento/Setup/Module/Di/App/Task/Operation/InterceptionCache.php(61): Magento\Setup\Module\Di\Code\Reader\Decorator\Interceptions->getList()
#2 /var/www/html/magento2/setup/src/Magento/Setup/Module/Di/App/Task/Manager.php(56): Magento\Setup\Module\Di\App\Task\Operation\InterceptionCache->doOperation()
#3 /var/www/html/magento2/setup/src/Magento/Setup/Console/Command/DiCompileCommand.php(216): Magento\Setup\Module\Di\App\Task\Manager->process()
#4 /var/www/html/magento2/vendor/symfony/console/Command/Command.php(298): Magento\Setup\Console\Command\DiCompileCommand->execute()
#5 /var/www/html/magento2/vendor/symfony/console/Application.php(1040): Symfony\Component\Console\Command\Command->run()
#6 /var/www/html/magento2/vendor/symfony/console/Application.php(301): Symfony\Component\Console\Application->doRunCommand()
#7 /var/www/html/magento2/vendor/magento/framework/Console/Cli.php(116): Symfony\Component\Console\Application->doRun()
#8 /var/www/html/magento2/vendor/symfony/console/Application.php(171): Magento\Framework\Console\Cli->doRun()
#9 /var/www/html/magento2/bin/magento(23): Symfony\Component\Console\Application->run()
#10 {main} [] []
[2026-01-30T19:03:36.735876+00:00] main.DEBUG: cache_invalidate:  {"method":"GET","url":"http:/","invalidateInfo":{"tags":["FPC"],"mode":"matchingTag"}} []
[2026-01-30T19:04:20.102667+00:00] main.INFO: Broken reference: the 'catalog.compare.sidebar' element cannot be added as child to 'sidebar.additional', because the latter doesn't exist [] []
[2026-01-30T19:04:20.105540+00:00] main.INFO: Broken reference: the 'sale.reorder.sidebar' element cannot be added as child to 'sidebar.additional', because the latter doesn't exist [] []
[2026-01-30T19:04:20.108067+00:00] main.INFO: Broken reference: the 'wishlist_sidebar' element cannot be added as child to 'sidebar.additional', because the latter doesn't exist [] []
[2026-01-30T19:04:20.110327+00:00] main.INFO: Broken reference: the 'paypal.partner.right.logo' element cannot be added as child to 'sidebar.additional', because the latter doesn't exist [] []
[2026-01-30T19:04:20.112032+00:00] main.INFO: Broken reference: the 'bml.right.logo' element cannot be added as child to 'sidebar.additional', because the latter doesn't exist [] []
[2026-01-30T19:04:20.117138+00:00] main.INFO: Broken reference: the 'sidebar.container.paylater' element cannot be added as child to 'sidebar.additional', because the latter doesn't exist [] []
[2026-01-30T19:05:27.830591+00:00] main.INFO: Broken reference: the 'tracking' element cannot be added as child to 'header', because the latter doesn't exist [] []
[2026-01-30T19:05:27.846866+00:00] main.INFO: Broken reference: the 'notification_area' element cannot be added as child to 'notifications', because the latter doesn't exist [] []
[2026-01-30T19:05:27.862135+00:00] main.INFO: Broken reference: the 'unread_system_messages' element cannot be added as child to 'notifications', because the latter doesn't exist [] []
[2026-01-30T19:05:27.876789+00:00] main.INFO: Broken reference: the 'notification_window' element cannot be added as child to 'notifications', because the latter doesn't exist [] []
[2026-01-30T19:05:27.892954+00:00] main.INFO: Broken reference: the 'notification.messages' element cannot be added as child to 'header', because the latter doesn't exist [] []
[2026-01-30T19:05:27.907005+00:00] main.INFO: Broken reference: the 'global_notices' element cannot be added as child to 'global.notices', because the latter doesn't exist [] []
[2026-01-30T19:05:27.910773+00:00] main.INFO: Broken reference: the 'logo' element cannot be added as child to 'header', because the latter doesn't exist [] []
[2026-01-30T19:05:27.925535+00:00] main.INFO: Broken reference: the 'global.search' element cannot be added as child to 'header', because the latter doesn't exist [] []
[2026-01-30T19:05:27.940168+00:00] main.INFO: Broken reference: the 'user' element cannot be added as child to 'header', because the latter doesn't exist [] []
[2026-01-30T19:05:27.954558+00:00] main.INFO: Broken reference: the 'menu' element cannot be added as child to 'page.menu', because the latter doesn't exist [] []
[2026-01-30T19:05:27.958843+00:00] main.INFO: Broken reference: the 'breadcrumbs' element cannot be added as child to 'page.breadcrumbs', because the latter doesn't exist [] []
[2026-01-30T19:05:27.973764+00:00] main.INFO: Broken reference: the 'formkey' element cannot be added as child to 'page.formkey', because the latter doesn't exist [] []
[2026-01-30T19:05:27.989445+00:00] main.INFO: Broken reference: the 'page.title' element cannot be added as child to 'main.top', because the latter doesn't exist [] []
[2026-01-30T19:05:28.004932+00:00] main.INFO: Broken reference: the 'messages' element cannot be added as child to 'page.messages', because the latter doesn't exist [] []
[2026-01-30T19:05:28.020584+00:00] main.INFO: Broken reference: the 'page.actions.toolbar' element cannot be added as child to 'page.main.actions', because the latter doesn't exist [] []
[2026-01-30T19:05:28.036546+00:00] main.INFO: Broken reference: the 'legal' element cannot be added as child to 'footer', because the latter doesn't exist [] []
[2026-01-30T19:05:28.053768+00:00] main.INFO: Broken reference: the 'header.inner.left' element cannot be added as child to 'header', because the latter doesn't exist [] []
[2026-01-30T19:05:28.067861+00:00] main.INFO: Broken reference: the 'header.inner.right' element cannot be added as child to 'header', because the latter doesn't exist [] []
[2026-01-30T19:05:28.084199+00:00] main.INFO: Broken reference: the 'user' tries to reorder itself towards '', but their parents are different: 'header' and '' respectively. [] []
[2026-01-30T19:05:28.099970+00:00] main.INFO: Broken reference: the 'notification.messages' tries to reorder itself towards 'user', but their parents are different: 'header' and '' respectively. [] []
[2026-01-30T19:05:28.115445+00:00] main.INFO: Broken reference: the 'logo' tries to reorder itself towards '', but their parents are different: 'header' and '' respectively. [] []
[2026-01-30T19:05:28.131578+00:00] main.INFO: Broken reference: the 'global.search' tries to reorder itself towards 'logo', but their parents are different: 'header' and '' respectively. [] []
[2026-01-30T19:05:28.147637+00:00] main.INFO: Broken reference: the 'page.actions.toolbar' tries to reorder itself towards '', but their parents are different: 'page.main.actions' and '' respectively. [] []
[2026-01-30T19:05:28.163583+00:00] main.INFO: Broken reference: the 'header.inner.left' tries to reorder itself towards '', but their parents are different: 'header' and '' respectively. [] []
[2026-01-30T19:05:28.179667+00:00] main.INFO: Broken reference: the 'header.inner.right' tries to reorder itself towards 'header.inner.left', but their parents are different: 'header' and '' respectively. [] []
[2026-01-30T19:05:28.195370+00:00] main.INFO: Broken reference: the 'notification.messages' tries to reorder itself towards 'user', but their parents are different: 'header.inner.right' and '' respectively. [] []
[2026-01-30T19:07:08.041783+00:00] main.ERROR: Command "c:s" is ambiguous.
Did you mean one of these?
    config:set           Change system configuration
    config:show          Shows configuration value for given path. If path is not specified, all saved values wil...
    cache:status         Checks cache status
    config:sensitive:set Set sensitive configuration values.
#0 /var/www/html/magento2/vendor/symfony/console/Application.php(259): Symfony\Component\Console\Application->find()
#1 /var/www/html/magento2/vendor/magento/framework/Console/Cli.php(116): Symfony\Component\Console\Application->doRun()
#2 /var/www/html/magento2/vendor/symfony/console/Application.php(171): Magento\Framework\Console\Cli->doRun()
#3 /var/www/html/magento2/bin/magento(23): Symfony\Component\Console\Application->run()
#4 {main} [] []
[2026-01-30T19:07:33.755021+00:00] main.INFO: Broken reference: the 'tracking' element cannot be added as child to 'header', because the latter doesn't exist [] []
[2026-01-30T19:07:33.766820+00:00] main.INFO: Broken reference: the 'notification_area' element cannot be added as child to 'notifications', because the latter doesn't exist [] []
[2026-01-30T19:07:33.771913+00:00] main.INFO: Broken reference: the 'unread_system_messages' element cannot be added as child to 'notifications', because the latter doesn't exist [] []
[2026-01-30T19:07:33.779815+00:00] main.INFO: Broken reference: the 'notification_window' element cannot be added as child to 'notifications', because the latter doesn't exist [] []
[2026-01-30T19:07:33.787529+00:00] main.INFO: Broken reference: the 'notification.messages' element cannot be added as child to 'header', because the latter doesn't exist [] []
[2026-01-30T19:07:33.792883+00:00] main.INFO: Broken reference: the 'global_notices' element cannot be added as child to 'global.notices', because the latter doesn't exist [] []
[2026-01-30T19:07:33.799349+00:00] main.INFO: Broken reference: the 'logo' element cannot be added as child to 'header', because the latter doesn't exist [] []
[2026-01-30T19:07:33.809570+00:00] main.INFO: Broken reference: the 'global.search' element cannot be added as child to 'header', because the latter doesn't exist [] []
[2026-01-30T19:07:33.815226+00:00] main.INFO: Broken reference: the 'user' element cannot be added as child to 'header', because the latter doesn't exist [] []
[2026-01-30T19:07:33.826485+00:00] main.INFO: Broken reference: the 'menu' element cannot be added as child to 'page.menu', because the latter doesn't exist [] []
[2026-01-30T19:07:33.831959+00:00] main.INFO: Broken reference: the 'breadcrumbs' element cannot be added as child to 'page.breadcrumbs', because the latter doesn't exist [] []
[2026-01-30T19:07:33.842751+00:00] main.INFO: Broken reference: the 'formkey' element cannot be added as child to 'page.formkey', because the latter doesn't exist [] []
[2026-01-30T19:07:33.850603+00:00] main.INFO: Broken reference: the 'page.title' element cannot be added as child to 'main.top', because the latter doesn't exist [] []
[2026-01-30T19:07:33.856355+00:00] main.INFO: Broken reference: the 'messages' element cannot be added as child to 'page.messages', because the latter doesn't exist [] []
[2026-01-30T19:07:33.868053+00:00] main.INFO: Broken reference: the 'page.actions.toolbar' element cannot be added as child to 'page.main.actions', because the latter doesn't exist [] []
[2026-01-30T19:07:33.873332+00:00] main.INFO: Broken reference: the 'legal' element cannot be added as child to 'footer', because the latter doesn't exist [] []
[2026-01-30T19:07:33.882574+00:00] main.INFO: Broken reference: the 'header.inner.left' element cannot be added as child to 'header', because the latter doesn't exist [] []
[2026-01-30T19:07:33.886760+00:00] main.INFO: Broken reference: the 'header.inner.right' element cannot be added as child to 'header', because the latter doesn't exist [] []
[2026-01-30T19:07:33.895160+00:00] main.INFO: Broken reference: the 'user' tries to reorder itself towards '', but their parents are different: 'header' and '' respectively. [] []
[2026-01-30T19:07:33.903597+00:00] main.INFO: Broken reference: the 'notification.messages' tries to reorder itself towards 'user', but their parents are different: 'header' and '' respectively. [] []
[2026-01-30T19:07:33.908451+00:00] main.INFO: Broken reference: the 'logo' tries to reorder itself towards '', but their parents are different: 'header' and '' respectively. [] []
[2026-01-30T19:07:33.914906+00:00] main.INFO: Broken reference: the 'global.search' tries to reorder itself towards 'logo', but their parents are different: 'header' and '' respectively. [] []
[2026-01-30T19:07:33.921291+00:00] main.INFO: Broken reference: the 'page.actions.toolbar' tries to reorder itself towards '', but their parents are different: 'page.main.actions' and '' respectively. [] []
[2026-01-30T19:07:33.928912+00:00] main.INFO: Broken reference: the 'header.inner.left' tries to reorder itself towards '', but their parents are different: 'header' and '' respectively. [] []
[2026-01-30T19:07:33.932747+00:00] main.INFO: Broken reference: the 'header.inner.right' tries to reorder itself towards 'header.inner.left', but their parents are different: 'header' and '' respectively. [] []
[2026-01-30T19:07:33.938718+00:00] main.INFO: Broken reference: the 'notification.messages' tries to reorder itself towards 'user', but their parents are different: 'header.inner.right' and '' respectively. [] []
[2026-01-30T19:08:20.516361+00:00] main.INFO: Broken reference: the 'tracking' element cannot be added as child to 'header', because the latter doesn't exist [] []
[2026-01-30T19:08:20.529006+00:00] main.INFO: Broken reference: the 'notification_area' element cannot be added as child to 'notifications', because the latter doesn't exist [] []
[2026-01-30T19:08:20.538344+00:00] main.INFO: Broken reference: the 'unread_system_messages' element cannot be added as child to 'notifications', because the latter doesn't exist [] []
[2026-01-30T19:08:20.544822+00:00] main.INFO: Broken reference: the 'notification_window' element cannot be added as child to 'notifications', because the latter doesn't exist [] []
[2026-01-30T19:08:20.554676+00:00] main.INFO: Broken reference: the 'notification.messages' element cannot be added as child to 'header', because the latter doesn't exist [] []
[2026-01-30T19:08:20.564009+00:00] main.INFO: Broken reference: the 'global_notices' element cannot be added as child to 'global.notices', because the latter doesn't exist [] []
[2026-01-30T19:08:20.568140+00:00] main.INFO: Broken reference: the 'logo' element cannot be added as child to 'header', because the latter doesn't exist [] []
[2026-01-30T19:08:20.578150+00:00] main.INFO: Broken reference: the 'global.search' element cannot be added as child to 'header', because the latter doesn't exist [] []
[2026-01-30T19:08:20.583820+00:00] main.INFO: Broken reference: the 'user' element cannot be added as child to 'header', because the latter doesn't exist [] []
[2026-01-30T19:08:20.592869+00:00] main.INFO: Broken reference: the 'menu' element cannot be added as child to 'page.menu', because the latter doesn't exist [] []
[2026-01-30T19:08:20.597036+00:00] main.INFO: Broken reference: the 'breadcrumbs' element cannot be added as child to 'page.breadcrumbs', because the latter doesn't exist [] []
[2026-01-30T19:08:20.602660+00:00] main.INFO: Broken reference: the 'formkey' element cannot be added as child to 'page.formkey', because the latter doesn't exist [] []
[2026-01-30T19:08:20.608579+00:00] main.INFO: Broken reference: the 'page.title' element cannot be added as child to 'main.top', because the latter doesn't exist [] []
[2026-01-30T19:08:20.617389+00:00] main.INFO: Broken reference: the 'messages' element cannot be added as child to 'page.messages', because the latter doesn't exist [] []
[2026-01-30T19:08:20.622981+00:00] main.INFO: Broken reference: the 'page.actions.toolbar' element cannot be added as child to 'page.main.actions', because the latter doesn't exist [] []
[2026-01-30T19:08:20.629613+00:00] main.INFO: Broken reference: the 'legal' element cannot be added as child to 'footer', because the latter doesn't exist [] []
[2026-01-30T19:08:20.637908+00:00] main.INFO: Broken reference: the 'header.inner.left' element cannot be added as child to 'header', because the latter doesn't exist [] []
[2026-01-30T19:08:20.643089+00:00] main.INFO: Broken reference: the 'header.inner.right' element cannot be added as child to 'header', because the latter doesn't exist [] []
[2026-01-30T19:08:20.651895+00:00] main.INFO: Broken reference: the 'user' tries to reorder itself towards '', but their parents are different: 'header' and '' respectively. [] []
[2026-01-30T19:08:20.659171+00:00] main.INFO: Broken reference: the 'notification.messages' tries to reorder itself towards 'user', but their parents are different: 'header' and '' respectively. [] []
[2026-01-30T19:08:20.663360+00:00] main.INFO: Broken reference: the 'logo' tries to reorder itself towards '', but their parents are different: 'header' and '' respectively. [] []
[2026-01-30T19:08:20.672688+00:00] main.INFO: Broken reference: the 'global.search' tries to reorder itself towards 'logo', but their parents are different: 'header' and '' respectively. [] []
[2026-01-30T19:08:20.679301+00:00] main.INFO: Broken reference: the 'page.actions.toolbar' tries to reorder itself towards '', but their parents are different: 'page.main.actions' and '' respectively. [] []
[2026-01-30T19:08:20.685106+00:00] main.INFO: Broken reference: the 'header.inner.left' tries to reorder itself towards '', but their parents are different: 'header' and '' respectively. [] []
[2026-01-30T19:08:20.691438+00:00] main.INFO: Broken reference: the 'header.inner.right' tries to reorder itself towards 'header.inner.left', but their parents are different: 'header' and '' respectively. [] []
[2026-01-30T19:08:20.701325+00:00] main.INFO: Broken reference: the 'notification.messages' tries to reorder itself towards 'user', but their parents are different: 'header.inner.right' and '' respectively. [] []
[2026-01-30T19:08:36.302554+00:00] main.INFO: Broken reference: the 'tracking' element cannot be added as child to 'header', because the latter doesn't exist [] []
[2026-01-30T19:08:36.315573+00:00] main.INFO: Broken reference: the 'notification_area' element cannot be added as child to 'notifications', because the latter doesn't exist [] []
[2026-01-30T19:08:36.321306+00:00] main.INFO: Broken reference: the 'unread_system_messages' element cannot be added as child to 'notifications', because the latter doesn't exist [] []
[2026-01-30T19:08:36.328308+00:00] main.INFO: Broken reference: the 'notification_window' element cannot be added as child to 'notifications', because the latter doesn't exist [] []
[2026-01-30T19:08:36.335401+00:00] main.INFO: Broken reference: the 'notification.messages' element cannot be added as child to 'header', because the latter doesn't exist [] []
[2026-01-30T19:08:36.340622+00:00] main.INFO: Broken reference: the 'global_notices' element cannot be added as child to 'global.notices', because the latter doesn't exist [] []
[2026-01-30T19:08:36.346044+00:00] main.INFO: Broken reference: the 'logo' element cannot be added as child to 'header', because the latter doesn't exist [] []
[2026-01-30T19:08:36.354695+00:00] main.INFO: Broken reference: the 'global.search' element cannot be added as child to 'header', because the latter doesn't exist [] []
[2026-01-30T19:08:36.359246+00:00] main.INFO: Broken reference: the 'user' element cannot be added as child to 'header', because the latter doesn't exist [] []
[2026-01-30T19:08:36.364098+00:00] main.INFO: Broken reference: the 'menu' element cannot be added as child to 'page.menu', because the latter doesn't exist [] []
[2026-01-30T19:08:36.369635+00:00] main.INFO: Broken reference: the 'breadcrumbs' element cannot be added as child to 'page.breadcrumbs', because the latter doesn't exist [] []
[2026-01-30T19:08:36.377451+00:00] main.INFO: Broken reference: the 'formkey' element cannot be added as child to 'page.formkey', because the latter doesn't exist [] []
[2026-01-30T19:08:36.386196+00:00] main.INFO: Broken reference: the 'page.title' element cannot be added as child to 'main.top', because the latter doesn't exist [] []
[2026-01-30T19:08:36.391272+00:00] main.INFO: Broken reference: the 'messages' element cannot be added as child to 'page.messages', because the latter doesn't exist [] []
[2026-01-30T19:08:36.402066+00:00] main.INFO: Broken reference: the 'page.actions.toolbar' element cannot be added as child to 'page.main.actions', because the latter doesn't exist [] []
[2026-01-30T19:08:36.407638+00:00] main.INFO: Broken reference: the 'legal' element cannot be added as child to 'footer', because the latter doesn't exist [] []
[2026-01-30T19:08:36.414965+00:00] main.INFO: Broken reference: the 'header.inner.left' element cannot be added as child to 'header', because the latter doesn't exist [] []
[2026-01-30T19:08:36.423580+00:00] main.INFO: Broken reference: the 'header.inner.right' element cannot be added as child to 'header', because the latter doesn't exist [] []
[2026-01-30T19:08:36.429427+00:00] main.INFO: Broken reference: the 'user' tries to reorder itself towards '', but their parents are different: 'header' and '' respectively. [] []
[2026-01-30T19:08:36.438900+00:00] main.INFO: Broken reference: the 'notification.messages' tries to reorder itself towards 'user', but their parents are different: 'header' and '' respectively. [] []
[2026-01-30T19:08:36.444953+00:00] main.INFO: Broken reference: the 'logo' tries to reorder itself towards '', but their parents are different: 'header' and '' respectively. [] []
[2026-01-30T19:08:36.457055+00:00] main.INFO: Broken reference: the 'global.search' tries to reorder itself towards 'logo', but their parents are different: 'header' and '' respectively. [] []
[2026-01-30T19:08:36.462510+00:00] main.INFO: Broken reference: the 'page.actions.toolbar' tries to reorder itself towards '', but their parents are different: 'page.main.actions' and '' respectively. [] []
[2026-01-30T19:08:36.465850+00:00] main.INFO: Broken reference: the 'header.inner.left' tries to reorder itself towards '', but their parents are different: 'header' and '' respectively. [] []
[2026-01-30T19:08:36.475958+00:00] main.INFO: Broken reference: the 'header.inner.right' tries to reorder itself towards 'header.inner.left', but their parents are different: 'header' and '' respectively. [] []
[2026-01-30T19:08:36.481732+00:00] main.INFO: Broken reference: the 'notification.messages' tries to reorder itself towards 'user', but their parents are different: 'header.inner.right' and '' respectively. [] []
[2026-01-30T19:08:46.033527+00:00] main.INFO: Broken reference: the 'tracking' element cannot be added as child to 'header', because the latter doesn't exist [] []
[2026-01-30T19:08:46.038771+00:00] main.INFO: Broken reference: the 'notification_area' element cannot be added as child to 'notifications', because the latter doesn't exist [] []
[2026-01-30T19:08:46.049275+00:00] main.INFO: Broken reference: the 'unread_system_messages' element cannot be added as child to 'notifications', because the latter doesn't exist [] []
[2026-01-30T19:08:46.054451+00:00] main.INFO: Broken reference: the 'notification_window' element cannot be added as child to 'notifications', because the latter doesn't exist [] []
[2026-01-30T19:08:46.065218+00:00] main.INFO: Broken reference: the 'notification.messages' element cannot be added as child to 'header', because the latter doesn't exist [] []
[2026-01-30T19:08:46.069822+00:00] main.INFO: Broken reference: the 'global_notices' element cannot be added as child to 'global.notices', because the latter doesn't exist [] []
[2026-01-30T19:08:46.073080+00:00] main.INFO: Broken reference: the 'logo' element cannot be added as child to 'header', because the latter doesn't exist [] []
[2026-01-30T19:08:46.077467+00:00] main.INFO: Broken reference: the 'global.search' element cannot be added as child to 'header', because the latter doesn't exist [] []
[2026-01-30T19:08:46.089278+00:00] main.INFO: Broken reference: the 'user' element cannot be added as child to 'header', because the latter doesn't exist [] []
[2026-01-30T19:08:46.094481+00:00] main.INFO: Broken reference: the 'menu' element cannot be added as child to 'page.menu', because the latter doesn't exist [] []
[2026-01-30T19:08:46.104092+00:00] main.INFO: Broken reference: the 'breadcrumbs' element cannot be added as child to 'page.breadcrumbs', because the latter doesn't exist [] []
[2026-01-30T19:08:46.109944+00:00] main.INFO: Broken reference: the 'formkey' element cannot be added as child to 'page.formkey', because the latter doesn't exist [] []
[2026-01-30T19:08:46.115327+00:00] main.INFO: Broken reference: the 'page.title' element cannot be added as child to 'main.top', because the latter doesn't exist [] []
[2026-01-30T19:08:46.129659+00:00] main.INFO: Broken reference: the 'messages' element cannot be added as child to 'page.messages', because the latter doesn't exist [] []
[2026-01-30T19:08:46.137669+00:00] main.INFO: Broken reference: the 'page.actions.toolbar' element cannot be added as child to 'page.main.actions', because the latter doesn't exist [] []
[2026-01-30T19:08:46.145316+00:00] main.INFO: Broken reference: the 'legal' element cannot be added as child to 'footer', because the latter doesn't exist [] []
[2026-01-30T19:08:46.149670+00:00] main.INFO: Broken reference: the 'header.inner.left' element cannot be added as child to 'header', because the latter doesn't exist [] []
[2026-01-30T19:08:46.153139+00:00] main.INFO: Broken reference: the 'header.inner.right' element cannot be added as child to 'header', because the latter doesn't exist [] []
[2026-01-30T19:08:46.160086+00:00] main.INFO: Broken reference: the 'user' tries to reorder itself towards '', but their parents are different: 'header' and '' respectively. [] []
[2026-01-30T19:08:46.169284+00:00] main.INFO: Broken reference: the 'notification.messages' tries to reorder itself towards 'user', but their parents are different: 'header' and '' respectively. [] []
[2026-01-30T19:08:46.176351+00:00] main.INFO: Broken reference: the 'logo' tries to reorder itself towards '', but their parents are different: 'header' and '' respectively. [] []
[2026-01-30T19:08:46.187404+00:00] main.INFO: Broken reference: the 'global.search' tries to reorder itself towards 'logo', but their parents are different: 'header' and '' respectively. [] []
[2026-01-30T19:08:46.191288+00:00] main.INFO: Broken reference: the 'page.actions.toolbar' tries to reorder itself towards '', but their parents are different: 'page.main.actions' and '' respectively. [] []
[2026-01-30T19:08:46.202744+00:00] main.INFO: Broken reference: the 'header.inner.left' tries to reorder itself towards '', but their parents are different: 'header' and '' respectively. [] []
[2026-01-30T19:08:46.207503+00:00] main.INFO: Broken reference: the 'header.inner.right' tries to reorder itself towards 'header.inner.left', but their parents are different: 'header' and '' respectively. [] []
[2026-01-30T19:08:46.212003+00:00] main.INFO: Broken reference: the 'notification.messages' tries to reorder itself towards 'user', but their parents are different: 'header.inner.right' and '' respectively. [] []
[2026-01-30T19:08:51.779364+00:00] main.INFO: Broken reference: the 'tracking' element cannot be added as child to 'header', because the latter doesn't exist [] []
[2026-01-30T19:08:51.782863+00:00] main.INFO: Broken reference: the 'notification_area' element cannot be added as child to 'notifications', because the latter doesn't exist [] []
[2026-01-30T19:08:51.789192+00:00] main.INFO: Broken reference: the 'unread_system_messages' element cannot be added as child to 'notifications', because the latter doesn't exist [] []
[2026-01-30T19:08:51.799315+00:00] main.INFO: Broken reference: the 'notification_window' element cannot be added as child to 'notifications', because the latter doesn't exist [] []
[2026-01-30T19:08:51.804751+00:00] main.INFO: Broken reference: the 'notification.messages' element cannot be added as child to 'header', because the latter doesn't exist [] []
[2026-01-30T19:08:51.815579+00:00] main.INFO: Broken reference: the 'global_notices' element cannot be added as child to 'global.notices', because the latter doesn't exist [] []
[2026-01-30T19:08:51.822516+00:00] main.INFO: Broken reference: the 'logo' element cannot be added as child to 'header', because the latter doesn't exist [] []
[2026-01-30T19:08:51.828941+00:00] main.INFO: Broken reference: the 'global.search' element cannot be added as child to 'header', because the latter doesn't exist [] []
[2026-01-30T19:08:51.838370+00:00] main.INFO: Broken reference: the 'user' element cannot be added as child to 'header', because the latter doesn't exist [] []
[2026-01-30T19:08:51.842751+00:00] main.INFO: Broken reference: the 'menu' element cannot be added as child to 'page.menu', because the latter doesn't exist [] []
[2026-01-30T19:08:51.847237+00:00] main.INFO: Broken reference: the 'breadcrumbs' element cannot be added as child to 'page.breadcrumbs', because the latter doesn't exist [] []
[2026-01-30T19:08:51.851037+00:00] main.INFO: Broken reference: the 'formkey' element cannot be added as child to 'page.formkey', because the latter doesn't exist [] []
[2026-01-30T19:08:51.854874+00:00] main.INFO: Broken reference: the 'page.title' element cannot be added as child to 'main.top', because the latter doesn't exist [] []
[2026-01-30T19:08:51.860436+00:00] main.INFO: Broken reference: the 'messages' element cannot be added as child to 'page.messages', because the latter doesn't exist [] []
[2026-01-30T19:08:51.867567+00:00] main.INFO: Broken reference: the 'page.actions.toolbar' element cannot be added as child to 'page.main.actions', because the latter doesn't exist [] []
[2026-01-30T19:08:51.872403+00:00] main.INFO: Broken reference: the 'legal' element cannot be added as child to 'footer', because the latter doesn't exist [] []
[2026-01-30T19:08:51.886825+00:00] main.INFO: Broken reference: the 'header.inner.left' element cannot be added as child to 'header', because the latter doesn't exist [] []
[2026-01-30T19:08:51.890653+00:00] main.INFO: Broken reference: the 'header.inner.right' element cannot be added as child to 'header', because the latter doesn't exist [] []
[2026-01-30T19:08:51.895076+00:00] main.INFO: Broken reference: the 'user' tries to reorder itself towards '', but their parents are different: 'header' and '' respectively. [] []
[2026-01-30T19:08:51.905041+00:00] main.INFO: Broken reference: the 'notification.messages' tries to reorder itself towards 'user', but their parents are different: 'header' and '' respectively. [] []
[2026-01-30T19:08:51.909480+00:00] main.INFO: Broken reference: the 'logo' tries to reorder itself towards '', but their parents are different: 'header' and '' respectively. [] []
[2026-01-30T19:08:51.914216+00:00] main.INFO: Broken reference: the 'global.search' tries to reorder itself towards 'logo', but their parents are different: 'header' and '' respectively. [] []
[2026-01-30T19:08:51.926813+00:00] main.INFO: Broken reference: the 'page.actions.toolbar' tries to reorder itself towards '', but their parents are different: 'page.main.actions' and '' respectively. [] []
[2026-01-30T19:08:51.932080+00:00] main.INFO: Broken reference: the 'header.inner.left' tries to reorder itself towards '', but their parents are different: 'header' and '' respectively. [] []
[2026-01-30T19:08:51.939502+00:00] main.INFO: Broken reference: the 'header.inner.right' tries to reorder itself towards 'header.inner.left', but their parents are different: 'header' and '' respectively. [] []
[2026-01-30T19:08:51.947282+00:00] main.INFO: Broken reference: the 'notification.messages' tries to reorder itself towards 'user', but their parents are different: 'header.inner.right' and '' respectively. [] []
[2026-01-30T19:09:08.234352+00:00] main.INFO: Broken reference: the 'catalog.compare.sidebar' element cannot be added as child to 'sidebar.additional', because the latter doesn't exist [] []
[2026-01-30T19:09:08.250462+00:00] main.INFO: Broken reference: the 'sale.reorder.sidebar' element cannot be added as child to 'sidebar.additional', because the latter doesn't exist [] []
[2026-01-30T19:09:08.256856+00:00] main.INFO: Broken reference: the 'wishlist_sidebar' element cannot be added as child to 'sidebar.additional', because the latter doesn't exist [] []
[2026-01-30T19:09:08.279894+00:00] main.INFO: Broken reference: the 'skip_gallery_before' tries to reorder itself towards 'product.info.media.image', but their parents are different: 'skip_gallery_before.wrapper' and 'product.info.media' respectively. [] []
[2026-01-30T19:09:08.288366+00:00] main.INFO: Broken reference: the 'skip_gallery_after' tries to reorder itself towards 'product.info.media.image', but their parents are different: 'skip_gallery_after.wrapper' and 'product.info.media' respectively. [] []
[2026-01-30T19:15:05.420713+00:00] main.INFO: Broken reference: the 'tracking' element cannot be added as child to 'header', because the latter doesn't exist [] []
[2026-01-30T19:15:05.426189+00:00] main.INFO: Broken reference: the 'notification_area' element cannot be added as child to 'notifications', because the latter doesn't exist [] []
[2026-01-30T19:15:05.432480+00:00] main.INFO: Broken reference: the 'unread_system_messages' element cannot be added as child to 'notifications', because the latter doesn't exist [] []
[2026-01-30T19:15:05.440235+00:00] main.INFO: Broken reference: the 'notification_window' element cannot be added as child to 'notifications', because the latter doesn't exist [] []
[2026-01-30T19:15:05.445388+00:00] main.INFO: Broken reference: the 'notification.messages' element cannot be added as child to 'header', because the latter doesn't exist [] []
[2026-01-30T19:15:05.450964+00:00] main.INFO: Broken reference: the 'global_notices' element cannot be added as child to 'global.notices', because the latter doesn't exist [] []
[2026-01-30T19:15:05.459462+00:00] main.INFO: Broken reference: the 'logo' element cannot be added as child to 'header', because the latter doesn't exist [] []
[2026-01-30T19:15:05.464786+00:00] main.INFO: Broken reference: the 'global.search' element cannot be added as child to 'header', because the latter doesn't exist [] []
[2026-01-30T19:15:05.469005+00:00] main.INFO: Broken reference: the 'user' element cannot be added as child to 'header', because the latter doesn't exist [] []
[2026-01-30T19:15:05.485433+00:00] main.INFO: Broken reference: the 'menu' element cannot be added as child to 'page.menu', because the latter doesn't exist [] []
[2026-01-30T19:15:05.491247+00:00] main.INFO: Broken reference: the 'breadcrumbs' element cannot be added as child to 'page.breadcrumbs', because the latter doesn't exist [] []
[2026-01-30T19:15:05.497043+00:00] main.INFO: Broken reference: the 'formkey' element cannot be added as child to 'page.formkey', because the latter doesn't exist [] []
[2026-01-30T19:15:05.505241+00:00] main.INFO: Broken reference: the 'page.title' element cannot be added as child to 'main.top', because the latter doesn't exist [] []
[2026-01-30T19:15:05.519365+00:00] main.INFO: Broken reference: the 'messages' element cannot be added as child to 'page.messages', because the latter doesn't exist [] []
[2026-01-30T19:15:05.525272+00:00] main.INFO: Broken reference: the 'page.actions.toolbar' element cannot be added as child to 'page.main.actions', because the latter doesn't exist [] []
[2026-01-30T19:15:05.533162+00:00] main.INFO: Broken reference: the 'legal' element cannot be added as child to 'footer', because the latter doesn't exist [] []
[2026-01-30T19:15:05.538668+00:00] main.INFO: Broken reference: the 'header.inner.left' element cannot be added as child to 'header', because the latter doesn't exist [] []
[2026-01-30T19:15:05.544317+00:00] main.INFO: Broken reference: the 'header.inner.right' element cannot be added as child to 'header', because the latter doesn't exist [] []
[2026-01-30T19:15:05.558397+00:00] main.INFO: Broken reference: the 'user' tries to reorder itself towards '', but their parents are different: 'header' and '' respectively. [] []
[2026-01-30T19:15:05.563761+00:00] main.INFO: Broken reference: the 'notification.messages' tries to reorder itself towards 'user', but their parents are different: 'header' and '' respectively. [] []
[2026-01-30T19:15:05.569275+00:00] main.INFO: Broken reference: the 'logo' tries to reorder itself towards '', but their parents are different: 'header' and '' respectively. [] []
[2026-01-30T19:15:05.571474+00:00] main.INFO: Broken reference: the 'global.search' tries to reorder itself towards 'logo', but their parents are different: 'header' and '' respectively. [] []
[2026-01-30T19:15:05.580149+00:00] main.INFO: Broken reference: the 'page.actions.toolbar' tries to reorder itself towards '', but their parents are different: 'page.main.actions' and '' respectively. [] []
[2026-01-30T19:15:05.585484+00:00] main.INFO: Broken reference: the 'header.inner.left' tries to reorder itself towards '', but their parents are different: 'header' and '' respectively. [] []
[2026-01-30T19:15:05.597783+00:00] main.INFO: Broken reference: the 'header.inner.right' tries to reorder itself towards 'header.inner.left', but their parents are different: 'header' and '' respectively. [] []
[2026-01-30T19:15:05.602303+00:00] main.INFO: Broken reference: the 'notification.messages' tries to reorder itself towards 'user', but their parents are different: 'header.inner.right' and '' respectively. [] []
[2026-01-30T19:18:22.154082+00:00] main.INFO: Broken reference: the 'tracking' element cannot be added as child to 'header', because the latter doesn't exist [] []
[2026-01-30T19:18:22.158059+00:00] main.INFO: Broken reference: the 'notification_area' element cannot be added as child to 'notifications', because the latter doesn't exist [] []
[2026-01-30T19:18:22.160027+00:00] main.INFO: Broken reference: the 'unread_system_messages' element cannot be added as child to 'notifications', because the latter doesn't exist [] []
[2026-01-30T19:18:22.161925+00:00] main.INFO: Broken reference: the 'notification_window' element cannot be added as child to 'notifications', because the latter doesn't exist [] []
[2026-01-30T19:18:22.163920+00:00] main.INFO: Broken reference: the 'notification.messages' element cannot be added as child to 'header', because the latter doesn't exist [] []
[2026-01-30T19:18:22.166147+00:00] main.INFO: Broken reference: the 'global_notices' element cannot be added as child to 'global.notices', because the latter doesn't exist [] []
[2026-01-30T19:18:22.168776+00:00] main.INFO: Broken reference: the 'logo' element cannot be added as child to 'header', because the latter doesn't exist [] []
[2026-01-30T19:18:22.170873+00:00] main.INFO: Broken reference: the 'global.search' element cannot be added as child to 'header', because the latter doesn't exist [] []
[2026-01-30T19:18:22.172695+00:00] main.INFO: Broken reference: the 'user' element cannot be added as child to 'header', because the latter doesn't exist [] []
[2026-01-30T19:18:22.175785+00:00] main.INFO: Broken reference: the 'menu' element cannot be added as child to 'page.menu', because the latter doesn't exist [] []
[2026-01-30T19:18:22.178371+00:00] main.INFO: Broken reference: the 'breadcrumbs' element cannot be added as child to 'page.breadcrumbs', because the latter doesn't exist [] []
[2026-01-30T19:18:22.180444+00:00] main.INFO: Broken reference: the 'formkey' element cannot be added as child to 'page.formkey', because the latter doesn't exist [] []
[2026-01-30T19:18:22.182608+00:00] main.INFO: Broken reference: the 'page.title' element cannot be added as child to 'main.top', because the latter doesn't exist [] []
[2026-01-30T19:18:22.185143+00:00] main.INFO: Broken reference: the 'messages' element cannot be added as child to 'page.messages', because the latter doesn't exist [] []
[2026-01-30T19:18:22.187301+00:00] main.INFO: Broken reference: the 'page.actions.toolbar' element cannot be added as child to 'page.main.actions', because the latter doesn't exist [] []
[2026-01-30T19:18:22.188699+00:00] main.INFO: Broken reference: the 'legal' element cannot be added as child to 'footer', because the latter doesn't exist [] []
[2026-01-30T19:18:22.192166+00:00] main.INFO: Broken reference: the 'header.inner.left' element cannot be added as child to 'header', because the latter doesn't exist [] []
[2026-01-30T19:18:22.196206+00:00] main.INFO: Broken reference: the 'header.inner.right' element cannot be added as child to 'header', because the latter doesn't exist [] []
[2026-01-30T19:18:22.198333+00:00] main.INFO: Broken reference: the 'user' tries to reorder itself towards '', but their parents are different: 'header' and '' respectively. [] []
[2026-01-30T19:18:22.200548+00:00] main.INFO: Broken reference: the 'notification.messages' tries to reorder itself towards 'user', but their parents are different: 'header' and '' respectively. [] []
[2026-01-30T19:18:22.202712+00:00] main.INFO: Broken reference: the 'logo' tries to reorder itself towards '', but their parents are different: 'header' and '' respectively. [] []
[2026-01-30T19:18:22.204783+00:00] main.INFO: Broken reference: the 'global.search' tries to reorder itself towards 'logo', but their parents are different: 'header' and '' respectively. [] []
[2026-01-30T19:18:22.206693+00:00] main.INFO: Broken reference: the 'page.actions.toolbar' tries to reorder itself towards '', but their parents are different: 'page.main.actions' and '' respectively. [] []
[2026-01-30T19:18:22.209324+00:00] main.INFO: Broken reference: the 'header.inner.left' tries to reorder itself towards '', but their parents are different: 'header' and '' respectively. [] []
[2026-01-30T19:18:22.212897+00:00] main.INFO: Broken reference: the 'header.inner.right' tries to reorder itself towards 'header.inner.left', but their parents are different: 'header' and '' respectively. [] []
[2026-01-30T19:18:22.217034+00:00] main.INFO: Broken reference: the 'notification.messages' tries to reorder itself towards 'user', but their parents are different: 'header.inner.right' and '' respectively. [] []
[2026-01-30T19:18:38.650655+00:00] main.DEBUG: cache_invalidate:  {"method":"GET","url":"http:/","invalidateInfo":{"tags":["FPC"],"mode":"matchingTag"}} []
[2026-01-30T19:18:38.675719+00:00] main.DEBUG: cache_invalidate:  {"method":"GET","url":"http:/","invalidateInfo":{"tags":["CONFIG"],"mode":"matchingTag"}} []
[2026-01-30T19:18:38.693151+00:00] main.DEBUG: cache_invalidate:  {"method":"GET","url":"http:/","invalidateInfo":{"tags":["LAYOUT_GENERAL_CACHE_TAG"],"mode":"matchingTag"}} []
[2026-01-30T19:18:38.699292+00:00] main.DEBUG: cache_invalidate:  {"method":"GET","url":"http:/","invalidateInfo":{"tags":["BLOCK_HTML"],"mode":"matchingTag"}} []
[2026-01-30T19:18:38.708409+00:00] main.DEBUG: cache_invalidate:  {"method":"GET","url":"http:/","invalidateInfo":{"tags":["COLLECTION_DATA"],"mode":"matchingTag"}} []
[2026-01-30T19:18:38.717359+00:00] main.DEBUG: cache_invalidate:  {"method":"GET","url":"http:/","invalidateInfo":{"tags":["REFLECTION"],"mode":"matchingTag"}} []
[2026-01-30T19:18:38.730163+00:00] main.DEBUG: cache_invalidate:  {"method":"GET","url":"http:/","invalidateInfo":{"tags":["DB_DDL"],"mode":"matchingTag"}} []
[2026-01-30T19:18:38.741392+00:00] main.DEBUG: cache_invalidate:  {"method":"GET","url":"http:/","invalidateInfo":{"tags":["COMPILED_CONFIG"],"mode":"matchingTag"}} []
[2026-01-30T19:18:38.748764+00:00] main.DEBUG: cache_invalidate:  {"method":"GET","url":"http:/","invalidateInfo":{"tags":["EAV"],"mode":"matchingTag"}} []
[2026-01-30T19:18:38.756349+00:00] main.DEBUG: cache_invalidate:  {"method":"GET","url":"http:/","invalidateInfo":{"tags":["CUSTOMER_NOTIFICATION"],"mode":"matchingTag"}} []
[2026-01-30T19:18:38.763645+00:00] main.DEBUG: cache_invalidate:  {"method":"GET","url":"http:/","invalidateInfo":{"tags":["INTEGRATION"],"mode":"matchingTag"}} []
[2026-01-30T19:18:38.770641+00:00] main.DEBUG: cache_invalidate:  {"method":"GET","url":"http:/","invalidateInfo":{"tags":["INTEGRATION_API_CONFIG"],"mode":"matchingTag"}} []
[2026-01-30T19:18:38.782879+00:00] main.DEBUG: cache_invalidate:  {"method":"GET","url":"http:/","invalidateInfo":{"tags":["FPC"],"mode":"matchingTag"}} []
[2026-01-30T19:18:38.790163+00:00] main.DEBUG: cache_invalidate:  {"method":"GET","url":"http:/","invalidateInfo":{"tags":["WEBSERVICE"],"mode":"matchingTag"}} []
[2026-01-30T19:18:38.806309+00:00] main.DEBUG: cache_invalidate:  {"method":"GET","url":"http:/","invalidateInfo":{"tags":["TRANSLATE"],"mode":"matchingTag"}} []
[2026-01-30T19:19:20.134227+00:00] main.INFO: Broken reference: the 'tracking' element cannot be added as child to 'header', because the latter doesn't exist [] []
[2026-01-30T19:19:20.139530+00:00] main.INFO: Broken reference: the 'notification_area' element cannot be added as child to 'notifications', because the latter doesn't exist [] []
[2026-01-30T19:19:20.144285+00:00] main.INFO: Broken reference: the 'unread_system_messages' element cannot be added as child to 'notifications', because the latter doesn't exist [] []
[2026-01-30T19:19:20.148010+00:00] main.INFO: Broken reference: the 'notification_window' element cannot be added as child to 'notifications', because the latter doesn't exist [] []
[2026-01-30T19:19:20.151775+00:00] main.INFO: Broken reference: the 'notification.messages' element cannot be added as child to 'header', because the latter doesn't exist [] []
[2026-01-30T19:19:20.155119+00:00] main.INFO: Broken reference: the 'global_notices' element cannot be added as child to 'global.notices', because the latter doesn't exist [] []
[2026-01-30T19:19:20.163517+00:00] main.INFO: Broken reference: the 'logo' element cannot be added as child to 'header', because the latter doesn't exist [] []
[2026-01-30T19:19:20.168117+00:00] main.INFO: Broken reference: the 'global.search' element cannot be added as child to 'header', because the latter doesn't exist [] []
[2026-01-30T19:19:20.170446+00:00] main.INFO: Broken reference: the 'user' element cannot be added as child to 'header', because the latter doesn't exist [] []
[2026-01-30T19:19:20.172675+00:00] main.INFO: Broken reference: the 'menu' element cannot be added as child to 'page.menu', because the latter doesn't exist [] []
[2026-01-30T19:19:20.174897+00:00] main.INFO: Broken reference: the 'breadcrumbs' element cannot be added as child to 'page.breadcrumbs', because the latter doesn't exist [] []
[2026-01-30T19:19:20.180149+00:00] main.INFO: Broken reference: the 'formkey' element cannot be added as child to 'page.formkey', because the latter doesn't exist [] []
[2026-01-30T19:19:20.184206+00:00] main.INFO: Broken reference: the 'page.title' element cannot be added as child to 'main.top', because the latter doesn't exist [] []
[2026-01-30T19:19:20.188251+00:00] main.INFO: Broken reference: the 'messages' element cannot be added as child to 'page.messages', because the latter doesn't exist [] []
[2026-01-30T19:19:20.190084+00:00] main.INFO: Broken reference: the 'page.actions.toolbar' element cannot be added as child to 'page.main.actions', because the latter doesn't exist [] []
[2026-01-30T19:19:20.191857+00:00] main.INFO: Broken reference: the 'legal' element cannot be added as child to 'footer', because the latter doesn't exist [] []
[2026-01-30T19:19:20.194702+00:00] main.INFO: Broken reference: the 'header.inner.left' element cannot be added as child to 'header', because the latter doesn't exist [] []
[2026-01-30T19:19:20.196909+00:00] main.INFO: Broken reference: the 'header.inner.right' element cannot be added as child to 'header', because the latter doesn't exist [] []
[2026-01-30T19:19:20.199012+00:00] main.INFO: Broken reference: the 'user' tries to reorder itself towards '', but their parents are different: 'header' and '' respectively. [] []
[2026-01-30T19:19:20.201092+00:00] main.INFO: Broken reference: the 'notification.messages' tries to reorder itself towards 'user', but their parents are different: 'header' and '' respectively. [] []
[2026-01-30T19:19:20.205200+00:00] main.INFO: Broken reference: the 'logo' tries to reorder itself towards '', but their parents are different: 'header' and '' respectively. [] []
[2026-01-30T19:19:20.208469+00:00] main.INFO: Broken reference: the 'global.search' tries to reorder itself towards 'logo', but their parents are different: 'header' and '' respectively. [] []
[2026-01-30T19:19:20.211340+00:00] main.INFO: Broken reference: the 'page.actions.toolbar' tries to reorder itself towards '', but their parents are different: 'page.main.actions' and '' respectively. [] []
[2026-01-30T19:19:20.215076+00:00] main.INFO: Broken reference: the 'header.inner.left' tries to reorder itself towards '', but their parents are different: 'header' and '' respectively. [] []
[2026-01-30T19:19:20.216941+00:00] main.INFO: Broken reference: the 'header.inner.right' tries to reorder itself towards 'header.inner.left', but their parents are different: 'header' and '' respectively. [] []
[2026-01-30T19:19:20.220173+00:00] main.INFO: Broken reference: the 'notification.messages' tries to reorder itself towards 'user', but their parents are different: 'header.inner.right' and '' respectively. [] []
[2026-01-30T19:19:51.909109+00:00] main.INFO: Broken reference: the 'tracking' element cannot be added as child to 'header', because the latter doesn't exist [] []
[2026-01-30T19:19:51.912606+00:00] main.INFO: Broken reference: the 'notification_area' element cannot be added as child to 'notifications', because the latter doesn't exist [] []
[2026-01-30T19:19:51.915627+00:00] main.INFO: Broken reference: the 'unread_system_messages' element cannot be added as child to 'notifications', because the latter doesn't exist [] []
[2026-01-30T19:19:51.921872+00:00] main.INFO: Broken reference: the 'notification_window' element cannot be added as child to 'notifications', because the latter doesn't exist [] []
[2026-01-30T19:19:51.924577+00:00] main.INFO: Broken reference: the 'notification.messages' element cannot be added as child to 'header', because the latter doesn't exist [] []
[2026-01-30T19:19:51.927106+00:00] main.INFO: Broken reference: the 'global_notices' element cannot be added as child to 'global.notices', because the latter doesn't exist [] []
[2026-01-30T19:19:51.930038+00:00] main.INFO: Broken reference: the 'logo' element cannot be added as child to 'header', because the latter doesn't exist [] []
[2026-01-30T19:19:51.931924+00:00] main.INFO: Broken reference: the 'global.search' element cannot be added as child to 'header', because the latter doesn't exist [] []
[2026-01-30T19:19:51.933659+00:00] main.INFO: Broken reference: the 'user' element cannot be added as child to 'header', because the latter doesn't exist [] []
[2026-01-30T19:19:51.935488+00:00] main.INFO: Broken reference: the 'menu' element cannot be added as child to 'page.menu', because the latter doesn't exist [] []
[2026-01-30T19:19:51.937312+00:00] main.INFO: Broken reference: the 'breadcrumbs' element cannot be added as child to 'page.breadcrumbs', because the latter doesn't exist [] []
[2026-01-30T19:19:51.939083+00:00] main.INFO: Broken reference: the 'formkey' element cannot be added as child to 'page.formkey', because the latter doesn't exist [] []
[2026-01-30T19:19:51.940619+00:00] main.INFO: Broken reference: the 'page.title' element cannot be added as child to 'main.top', because the latter doesn't exist [] []
[2026-01-30T19:19:51.943100+00:00] main.INFO: Broken reference: the 'messages' element cannot be added as child to 'page.messages', because the latter doesn't exist [] []
[2026-01-30T19:19:51.946211+00:00] main.INFO: Broken reference: the 'page.actions.toolbar' element cannot be added as child to 'page.main.actions', because the latter doesn't exist [] []
[2026-01-30T19:19:51.948412+00:00] main.INFO: Broken reference: the 'legal' element cannot be added as child to 'footer', because the latter doesn't exist [] []
[2026-01-30T19:19:51.950441+00:00] main.INFO: Broken reference: the 'header.inner.left' element cannot be added as child to 'header', because the latter doesn't exist [] []
[2026-01-30T19:19:51.952324+00:00] main.INFO: Broken reference: the 'header.inner.right' element cannot be added as child to 'header', because the latter doesn't exist [] []
[2026-01-30T19:19:51.954192+00:00] main.INFO: Broken reference: the 'user' tries to reorder itself towards '', but their parents are different: 'header' and '' respectively. [] []
[2026-01-30T19:19:51.955829+00:00] main.INFO: Broken reference: the 'notification.messages' tries to reorder itself towards 'user', but their parents are different: 'header' and '' respectively. [] []
[2026-01-30T19:19:51.957631+00:00] main.INFO: Broken reference: the 'logo' tries to reorder itself towards '', but their parents are different: 'header' and '' respectively. [] []
[2026-01-30T19:19:51.962603+00:00] main.INFO: Broken reference: the 'global.search' tries to reorder itself towards 'logo', but their parents are different: 'header' and '' respectively. [] []
[2026-01-30T19:19:51.965156+00:00] main.INFO: Broken reference: the 'page.actions.toolbar' tries to reorder itself towards '', but their parents are different: 'page.main.actions' and '' respectively. [] []
[2026-01-30T19:19:51.967621+00:00] main.INFO: Broken reference: the 'header.inner.left' tries to reorder itself towards '', but their parents are different: 'header' and '' respectively. [] []
[2026-01-30T19:19:51.969468+00:00] main.INFO: Broken reference: the 'header.inner.right' tries to reorder itself towards 'header.inner.left', but their parents are different: 'header' and '' respectively. [] []
[2026-01-30T19:19:51.971692+00:00] main.INFO: Broken reference: the 'notification.messages' tries to reorder itself towards 'user', but their parents are different: 'header.inner.right' and '' respectively. [] []
[2026-01-30T19:20:54.953663+00:00] main.DEBUG: cache_invalidate:  {"method":"POST","url":"http://magento.local.com/admin","invalidateInfo":{"tags":["BACKEND_MAINMENU"],"mode":"matchingAnyTag"}} []
[2026-01-30T19:20:55.362378+00:00] main.DEBUG: cache_invalidate:  {"method":"POST","url":"http://magento.local.com/admin","invalidateInfo":{"tags":["PB_EDITOR_CONFIG","CONFIG"],"mode":"matchingTag"}} []
[2026-01-30T19:20:55.453355+00:00] main.INFO: Item Magento_Backend::system_currency was removed [] []
[2026-01-30T19:20:55.481498+00:00] main.INFO: Add of item with id Magento_Config::system_config was processed [] []
[2026-01-30T19:20:55.484066+00:00] main.INFO: Add of item with id Magento_AdminNotification::system_adminnotification was processed [] []
[2026-01-30T19:20:55.486290+00:00] main.INFO: Add of item with id Magento_Theme::design_config was processed [] []
[2026-01-30T19:20:55.488861+00:00] main.INFO: Add of item with id Magento_Theme::system_design_theme was processed [] []
[2026-01-30T19:20:55.491326+00:00] main.INFO: Add of item with id Magento_Backend::system_design_schedule was processed [] []
[2026-01-30T19:20:55.493895+00:00] main.INFO: Add of item with id Magento_Backend::system_store was processed [] []
[2026-01-30T19:20:55.500173+00:00] main.INFO: Add of item with id Magento_Backend::dashboard was processed [] []
[2026-01-30T19:20:55.504753+00:00] main.INFO: Add of item with id Magento_Backend::system was processed [] []
[2026-01-30T19:20:55.507456+00:00] main.INFO: Add of item with id Magento_Backend::system_tools was processed [] []
[2026-01-30T19:20:55.509710+00:00] main.INFO: Add of item with id Magento_Backend::system_design was processed [] []
[2026-01-30T19:20:55.512274+00:00] main.INFO: Add of item with id Magento_Backend::system_convert was processed [] []
[2026-01-30T19:20:55.514653+00:00] main.INFO: Add of item with id Magento_Backend::system_cache was processed [] []
[2026-01-30T19:20:55.517150+00:00] main.INFO: Add of item with id Magento_Backend::marketing was processed [] []
[2026-01-30T19:20:55.520169+00:00] main.INFO: Add of item with id Magento_Backend::marketing_communications was processed [] []
[2026-01-30T19:20:55.525240+00:00] main.INFO: Add of item with id Magento_Backend::marketing_seo was processed [] []
[2026-01-30T19:20:55.529041+00:00] main.INFO: Add of item with id Magento_Backend::marketing_user_content was processed [] []
[2026-01-30T19:20:55.531701+00:00] main.INFO: Add of item with id Magento_Backend::content was processed [] []
[2026-01-30T19:20:55.534204+00:00] main.INFO: Add of item with id Magento_Backend::content_elements was processed [] []
[2026-01-30T19:20:55.536478+00:00] main.INFO: Add of item with id Magento_Backend::stores was processed [] []
[2026-01-30T19:20:55.539028+00:00] main.INFO: Add of item with id Magento_Backend::stores_settings was processed [] []
[2026-01-30T19:20:55.541383+00:00] main.INFO: Add of item with id Magento_Backend::stores_attributes was processed [] []
[2026-01-30T19:20:55.544029+00:00] main.INFO: Add of item with id Magento_Backend::other_settings was processed [] []
[2026-01-30T19:20:55.548919+00:00] main.INFO: Add of item with id Magento_Backend::system_other_settings was processed [] []
[2026-01-30T19:20:55.550968+00:00] main.INFO: Add of item with id Magento_User::system_acl was processed [] []
[2026-01-30T19:20:55.552616+00:00] main.INFO: Add of item with id Magento_User::system_acl_users was processed [] []
[2026-01-30T19:20:55.554867+00:00] main.INFO: Add of item with id Magento_User::system_acl_roles was processed [] []
[2026-01-30T19:20:55.558670+00:00] main.INFO: Add of item with id Magento_User::system_acl_locks was processed [] []
[2026-01-30T19:20:55.561702+00:00] main.INFO: Add of item with id Magento_Customer::customer was processed [] []
[2026-01-30T19:20:55.564978+00:00] main.INFO: Add of item with id Magento_Customer::customer_manage was processed [] []
[2026-01-30T19:20:55.567661+00:00] main.INFO: Add of item with id Magento_Customer::customer_online was processed [] []
[2026-01-30T19:20:55.569632+00:00] main.INFO: Add of item with id Magento_Customer::customer_group was processed [] []
[2026-01-30T19:20:55.571767+00:00] main.INFO: Add of item with id Magento_Backup::system_tools_backup was processed [] []
[2026-01-30T19:20:55.573805+00:00] main.INFO: Add of item with id Magento_Indexer::system_index was processed [] []
[2026-01-30T19:20:55.577502+00:00] main.INFO: Add of item with id Magento_Variable::system_variable was processed [] []
[2026-01-30T19:20:55.579455+00:00] main.INFO: Add of item with id Magento_Cms::cms_page was processed [] []
[2026-01-30T19:20:55.583019+00:00] main.INFO: Add of item with id Magento_Cms::cms_block was processed [] []
[2026-01-30T19:20:55.585885+00:00] main.INFO: Add of item with id Magento_Search::search_terms was processed [] []
[2026-01-30T19:20:55.588415+00:00] main.INFO: Add of item with id Magento_Search::search_synonyms was processed [] []
[2026-01-30T19:20:55.590745+00:00] main.INFO: Add of item with id Magento_Catalog::catalog was processed [] []
[2026-01-30T19:20:55.593194+00:00] main.INFO: Add of item with id Magento_Catalog::catalog_products was processed [] []
[2026-01-30T19:20:55.595654+00:00] main.INFO: Add of item with id Magento_Catalog::catalog_categories was processed [] []
[2026-01-30T19:20:55.608236+00:00] main.INFO: Add of item with id Magento_Catalog::catalog_attributes_attributes was processed [] []
[2026-01-30T19:20:55.611788+00:00] main.INFO: Add of item with id Magento_Catalog::catalog_attributes_sets was processed [] []
[2026-01-30T19:20:55.615593+00:00] main.INFO: Add of item with id Magento_Catalog::inventory was processed [] []
[2026-01-30T19:20:55.618324+00:00] main.INFO: Add of item with id Magento_CatalogRule::promo was processed [] []
[2026-01-30T19:20:55.624365+00:00] main.INFO: Add of item with id Magento_CatalogRule::promo_catalog was processed [] []
[2026-01-30T19:20:55.627941+00:00] main.INFO: Add of item with id Magento_MediaGalleryUi::media was processed [] []
[2026-01-30T19:20:55.630829+00:00] main.INFO: Add of item with id Magento_MediaGalleryUi::media_gallery was processed [] []
[2026-01-30T19:20:55.633092+00:00] main.INFO: Add of item with id Magento_Integration::system_extensions was processed [] []
[2026-01-30T19:20:55.637397+00:00] main.INFO: Add of item with id Magento_Integration::system_integrations was processed [] []
[2026-01-30T19:20:55.641532+00:00] main.INFO: Add of item with id Magento_Sales::sales was processed [] []
[2026-01-30T19:20:55.646913+00:00] main.INFO: Add of item with id Magento_Sales::sales_operation was processed [] []
[2026-01-30T19:20:55.649558+00:00] main.INFO: Add of item with id Magento_Sales::sales_order was processed [] []
[2026-01-30T19:20:55.652004+00:00] main.INFO: Add of item with id Magento_Sales::sales_invoice was processed [] []
[2026-01-30T19:20:55.654917+00:00] main.INFO: Add of item with id Magento_Sales::sales_shipment was processed [] []
[2026-01-30T19:20:55.656914+00:00] main.INFO: Add of item with id Magento_Sales::sales_creditmemo was processed [] []
[2026-01-30T19:20:55.665190+00:00] main.INFO: Add of item with id Magento_Sales::sales_transactions was processed [] []
[2026-01-30T19:20:55.667591+00:00] main.INFO: Add of item with id Magento_Sales::system_order_statuses was processed [] []
[2026-01-30T19:20:55.669812+00:00] main.INFO: Add of item with id Magento_Widget::cms_widget_instance was processed [] []
[2026-01-30T19:20:55.672089+00:00] main.INFO: Add of item with id Magento_Analytics::business_intelligence was processed [] []
[2026-01-30T19:20:55.674425+00:00] main.INFO: Add of item with id Magento_Analytics::advanced_reporting was processed [] []
[2026-01-30T19:20:55.676625+00:00] main.INFO: Add of item with id Magento_Analytics::bi_essentials was processed [] []
[2026-01-30T19:20:55.681520+00:00] main.INFO: Add of item with id Magento_Downloadable::report_products_downloads was processed [] []
[2026-01-30T19:20:55.685526+00:00] main.INFO: Add of item with id Magento_ImportExport::system_convert_import was processed [] []
[2026-01-30T19:20:55.688170+00:00] main.INFO: Add of item with id Magento_ImportExport::system_convert_export was processed [] []
[2026-01-30T19:20:55.690694+00:00] main.INFO: Add of item with id Magento_ImportExport::system_convert_history was processed [] []
[2026-01-30T19:20:55.693312+00:00] main.INFO: Add of item with id Magento_Email::template was processed [] []
[2026-01-30T19:20:55.695793+00:00] main.INFO: Add of item with id Magento_EncryptionKey::system_crypt_key was processed [] []
[2026-01-30T19:20:55.698980+00:00] main.INFO: Add of item with id Magento_InventoryAdminUi::inventory was processed [] []
[2026-01-30T19:20:55.703808+00:00] main.INFO: Add of item with id Magento_InventoryAdminUi::source was processed [] []
[2026-01-30T19:20:55.711064+00:00] main.INFO: Add of item with id Magento_InventoryAdminUi::stock was processed [] []
[2026-01-30T19:20:55.714971+00:00] main.INFO: Add of item with id Magento_Reports::report was processed [] []
[2026-01-30T19:20:55.718799+00:00] main.INFO: Add of item with id Magento_Reports::report_marketing was processed [] []
[2026-01-30T19:20:55.721292+00:00] main.INFO: Add of item with id Magento_Reports::report_salesroot was processed [] []
[2026-01-30T19:20:55.725373+00:00] main.INFO: Add of item with id Magento_Reports::report_salesroot_sales was processed [] []
[2026-01-30T19:20:55.731455+00:00] main.INFO: Add of item with id Magento_Reports::report_salesroot_tax was processed [] []
[2026-01-30T19:20:55.735788+00:00] main.INFO: Add of item with id Magento_Reports::report_salesroot_invoiced was processed [] []
[2026-01-30T19:20:55.739753+00:00] main.INFO: Add of item with id Magento_Reports::report_salesroot_shipping was processed [] []
[2026-01-30T19:20:55.745457+00:00] main.INFO: Add of item with id Magento_Reports::report_salesroot_refunded was processed [] []
[2026-01-30T19:20:55.750554+00:00] main.INFO: Add of item with id Magento_Reports::report_salesroot_coupons was processed [] []
[2026-01-30T19:20:55.753471+00:00] main.INFO: Add of item with id Magento_Reports::report_shopcart_product was processed [] []
[2026-01-30T19:20:55.755753+00:00] main.INFO: Add of item with id Magento_Reports::report_shopcart_abandoned was processed [] []
[2026-01-30T19:20:55.758113+00:00] main.INFO: Add of item with id Magento_Reports::report_products was processed [] []
[2026-01-30T19:20:55.760674+00:00] main.INFO: Add of item with id Magento_Reports::report_products_bestsellers was processed [] []
[2026-01-30T19:20:55.763356+00:00] main.INFO: Add of item with id Magento_Reports::report_products_sold was processed [] []
[2026-01-30T19:20:55.768024+00:00] main.INFO: Add of item with id Magento_Reports::report_products_viewed was processed [] []
[2026-01-30T19:20:55.772475+00:00] main.INFO: Add of item with id Magento_Reports::report_products_lowstock was processed [] []
[2026-01-30T19:20:55.774826+00:00] main.INFO: Add of item with id Magento_Reports::report_customers was processed [] []
[2026-01-30T19:20:55.777521+00:00] main.INFO: Add of item with id Magento_Reports::report_customers_accounts was processed [] []
[2026-01-30T19:20:55.779742+00:00] main.INFO: Add of item with id Magento_Reports::report_customers_totals was processed [] []
[2026-01-30T19:20:55.782115+00:00] main.INFO: Add of item with id Magento_Reports::report_customers_orders was processed [] []
[2026-01-30T19:20:55.784939+00:00] main.INFO: Add of item with id Magento_Reports::report_statistics was processed [] []
[2026-01-30T19:20:55.787510+00:00] main.INFO: Add of item with id Magento_Reports::report_statistics_refresh was processed [] []
[2026-01-30T19:20:55.791784+00:00] main.INFO: Add of item with id Magento_Search::report_search_term was processed [] []
[2026-01-30T19:20:55.795814+00:00] main.INFO: Add of item with id Magento_LoginAsCustomerLog::login_log was processed [] []
[2026-01-30T19:20:55.799232+00:00] main.INFO: Add of item with id Magento_Marketplace::partners was processed [] []
[2026-01-30T19:20:55.801570+00:00] main.INFO: Add of item with id Magento_Newsletter::newsletter_template was processed [] []
[2026-01-30T19:20:55.803748+00:00] main.INFO: Add of item with id Magento_Newsletter::newsletter_queue was processed [] []
[2026-01-30T19:20:55.806735+00:00] main.INFO: Add of item with id Magento_Newsletter::newsletter_subscriber was processed [] []
[2026-01-30T19:20:55.809421+00:00] main.INFO: Add of item with id Magento_Newsletter::newsletter_problem was processed [] []
[2026-01-30T19:20:55.814532+00:00] main.INFO: Add of item with id Magento_SalesRule::promo_quote was processed [] []
[2026-01-30T19:20:55.816659+00:00] main.INFO: Add of item with id Magento_Sitemap::catalog_sitemap was processed [] []
[2026-01-30T19:20:55.818502+00:00] main.INFO: Add of item with id Magento_PageBuilder::templates was processed [] []
[2026-01-30T19:20:55.819992+00:00] main.INFO: Add of item with id Magento_Paypal::report_salesroot_paypal_settlement_reports was processed [] []
[2026-01-30T19:20:55.821776+00:00] main.INFO: Add of item with id Magento_Paypal::paypal_billing_agreement was processed [] []
[2026-01-30T19:20:55.825021+00:00] main.INFO: Add of item with id Magento_CheckoutAgreements::sales_checkoutagreement was processed [] []
[2026-01-30T19:20:55.828467+00:00] main.INFO: Add of item with id Magento_Review::catalog_reviews_ratings_ratings was processed [] []
[2026-01-30T19:20:55.831940+00:00] main.INFO: Add of item with id Magento_Review::catalog_reviews_ratings_pending was processed [] []
[2026-01-30T19:20:55.834634+00:00] main.INFO: Add of item with id Magento_Review::catalog_reviews_ratings_reviews_all was processed [] []
[2026-01-30T19:20:55.836719+00:00] main.INFO: Add of item with id Magento_Review::report_review was processed [] []
[2026-01-30T19:20:55.838704+00:00] main.INFO: Add of item with id Magento_Review::report_review_customer was processed [] []
[2026-01-30T19:20:55.841108+00:00] main.INFO: Add of item with id Magento_Review::report_review_product was processed [] []
[2026-01-30T19:20:55.844564+00:00] main.INFO: Add of item with id Magento_UrlRewrite::urlrewrite was processed [] []
[2026-01-30T19:20:55.847138+00:00] main.INFO: Add of item with id Magento_Tax::sales_tax was processed [] []
[2026-01-30T19:20:55.850852+00:00] main.INFO: Add of item with id Magento_Tax::sales_tax_rules was processed [] []
[2026-01-30T19:20:55.852700+00:00] main.INFO: Add of item with id Magento_Tax::sales_tax_rates was processed [] []
[2026-01-30T19:20:55.854516+00:00] main.INFO: Add of item with id Magento_TaxImportExport::system_convert_tax was processed [] []
[2026-01-30T19:20:55.856512+00:00] main.INFO: Add of item with id Magento_AsynchronousOperations::system_magento_logging was processed [] []
[2026-01-30T19:20:55.858474+00:00] main.INFO: Add of item with id Magento_AsynchronousOperations::system_magento_logging_bulk_operations was processed [] []
[2026-01-30T19:20:55.863209+00:00] main.INFO: Add of item with id Magento_CurrencySymbol::system_currency was processed [] []
[2026-01-30T19:20:55.865287+00:00] main.INFO: Add of item with id Magento_CurrencySymbol::system_currency_rates was processed [] []
[2026-01-30T19:20:55.867044+00:00] main.INFO: Add of item with id Magento_CurrencySymbol::system_currency_symbols was processed [] []
[2026-01-30T19:20:55.868667+00:00] main.INFO: Add of item with id PayPal_Braintree::settlement_report was processed [] []
[2026-01-30T19:20:55.870330+00:00] main.INFO: Add of item with id PayPal_Braintree::virtual_terminal was processed [] []
[2026-01-30T19:21:03.769883+00:00] main.INFO: Broken reference: the 'notification.messages' tries to reorder itself towards 'user', but their parents are different: 'header.inner.right' and 'header' respectively. [] []
[2026-01-30T19:21:43.533841+00:00] main.INFO: Broken reference: the 'notification.messages' tries to reorder itself towards 'user', but their parents are different: 'header.inner.right' and 'header' respectively. [] []
[2026-01-30T19:22:00.808356+00:00] main.INFO: Broken reference: the 'notification.messages' tries to reorder itself towards 'user', but their parents are different: 'header.inner.right' and 'header' respectively. [] []
[2026-01-30T19:23:48.843941+00:00] main.INFO: Broken reference: the 'catalog.compare.sidebar' element cannot be added as child to 'sidebar.additional', because the latter doesn't exist [] []
[2026-01-30T19:23:48.845382+00:00] main.INFO: Broken reference: the 'sale.reorder.sidebar' element cannot be added as child to 'sidebar.additional', because the latter doesn't exist [] []
[2026-01-30T19:23:48.846805+00:00] main.INFO: Broken reference: the 'wishlist_sidebar' element cannot be added as child to 'sidebar.additional', because the latter doesn't exist [] []
[2026-01-30T19:23:49.121749+00:00] main.CRITICAL: Type Error occurred when creating object: Ak\CustomPayment\Model\Payment\Simple, Magento\Payment\Model\Method\AbstractMethod::__construct(): Argument #8 ($resource) must be of type ?Magento\Framework\Model\ResourceModel\AbstractResource, Magento\Framework\Module\ModuleList given, called in /var/www/html/magento2/app/code/Ak/CustomPayment/Model/Payment/Simple.php on line 35 [] []
[2026-01-30T19:23:49.125915+00:00] main.ERROR: Type Error occurred when creating object: Ak\CustomPayment\Model\Payment\Simple, Magento\Payment\Model\Method\AbstractMethod::__construct(): Argument #8 ($resource) must be of type ?Magento\Framework\Model\ResourceModel\AbstractResource, Magento\Framework\Module\ModuleList given, called in /var/www/html/magento2/app/code/Ak/CustomPayment/Model/Payment/Simple.php on line 35 [] []
[2026-01-30T19:40:55.894969+00:00] main.DEBUG: cache_invalidate:  {"method":"GET","url":"http:/","invalidateInfo":{"tags":[],"mode":"all"}} []
[2026-01-30T19:40:55.912371+00:00] main.DEBUG: cache_invalidate:  {"method":"GET","url":"http:/","invalidateInfo":{"tags":[],"mode":"all"}} []
[2026-01-30T19:40:55.925926+00:00] main.DEBUG: cache_invalidate:  {"method":"GET","url":"http:/","invalidateInfo":{"tags":[],"mode":"all"}} []
[2026-01-30T19:40:55.977255+00:00] main.ERROR: The "/var/www/html/magento2/var/cache/mage--0/mage---ea6_CONFIGURATION_FILES_ACCESS_LEVEL_VERIFICATION" file can't be deleted. Warning!unlink(/var/www/html/magento2/var/cache/mage--0/mage---ea6_CONFIGURATION_FILES_ACCESS_LEVEL_VERIFICATION): Permission denied The "/var/www/html/magento2/var/cache/mage--0/mage---ea6_ASSIGNED_ROLE_2" file can't be deleted. Warning!unlink(/var/www/html/magento2/var/cache/mage--0/mage---ea6_ASSIGNED_ROLE_2): Permission denied The "/var/www/html/magento2/var/cache/mage--0/mage---ea6_CONFIGURATION_FILES_ACCESS_LEVEL_VERIFICATION" file can't be deleted. Warning!unlink(/var/www/html/magento2/var/cache/mage--0/mage---ea6_CONFIGURATION_FILES_ACCESS_LEVEL_VERIFICATION): Permission denied The "/var/www/html/magento2/var/cache/mage--0/mage---ea6_ASSIGNED_ROLE_2" file can't be deleted. Warning!unlink(/var/www/html/magento2/var/cache/mage--0/mage---ea6_ASSIGNED_ROLE_2): Permission denied
#0 /var/www/html/magento2/setup/src/Magento/Setup/Console/Command/DiCompileCommand.php(309): Magento\Framework\Filesystem\Directory\Write->delete()
#1 /var/www/html/magento2/setup/src/Magento/Setup/Console/Command/DiCompileCommand.php(183): Magento\Setup\Console\Command\DiCompileCommand->cleanupFilesystem()
#2 /var/www/html/magento2/vendor/symfony/console/Command/Command.php(298): Magento\Setup\Console\Command\DiCompileCommand->execute()
#3 /var/www/html/magento2/vendor/symfony/console/Application.php(1040): Symfony\Component\Console\Command\Command->run()
#4 /var/www/html/magento2/vendor/symfony/console/Application.php(301): Symfony\Component\Console\Application->doRunCommand()
#5 /var/www/html/magento2/vendor/magento/framework/Console/Cli.php(116): Symfony\Component\Console\Application->doRun()
#6 /var/www/html/magento2/vendor/symfony/console/Application.php(171): Magento\Framework\Console\Cli->doRun()
#7 /var/www/html/magento2/bin/magento(23): Symfony\Component\Console\Application->run()
#8 {main} [] []
[2026-01-30T19:41:28.832822+00:00] main.DEBUG: cache_invalidate:  {"method":"GET","url":"http:/","invalidateInfo":{"tags":[],"mode":"all"}} []
[2026-01-30T19:41:28.835163+00:00] main.DEBUG: cache_invalidate:  {"method":"GET","url":"http:/","invalidateInfo":{"tags":[],"mode":"all"}} []
[2026-01-30T19:41:28.844449+00:00] main.DEBUG: cache_invalidate:  {"method":"GET","url":"http:/","invalidateInfo":{"tags":[],"mode":"all"}} []
[2026-01-30T19:42:07.041771+00:00] main.ERROR: Impossible to process constructor argument Parameter #10 [ <optional> ?Ak\CustomPayment\Model\Payment\DirectoryHelper $directory = NULL ] of Ak\CustomPayment\Model\Payment\Simple class
#0 /var/www/html/magento2/setup/src/Magento/Setup/Module/Di/Code/Reader/ClassReaderDecorator.php(35): Magento\Framework\Code\Reader\ClassReader->getConstructor()
#1 /var/www/html/magento2/setup/src/Magento/Setup/Module/Di/Code/Reader/Decorator/Area.php(53): Magento\Setup\Module\Di\Code\Reader\ClassReaderDecorator->getConstructor()
#2 /var/www/html/magento2/setup/src/Magento/Setup/Module/Di/App/Task/Operation/Area.php(116): Magento\Setup\Module\Di\Code\Reader\Decorator\Area->getList()
#3 /var/www/html/magento2/setup/src/Magento/Setup/Module/Di/App/Task/Operation/Area.php(87): Magento\Setup\Module\Di\App\Task\Operation\Area->getDefinitionsCollection()
#4 /var/www/html/magento2/setup/src/Magento/Setup/Module/Di/App/Task/Manager.php(56): Magento\Setup\Module\Di\App\Task\Operation\Area->doOperation()
#5 /var/www/html/magento2/setup/src/Magento/Setup/Console/Command/DiCompileCommand.php(216): Magento\Setup\Module\Di\App\Task\Manager->process()
#6 /var/www/html/magento2/vendor/symfony/console/Command/Command.php(298): Magento\Setup\Console\Command\DiCompileCommand->execute()
#7 /var/www/html/magento2/vendor/symfony/console/Application.php(1040): Symfony\Component\Console\Command\Command->run()
#8 /var/www/html/magento2/vendor/symfony/console/Application.php(301): Symfony\Component\Console\Application->doRunCommand()
#9 /var/www/html/magento2/vendor/magento/framework/Console/Cli.php(116): Symfony\Component\Console\Application->doRun()
#10 /var/www/html/magento2/vendor/symfony/console/Application.php(171): Magento\Framework\Console\Cli->doRun()
#11 /var/www/html/magento2/bin/magento(23): Symfony\Component\Console\Application->run()
#12 {main} [] []
[2026-01-30T19:42:22.374192+00:00] main.DEBUG: cache_invalidate:  {"method":"GET","url":"http:/","invalidateInfo":{"tags":["FPC"],"mode":"matchingTag"}} []
[2026-01-30T19:42:22.384318+00:00] main.DEBUG: cache_invalidate:  {"method":"GET","url":"http:/","invalidateInfo":{"tags":["CONFIG"],"mode":"matchingTag"}} []
[2026-01-30T19:42:22.389161+00:00] main.DEBUG: cache_invalidate:  {"method":"GET","url":"http:/","invalidateInfo":{"tags":["LAYOUT_GENERAL_CACHE_TAG"],"mode":"matchingTag"}} []
[2026-01-30T19:42:22.392273+00:00] main.DEBUG: cache_invalidate:  {"method":"GET","url":"http:/","invalidateInfo":{"tags":["BLOCK_HTML"],"mode":"matchingTag"}} []
[2026-01-30T19:42:22.395415+00:00] main.DEBUG: cache_invalidate:  {"method":"GET","url":"http:/","invalidateInfo":{"tags":["COLLECTION_DATA"],"mode":"matchingTag"}} []
[2026-01-30T19:42:22.397437+00:00] main.DEBUG: cache_invalidate:  {"method":"GET","url":"http:/","invalidateInfo":{"tags":["REFLECTION"],"mode":"matchingTag"}} []
[2026-01-30T19:42:22.400720+00:00] main.DEBUG: cache_invalidate:  {"method":"GET","url":"http:/","invalidateInfo":{"tags":["DB_DDL"],"mode":"matchingTag"}} []
[2026-01-30T19:42:22.402818+00:00] main.DEBUG: cache_invalidate:  {"method":"GET","url":"http:/","invalidateInfo":{"tags":["COMPILED_CONFIG"],"mode":"matchingTag"}} []
[2026-01-30T19:42:22.405558+00:00] main.DEBUG: cache_invalidate:  {"method":"GET","url":"http:/","invalidateInfo":{"tags":["EAV"],"mode":"matchingTag"}} []
[2026-01-30T19:42:22.407695+00:00] main.DEBUG: cache_invalidate:  {"method":"GET","url":"http:/","invalidateInfo":{"tags":["CUSTOMER_NOTIFICATION"],"mode":"matchingTag"}} []
[2026-01-30T19:42:22.410756+00:00] main.DEBUG: cache_invalidate:  {"method":"GET","url":"http:/","invalidateInfo":{"tags":["INTEGRATION"],"mode":"matchingTag"}} []
[2026-01-30T19:42:22.413577+00:00] main.DEBUG: cache_invalidate:  {"method":"GET","url":"http:/","invalidateInfo":{"tags":["INTEGRATION_API_CONFIG"],"mode":"matchingTag"}} []
[2026-01-30T19:42:22.416702+00:00] main.DEBUG: cache_invalidate:  {"method":"GET","url":"http:/","invalidateInfo":{"tags":["FPC"],"mode":"matchingTag"}} []
[2026-01-30T19:42:22.419592+00:00] main.DEBUG: cache_invalidate:  {"method":"GET","url":"http:/","invalidateInfo":{"tags":["WEBSERVICE"],"mode":"matchingTag"}} []
[2026-01-30T19:42:22.422796+00:00] main.DEBUG: cache_invalidate:  {"method":"GET","url":"http:/","invalidateInfo":{"tags":["TRANSLATE"],"mode":"matchingTag"}} []
[2026-01-30T19:42:42.450577+00:00] main.INFO: Broken reference: the 'catalog.compare.sidebar' element cannot be added as child to 'sidebar.additional', because the latter doesn't exist [] []
[2026-01-30T19:42:42.452109+00:00] main.INFO: Broken reference: the 'sale.reorder.sidebar' element cannot be added as child to 'sidebar.additional', because the latter doesn't exist [] []
[2026-01-30T19:42:42.453324+00:00] main.INFO: Broken reference: the 'wishlist_sidebar' element cannot be added as child to 'sidebar.additional', because the latter doesn't exist [] []
[2026-01-30T19:42:42.805710+00:00] main.ERROR: Impossible to process constructor argument Parameter #10 [ <optional> ?Ak\CustomPayment\Model\Payment\DirectoryHelper $directory = NULL ] of Ak\CustomPayment\Model\Payment\Simple class [] []
[2026-01-30T19:43:42.027821+00:00] main.DEBUG: cache_invalidate:  {"method":"GET","url":"http:/","invalidateInfo":{"tags":[],"mode":"all"}} []
[2026-01-30T19:43:42.039498+00:00] main.DEBUG: cache_invalidate:  {"method":"GET","url":"http:/","invalidateInfo":{"tags":[],"mode":"all"}} []
[2026-01-30T19:43:42.215080+00:00] main.DEBUG: cache_invalidate:  {"method":"GET","url":"http:/","invalidateInfo":{"tags":[],"mode":"all"}} []
[2026-01-30T19:44:36.967413+00:00] main.DEBUG: cache_invalidate:  {"method":"GET","url":"http:/","invalidateInfo":{"tags":["FPC"],"mode":"matchingTag"}} []
[2026-01-30T19:44:36.975519+00:00] main.DEBUG: cache_invalidate:  {"method":"GET","url":"http:/","invalidateInfo":{"tags":["CONFIG"],"mode":"matchingTag"}} []
[2026-01-30T19:44:36.979872+00:00] main.DEBUG: cache_invalidate:  {"method":"GET","url":"http:/","invalidateInfo":{"tags":["LAYOUT_GENERAL_CACHE_TAG"],"mode":"matchingTag"}} []
[2026-01-30T19:44:36.982843+00:00] main.DEBUG: cache_invalidate:  {"method":"GET","url":"http:/","invalidateInfo":{"tags":["BLOCK_HTML"],"mode":"matchingTag"}} []
[2026-01-30T19:44:36.985824+00:00] main.DEBUG: cache_invalidate:  {"method":"GET","url":"http:/","invalidateInfo":{"tags":["COLLECTION_DATA"],"mode":"matchingTag"}} []
[2026-01-30T19:44:36.987898+00:00] main.DEBUG: cache_invalidate:  {"method":"GET","url":"http:/","invalidateInfo":{"tags":["REFLECTION"],"mode":"matchingTag"}} []
[2026-01-30T19:44:36.991422+00:00] main.DEBUG: cache_invalidate:  {"method":"GET","url":"http:/","invalidateInfo":{"tags":["DB_DDL"],"mode":"matchingTag"}} []
[2026-01-30T19:44:36.993552+00:00] main.DEBUG: cache_invalidate:  {"method":"GET","url":"http:/","invalidateInfo":{"tags":["COMPILED_CONFIG"],"mode":"matchingTag"}} []
[2026-01-30T19:44:36.996387+00:00] main.DEBUG: cache_invalidate:  {"method":"GET","url":"http:/","invalidateInfo":{"tags":["EAV"],"mode":"matchingTag"}} []
[2026-01-30T19:44:36.998492+00:00] main.DEBUG: cache_invalidate:  {"method":"GET","url":"http:/","invalidateInfo":{"tags":["CUSTOMER_NOTIFICATION"],"mode":"matchingTag"}} []
[2026-01-30T19:44:37.001245+00:00] main.DEBUG: cache_invalidate:  {"method":"GET","url":"http:/","invalidateInfo":{"tags":["INTEGRATION"],"mode":"matchingTag"}} []
[2026-01-30T19:44:37.003980+00:00] main.DEBUG: cache_invalidate:  {"method":"GET","url":"http:/","invalidateInfo":{"tags":["INTEGRATION_API_CONFIG"],"mode":"matchingTag"}} []
[2026-01-30T19:44:37.008133+00:00] main.DEBUG: cache_invalidate:  {"method":"GET","url":"http:/","invalidateInfo":{"tags":["FPC"],"mode":"matchingTag"}} []
[2026-01-30T19:44:37.011769+00:00] main.DEBUG: cache_invalidate:  {"method":"GET","url":"http:/","invalidateInfo":{"tags":["WEBSERVICE"],"mode":"matchingTag"}} []
[2026-01-30T19:44:37.014990+00:00] main.DEBUG: cache_invalidate:  {"method":"GET","url":"http:/","invalidateInfo":{"tags":["TRANSLATE"],"mode":"matchingTag"}} []
[2026-01-30T19:44:53.524782+00:00] main.INFO: Broken reference: the 'catalog.compare.sidebar' element cannot be added as child to 'sidebar.additional', because the latter doesn't exist [] []
[2026-01-30T19:44:53.526094+00:00] main.INFO: Broken reference: the 'sale.reorder.sidebar' element cannot be added as child to 'sidebar.additional', because the latter doesn't exist [] []
[2026-01-30T19:44:53.527889+00:00] main.INFO: Broken reference: the 'wishlist_sidebar' element cannot be added as child to 'sidebar.additional', because the latter doesn't exist [] []
[2026-01-30T19:44:53.846365+00:00] main.ERROR: Warning: Undefined variable $countryFactory in /var/www/html/magento2/app/code/Ak/CustomPayment/Model/Payment/Simple.php on line 47 [] []
[2026-01-30T19:45:59.432540+00:00] main.DEBUG: cache_invalidate:  {"method":"GET","url":"http:/","invalidateInfo":{"tags":[],"mode":"all"}} []
[2026-01-30T19:45:59.438610+00:00] main.DEBUG: cache_invalidate:  {"method":"GET","url":"http:/","invalidateInfo":{"tags":[],"mode":"all"}} []
[2026-01-30T19:45:59.448111+00:00] main.DEBUG: cache_invalidate:  {"method":"GET","url":"http:/","invalidateInfo":{"tags":[],"mode":"all"}} []
[2026-01-30T19:46:51.614859+00:00] main.DEBUG: cache_invalidate:  {"method":"GET","url":"http:/","invalidateInfo":{"tags":["FPC"],"mode":"matchingTag"}} []
[2026-01-30T19:46:51.627267+00:00] main.DEBUG: cache_invalidate:  {"method":"GET","url":"http:/","invalidateInfo":{"tags":["CONFIG"],"mode":"matchingTag"}} []
[2026-01-30T19:46:51.631882+00:00] main.DEBUG: cache_invalidate:  {"method":"GET","url":"http:/","invalidateInfo":{"tags":["LAYOUT_GENERAL_CACHE_TAG"],"mode":"matchingTag"}} []
[2026-01-30T19:46:51.635028+00:00] main.DEBUG: cache_invalidate:  {"method":"GET","url":"http:/","invalidateInfo":{"tags":["BLOCK_HTML"],"mode":"matchingTag"}} []
[2026-01-30T19:46:51.638366+00:00] main.DEBUG: cache_invalidate:  {"method":"GET","url":"http:/","invalidateInfo":{"tags":["COLLECTION_DATA"],"mode":"matchingTag"}} []
[2026-01-30T19:46:51.640485+00:00] main.DEBUG: cache_invalidate:  {"method":"GET","url":"http:/","invalidateInfo":{"tags":["REFLECTION"],"mode":"matchingTag"}} []
[2026-01-30T19:46:51.643981+00:00] main.DEBUG: cache_invalidate:  {"method":"GET","url":"http:/","invalidateInfo":{"tags":["DB_DDL"],"mode":"matchingTag"}} []
[2026-01-30T19:46:51.646078+00:00] main.DEBUG: cache_invalidate:  {"method":"GET","url":"http:/","invalidateInfo":{"tags":["COMPILED_CONFIG"],"mode":"matchingTag"}} []
[2026-01-30T19:46:51.648904+00:00] main.DEBUG: cache_invalidate:  {"method":"GET","url":"http:/","invalidateInfo":{"tags":["EAV"],"mode":"matchingTag"}} []
[2026-01-30T19:46:51.651059+00:00] main.DEBUG: cache_invalidate:  {"method":"GET","url":"http:/","invalidateInfo":{"tags":["CUSTOMER_NOTIFICATION"],"mode":"matchingTag"}} []
[2026-01-30T19:46:51.653912+00:00] main.DEBUG: cache_invalidate:  {"method":"GET","url":"http:/","invalidateInfo":{"tags":["INTEGRATION"],"mode":"matchingTag"}} []
[2026-01-30T19:46:51.656910+00:00] main.DEBUG: cache_invalidate:  {"method":"GET","url":"http:/","invalidateInfo":{"tags":["INTEGRATION_API_CONFIG"],"mode":"matchingTag"}} []
[2026-01-30T19:46:51.660168+00:00] main.DEBUG: cache_invalidate:  {"method":"GET","url":"http:/","invalidateInfo":{"tags":["FPC"],"mode":"matchingTag"}} []
[2026-01-30T19:46:51.663077+00:00] main.DEBUG: cache_invalidate:  {"method":"GET","url":"http:/","invalidateInfo":{"tags":["WEBSERVICE"],"mode":"matchingTag"}} []
[2026-01-30T19:46:51.666281+00:00] main.DEBUG: cache_invalidate:  {"method":"GET","url":"http:/","invalidateInfo":{"tags":["TRANSLATE"],"mode":"matchingTag"}} []
[2026-01-30T19:47:01.443469+00:00] main.INFO: Broken reference: the 'catalog.compare.sidebar' element cannot be added as child to 'sidebar.additional', because the latter doesn't exist [] []
[2026-01-30T19:47:01.444817+00:00] main.INFO: Broken reference: the 'sale.reorder.sidebar' element cannot be added as child to 'sidebar.additional', because the latter doesn't exist [] []
[2026-01-30T19:47:01.446812+00:00] main.INFO: Broken reference: the 'wishlist_sidebar' element cannot be added as child to 'sidebar.additional', because the latter doesn't exist [] []
[2026-01-30T19:47:01.932449+00:00] main.ERROR: We cannot retrieve the payment method code. [] []
[2026-01-30T19:50:54.254129+00:00] main.DEBUG: cache_invalidate:  {"method":"GET","url":"http:/","invalidateInfo":{"tags":[],"mode":"all"}} []
[2026-01-30T19:50:54.257023+00:00] main.DEBUG: cache_invalidate:  {"method":"GET","url":"http:/","invalidateInfo":{"tags":[],"mode":"all"}} []
[2026-01-30T19:50:54.267293+00:00] main.DEBUG: cache_invalidate:  {"method":"GET","url":"http:/","invalidateInfo":{"tags":[],"mode":"all"}} []
[2026-01-30T19:51:47.175858+00:00] main.DEBUG: cache_invalidate:  {"method":"GET","url":"http:/","invalidateInfo":{"tags":["FPC"],"mode":"matchingTag"}} []
[2026-01-30T19:51:47.183966+00:00] main.DEBUG: cache_invalidate:  {"method":"GET","url":"http:/","invalidateInfo":{"tags":["CONFIG"],"mode":"matchingTag"}} []
[2026-01-30T19:51:47.188753+00:00] main.DEBUG: cache_invalidate:  {"method":"GET","url":"http:/","invalidateInfo":{"tags":["LAYOUT_GENERAL_CACHE_TAG"],"mode":"matchingTag"}} []
[2026-01-30T19:51:47.191796+00:00] main.DEBUG: cache_invalidate:  {"method":"GET","url":"http:/","invalidateInfo":{"tags":["BLOCK_HTML"],"mode":"matchingTag"}} []
[2026-01-30T19:51:47.194998+00:00] main.DEBUG: cache_invalidate:  {"method":"GET","url":"http:/","invalidateInfo":{"tags":["COLLECTION_DATA"],"mode":"matchingTag"}} []
[2026-01-30T19:51:47.196993+00:00] main.DEBUG: cache_invalidate:  {"method":"GET","url":"http:/","invalidateInfo":{"tags":["REFLECTION"],"mode":"matchingTag"}} []
[2026-01-30T19:51:47.200295+00:00] main.DEBUG: cache_invalidate:  {"method":"GET","url":"http:/","invalidateInfo":{"tags":["DB_DDL"],"mode":"matchingTag"}} []
[2026-01-30T19:51:47.202940+00:00] main.DEBUG: cache_invalidate:  {"method":"GET","url":"http:/","invalidateInfo":{"tags":["COMPILED_CONFIG"],"mode":"matchingTag"}} []
[2026-01-30T19:51:47.205794+00:00] main.DEBUG: cache_invalidate:  {"method":"GET","url":"http:/","invalidateInfo":{"tags":["EAV"],"mode":"matchingTag"}} []
[2026-01-30T19:51:47.207911+00:00] main.DEBUG: cache_invalidate:  {"method":"GET","url":"http:/","invalidateInfo":{"tags":["CUSTOMER_NOTIFICATION"],"mode":"matchingTag"}} []
[2026-01-30T19:51:47.210638+00:00] main.DEBUG: cache_invalidate:  {"method":"GET","url":"http:/","invalidateInfo":{"tags":["INTEGRATION"],"mode":"matchingTag"}} []
[2026-01-30T19:51:47.213339+00:00] main.DEBUG: cache_invalidate:  {"method":"GET","url":"http:/","invalidateInfo":{"tags":["INTEGRATION_API_CONFIG"],"mode":"matchingTag"}} []
[2026-01-30T19:51:47.217151+00:00] main.DEBUG: cache_invalidate:  {"method":"GET","url":"http:/","invalidateInfo":{"tags":["FPC"],"mode":"matchingTag"}} []
[2026-01-30T19:51:47.220217+00:00] main.DEBUG: cache_invalidate:  {"method":"GET","url":"http:/","invalidateInfo":{"tags":["WEBSERVICE"],"mode":"matchingTag"}} []
[2026-01-30T19:51:47.223650+00:00] main.DEBUG: cache_invalidate:  {"method":"GET","url":"http:/","invalidateInfo":{"tags":["TRANSLATE"],"mode":"matchingTag"}} []
[2026-01-30T19:51:58.876049+00:00] main.INFO: Broken reference: the 'catalog.compare.sidebar' element cannot be added as child to 'sidebar.additional', because the latter doesn't exist [] []
[2026-01-30T19:51:58.877435+00:00] main.INFO: Broken reference: the 'sale.reorder.sidebar' element cannot be added as child to 'sidebar.additional', because the latter doesn't exist [] []
[2026-01-30T19:51:58.878502+00:00] main.INFO: Broken reference: the 'wishlist_sidebar' element cannot be added as child to 'sidebar.additional', because the latter doesn't exist [] []
[2026-01-30T20:10:00.057028+00:00] main.INFO: Broken reference: the 'tracking' element cannot be added as child to 'header', because the latter doesn't exist [] []
[2026-01-30T20:10:00.058777+00:00] main.INFO: Broken reference: the 'notification_area' element cannot be added as child to 'notifications', because the latter doesn't exist [] []
[2026-01-30T20:10:00.059315+00:00] main.INFO: Broken reference: the 'unread_system_messages' element cannot be added as child to 'notifications', because the latter doesn't exist [] []
[2026-01-30T20:10:00.059759+00:00] main.INFO: Broken reference: the 'notification_window' element cannot be added as child to 'notifications', because the latter doesn't exist [] []
[2026-01-30T20:10:00.060313+00:00] main.INFO: Broken reference: the 'notification.messages' element cannot be added as child to 'header', because the latter doesn't exist [] []
[2026-01-30T20:10:00.060883+00:00] main.INFO: Broken reference: the 'global_notices' element cannot be added as child to 'global.notices', because the latter doesn't exist [] []
[2026-01-30T20:10:00.061398+00:00] main.INFO: Broken reference: the 'logo' element cannot be added as child to 'header', because the latter doesn't exist [] []
[2026-01-30T20:10:00.061821+00:00] main.INFO: Broken reference: the 'global.search' element cannot be added as child to 'header', because the latter doesn't exist [] []
[2026-01-30T20:10:00.062281+00:00] main.INFO: Broken reference: the 'user' element cannot be added as child to 'header', because the latter doesn't exist [] []
[2026-01-30T20:10:00.062719+00:00] main.INFO: Broken reference: the 'menu' element cannot be added as child to 'page.menu', because the latter doesn't exist [] []
[2026-01-30T20:10:00.063159+00:00] main.INFO: Broken reference: the 'breadcrumbs' element cannot be added as child to 'page.breadcrumbs', because the latter doesn't exist [] []
[2026-01-30T20:10:00.063578+00:00] main.INFO: Broken reference: the 'formkey' element cannot be added as child to 'page.formkey', because the latter doesn't exist [] []
[2026-01-30T20:10:00.064005+00:00] main.INFO: Broken reference: the 'page.title' element cannot be added as child to 'main.top', because the latter doesn't exist [] []
[2026-01-30T20:10:00.064419+00:00] main.INFO: Broken reference: the 'messages' element cannot be added as child to 'page.messages', because the latter doesn't exist [] []
[2026-01-30T20:10:00.064858+00:00] main.INFO: Broken reference: the 'page.actions.toolbar' element cannot be added as child to 'page.main.actions', because the latter doesn't exist [] []
[2026-01-30T20:10:00.065288+00:00] main.INFO: Broken reference: the 'legal' element cannot be added as child to 'footer', because the latter doesn't exist [] []
[2026-01-30T20:10:00.065794+00:00] main.INFO: Broken reference: the 'header.inner.left' element cannot be added as child to 'header', because the latter doesn't exist [] []
[2026-01-30T20:10:00.066225+00:00] main.INFO: Broken reference: the 'header.inner.right' element cannot be added as child to 'header', because the latter doesn't exist [] []
[2026-01-30T20:10:00.066735+00:00] main.INFO: Broken reference: the 'user' tries to reorder itself towards '', but their parents are different: 'header' and '' respectively. [] []
[2026-01-30T20:10:00.067186+00:00] main.INFO: Broken reference: the 'notification.messages' tries to reorder itself towards 'user', but their parents are different: 'header' and '' respectively. [] []
[2026-01-30T20:10:00.067599+00:00] main.INFO: Broken reference: the 'logo' tries to reorder itself towards '', but their parents are different: 'header' and '' respectively. [] []
[2026-01-30T20:10:00.068025+00:00] main.INFO: Broken reference: the 'global.search' tries to reorder itself towards 'logo', but their parents are different: 'header' and '' respectively. [] []
[2026-01-30T20:10:00.068437+00:00] main.INFO: Broken reference: the 'page.actions.toolbar' tries to reorder itself towards '', but their parents are different: 'page.main.actions' and '' respectively. [] []
[2026-01-30T20:10:00.068892+00:00] main.INFO: Broken reference: the 'header.inner.left' tries to reorder itself towards '', but their parents are different: 'header' and '' respectively. [] []
[2026-01-30T20:10:00.069322+00:00] main.INFO: Broken reference: the 'header.inner.right' tries to reorder itself towards 'header.inner.left', but their parents are different: 'header' and '' respectively. [] []
[2026-01-30T20:10:00.069743+00:00] main.INFO: Broken reference: the 'notification.messages' tries to reorder itself towards 'user', but their parents are different: 'header.inner.right' and '' respectively. [] []
[2026-01-30T20:10:39.774488+00:00] main.DEBUG: URI '/admin/admin/system_config/edit/section/payment/key/0a717875d70d929c031746f12ebcebeb1c5808ca404bb4f089f2b1912e08e71b/'' cannot be accessed with POST method (Magento\Config\Controller\Adminhtml\System\Config\Edit) [] []
[2026-01-30T20:10:39.778787+00:00] main.DEBUG: Request validation failed for action "Magento\Config\Controller\Adminhtml\System\Config\Edit\Interceptor" {"exception":"[object] (Magento\\Framework\\App\\Request\\InvalidRequestException(code: 0): Invalid request received at /var/www/html/magento2/vendor/magento/framework/App/Request/HttpMethodValidator.php:69)"} []
[2026-01-30T20:10:39.880346+00:00] main.DEBUG: cache_invalidate:  {"method":"POST","url":"http://magento.local.com/admin/admin/system_config/edit/section/payment/key/0a717875d70d929c031746f12ebcebeb1c5808ca404bb4f089f2b1912e08e71b/","invalidateInfo":{"tags":["BACKEND_MAINMENU"],"mode":"matchingAnyTag"}} []
[2026-01-30T20:10:39.953872+00:00] main.DEBUG: cache_invalidate:  {"method":"POST","url":"http://magento.local.com/admin/admin/system_config/edit/section/payment/key/0a717875d70d929c031746f12ebcebeb1c5808ca404bb4f089f2b1912e08e71b/","invalidateInfo":{"tags":["PB_EDITOR_CONFIG","CONFIG"],"mode":"matchingTag"}} []
[2026-01-30T20:10:39.972337+00:00] main.INFO: Item Magento_Backend::system_currency was removed [] []
[2026-01-30T20:10:39.979931+00:00] main.INFO: Add of item with id Magento_Config::system_config was processed [] []
[2026-01-30T20:10:39.980686+00:00] main.INFO: Add of item with id Magento_AdminNotification::system_adminnotification was processed [] []
[2026-01-30T20:10:39.981237+00:00] main.INFO: Add of item with id Magento_Theme::design_config was processed [] []
[2026-01-30T20:10:39.981729+00:00] main.INFO: Add of item with id Magento_Theme::system_design_theme was processed [] []
[2026-01-30T20:10:39.982212+00:00] main.INFO: Add of item with id Magento_Backend::system_design_schedule was processed [] []
[2026-01-30T20:10:39.982688+00:00] main.INFO: Add of item with id Magento_Backend::system_store was processed [] []
[2026-01-30T20:10:39.983179+00:00] main.INFO: Add of item with id Magento_Backend::dashboard was processed [] []
[2026-01-30T20:10:39.983652+00:00] main.INFO: Add of item with id Magento_Backend::system was processed [] []
[2026-01-30T20:10:39.984152+00:00] main.INFO: Add of item with id Magento_Backend::system_tools was processed [] []
[2026-01-30T20:10:39.984650+00:00] main.INFO: Add of item with id Magento_Backend::system_design was processed [] []
[2026-01-30T20:10:39.985142+00:00] main.INFO: Add of item with id Magento_Backend::system_convert was processed [] []
[2026-01-30T20:10:39.985636+00:00] main.INFO: Add of item with id Magento_Backend::system_cache was processed [] []
[2026-01-30T20:10:39.986132+00:00] main.INFO: Add of item with id Magento_Backend::marketing was processed [] []
[2026-01-30T20:10:39.986579+00:00] main.INFO: Add of item with id Magento_Backend::marketing_communications was processed [] []
[2026-01-30T20:10:39.986991+00:00] main.INFO: Add of item with id Magento_Backend::marketing_seo was processed [] []
[2026-01-30T20:10:39.987398+00:00] main.INFO: Add of item with id Magento_Backend::marketing_user_content was processed [] []
[2026-01-30T20:10:39.987847+00:00] main.INFO: Add of item with id Magento_Backend::content was processed [] []
[2026-01-30T20:10:39.988257+00:00] main.INFO: Add of item with id Magento_Backend::content_elements was processed [] []
[2026-01-30T20:10:39.988694+00:00] main.INFO: Add of item with id Magento_Backend::stores was processed [] []
[2026-01-30T20:10:39.989120+00:00] main.INFO: Add of item with id Magento_Backend::stores_settings was processed [] []
[2026-01-30T20:10:39.989532+00:00] main.INFO: Add of item with id Magento_Backend::stores_attributes was processed [] []
[2026-01-30T20:10:39.989951+00:00] main.INFO: Add of item with id Magento_Backend::other_settings was processed [] []
[2026-01-30T20:10:39.990361+00:00] main.INFO: Add of item with id Magento_Backend::system_other_settings was processed [] []
[2026-01-30T20:10:39.990782+00:00] main.INFO: Add of item with id Magento_User::system_acl was processed [] []
[2026-01-30T20:10:39.991201+00:00] main.INFO: Add of item with id Magento_User::system_acl_users was processed [] []
[2026-01-30T20:10:39.991685+00:00] main.INFO: Add of item with id Magento_User::system_acl_roles was processed [] []
[2026-01-30T20:10:39.992164+00:00] main.INFO: Add of item with id Magento_User::system_acl_locks was processed [] []
[2026-01-30T20:10:39.992609+00:00] main.INFO: Add of item with id Magento_Customer::customer was processed [] []
[2026-01-30T20:10:39.993074+00:00] main.INFO: Add of item with id Magento_Customer::customer_manage was processed [] []
[2026-01-30T20:10:39.993530+00:00] main.INFO: Add of item with id Magento_Customer::customer_online was processed [] []
[2026-01-30T20:10:39.994106+00:00] main.INFO: Add of item with id Magento_Customer::customer_group was processed [] []
[2026-01-30T20:10:39.994525+00:00] main.INFO: Add of item with id Magento_Backup::system_tools_backup was processed [] []
[2026-01-30T20:10:39.994948+00:00] main.INFO: Add of item with id Magento_Indexer::system_index was processed [] []
[2026-01-30T20:10:39.995358+00:00] main.INFO: Add of item with id Magento_Variable::system_variable was processed [] []
[2026-01-30T20:10:39.995798+00:00] main.INFO: Add of item with id Magento_Cms::cms_page was processed [] []
[2026-01-30T20:10:39.996211+00:00] main.INFO: Add of item with id Magento_Cms::cms_block was processed [] []
[2026-01-30T20:10:39.996650+00:00] main.INFO: Add of item with id Magento_Search::search_terms was processed [] []
[2026-01-30T20:10:39.997069+00:00] main.INFO: Add of item with id Magento_Search::search_synonyms was processed [] []
[2026-01-30T20:10:39.997477+00:00] main.INFO: Add of item with id Magento_Catalog::catalog was processed [] []
[2026-01-30T20:10:39.997907+00:00] main.INFO: Add of item with id Magento_Catalog::catalog_products was processed [] []
[2026-01-30T20:10:39.998342+00:00] main.INFO: Add of item with id Magento_Catalog::catalog_categories was processed [] []
[2026-01-30T20:10:39.998758+00:00] main.INFO: Add of item with id Magento_Catalog::catalog_attributes_attributes was processed [] []
[2026-01-30T20:10:39.999167+00:00] main.INFO: Add of item with id Magento_Catalog::catalog_attributes_sets was processed [] []
[2026-01-30T20:10:39.999589+00:00] main.INFO: Add of item with id Magento_Catalog::inventory was processed [] []
[2026-01-30T20:10:39.999996+00:00] main.INFO: Add of item with id Magento_CatalogRule::promo was processed [] []
[2026-01-30T20:10:40.000438+00:00] main.INFO: Add of item with id Magento_CatalogRule::promo_catalog was processed [] []
[2026-01-30T20:10:40.000859+00:00] main.INFO: Add of item with id Magento_MediaGalleryUi::media was processed [] []
[2026-01-30T20:10:40.001287+00:00] main.INFO: Add of item with id Magento_MediaGalleryUi::media_gallery was processed [] []
[2026-01-30T20:10:40.001706+00:00] main.INFO: Add of item with id Magento_Integration::system_extensions was processed [] []
[2026-01-30T20:10:40.002125+00:00] main.INFO: Add of item with id Magento_Integration::system_integrations was processed [] []
[2026-01-30T20:10:40.002543+00:00] main.INFO: Add of item with id Magento_Sales::sales was processed [] []
[2026-01-30T20:10:40.002963+00:00] main.INFO: Add of item with id Magento_Sales::sales_operation was processed [] []
[2026-01-30T20:10:40.003578+00:00] main.INFO: Add of item with id Magento_Sales::sales_order was processed [] []
[2026-01-30T20:10:40.004065+00:00] main.INFO: Add of item with id Magento_Sales::sales_invoice was processed [] []
[2026-01-30T20:10:40.004471+00:00] main.INFO: Add of item with id Magento_Sales::sales_shipment was processed [] []
[2026-01-30T20:10:40.004894+00:00] main.INFO: Add of item with id Magento_Sales::sales_creditmemo was processed [] []
[2026-01-30T20:10:40.005310+00:00] main.INFO: Add of item with id Magento_Sales::sales_transactions was processed [] []
[2026-01-30T20:10:40.005711+00:00] main.INFO: Add of item with id Magento_Sales::system_order_statuses was processed [] []
[2026-01-30T20:10:40.006114+00:00] main.INFO: Add of item with id Magento_Widget::cms_widget_instance was processed [] []
[2026-01-30T20:10:40.006572+00:00] main.INFO: Add of item with id Magento_Analytics::business_intelligence was processed [] []
[2026-01-30T20:10:40.007001+00:00] main.INFO: Add of item with id Magento_Analytics::advanced_reporting was processed [] []
[2026-01-30T20:10:40.007425+00:00] main.INFO: Add of item with id Magento_Analytics::bi_essentials was processed [] []
[2026-01-30T20:10:40.007856+00:00] main.INFO: Add of item with id Magento_Downloadable::report_products_downloads was processed [] []
[2026-01-30T20:10:40.008279+00:00] main.INFO: Add of item with id Magento_ImportExport::system_convert_import was processed [] []
[2026-01-30T20:10:40.008701+00:00] main.INFO: Add of item with id Magento_ImportExport::system_convert_export was processed [] []
[2026-01-30T20:10:40.009156+00:00] main.INFO: Add of item with id Magento_ImportExport::system_convert_history was processed [] []
[2026-01-30T20:10:40.009609+00:00] main.INFO: Add of item with id Magento_Email::template was processed [] []
[2026-01-30T20:10:40.010026+00:00] main.INFO: Add of item with id Magento_EncryptionKey::system_crypt_key was processed [] []
[2026-01-30T20:10:40.010441+00:00] main.INFO: Add of item with id Magento_InventoryAdminUi::inventory was processed [] []
[2026-01-30T20:10:40.010868+00:00] main.INFO: Add of item with id Magento_InventoryAdminUi::source was processed [] []
[2026-01-30T20:10:40.011292+00:00] main.INFO: Add of item with id Magento_InventoryAdminUi::stock was processed [] []
[2026-01-30T20:10:40.011711+00:00] main.INFO: Add of item with id Magento_Reports::report was processed [] []
[2026-01-30T20:10:40.012152+00:00] main.INFO: Add of item with id Magento_Reports::report_marketing was processed [] []
[2026-01-30T20:10:40.012567+00:00] main.INFO: Add of item with id Magento_Reports::report_salesroot was processed [] []
[2026-01-30T20:10:40.013020+00:00] main.INFO: Add of item with id Magento_Reports::report_salesroot_sales was processed [] []
[2026-01-30T20:10:40.013432+00:00] main.INFO: Add of item with id Magento_Reports::report_salesroot_tax was processed [] []
[2026-01-30T20:10:40.013843+00:00] main.INFO: Add of item with id Magento_Reports::report_salesroot_invoiced was processed [] []
[2026-01-30T20:10:40.014255+00:00] main.INFO: Add of item with id Magento_Reports::report_salesroot_shipping was processed [] []
[2026-01-30T20:10:40.014665+00:00] main.INFO: Add of item with id Magento_Reports::report_salesroot_refunded was processed [] []
[2026-01-30T20:10:40.015114+00:00] main.INFO: Add of item with id Magento_Reports::report_salesroot_coupons was processed [] []
[2026-01-30T20:10:40.015537+00:00] main.INFO: Add of item with id Magento_Reports::report_shopcart_product was processed [] []
[2026-01-30T20:10:40.015950+00:00] main.INFO: Add of item with id Magento_Reports::report_shopcart_abandoned was processed [] []
[2026-01-30T20:10:40.016356+00:00] main.INFO: Add of item with id Magento_Reports::report_products was processed [] []
[2026-01-30T20:10:40.016785+00:00] main.INFO: Add of item with id Magento_Reports::report_products_bestsellers was processed [] []
[2026-01-30T20:10:40.017198+00:00] main.INFO: Add of item with id Magento_Reports::report_products_sold was processed [] []
[2026-01-30T20:10:40.017608+00:00] main.INFO: Add of item with id Magento_Reports::report_products_viewed was processed [] []
[2026-01-30T20:10:40.018015+00:00] main.INFO: Add of item with id Magento_Reports::report_products_lowstock was processed [] []
[2026-01-30T20:10:40.018517+00:00] main.INFO: Add of item with id Magento_Reports::report_customers was processed [] []
[2026-01-30T20:10:40.019014+00:00] main.INFO: Add of item with id Magento_Reports::report_customers_accounts was processed [] []
[2026-01-30T20:10:40.019447+00:00] main.INFO: Add of item with id Magento_Reports::report_customers_totals was processed [] []
[2026-01-30T20:10:40.019862+00:00] main.INFO: Add of item with id Magento_Reports::report_customers_orders was processed [] []
[2026-01-30T20:10:40.020287+00:00] main.INFO: Add of item with id Magento_Reports::report_statistics was processed [] []
[2026-01-30T20:10:40.020727+00:00] main.INFO: Add of item with id Magento_Reports::report_statistics_refresh was processed [] []
[2026-01-30T20:10:40.021151+00:00] main.INFO: Add of item with id Magento_Search::report_search_term was processed [] []
[2026-01-30T20:10:40.021604+00:00] main.INFO: Add of item with id Magento_LoginAsCustomerLog::login_log was processed [] []
[2026-01-30T20:10:40.022028+00:00] main.INFO: Add of item with id Magento_Marketplace::partners was processed [] []
[2026-01-30T20:10:40.022449+00:00] main.INFO: Add of item with id Magento_Newsletter::newsletter_template was processed [] []
[2026-01-30T20:10:40.022859+00:00] main.INFO: Add of item with id Magento_Newsletter::newsletter_queue was processed [] []
[2026-01-30T20:10:40.023281+00:00] main.INFO: Add of item with id Magento_Newsletter::newsletter_subscriber was processed [] []
[2026-01-30T20:10:40.023691+00:00] main.INFO: Add of item with id Magento_Newsletter::newsletter_problem was processed [] []
[2026-01-30T20:10:40.024098+00:00] main.INFO: Add of item with id Magento_SalesRule::promo_quote was processed [] []
[2026-01-30T20:10:40.024518+00:00] main.INFO: Add of item with id Magento_Sitemap::catalog_sitemap was processed [] []
[2026-01-30T20:10:40.024992+00:00] main.INFO: Add of item with id Magento_PageBuilder::templates was processed [] []
[2026-01-30T20:10:40.026617+00:00] main.INFO: Add of item with id Magento_Paypal::report_salesroot_paypal_settlement_reports was processed [] []
[2026-01-30T20:10:40.027061+00:00] main.INFO: Add of item with id Magento_Paypal::paypal_billing_agreement was processed [] []
[2026-01-30T20:10:40.027534+00:00] main.INFO: Add of item with id Magento_CheckoutAgreements::sales_checkoutagreement was processed [] []
[2026-01-30T20:10:40.027947+00:00] main.INFO: Add of item with id Magento_Review::catalog_reviews_ratings_ratings was processed [] []
[2026-01-30T20:10:40.028380+00:00] main.INFO: Add of item with id Magento_Review::catalog_reviews_ratings_pending was processed [] []
[2026-01-30T20:10:40.028829+00:00] main.INFO: Add of item with id Magento_Review::catalog_reviews_ratings_reviews_all was processed [] []
[2026-01-30T20:10:40.029256+00:00] main.INFO: Add of item with id Magento_Review::report_review was processed [] []
[2026-01-30T20:10:40.029681+00:00] main.INFO: Add of item with id Magento_Review::report_review_customer was processed [] []
[2026-01-30T20:10:40.030101+00:00] main.INFO: Add of item with id Magento_Review::report_review_product was processed [] []
[2026-01-30T20:10:40.030521+00:00] main.INFO: Add of item with id Magento_UrlRewrite::urlrewrite was processed [] []
[2026-01-30T20:10:40.030929+00:00] main.INFO: Add of item with id Magento_Tax::sales_tax was processed [] []
[2026-01-30T20:10:40.031349+00:00] main.INFO: Add of item with id Magento_Tax::sales_tax_rules was processed [] []
[2026-01-30T20:10:40.031770+00:00] main.INFO: Add of item with id Magento_Tax::sales_tax_rates was processed [] []
[2026-01-30T20:10:40.032176+00:00] main.INFO: Add of item with id Magento_TaxImportExport::system_convert_tax was processed [] []
[2026-01-30T20:10:40.032596+00:00] main.INFO: Add of item with id Magento_AsynchronousOperations::system_magento_logging was processed [] []
[2026-01-30T20:10:40.033021+00:00] main.INFO: Add of item with id Magento_AsynchronousOperations::system_magento_logging_bulk_operations was processed [] []
[2026-01-30T20:10:40.033446+00:00] main.INFO: Add of item with id Magento_CurrencySymbol::system_currency was processed [] []
[2026-01-30T20:10:40.033862+00:00] main.INFO: Add of item with id Magento_CurrencySymbol::system_currency_rates was processed [] []
[2026-01-30T20:10:40.034326+00:00] main.INFO: Add of item with id Magento_CurrencySymbol::system_currency_symbols was processed [] []
[2026-01-30T20:10:40.034829+00:00] main.INFO: Add of item with id PayPal_Braintree::settlement_report was processed [] []
[2026-01-30T20:10:40.035239+00:00] main.INFO: Add of item with id PayPal_Braintree::virtual_terminal was processed [] []
[2026-01-30T20:10:41.839073+00:00] main.INFO: Broken reference: the 'notification.messages' tries to reorder itself towards 'user', but their parents are different: 'header.inner.right' and 'header' respectively. [] []
[2026-01-30T20:10:56.437374+00:00] main.INFO: Broken reference: the 'notification.messages' tries to reorder itself towards 'user', but their parents are different: 'header.inner.right' and 'header' respectively. [] []
[2026-01-30T20:11:09.752861+00:00] main.INFO: Broken reference: the 'notification.messages' tries to reorder itself towards 'user', but their parents are different: 'header.inner.right' and 'header' respectively. [] []
[2026-01-30T20:11:43.157827+00:00] main.DEBUG: cache_invalidate:  {"method":"POST","url":"http://magento.local.com/admin/admin/system_config/save/key/5d3174af33cad46cb0ead424e56de77a0f5758cfa5ff3c8c185e05cb4f9bfaea/section/payment/","invalidateInfo":{"tags":["config_scopes","CONFIG"],"mode":"matchingTag"}} []
[2026-01-30T20:11:43.521927+00:00] main.INFO: Broken reference: the 'notification.messages' tries to reorder itself towards 'user', but their parents are different: 'header.inner.right' and 'header' respectively. [] []
[2026-01-30T20:12:01.899101+00:00] main.INFO: Broken reference: the 'notification.messages' tries to reorder itself towards 'user', but their parents are different: 'header.inner.right' and 'header' respectively. [] []
[2026-01-30T20:13:03.672133+00:00] main.DEBUG: cache_invalidate:  {"method":"POST","url":"http://magento.local.com/admin/admin/cache/massRefresh/key/bf90cd1b9348df8078aca4166809e857c6d13d39bcfc32adedea23c52845ee22/","invalidateInfo":{"tags":["CONFIG"],"mode":"matchingTag"}} []
[2026-01-30T20:13:03.675101+00:00] main.DEBUG: cache_invalidate:  {"method":"POST","url":"http://magento.local.com/admin/admin/cache/massRefresh/key/bf90cd1b9348df8078aca4166809e857c6d13d39bcfc32adedea23c52845ee22/","invalidateInfo":{"tags":["FPC"],"mode":"matchingTag"}} []
[2026-01-30T20:13:04.545025+00:00] main.INFO: Broken reference: the 'notification.messages' tries to reorder itself towards 'user', but their parents are different: 'header.inner.right' and 'header' respectively. [] []
[2026-01-30T20:13:04.727212+00:00] main.INFO: Item Magento_Backend::system_currency was removed [] []
[2026-01-30T20:13:04.733919+00:00] main.INFO: Add of item with id Magento_Config::system_config was processed [] []
[2026-01-30T20:13:04.734480+00:00] main.INFO: Add of item with id Magento_AdminNotification::system_adminnotification was processed [] []
[2026-01-30T20:13:04.734963+00:00] main.INFO: Add of item with id Magento_Theme::design_config was processed [] []
[2026-01-30T20:13:04.735386+00:00] main.INFO: Add of item with id Magento_Theme::system_design_theme was processed [] []
[2026-01-30T20:13:04.735809+00:00] main.INFO: Add of item with id Magento_Backend::system_design_schedule was processed [] []
[2026-01-30T20:13:04.736224+00:00] main.INFO: Add of item with id Magento_Backend::system_store was processed [] []
[2026-01-30T20:13:04.736667+00:00] main.INFO: Add of item with id Magento_Backend::dashboard was processed [] []
[2026-01-30T20:13:04.737088+00:00] main.INFO: Add of item with id Magento_Backend::system was processed [] []
[2026-01-30T20:13:04.737513+00:00] main.INFO: Add of item with id Magento_Backend::system_tools was processed [] []
[2026-01-30T20:13:04.737945+00:00] main.INFO: Add of item with id Magento_Backend::system_design was processed [] []
[2026-01-30T20:13:04.738360+00:00] main.INFO: Add of item with id Magento_Backend::system_convert was processed [] []
[2026-01-30T20:13:04.738803+00:00] main.INFO: Add of item with id Magento_Backend::system_cache was processed [] []
[2026-01-30T20:13:04.739291+00:00] main.INFO: Add of item with id Magento_Backend::marketing was processed [] []
[2026-01-30T20:13:04.739783+00:00] main.INFO: Add of item with id Magento_Backend::marketing_communications was processed [] []
[2026-01-30T20:13:04.740250+00:00] main.INFO: Add of item with id Magento_Backend::marketing_seo was processed [] []
[2026-01-30T20:13:04.740738+00:00] main.INFO: Add of item with id Magento_Backend::marketing_user_content was processed [] []
[2026-01-30T20:13:04.741179+00:00] main.INFO: Add of item with id Magento_Backend::content was processed [] []
[2026-01-30T20:13:04.741592+00:00] main.INFO: Add of item with id Magento_Backend::content_elements was processed [] []
[2026-01-30T20:13:04.742065+00:00] main.INFO: Add of item with id Magento_Backend::stores was processed [] []
[2026-01-30T20:13:04.742605+00:00] main.INFO: Add of item with id Magento_Backend::stores_settings was processed [] []
[2026-01-30T20:13:04.743059+00:00] main.INFO: Add of item with id Magento_Backend::stores_attributes was processed [] []
[2026-01-30T20:13:04.743489+00:00] main.INFO: Add of item with id Magento_Backend::other_settings was processed [] []
[2026-01-30T20:13:04.743911+00:00] main.INFO: Add of item with id Magento_Backend::system_other_settings was processed [] []
[2026-01-30T20:13:04.744340+00:00] main.INFO: Add of item with id Magento_User::system_acl was processed [] []
[2026-01-30T20:13:04.744800+00:00] main.INFO: Add of item with id Magento_User::system_acl_users was processed [] []
[2026-01-30T20:13:04.745234+00:00] main.INFO: Add of item with id Magento_User::system_acl_roles was processed [] []
[2026-01-30T20:13:04.745665+00:00] main.INFO: Add of item with id Magento_User::system_acl_locks was processed [] []
[2026-01-30T20:13:04.746073+00:00] main.INFO: Add of item with id Magento_Customer::customer was processed [] []
[2026-01-30T20:13:04.746503+00:00] main.INFO: Add of item with id Magento_Customer::customer_manage was processed [] []
[2026-01-30T20:13:04.746917+00:00] main.INFO: Add of item with id Magento_Customer::customer_online was processed [] []
[2026-01-30T20:13:04.747323+00:00] main.INFO: Add of item with id Magento_Customer::customer_group was processed [] []
[2026-01-30T20:13:04.747735+00:00] main.INFO: Add of item with id Magento_Backup::system_tools_backup was processed [] []
[2026-01-30T20:13:04.748144+00:00] main.INFO: Add of item with id Magento_Indexer::system_index was processed [] []
[2026-01-30T20:13:04.748565+00:00] main.INFO: Add of item with id Magento_Variable::system_variable was processed [] []
[2026-01-30T20:13:04.749014+00:00] main.INFO: Add of item with id Magento_Cms::cms_page was processed [] []
[2026-01-30T20:13:04.749429+00:00] main.INFO: Add of item with id Magento_Cms::cms_block was processed [] []
[2026-01-30T20:13:04.749847+00:00] main.INFO: Add of item with id Magento_Search::search_terms was processed [] []
[2026-01-30T20:13:04.750264+00:00] main.INFO: Add of item with id Magento_Search::search_synonyms was processed [] []
[2026-01-30T20:13:04.750692+00:00] main.INFO: Add of item with id Magento_Catalog::catalog was processed [] []
[2026-01-30T20:13:04.751113+00:00] main.INFO: Add of item with id Magento_Catalog::catalog_products was processed [] []
[2026-01-30T20:13:04.751523+00:00] main.INFO: Add of item with id Magento_Catalog::catalog_categories was processed [] []
[2026-01-30T20:13:04.751941+00:00] main.INFO: Add of item with id Magento_Catalog::catalog_attributes_attributes was processed [] []
[2026-01-30T20:13:04.752363+00:00] main.INFO: Add of item with id Magento_Catalog::catalog_attributes_sets was processed [] []
[2026-01-30T20:13:04.752787+00:00] main.INFO: Add of item with id Magento_Catalog::inventory was processed [] []
[2026-01-30T20:13:04.753207+00:00] main.INFO: Add of item with id Magento_CatalogRule::promo was processed [] []
[2026-01-30T20:13:04.753623+00:00] main.INFO: Add of item with id Magento_CatalogRule::promo_catalog was processed [] []
[2026-01-30T20:13:04.754199+00:00] main.INFO: Add of item with id Magento_MediaGalleryUi::media was processed [] []
[2026-01-30T20:13:04.754656+00:00] main.INFO: Add of item with id Magento_MediaGalleryUi::media_gallery was processed [] []
[2026-01-30T20:13:04.755115+00:00] main.INFO: Add of item with id Magento_Integration::system_extensions was processed [] []
[2026-01-30T20:13:04.755564+00:00] main.INFO: Add of item with id Magento_Integration::system_integrations was processed [] []
[2026-01-30T20:13:04.755980+00:00] main.INFO: Add of item with id Magento_Sales::sales was processed [] []
[2026-01-30T20:13:04.756523+00:00] main.INFO: Add of item with id Magento_Sales::sales_operation was processed [] []
[2026-01-30T20:13:04.756992+00:00] main.INFO: Add of item with id Magento_Sales::sales_order was processed [] []
[2026-01-30T20:13:04.757478+00:00] main.INFO: Add of item with id Magento_Sales::sales_invoice was processed [] []
[2026-01-30T20:13:04.757957+00:00] main.INFO: Add of item with id Magento_Sales::sales_shipment was processed [] []
[2026-01-30T20:13:04.758778+00:00] main.INFO: Add of item with id Magento_Sales::sales_creditmemo was processed [] []
[2026-01-30T20:13:04.759273+00:00] main.INFO: Add of item with id Magento_Sales::sales_transactions was processed [] []
[2026-01-30T20:13:04.759695+00:00] main.INFO: Add of item with id Magento_Sales::system_order_statuses was processed [] []
[2026-01-30T20:13:04.760202+00:00] main.INFO: Add of item with id Magento_Widget::cms_widget_instance was processed [] []
[2026-01-30T20:13:04.760685+00:00] main.INFO: Add of item with id Magento_Analytics::business_intelligence was processed [] []
[2026-01-30T20:13:04.761138+00:00] main.INFO: Add of item with id Magento_Analytics::advanced_reporting was processed [] []
[2026-01-30T20:13:04.761575+00:00] main.INFO: Add of item with id Magento_Analytics::bi_essentials was processed [] []
[2026-01-30T20:13:04.762024+00:00] main.INFO: Add of item with id Magento_Downloadable::report_products_downloads was processed [] []
[2026-01-30T20:13:04.762459+00:00] main.INFO: Add of item with id Magento_ImportExport::system_convert_import was processed [] []
[2026-01-30T20:13:04.762875+00:00] main.INFO: Add of item with id Magento_ImportExport::system_convert_export was processed [] []
[2026-01-30T20:13:04.763286+00:00] main.INFO: Add of item with id Magento_ImportExport::system_convert_history was processed [] []
[2026-01-30T20:13:04.763713+00:00] main.INFO: Add of item with id Magento_Email::template was processed [] []
[2026-01-30T20:13:04.764142+00:00] main.INFO: Add of item with id Magento_EncryptionKey::system_crypt_key was processed [] []
[2026-01-30T20:13:04.764555+00:00] main.INFO: Add of item with id Magento_InventoryAdminUi::inventory was processed [] []
[2026-01-30T20:13:04.765001+00:00] main.INFO: Add of item with id Magento_InventoryAdminUi::source was processed [] []
[2026-01-30T20:13:04.765416+00:00] main.INFO: Add of item with id Magento_InventoryAdminUi::stock was processed [] []
[2026-01-30T20:13:04.765851+00:00] main.INFO: Add of item with id Magento_Reports::report was processed [] []
[2026-01-30T20:13:04.766269+00:00] main.INFO: Add of item with id Magento_Reports::report_marketing was processed [] []
[2026-01-30T20:13:04.766689+00:00] main.INFO: Add of item with id Magento_Reports::report_salesroot was processed [] []
[2026-01-30T20:13:04.767112+00:00] main.INFO: Add of item with id Magento_Reports::report_salesroot_sales was processed [] []
[2026-01-30T20:13:04.767530+00:00] main.INFO: Add of item with id Magento_Reports::report_salesroot_tax was processed [] []
[2026-01-30T20:13:04.767951+00:00] main.INFO: Add of item with id Magento_Reports::report_salesroot_invoiced was processed [] []
[2026-01-30T20:13:04.768409+00:00] main.INFO: Add of item with id Magento_Reports::report_salesroot_shipping was processed [] []
[2026-01-30T20:13:04.768869+00:00] main.INFO: Add of item with id Magento_Reports::report_salesroot_refunded was processed [] []
[2026-01-30T20:13:04.769292+00:00] main.INFO: Add of item with id Magento_Reports::report_salesroot_coupons was processed [] []
[2026-01-30T20:13:04.769729+00:00] main.INFO: Add of item with id Magento_Reports::report_shopcart_product was processed [] []
[2026-01-30T20:13:04.770174+00:00] main.INFO: Add of item with id Magento_Reports::report_shopcart_abandoned was processed [] []
[2026-01-30T20:13:04.770591+00:00] main.INFO: Add of item with id Magento_Reports::report_products was processed [] []
[2026-01-30T20:13:04.771042+00:00] main.INFO: Add of item with id Magento_Reports::report_products_bestsellers was processed [] []
[2026-01-30T20:13:04.771488+00:00] main.INFO: Add of item with id Magento_Reports::report_products_sold was processed [] []
[2026-01-30T20:13:04.771976+00:00] main.INFO: Add of item with id Magento_Reports::report_products_viewed was processed [] []
[2026-01-30T20:13:04.772399+00:00] main.INFO: Add of item with id Magento_Reports::report_products_lowstock was processed [] []
[2026-01-30T20:13:04.772832+00:00] main.INFO: Add of item with id Magento_Reports::report_customers was processed [] []
[2026-01-30T20:13:04.773293+00:00] main.INFO: Add of item with id Magento_Reports::report_customers_accounts was processed [] []
[2026-01-30T20:13:04.773811+00:00] main.INFO: Add of item with id Magento_Reports::report_customers_totals was processed [] []
[2026-01-30T20:13:04.774232+00:00] main.INFO: Add of item with id Magento_Reports::report_customers_orders was processed [] []
[2026-01-30T20:13:04.774655+00:00] main.INFO: Add of item with id Magento_Reports::report_statistics was processed [] []
[2026-01-30T20:13:04.775417+00:00] main.INFO: Add of item with id Magento_Reports::report_statistics_refresh was processed [] []
[2026-01-30T20:13:04.775969+00:00] main.INFO: Add of item with id Magento_Search::report_search_term was processed [] []
[2026-01-30T20:13:04.776389+00:00] main.INFO: Add of item with id Magento_LoginAsCustomerLog::login_log was processed [] []
[2026-01-30T20:13:04.776826+00:00] main.INFO: Add of item with id Magento_Marketplace::partners was processed [] []
[2026-01-30T20:13:04.777270+00:00] main.INFO: Add of item with id Magento_Newsletter::newsletter_template was processed [] []
[2026-01-30T20:13:04.777685+00:00] main.INFO: Add of item with id Magento_Newsletter::newsletter_queue was processed [] []
[2026-01-30T20:13:04.778165+00:00] main.INFO: Add of item with id Magento_Newsletter::newsletter_subscriber was processed [] []
[2026-01-30T20:13:04.778594+00:00] main.INFO: Add of item with id Magento_Newsletter::newsletter_problem was processed [] []
[2026-01-30T20:13:04.779008+00:00] main.INFO: Add of item with id Magento_SalesRule::promo_quote was processed [] []
[2026-01-30T20:13:04.779424+00:00] main.INFO: Add of item with id Magento_Sitemap::catalog_sitemap was processed [] []
[2026-01-30T20:13:04.779847+00:00] main.INFO: Add of item with id Magento_PageBuilder::templates was processed [] []
[2026-01-30T20:13:04.780274+00:00] main.INFO: Add of item with id Magento_Paypal::report_salesroot_paypal_settlement_reports was processed [] []
[2026-01-30T20:13:04.780724+00:00] main.INFO: Add of item with id Magento_Paypal::paypal_billing_agreement was processed [] []
[2026-01-30T20:13:04.781149+00:00] main.INFO: Add of item with id Magento_CheckoutAgreements::sales_checkoutagreement was processed [] []
[2026-01-30T20:13:04.781561+00:00] main.INFO: Add of item with id Magento_Review::catalog_reviews_ratings_ratings was processed [] []
[2026-01-30T20:13:04.782016+00:00] main.INFO: Add of item with id Magento_Review::catalog_reviews_ratings_pending was processed [] []
[2026-01-30T20:13:04.782436+00:00] main.INFO: Add of item with id Magento_Review::catalog_reviews_ratings_reviews_all was processed [] []
[2026-01-30T20:13:04.782846+00:00] main.INFO: Add of item with id Magento_Review::report_review was processed [] []
[2026-01-30T20:13:04.783277+00:00] main.INFO: Add of item with id Magento_Review::report_review_customer was processed [] []
[2026-01-30T20:13:04.783687+00:00] main.INFO: Add of item with id Magento_Review::report_review_product was processed [] []
[2026-01-30T20:13:04.784110+00:00] main.INFO: Add of item with id Magento_UrlRewrite::urlrewrite was processed [] []
[2026-01-30T20:13:04.784522+00:00] main.INFO: Add of item with id Magento_Tax::sales_tax was processed [] []
[2026-01-30T20:13:04.784957+00:00] main.INFO: Add of item with id Magento_Tax::sales_tax_rules was processed [] []
[2026-01-30T20:13:04.785378+00:00] main.INFO: Add of item with id Magento_Tax::sales_tax_rates was processed [] []
[2026-01-30T20:13:04.785826+00:00] main.INFO: Add of item with id Magento_TaxImportExport::system_convert_tax was processed [] []
[2026-01-30T20:13:04.786240+00:00] main.INFO: Add of item with id Magento_AsynchronousOperations::system_magento_logging was processed [] []
[2026-01-30T20:13:04.786663+00:00] main.INFO: Add of item with id Magento_AsynchronousOperations::system_magento_logging_bulk_operations was processed [] []
[2026-01-30T20:13:04.787085+00:00] main.INFO: Add of item with id Magento_CurrencySymbol::system_currency was processed [] []
[2026-01-30T20:13:04.787618+00:00] main.INFO: Add of item with id Magento_CurrencySymbol::system_currency_rates was processed [] []
[2026-01-30T20:13:04.788052+00:00] main.INFO: Add of item with id Magento_CurrencySymbol::system_currency_symbols was processed [] []
[2026-01-30T20:13:04.788469+00:00] main.INFO: Add of item with id PayPal_Braintree::settlement_report was processed [] []
[2026-01-30T20:13:04.788908+00:00] main.INFO: Add of item with id PayPal_Braintree::virtual_terminal was processed [] []
[2026-01-30T20:13:05.056557+00:00] main.DEBUG: cache_invalidate:  {"method":"POST","url":"http://magento.local.com/admin/admin/cache/massRefresh/key/bf90cd1b9348df8078aca4166809e857c6d13d39bcfc32adedea23c52845ee22/","invalidateInfo":{"tags":["CONFIG"],"mode":"matchingTag"}} []
[2026-01-30T20:13:05.059009+00:00] main.DEBUG: cache_invalidate:  {"method":"POST","url":"http://magento.local.com/admin/admin/cache/massRefresh/key/bf90cd1b9348df8078aca4166809e857c6d13d39bcfc32adedea23c52845ee22/","invalidateInfo":{"tags":["FPC"],"mode":"matchingTag"}} []
[2026-01-30T20:13:05.584440+00:00] main.INFO: Broken reference: the 'notification.messages' tries to reorder itself towards 'user', but their parents are different: 'header.inner.right' and 'header' respectively. [] []
[2026-01-30T20:13:05.715574+00:00] main.INFO: Item Magento_Backend::system_currency was removed [] []
[2026-01-30T20:13:05.719948+00:00] main.INFO: Add of item with id Magento_Config::system_config was processed [] []
[2026-01-30T20:13:05.720504+00:00] main.INFO: Add of item with id Magento_AdminNotification::system_adminnotification was processed [] []
[2026-01-30T20:13:05.720976+00:00] main.INFO: Add of item with id Magento_Theme::design_config was processed [] []
[2026-01-30T20:13:05.721395+00:00] main.INFO: Add of item with id Magento_Theme::system_design_theme was processed [] []
[2026-01-30T20:13:05.721850+00:00] main.INFO: Add of item with id Magento_Backend::system_design_schedule was processed [] []
[2026-01-30T20:13:05.722277+00:00] main.INFO: Add of item with id Magento_Backend::system_store was processed [] []
[2026-01-30T20:13:05.722686+00:00] main.INFO: Add of item with id Magento_Backend::dashboard was processed [] []
[2026-01-30T20:13:05.723110+00:00] main.INFO: Add of item with id Magento_Backend::system was processed [] []
[2026-01-30T20:13:05.723532+00:00] main.INFO: Add of item with id Magento_Backend::system_tools was processed [] []
[2026-01-30T20:13:05.723951+00:00] main.INFO: Add of item with id Magento_Backend::system_design was processed [] []
[2026-01-30T20:13:05.724371+00:00] main.INFO: Add of item with id Magento_Backend::system_convert was processed [] []
[2026-01-30T20:13:05.724827+00:00] main.INFO: Add of item with id Magento_Backend::system_cache was processed [] []
[2026-01-30T20:13:05.725330+00:00] main.INFO: Add of item with id Magento_Backend::marketing was processed [] []
[2026-01-30T20:13:05.725770+00:00] main.INFO: Add of item with id Magento_Backend::marketing_communications was processed [] []
[2026-01-30T20:13:05.726187+00:00] main.INFO: Add of item with id Magento_Backend::marketing_seo was processed [] []
[2026-01-30T20:13:05.726595+00:00] main.INFO: Add of item with id Magento_Backend::marketing_user_content was processed [] []
[2026-01-30T20:13:05.727020+00:00] main.INFO: Add of item with id Magento_Backend::content was processed [] []
[2026-01-30T20:13:05.727430+00:00] main.INFO: Add of item with id Magento_Backend::content_elements was processed [] []
[2026-01-30T20:13:05.727837+00:00] main.INFO: Add of item with id Magento_Backend::stores was processed [] []
[2026-01-30T20:13:05.728259+00:00] main.INFO: Add of item with id Magento_Backend::stores_settings was processed [] []
[2026-01-30T20:13:05.728705+00:00] main.INFO: Add of item with id Magento_Backend::stores_attributes was processed [] []
[2026-01-30T20:13:05.729178+00:00] main.INFO: Add of item with id Magento_Backend::other_settings was processed [] []
[2026-01-30T20:13:05.729672+00:00] main.INFO: Add of item with id Magento_Backend::system_other_settings was processed [] []
[2026-01-30T20:13:05.730087+00:00] main.INFO: Add of item with id Magento_User::system_acl was processed [] []
[2026-01-30T20:13:05.730513+00:00] main.INFO: Add of item with id Magento_User::system_acl_users was processed [] []
[2026-01-30T20:13:05.730935+00:00] main.INFO: Add of item with id Magento_User::system_acl_roles was processed [] []
[2026-01-30T20:13:05.731344+00:00] main.INFO: Add of item with id Magento_User::system_acl_locks was processed [] []
[2026-01-30T20:13:05.731775+00:00] main.INFO: Add of item with id Magento_Customer::customer was processed [] []
[2026-01-30T20:13:05.732199+00:00] main.INFO: Add of item with id Magento_Customer::customer_manage was processed [] []
[2026-01-30T20:13:05.732757+00:00] main.INFO: Add of item with id Magento_Customer::customer_online was processed [] []
[2026-01-30T20:13:05.733224+00:00] main.INFO: Add of item with id Magento_Customer::customer_group was processed [] []
[2026-01-30T20:13:05.733773+00:00] main.INFO: Add of item with id Magento_Backup::system_tools_backup was processed [] []
[2026-01-30T20:13:05.734212+00:00] main.INFO: Add of item with id Magento_Indexer::system_index was processed [] []
[2026-01-30T20:13:05.734646+00:00] main.INFO: Add of item with id Magento_Variable::system_variable was processed [] []
[2026-01-30T20:13:05.735096+00:00] main.INFO: Add of item with id Magento_Cms::cms_page was processed [] []
[2026-01-30T20:13:05.735523+00:00] main.INFO: Add of item with id Magento_Cms::cms_block was processed [] []
[2026-01-30T20:13:05.735959+00:00] main.INFO: Add of item with id Magento_Search::search_terms was processed [] []
[2026-01-30T20:13:05.736391+00:00] main.INFO: Add of item with id Magento_Search::search_synonyms was processed [] []
[2026-01-30T20:13:05.736908+00:00] main.INFO: Add of item with id Magento_Catalog::catalog was processed [] []
[2026-01-30T20:13:05.737379+00:00] main.INFO: Add of item with id Magento_Catalog::catalog_products was processed [] []
[2026-01-30T20:13:05.737802+00:00] main.INFO: Add of item with id Magento_Catalog::catalog_categories was processed [] []
[2026-01-30T20:13:05.738226+00:00] main.INFO: Add of item with id Magento_Catalog::catalog_attributes_attributes was processed [] []
[2026-01-30T20:13:05.738654+00:00] main.INFO: Add of item with id Magento_Catalog::catalog_attributes_sets was processed [] []
[2026-01-30T20:13:05.739071+00:00] main.INFO: Add of item with id Magento_Catalog::inventory was processed [] []
[2026-01-30T20:13:05.739481+00:00] main.INFO: Add of item with id Magento_CatalogRule::promo was processed [] []
[2026-01-30T20:13:05.739899+00:00] main.INFO: Add of item with id Magento_CatalogRule::promo_catalog was processed [] []
[2026-01-30T20:13:05.740309+00:00] main.INFO: Add of item with id Magento_MediaGalleryUi::media was processed [] []
[2026-01-30T20:13:05.740750+00:00] main.INFO: Add of item with id Magento_MediaGalleryUi::media_gallery was processed [] []
[2026-01-30T20:13:05.741166+00:00] main.INFO: Add of item with id Magento_Integration::system_extensions was processed [] []
[2026-01-30T20:13:05.741584+00:00] main.INFO: Add of item with id Magento_Integration::system_integrations was processed [] []
[2026-01-30T20:13:05.742025+00:00] main.INFO: Add of item with id Magento_Sales::sales was processed [] []
[2026-01-30T20:13:05.742502+00:00] main.INFO: Add of item with id Magento_Sales::sales_operation was processed [] []
[2026-01-30T20:13:05.742987+00:00] main.INFO: Add of item with id Magento_Sales::sales_order was processed [] []
[2026-01-30T20:13:05.743413+00:00] main.INFO: Add of item with id Magento_Sales::sales_invoice was processed [] []
[2026-01-30T20:13:05.743829+00:00] main.INFO: Add of item with id Magento_Sales::sales_shipment was processed [] []
[2026-01-30T20:13:05.744239+00:00] main.INFO: Add of item with id Magento_Sales::sales_creditmemo was processed [] []
[2026-01-30T20:13:05.744671+00:00] main.INFO: Add of item with id Magento_Sales::sales_transactions was processed [] []
[2026-01-30T20:13:05.745093+00:00] main.INFO: Add of item with id Magento_Sales::system_order_statuses was processed [] []
[2026-01-30T20:13:05.745505+00:00] main.INFO: Add of item with id Magento_Widget::cms_widget_instance was processed [] []
[2026-01-30T20:13:05.745927+00:00] main.INFO: Add of item with id Magento_Analytics::business_intelligence was processed [] []
[2026-01-30T20:13:05.746344+00:00] main.INFO: Add of item with id Magento_Analytics::advanced_reporting was processed [] []
[2026-01-30T20:13:05.746774+00:00] main.INFO: Add of item with id Magento_Analytics::bi_essentials was processed [] []
[2026-01-30T20:13:05.747191+00:00] main.INFO: Add of item with id Magento_Downloadable::report_products_downloads was processed [] []
[2026-01-30T20:13:05.747644+00:00] main.INFO: Add of item with id Magento_ImportExport::system_convert_import was processed [] []
[2026-01-30T20:13:05.748055+00:00] main.INFO: Add of item with id Magento_ImportExport::system_convert_export was processed [] []
[2026-01-30T20:13:05.748462+00:00] main.INFO: Add of item with id Magento_ImportExport::system_convert_history was processed [] []
[2026-01-30T20:13:05.748906+00:00] main.INFO: Add of item with id Magento_Email::template was processed [] []
[2026-01-30T20:13:05.749318+00:00] main.INFO: Add of item with id Magento_EncryptionKey::system_crypt_key was processed [] []
[2026-01-30T20:13:05.749742+00:00] main.INFO: Add of item with id Magento_InventoryAdminUi::inventory was processed [] []
[2026-01-30T20:13:05.750161+00:00] main.INFO: Add of item with id Magento_InventoryAdminUi::source was processed [] []
[2026-01-30T20:13:05.750569+00:00] main.INFO: Add of item with id Magento_InventoryAdminUi::stock was processed [] []
[2026-01-30T20:13:05.750986+00:00] main.INFO: Add of item with id Magento_Reports::report was processed [] []
[2026-01-30T20:13:05.751393+00:00] main.INFO: Add of item with id Magento_Reports::report_marketing was processed [] []
[2026-01-30T20:13:05.751802+00:00] main.INFO: Add of item with id Magento_Reports::report_salesroot was processed [] []
[2026-01-30T20:13:05.752227+00:00] main.INFO: Add of item with id Magento_Reports::report_salesroot_sales was processed [] []
[2026-01-30T20:13:05.752683+00:00] main.INFO: Add of item with id Magento_Reports::report_salesroot_tax was processed [] []
[2026-01-30T20:13:05.753108+00:00] main.INFO: Add of item with id Magento_Reports::report_salesroot_invoiced was processed [] []
[2026-01-30T20:13:05.753517+00:00] main.INFO: Add of item with id Magento_Reports::report_salesroot_shipping was processed [] []
[2026-01-30T20:13:05.753924+00:00] main.INFO: Add of item with id Magento_Reports::report_salesroot_refunded was processed [] []
[2026-01-30T20:13:05.754330+00:00] main.INFO: Add of item with id Magento_Reports::report_salesroot_coupons was processed [] []
[2026-01-30T20:13:05.754761+00:00] main.INFO: Add of item with id Magento_Reports::report_shopcart_product was processed [] []
[2026-01-30T20:13:05.755169+00:00] main.INFO: Add of item with id Magento_Reports::report_shopcart_abandoned was processed [] []
[2026-01-30T20:13:05.755581+00:00] main.INFO: Add of item with id Magento_Reports::report_products was processed [] []
[2026-01-30T20:13:05.755987+00:00] main.INFO: Add of item with id Magento_Reports::report_products_bestsellers was processed [] []
[2026-01-30T20:13:05.756408+00:00] main.INFO: Add of item with id Magento_Reports::report_products_sold was processed [] []
[2026-01-30T20:13:05.756835+00:00] main.INFO: Add of item with id Magento_Reports::report_products_viewed was processed [] []
[2026-01-30T20:13:05.757246+00:00] main.INFO: Add of item with id Magento_Reports::report_products_lowstock was processed [] []
[2026-01-30T20:13:05.757652+00:00] main.INFO: Add of item with id Magento_Reports::report_customers was processed [] []
[2026-01-30T20:13:05.758079+00:00] main.INFO: Add of item with id Magento_Reports::report_customers_accounts was processed [] []
[2026-01-30T20:13:05.758893+00:00] main.INFO: Add of item with id Magento_Reports::report_customers_totals was processed [] []
[2026-01-30T20:13:05.759387+00:00] main.INFO: Add of item with id Magento_Reports::report_customers_orders was processed [] []
[2026-01-30T20:13:05.759803+00:00] main.INFO: Add of item with id Magento_Reports::report_statistics was processed [] []
[2026-01-30T20:13:05.760236+00:00] main.INFO: Add of item with id Magento_Reports::report_statistics_refresh was processed [] []
[2026-01-30T20:13:05.760681+00:00] main.INFO: Add of item with id Magento_Search::report_search_term was processed [] []
[2026-01-30T20:13:05.761106+00:00] main.INFO: Add of item with id Magento_LoginAsCustomerLog::login_log was processed [] []
[2026-01-30T20:13:05.761515+00:00] main.INFO: Add of item with id Magento_Marketplace::partners was processed [] []
[2026-01-30T20:13:05.761924+00:00] main.INFO: Add of item with id Magento_Newsletter::newsletter_template was processed [] []
[2026-01-30T20:13:05.762329+00:00] main.INFO: Add of item with id Magento_Newsletter::newsletter_queue was processed [] []
[2026-01-30T20:13:05.762740+00:00] main.INFO: Add of item with id Magento_Newsletter::newsletter_subscriber was processed [] []
[2026-01-30T20:13:05.763165+00:00] main.INFO: Add of item with id Magento_Newsletter::newsletter_problem was processed [] []
[2026-01-30T20:13:05.763575+00:00] main.INFO: Add of item with id Magento_SalesRule::promo_quote was processed [] []
[2026-01-30T20:13:05.764001+00:00] main.INFO: Add of item with id Magento_Sitemap::catalog_sitemap was processed [] []
[2026-01-30T20:13:05.764408+00:00] main.INFO: Add of item with id Magento_PageBuilder::templates was processed [] []
[2026-01-30T20:13:05.764839+00:00] main.INFO: Add of item with id Magento_Paypal::report_salesroot_paypal_settlement_reports was processed [] []
[2026-01-30T20:13:05.765253+00:00] main.INFO: Add of item with id Magento_Paypal::paypal_billing_agreement was processed [] []
[2026-01-30T20:13:05.765661+00:00] main.INFO: Add of item with id Magento_CheckoutAgreements::sales_checkoutagreement was processed [] []
[2026-01-30T20:13:05.766078+00:00] main.INFO: Add of item with id Magento_Review::catalog_reviews_ratings_ratings was processed [] []
[2026-01-30T20:13:05.766504+00:00] main.INFO: Add of item with id Magento_Review::catalog_reviews_ratings_pending was processed [] []
[2026-01-30T20:13:05.766916+00:00] main.INFO: Add of item with id Magento_Review::catalog_reviews_ratings_reviews_all was processed [] []
[2026-01-30T20:13:05.767324+00:00] main.INFO: Add of item with id Magento_Review::report_review was processed [] []
[2026-01-30T20:13:05.767739+00:00] main.INFO: Add of item with id Magento_Review::report_review_customer was processed [] []
[2026-01-30T20:13:05.768161+00:00] main.INFO: Add of item with id Magento_Review::report_review_product was processed [] []
[2026-01-30T20:13:05.768590+00:00] main.INFO: Add of item with id Magento_UrlRewrite::urlrewrite was processed [] []
[2026-01-30T20:13:05.769010+00:00] main.INFO: Add of item with id Magento_Tax::sales_tax was processed [] []
[2026-01-30T20:13:05.769430+00:00] main.INFO: Add of item with id Magento_Tax::sales_tax_rules was processed [] []
[2026-01-30T20:13:05.769841+00:00] main.INFO: Add of item with id Magento_Tax::sales_tax_rates was processed [] []
[2026-01-30T20:13:05.770258+00:00] main.INFO: Add of item with id Magento_TaxImportExport::system_convert_tax was processed [] []
[2026-01-30T20:13:05.770665+00:00] main.INFO: Add of item with id Magento_AsynchronousOperations::system_magento_logging was processed [] []
[2026-01-30T20:13:05.771080+00:00] main.INFO: Add of item with id Magento_AsynchronousOperations::system_magento_logging_bulk_operations was processed [] []
[2026-01-30T20:13:05.771492+00:00] main.INFO: Add of item with id Magento_CurrencySymbol::system_currency was processed [] []
[2026-01-30T20:13:05.771905+00:00] main.INFO: Add of item with id Magento_CurrencySymbol::system_currency_rates was processed [] []
[2026-01-30T20:13:05.772327+00:00] main.INFO: Add of item with id Magento_CurrencySymbol::system_currency_symbols was processed [] []
[2026-01-30T20:13:05.772758+00:00] main.INFO: Add of item with id PayPal_Braintree::settlement_report was processed [] []
[2026-01-30T20:13:05.773173+00:00] main.INFO: Add of item with id PayPal_Braintree::virtual_terminal was processed [] []
[2026-01-30T20:13:05.912090+00:00] main.DEBUG: cache_invalidate:  {"method":"POST","url":"http://magento.local.com/admin/admin/cache/massRefresh/key/bf90cd1b9348df8078aca4166809e857c6d13d39bcfc32adedea23c52845ee22/","invalidateInfo":{"tags":["CONFIG"],"mode":"matchingTag"}} []
[2026-01-30T20:13:05.914060+00:00] main.DEBUG: cache_invalidate:  {"method":"POST","url":"http://magento.local.com/admin/admin/cache/massRefresh/key/bf90cd1b9348df8078aca4166809e857c6d13d39bcfc32adedea23c52845ee22/","invalidateInfo":{"tags":["FPC"],"mode":"matchingTag"}} []
[2026-01-30T20:13:06.421692+00:00] main.INFO: Broken reference: the 'notification.messages' tries to reorder itself towards 'user', but their parents are different: 'header.inner.right' and 'header' respectively. [] []
[2026-01-30T20:13:06.538333+00:00] main.INFO: Item Magento_Backend::system_currency was removed [] []
[2026-01-30T20:13:06.542538+00:00] main.INFO: Add of item with id Magento_Config::system_config was processed [] []
[2026-01-30T20:13:06.543079+00:00] main.INFO: Add of item with id Magento_AdminNotification::system_adminnotification was processed [] []
[2026-01-30T20:13:06.543518+00:00] main.INFO: Add of item with id Magento_Theme::design_config was processed [] []
[2026-01-30T20:13:06.543951+00:00] main.INFO: Add of item with id Magento_Theme::system_design_theme was processed [] []
[2026-01-30T20:13:06.544367+00:00] main.INFO: Add of item with id Magento_Backend::system_design_schedule was processed [] []
[2026-01-30T20:13:06.544793+00:00] main.INFO: Add of item with id Magento_Backend::system_store was processed [] []
[2026-01-30T20:13:06.545209+00:00] main.INFO: Add of item with id Magento_Backend::dashboard was processed [] []
[2026-01-30T20:13:06.545637+00:00] main.INFO: Add of item with id Magento_Backend::system was processed [] []
[2026-01-30T20:13:06.546072+00:00] main.INFO: Add of item with id Magento_Backend::system_tools was processed [] []
[2026-01-30T20:13:06.546503+00:00] main.INFO: Add of item with id Magento_Backend::system_design was processed [] []
[2026-01-30T20:13:06.546913+00:00] main.INFO: Add of item with id Magento_Backend::system_convert was processed [] []
[2026-01-30T20:13:06.547330+00:00] main.INFO: Add of item with id Magento_Backend::system_cache was processed [] []
[2026-01-30T20:13:06.547740+00:00] main.INFO: Add of item with id Magento_Backend::marketing was processed [] []
[2026-01-30T20:13:06.548171+00:00] main.INFO: Add of item with id Magento_Backend::marketing_communications was processed [] []
[2026-01-30T20:13:06.548579+00:00] main.INFO: Add of item with id Magento_Backend::marketing_seo was processed [] []
[2026-01-30T20:13:06.549012+00:00] main.INFO: Add of item with id Magento_Backend::marketing_user_content was processed [] []
[2026-01-30T20:13:06.549422+00:00] main.INFO: Add of item with id Magento_Backend::content was processed [] []
[2026-01-30T20:13:06.549831+00:00] main.INFO: Add of item with id Magento_Backend::content_elements was processed [] []
[2026-01-30T20:13:06.550265+00:00] main.INFO: Add of item with id Magento_Backend::stores was processed [] []
[2026-01-30T20:13:06.550685+00:00] main.INFO: Add of item with id Magento_Backend::stores_settings was processed [] []
[2026-01-30T20:13:06.551093+00:00] main.INFO: Add of item with id Magento_Backend::stores_attributes was processed [] []
[2026-01-30T20:13:06.551500+00:00] main.INFO: Add of item with id Magento_Backend::other_settings was processed [] []
[2026-01-30T20:13:06.551921+00:00] main.INFO: Add of item with id Magento_Backend::system_other_settings was processed [] []
[2026-01-30T20:13:06.552344+00:00] main.INFO: Add of item with id Magento_User::system_acl was processed [] []
[2026-01-30T20:13:06.552784+00:00] main.INFO: Add of item with id Magento_User::system_acl_users was processed [] []
[2026-01-30T20:13:06.553198+00:00] main.INFO: Add of item with id Magento_User::system_acl_roles was processed [] []
[2026-01-30T20:13:06.553605+00:00] main.INFO: Add of item with id Magento_User::system_acl_locks was processed [] []
[2026-01-30T20:13:06.554018+00:00] main.INFO: Add of item with id Magento_Customer::customer was processed [] []
[2026-01-30T20:13:06.554434+00:00] main.INFO: Add of item with id Magento_Customer::customer_manage was processed [] []
[2026-01-30T20:13:06.554841+00:00] main.INFO: Add of item with id Magento_Customer::customer_online was processed [] []
[2026-01-30T20:13:06.555245+00:00] main.INFO: Add of item with id Magento_Customer::customer_group was processed [] []
[2026-01-30T20:13:06.555660+00:00] main.INFO: Add of item with id Magento_Backup::system_tools_backup was processed [] []
[2026-01-30T20:13:06.556066+00:00] main.INFO: Add of item with id Magento_Indexer::system_index was processed [] []
[2026-01-30T20:13:06.556475+00:00] main.INFO: Add of item with id Magento_Variable::system_variable was processed [] []
[2026-01-30T20:13:06.556971+00:00] main.INFO: Add of item with id Magento_Cms::cms_page was processed [] []
[2026-01-30T20:13:06.557402+00:00] main.INFO: Add of item with id Magento_Cms::cms_block was processed [] []
[2026-01-30T20:13:06.557820+00:00] main.INFO: Add of item with id Magento_Search::search_terms was processed [] []
[2026-01-30T20:13:06.558227+00:00] main.INFO: Add of item with id Magento_Search::search_synonyms was processed [] []
[2026-01-30T20:13:06.559250+00:00] main.INFO: Add of item with id Magento_Catalog::catalog was processed [] []
[2026-01-30T20:13:06.560175+00:00] main.INFO: Add of item with id Magento_Catalog::catalog_products was processed [] []
[2026-01-30T20:13:06.560858+00:00] main.INFO: Add of item with id Magento_Catalog::catalog_categories was processed [] []
[2026-01-30T20:13:06.561325+00:00] main.INFO: Add of item with id Magento_Catalog::catalog_attributes_attributes was processed [] []
[2026-01-30T20:13:06.561758+00:00] main.INFO: Add of item with id Magento_Catalog::catalog_attributes_sets was processed [] []
[2026-01-30T20:13:06.562199+00:00] main.INFO: Add of item with id Magento_Catalog::inventory was processed [] []
[2026-01-30T20:13:06.562612+00:00] main.INFO: Add of item with id Magento_CatalogRule::promo was processed [] []
[2026-01-30T20:13:06.563032+00:00] main.INFO: Add of item with id Magento_CatalogRule::promo_catalog was processed [] []
[2026-01-30T20:13:06.563445+00:00] main.INFO: Add of item with id Magento_MediaGalleryUi::media was processed [] []
[2026-01-30T20:13:06.563860+00:00] main.INFO: Add of item with id Magento_MediaGalleryUi::media_gallery was processed [] []
[2026-01-30T20:13:06.564294+00:00] main.INFO: Add of item with id Magento_Integration::system_extensions was processed [] []
[2026-01-30T20:13:06.564751+00:00] main.INFO: Add of item with id Magento_Integration::system_integrations was processed [] []
[2026-01-30T20:13:06.565191+00:00] main.INFO: Add of item with id Magento_Sales::sales was processed [] []
[2026-01-30T20:13:06.565626+00:00] main.INFO: Add of item with id Magento_Sales::sales_operation was processed [] []
[2026-01-30T20:13:06.566049+00:00] main.INFO: Add of item with id Magento_Sales::sales_order was processed [] []
[2026-01-30T20:13:06.566486+00:00] main.INFO: Add of item with id Magento_Sales::sales_invoice was processed [] []
[2026-01-30T20:13:06.566904+00:00] main.INFO: Add of item with id Magento_Sales::sales_shipment was processed [] []
[2026-01-30T20:13:06.567318+00:00] main.INFO: Add of item with id Magento_Sales::sales_creditmemo was processed [] []
[2026-01-30T20:13:06.567746+00:00] main.INFO: Add of item with id Magento_Sales::sales_transactions was processed [] []
[2026-01-30T20:13:06.568165+00:00] main.INFO: Add of item with id Magento_Sales::system_order_statuses was processed [] []
[2026-01-30T20:13:06.568588+00:00] main.INFO: Add of item with id Magento_Widget::cms_widget_instance was processed [] []
[2026-01-30T20:13:06.569029+00:00] main.INFO: Add of item with id Magento_Analytics::business_intelligence was processed [] []
[2026-01-30T20:13:06.569455+00:00] main.INFO: Add of item with id Magento_Analytics::advanced_reporting was processed [] []
[2026-01-30T20:13:06.569871+00:00] main.INFO: Add of item with id Magento_Analytics::bi_essentials was processed [] []
[2026-01-30T20:13:06.570317+00:00] main.INFO: Add of item with id Magento_Downloadable::report_products_downloads was processed [] []
[2026-01-30T20:13:06.570738+00:00] main.INFO: Add of item with id Magento_ImportExport::system_convert_import was processed [] []
[2026-01-30T20:13:06.571151+00:00] main.INFO: Add of item with id Magento_ImportExport::system_convert_export was processed [] []
[2026-01-30T20:13:06.571562+00:00] main.INFO: Add of item with id Magento_ImportExport::system_convert_history was processed [] []
[2026-01-30T20:13:06.571991+00:00] main.INFO: Add of item with id Magento_Email::template was processed [] []
[2026-01-30T20:13:06.572402+00:00] main.INFO: Add of item with id Magento_EncryptionKey::system_crypt_key was processed [] []
[2026-01-30T20:13:06.572833+00:00] main.INFO: Add of item with id Magento_InventoryAdminUi::inventory was processed [] []
[2026-01-30T20:13:06.573258+00:00] main.INFO: Add of item with id Magento_InventoryAdminUi::source was processed [] []
[2026-01-30T20:13:06.573684+00:00] main.INFO: Add of item with id Magento_InventoryAdminUi::stock was processed [] []
[2026-01-30T20:13:06.574094+00:00] main.INFO: Add of item with id Magento_Reports::report was processed [] []
[2026-01-30T20:13:06.574503+00:00] main.INFO: Add of item with id Magento_Reports::report_marketing was processed [] []
[2026-01-30T20:13:06.574910+00:00] main.INFO: Add of item with id Magento_Reports::report_salesroot was processed [] []
[2026-01-30T20:13:06.575860+00:00] main.INFO: Add of item with id Magento_Reports::report_salesroot_sales was processed [] []
[2026-01-30T20:13:06.576285+00:00] main.INFO: Add of item with id Magento_Reports::report_salesroot_tax was processed [] []
[2026-01-30T20:13:06.576726+00:00] main.INFO: Add of item with id Magento_Reports::report_salesroot_invoiced was processed [] []
[2026-01-30T20:13:06.577152+00:00] main.INFO: Add of item with id Magento_Reports::report_salesroot_shipping was processed [] []
[2026-01-30T20:13:06.577575+00:00] main.INFO: Add of item with id Magento_Reports::report_salesroot_refunded was processed [] []
[2026-01-30T20:13:06.577981+00:00] main.INFO: Add of item with id Magento_Reports::report_salesroot_coupons was processed [] []
[2026-01-30T20:13:06.578400+00:00] main.INFO: Add of item with id Magento_Reports::report_shopcart_product was processed [] []
[2026-01-30T20:13:06.578810+00:00] main.INFO: Add of item with id Magento_Reports::report_shopcart_abandoned was processed [] []
[2026-01-30T20:13:06.579217+00:00] main.INFO: Add of item with id Magento_Reports::report_products was processed [] []
[2026-01-30T20:13:06.579698+00:00] main.INFO: Add of item with id Magento_Reports::report_products_bestsellers was processed [] []
[2026-01-30T20:13:06.580119+00:00] main.INFO: Add of item with id Magento_Reports::report_products_sold was processed [] []
[2026-01-30T20:13:06.580527+00:00] main.INFO: Add of item with id Magento_Reports::report_products_viewed was processed [] []
[2026-01-30T20:13:06.580949+00:00] main.INFO: Add of item with id Magento_Reports::report_products_lowstock was processed [] []
[2026-01-30T20:13:06.581373+00:00] main.INFO: Add of item with id Magento_Reports::report_customers was processed [] []
[2026-01-30T20:13:06.581793+00:00] main.INFO: Add of item with id Magento_Reports::report_customers_accounts was processed [] []
[2026-01-30T20:13:06.582203+00:00] main.INFO: Add of item with id Magento_Reports::report_customers_totals was processed [] []
[2026-01-30T20:13:06.582608+00:00] main.INFO: Add of item with id Magento_Reports::report_customers_orders was processed [] []
[2026-01-30T20:13:06.583019+00:00] main.INFO: Add of item with id Magento_Reports::report_statistics was processed [] []
[2026-01-30T20:13:06.583446+00:00] main.INFO: Add of item with id Magento_Reports::report_statistics_refresh was processed [] []
[2026-01-30T20:13:06.583856+00:00] main.INFO: Add of item with id Magento_Search::report_search_term was processed [] []
[2026-01-30T20:13:06.584263+00:00] main.INFO: Add of item with id Magento_LoginAsCustomerLog::login_log was processed [] []
[2026-01-30T20:13:06.584677+00:00] main.INFO: Add of item with id Magento_Marketplace::partners was processed [] []
[2026-01-30T20:13:06.585113+00:00] main.INFO: Add of item with id Magento_Newsletter::newsletter_template was processed [] []
[2026-01-30T20:13:06.585522+00:00] main.INFO: Add of item with id Magento_Newsletter::newsletter_queue was processed [] []
[2026-01-30T20:13:06.585930+00:00] main.INFO: Add of item with id Magento_Newsletter::newsletter_subscriber was processed [] []
[2026-01-30T20:13:06.586337+00:00] main.INFO: Add of item with id Magento_Newsletter::newsletter_problem was processed [] []
[2026-01-30T20:13:06.586744+00:00] main.INFO: Add of item with id Magento_SalesRule::promo_quote was processed [] []
[2026-01-30T20:13:06.587205+00:00] main.INFO: Add of item with id Magento_Sitemap::catalog_sitemap was processed [] []
[2026-01-30T20:13:06.587617+00:00] main.INFO: Add of item with id Magento_PageBuilder::templates was processed [] []
[2026-01-30T20:13:06.588026+00:00] main.INFO: Add of item with id Magento_Paypal::report_salesroot_paypal_settlement_reports was processed [] []
[2026-01-30T20:13:06.588435+00:00] main.INFO: Add of item with id Magento_Paypal::paypal_billing_agreement was processed [] []
[2026-01-30T20:13:06.588869+00:00] main.INFO: Add of item with id Magento_CheckoutAgreements::sales_checkoutagreement was processed [] []
[2026-01-30T20:13:06.589277+00:00] main.INFO: Add of item with id Magento_Review::catalog_reviews_ratings_ratings was processed [] []
[2026-01-30T20:13:06.589714+00:00] main.INFO: Add of item with id Magento_Review::catalog_reviews_ratings_pending was processed [] []
[2026-01-30T20:13:06.590131+00:00] main.INFO: Add of item with id Magento_Review::catalog_reviews_ratings_reviews_all was processed [] []
[2026-01-30T20:13:06.590543+00:00] main.INFO: Add of item with id Magento_Review::report_review was processed [] []
[2026-01-30T20:13:06.590971+00:00] main.INFO: Add of item with id Magento_Review::report_review_customer was processed [] []
[2026-01-30T20:13:06.591379+00:00] main.INFO: Add of item with id Magento_Review::report_review_product was processed [] []
[2026-01-30T20:13:06.591789+00:00] main.INFO: Add of item with id Magento_UrlRewrite::urlrewrite was processed [] []
[2026-01-30T20:13:06.592531+00:00] main.INFO: Add of item with id Magento_Tax::sales_tax was processed [] []
[2026-01-30T20:13:06.593713+00:00] main.INFO: Add of item with id Magento_Tax::sales_tax_rules was processed [] []
[2026-01-30T20:13:06.594308+00:00] main.INFO: Add of item with id Magento_Tax::sales_tax_rates was processed [] []
[2026-01-30T20:13:06.595302+00:00] main.INFO: Add of item with id Magento_TaxImportExport::system_convert_tax was processed [] []
[2026-01-30T20:13:06.595786+00:00] main.INFO: Add of item with id Magento_AsynchronousOperations::system_magento_logging was processed [] []
[2026-01-30T20:13:06.596229+00:00] main.INFO: Add of item with id Magento_AsynchronousOperations::system_magento_logging_bulk_operations was processed [] []
[2026-01-30T20:13:06.596740+00:00] main.INFO: Add of item with id Magento_CurrencySymbol::system_currency was processed [] []
[2026-01-30T20:13:06.597220+00:00] main.INFO: Add of item with id Magento_CurrencySymbol::system_currency_rates was processed [] []
[2026-01-30T20:13:06.597637+00:00] main.INFO: Add of item with id Magento_CurrencySymbol::system_currency_symbols was processed [] []
[2026-01-30T20:13:06.598058+00:00] main.INFO: Add of item with id PayPal_Braintree::settlement_report was processed [] []
[2026-01-30T20:13:06.598510+00:00] main.INFO: Add of item with id PayPal_Braintree::virtual_terminal was processed [] []
[2026-01-30T20:13:19.335523+00:00] main.INFO: Broken reference: the 'catalog.compare.sidebar' element cannot be added as child to 'sidebar.additional', because the latter doesn't exist [] []
[2026-01-30T20:13:19.336149+00:00] main.INFO: Broken reference: the 'sale.reorder.sidebar' element cannot be added as child to 'sidebar.additional', because the latter doesn't exist [] []
[2026-01-30T20:13:19.336749+00:00] main.INFO: Broken reference: the 'wishlist_sidebar' element cannot be added as child to 'sidebar.additional', because the latter doesn't exist [] []
[2026-01-30T20:13:37.161146+00:00] main.ERROR: Laminas\Mail\Transport\Exception\RuntimeException: Unable to send mail: Unknown error in /var/www/html/magento2/vendor/laminas/laminas-mail/src/Transport/Sendmail.php:313
Stack trace:
#0 /var/www/html/magento2/vendor/laminas/laminas-mail/src/Transport/Sendmail.php(150): Laminas\Mail\Transport\Sendmail->mailHandler()
#1 /var/www/html/magento2/vendor/magento/module-email/Model/Transport.php(183): Laminas\Mail\Transport\Sendmail->send()
#2 /var/www/html/magento2/vendor/magento/framework/Interception/Interceptor.php(58): Magento\Email\Model\Transport->sendMessage()
#3 /var/www/html/magento2/vendor/magento/framework/Interception/Interceptor.php(138): Magento\Email\Model\Transport\Interceptor->___callParent()
#4 /var/www/html/magento2/vendor/magento/module-email/Model/Mail/TransportInterfacePlugin.php(48): Magento\Email\Model\Transport\Interceptor->Magento\Framework\Interception\{closure}()
#5 /var/www/html/magento2/vendor/magento/framework/Interception/Interceptor.php(135): Magento\Email\Model\Mail\TransportInterfacePlugin->aroundSendMessage()
#6 /var/www/html/magento2/vendor/magento/framework/Interception/Interceptor.php(153): Magento\Email\Model\Transport\Interceptor->Magento\Framework\Interception\{closure}()
#7 /var/www/html/magento2/generated/code/Magento/Email/Model/Transport/Interceptor.php(23): Magento\Email\Model\Transport\Interceptor->___callPlugins()
#8 /var/www/html/magento2/vendor/magento/module-sales/Model/Order/Email/SenderBuilder.php(75): Magento\Email\Model\Transport\Interceptor->sendMessage()
#9 /var/www/html/magento2/vendor/magento/module-sales/Model/Order/Email/Sender.php(86): Magento\Sales\Model\Order\Email\SenderBuilder->send()
#10 /var/www/html/magento2/vendor/magento/module-sales/Model/Order/Email/Sender/OrderSender.php(108): Magento\Sales\Model\Order\Email\Sender->checkAndSend()
#11 /var/www/html/magento2/vendor/magento/module-quote/Observer/SubmitObserver.php(62): Magento\Sales\Model\Order\Email\Sender\OrderSender->send()
#12 /var/www/html/magento2/generated/code/Magento/Quote/Observer/SubmitObserver/Interceptor.php(23): Magento\Quote\Observer\SubmitObserver->execute()
#13 /var/www/html/magento2/vendor/magento/framework/Event/Invoker/InvokerDefault.php(88): Magento\Quote\Observer\SubmitObserver\Interceptor->execute()
#14 /var/www/html/magento2/vendor/magento/framework/Event/Invoker/InvokerDefault.php(74): Magento\Framework\Event\Invoker\InvokerDefault->_callObserverMethod()
#15 /var/www/html/magento2/vendor/magento/framework/Event/Manager.php(65): Magento\Framework\Event\Invoker\InvokerDefault->dispatch()
#16 /var/www/html/magento2/generated/code/Magento/Framework/Event/Manager/Proxy.php(95): Magento\Framework\Event\Manager->dispatch()
#17 /var/www/html/magento2/vendor/magento/module-quote/Model/QuoteManagement.php(630): Magento\Framework\Event\Manager\Proxy->dispatch()
#18 /var/www/html/magento2/vendor/magento/module-quote/Model/QuoteManagement.php(500): Magento\Quote\Model\QuoteManagement->submitQuote()
#19 /var/www/html/magento2/vendor/magento/framework/Interception/Interceptor.php(58): Magento\Quote\Model\QuoteManagement->submit()
#20 /var/www/html/magento2/vendor/magento/framework/Interception/Interceptor.php(138): Magento\Quote\Model\QuoteManagement\Interceptor->___callParent()
#21 /var/www/html/magento2/vendor/magento/module-sales-rule/Plugin/CouponUsagesIncrement.php(54): Magento\Quote\Model\QuoteManagement\Interceptor->Magento\Framework\Interception\{closure}()
#22 /var/www/html/magento2/vendor/magento/framework/Interception/Interceptor.php(135): Magento\SalesRule\Plugin\CouponUsagesIncrement->aroundSubmit()
#23 /var/www/html/magento2/vendor/magento/framework/Interception/Interceptor.php(153): Magento\Quote\Model\QuoteManagement\Interceptor->Magento\Framework\Interception\{closure}()
#24 /var/www/html/magento2/generated/code/Magento/Quote/Model/QuoteManagement/Interceptor.php(32): Magento\Quote\Model\QuoteManagement\Interceptor->___callPlugins()
#25 /var/www/html/magento2/vendor/magento/module-quote/Model/QuoteManagement.php(458): Magento\Quote\Model\QuoteManagement\Interceptor->submit()
#26 /var/www/html/magento2/vendor/magento/framework/Interception/Interceptor.php(58): Magento\Quote\Model\QuoteManagement->placeOrder()
#27 /var/www/html/magento2/vendor/magento/framework/Interception/Interceptor.php(138): Magento\Quote\Model\QuoteManagement\Interceptor->___callParent()
#28 /var/www/html/magento2/vendor/paypal/module-braintree-core/Plugin/OrderCancellation.php(64): Magento\Quote\Model\QuoteManagement\Interceptor->Magento\Framework\Interception\{closure}()
#29 /var/www/html/magento2/vendor/magento/framework/Interception/Interceptor.php(135): PayPal\Braintree\Plugin\OrderCancellation->aroundPlaceOrder()
#30 /var/www/html/magento2/vendor/magento/framework/Interception/Interceptor.php(153): Magento\Quote\Model\QuoteManagement\Interceptor->Magento\Framework\Interception\{closure}()
#31 /var/www/html/magento2/generated/code/Magento/Quote/Model/QuoteManagement/Interceptor.php(23): Magento\Quote\Model\QuoteManagement\Interceptor->___callPlugins()
#32 /var/www/html/magento2/vendor/magento/module-quote/Model/GuestCart/GuestCartManagement.php(87): Magento\Quote\Model\QuoteManagement\Interceptor->placeOrder()
#33 /var/www/html/magento2/vendor/magento/module-checkout/Model/GuestPaymentInformationManagement.php(141): Magento\Quote\Model\GuestCart\GuestCartManagement->placeOrder()
#34 /var/www/html/magento2/vendor/magento/framework/Interception/Interceptor.php(58): Magento\Checkout\Model\GuestPaymentInformationManagement->savePaymentInformationAndPlaceOrder()
#35 /var/www/html/magento2/vendor/magento/framework/Interception/Interceptor.php(138): Magento\Checkout\Model\GuestPaymentInformationManagement\Interceptor->___callParent()
#36 /var/www/html/magento2/vendor/magento/framework/Interception/Interceptor.php(153): Magento\Checkout\Model\GuestPaymentInformationManagement\Interceptor->Magento\Framework\Interception\{closure}()
#37 /var/www/html/magento2/generated/code/Magento/Checkout/Model/GuestPaymentInformationManagement/Interceptor.php(23): Magento\Checkout\Model\GuestPaymentInformationManagement\Interceptor->___callPlugins()
#38 [internal function]: Magento\Checkout\Model\GuestPaymentInformationManagement\Interceptor->savePaymentInformationAndPlaceOrder()
#39 /var/www/html/magento2/vendor/magento/module-webapi/Controller/Rest/SynchronousRequestProcessor.php(95): call_user_func_array()
#40 /var/www/html/magento2/vendor/magento/module-webapi/Controller/Rest.php(202): Magento\Webapi\Controller\Rest\SynchronousRequestProcessor->process()
#41 /var/www/html/magento2/vendor/magento/framework/Interception/Interceptor.php(58): Magento\Webapi\Controller\Rest->dispatch()
#42 /var/www/html/magento2/vendor/magento/framework/Interception/Interceptor.php(138): Magento\Webapi\Controller\Rest\Interceptor->___callParent()
#43 /var/www/html/magento2/vendor/magento/framework/Interception/Interceptor.php(153): Magento\Webapi\Controller\Rest\Interceptor->Magento\Framework\Interception\{closure}()
#44 /var/www/html/magento2/generated/code/Magento/Webapi/Controller/Rest/Interceptor.php(23): Magento\Webapi\Controller\Rest\Interceptor->___callPlugins()
#45 /var/www/html/magento2/vendor/magento/framework/App/Http.php(116): Magento\Webapi\Controller\Rest\Interceptor->dispatch()
#46 /var/www/html/magento2/vendor/magento/framework/App/Bootstrap.php(264): Magento\Framework\App\Http->launch()
#47 /var/www/html/magento2/pub/index.php(30): Magento\Framework\App\Bootstrap->run()
#48 {main} {"exception":"[object] (Laminas\\Mail\\Transport\\Exception\\RuntimeException(code: 0): Unable to send mail: Unknown error at /var/www/html/magento2/vendor/laminas/laminas-mail/src/Transport/Sendmail.php:313)"} []
[2026-01-30T20:13:37.162979+00:00] main.ERROR: Unable to send mail. Please try again later. [] []
[2026-01-30T20:13:37.371992+00:00] main.INFO: Broken reference: the 'catalog.compare.sidebar' element cannot be added as child to 'sidebar.additional', because the latter doesn't exist [] []
[2026-01-30T20:13:37.372623+00:00] main.INFO: Broken reference: the 'sale.reorder.sidebar' element cannot be added as child to 'sidebar.additional', because the latter doesn't exist [] []
[2026-01-30T20:13:37.373279+00:00] main.INFO: Broken reference: the 'wishlist_sidebar' element cannot be added as child to 'sidebar.additional', because the latter doesn't exist [] []
[2026-01-30T20:13:41.696410+00:00] main.INFO: Broken reference: the 'notification.messages' tries to reorder itself towards 'user', but their parents are different: 'header.inner.right' and 'header' respectively. [] []
[2026-01-30T20:13:45.611118+00:00] main.INFO: Broken reference: the 'notification.messages' tries to reorder itself towards 'user', but their parents are different: 'header.inner.right' and 'header' respectively. [] []
[2026-01-30T20:36:52.516453+00:00] main.DEBUG: cache_invalidate:  {"method":"GET","url":"http:/","invalidateInfo":{"tags":["CONFIG"],"mode":"matchingTag"}} []
[2026-01-30T20:36:52.519301+00:00] main.DEBUG: cache_invalidate:  {"method":"GET","url":"http:/","invalidateInfo":{"tags":["LAYOUT_GENERAL_CACHE_TAG"],"mode":"matchingTag"}} []
[2026-01-30T20:36:52.520722+00:00] main.DEBUG: cache_invalidate:  {"method":"GET","url":"http:/","invalidateInfo":{"tags":["BLOCK_HTML"],"mode":"matchingTag"}} []
[2026-01-30T20:36:52.522151+00:00] main.DEBUG: cache_invalidate:  {"method":"GET","url":"http:/","invalidateInfo":{"tags":["COLLECTION_DATA"],"mode":"matchingTag"}} []
[2026-01-30T20:36:52.530563+00:00] main.DEBUG: cache_invalidate:  {"method":"GET","url":"http:/","invalidateInfo":{"tags":["REFLECTION"],"mode":"matchingTag"}} []
[2026-01-30T20:36:52.532446+00:00] main.DEBUG: cache_invalidate:  {"method":"GET","url":"http:/","invalidateInfo":{"tags":["DB_DDL"],"mode":"matchingTag"}} []
[2026-01-30T20:36:52.533675+00:00] main.DEBUG: cache_invalidate:  {"method":"GET","url":"http:/","invalidateInfo":{"tags":["COMPILED_CONFIG"],"mode":"matchingTag"}} []
[2026-01-30T20:36:52.535019+00:00] main.DEBUG: cache_invalidate:  {"method":"GET","url":"http:/","invalidateInfo":{"tags":["EAV"],"mode":"matchingTag"}} []
[2026-01-30T20:36:52.536061+00:00] main.DEBUG: cache_invalidate:  {"method":"GET","url":"http:/","invalidateInfo":{"tags":["CUSTOMER_NOTIFICATION"],"mode":"matchingTag"}} []
[2026-01-30T20:36:52.537483+00:00] main.DEBUG: cache_invalidate:  {"method":"GET","url":"http:/","invalidateInfo":{"tags":["INTEGRATION"],"mode":"matchingTag"}} []
[2026-01-30T20:36:52.539066+00:00] main.DEBUG: cache_invalidate:  {"method":"GET","url":"http:/","invalidateInfo":{"tags":["INTEGRATION_API_CONFIG"],"mode":"matchingTag"}} []
[2026-01-30T20:36:52.585594+00:00] main.DEBUG: cache_invalidate:  {"method":"GET","url":"http:/","invalidateInfo":{"tags":["FPC"],"mode":"matchingTag"}} []
[2026-01-30T20:36:52.587173+00:00] main.DEBUG: cache_invalidate:  {"method":"GET","url":"http:/","invalidateInfo":{"tags":["WEBSERVICE"],"mode":"matchingTag"}} []
[2026-01-30T20:36:52.588501+00:00] main.DEBUG: cache_invalidate:  {"method":"GET","url":"http:/","invalidateInfo":{"tags":["TRANSLATE"],"mode":"matchingTag"}} []
[2026-01-30T20:37:07.921234+00:00] main.DEBUG: cache_invalidate:  {"method":"GET","url":"http:/","invalidateInfo":{"tags":["CONFIG"],"mode":"matchingTag"}} []
[2026-01-30T20:37:08.285285+00:00] main.DEBUG: cache_invalidate:  {"method":"GET","url":"http:/","invalidateInfo":{"tags":["CONFIG"],"mode":"matchingTag"}} []
[2026-01-30T20:37:08.289870+00:00] main.DEBUG: cache_invalidate:  {"method":"GET","url":"http:/","invalidateInfo":{"tags":["LAYOUT_GENERAL_CACHE_TAG"],"mode":"matchingTag"}} []
[2026-01-30T20:37:08.295344+00:00] main.DEBUG: cache_invalidate:  {"method":"GET","url":"http:/","invalidateInfo":{"tags":["BLOCK_HTML"],"mode":"matchingTag"}} []
[2026-01-30T20:37:08.299917+00:00] main.DEBUG: cache_invalidate:  {"method":"GET","url":"http:/","invalidateInfo":{"tags":["COLLECTION_DATA"],"mode":"matchingTag"}} []
[2026-01-30T20:37:08.303226+00:00] main.DEBUG: cache_invalidate:  {"method":"GET","url":"http:/","invalidateInfo":{"tags":["REFLECTION"],"mode":"matchingTag"}} []
[2026-01-30T20:37:08.307458+00:00] main.DEBUG: cache_invalidate:  {"method":"GET","url":"http:/","invalidateInfo":{"tags":["DB_DDL"],"mode":"matchingTag"}} []
[2026-01-30T20:37:08.310967+00:00] main.DEBUG: cache_invalidate:  {"method":"GET","url":"http:/","invalidateInfo":{"tags":["COMPILED_CONFIG"],"mode":"matchingTag"}} []
[2026-01-30T20:37:08.315844+00:00] main.DEBUG: cache_invalidate:  {"method":"GET","url":"http:/","invalidateInfo":{"tags":["EAV"],"mode":"matchingTag"}} []
[2026-01-30T20:37:08.319664+00:00] main.DEBUG: cache_invalidate:  {"method":"GET","url":"http:/","invalidateInfo":{"tags":["CUSTOMER_NOTIFICATION"],"mode":"matchingTag"}} []
[2026-01-30T20:37:08.323877+00:00] main.DEBUG: cache_invalidate:  {"method":"GET","url":"http:/","invalidateInfo":{"tags":["INTEGRATION"],"mode":"matchingTag"}} []
[2026-01-30T20:37:08.329255+00:00] main.DEBUG: cache_invalidate:  {"method":"GET","url":"http:/","invalidateInfo":{"tags":["INTEGRATION_API_CONFIG"],"mode":"matchingTag"}} []
[2026-01-30T20:37:08.334595+00:00] main.DEBUG: cache_invalidate:  {"method":"GET","url":"http:/","invalidateInfo":{"tags":["FPC"],"mode":"matchingTag"}} []
[2026-01-30T20:37:08.339394+00:00] main.DEBUG: cache_invalidate:  {"method":"GET","url":"http:/","invalidateInfo":{"tags":["WEBSERVICE"],"mode":"matchingTag"}} []
[2026-01-30T20:37:08.345723+00:00] main.DEBUG: cache_invalidate:  {"method":"GET","url":"http:/","invalidateInfo":{"tags":["TRANSLATE"],"mode":"matchingTag"}} []
[2026-01-30T20:38:33.205299+00:00] main.DEBUG: cache_invalidate:  {"method":"GET","url":"http:/","invalidateInfo":{"tags":["CONFIG"],"mode":"matchingTag"}} []
[2026-01-30T20:38:33.209248+00:00] main.DEBUG: cache_invalidate:  {"method":"GET","url":"http:/","invalidateInfo":{"tags":["LAYOUT_GENERAL_CACHE_TAG"],"mode":"matchingTag"}} []
[2026-01-30T20:38:33.212847+00:00] main.DEBUG: cache_invalidate:  {"method":"GET","url":"http:/","invalidateInfo":{"tags":["BLOCK_HTML"],"mode":"matchingTag"}} []
[2026-01-30T20:38:33.216108+00:00] main.DEBUG: cache_invalidate:  {"method":"GET","url":"http:/","invalidateInfo":{"tags":["COLLECTION_DATA"],"mode":"matchingTag"}} []
[2026-01-30T20:38:33.218743+00:00] main.DEBUG: cache_invalidate:  {"method":"GET","url":"http:/","invalidateInfo":{"tags":["REFLECTION"],"mode":"matchingTag"}} []
[2026-01-30T20:38:33.221985+00:00] main.DEBUG: cache_invalidate:  {"method":"GET","url":"http:/","invalidateInfo":{"tags":["DB_DDL"],"mode":"matchingTag"}} []
[2026-01-30T20:38:33.224196+00:00] main.DEBUG: cache_invalidate:  {"method":"GET","url":"http:/","invalidateInfo":{"tags":["COMPILED_CONFIG"],"mode":"matchingTag"}} []
[2026-01-30T20:38:33.228371+00:00] main.DEBUG: cache_invalidate:  {"method":"GET","url":"http:/","invalidateInfo":{"tags":["EAV"],"mode":"matchingTag"}} []
[2026-01-30T20:38:33.230782+00:00] main.DEBUG: cache_invalidate:  {"method":"GET","url":"http:/","invalidateInfo":{"tags":["CUSTOMER_NOTIFICATION"],"mode":"matchingTag"}} []
[2026-01-30T20:38:33.233949+00:00] main.DEBUG: cache_invalidate:  {"method":"GET","url":"http:/","invalidateInfo":{"tags":["INTEGRATION"],"mode":"matchingTag"}} []
[2026-01-30T20:38:33.236961+00:00] main.DEBUG: cache_invalidate:  {"method":"GET","url":"http:/","invalidateInfo":{"tags":["INTEGRATION_API_CONFIG"],"mode":"matchingTag"}} []
[2026-01-30T20:38:33.244070+00:00] main.DEBUG: cache_invalidate:  {"method":"GET","url":"http:/","invalidateInfo":{"tags":["FPC"],"mode":"matchingTag"}} []
[2026-01-30T20:38:33.247044+00:00] main.DEBUG: cache_invalidate:  {"method":"GET","url":"http:/","invalidateInfo":{"tags":["WEBSERVICE"],"mode":"matchingTag"}} []
[2026-01-30T20:38:33.249877+00:00] main.DEBUG: cache_invalidate:  {"method":"GET","url":"http:/","invalidateInfo":{"tags":["TRANSLATE"],"mode":"matchingTag"}} []
[2026-01-30T20:38:44.250227+00:00] main.DEBUG: cache_invalidate:  {"method":"GET","url":"http:/","invalidateInfo":{"tags":["CONFIG"],"mode":"matchingTag"}} []
[2026-01-30T20:38:44.399718+00:00] main.DEBUG: cache_invalidate:  {"method":"GET","url":"http:/","invalidateInfo":{"tags":["CONFIG"],"mode":"matchingTag"}} []
[2026-01-30T20:38:44.403481+00:00] main.DEBUG: cache_invalidate:  {"method":"GET","url":"http:/","invalidateInfo":{"tags":["LAYOUT_GENERAL_CACHE_TAG"],"mode":"matchingTag"}} []
[2026-01-30T20:38:44.406863+00:00] main.DEBUG: cache_invalidate:  {"method":"GET","url":"http:/","invalidateInfo":{"tags":["BLOCK_HTML"],"mode":"matchingTag"}} []
[2026-01-30T20:38:44.410667+00:00] main.DEBUG: cache_invalidate:  {"method":"GET","url":"http:/","invalidateInfo":{"tags":["COLLECTION_DATA"],"mode":"matchingTag"}} []
[2026-01-30T20:38:44.413464+00:00] main.DEBUG: cache_invalidate:  {"method":"GET","url":"http:/","invalidateInfo":{"tags":["REFLECTION"],"mode":"matchingTag"}} []
[2026-01-30T20:38:44.416894+00:00] main.DEBUG: cache_invalidate:  {"method":"GET","url":"http:/","invalidateInfo":{"tags":["DB_DDL"],"mode":"matchingTag"}} []
[2026-01-30T20:38:44.419226+00:00] main.DEBUG: cache_invalidate:  {"method":"GET","url":"http:/","invalidateInfo":{"tags":["COMPILED_CONFIG"],"mode":"matchingTag"}} []
[2026-01-30T20:38:44.422347+00:00] main.DEBUG: cache_invalidate:  {"method":"GET","url":"http:/","invalidateInfo":{"tags":["EAV"],"mode":"matchingTag"}} []
[2026-01-30T20:38:44.424696+00:00] main.DEBUG: cache_invalidate:  {"method":"GET","url":"http:/","invalidateInfo":{"tags":["CUSTOMER_NOTIFICATION"],"mode":"matchingTag"}} []
[2026-01-30T20:38:44.428587+00:00] main.DEBUG: cache_invalidate:  {"method":"GET","url":"http:/","invalidateInfo":{"tags":["INTEGRATION"],"mode":"matchingTag"}} []
[2026-01-30T20:38:44.431732+00:00] main.DEBUG: cache_invalidate:  {"method":"GET","url":"http:/","invalidateInfo":{"tags":["INTEGRATION_API_CONFIG"],"mode":"matchingTag"}} []
[2026-01-30T20:38:44.435437+00:00] main.DEBUG: cache_invalidate:  {"method":"GET","url":"http:/","invalidateInfo":{"tags":["FPC"],"mode":"matchingTag"}} []
[2026-01-30T20:38:44.438576+00:00] main.DEBUG: cache_invalidate:  {"method":"GET","url":"http:/","invalidateInfo":{"tags":["WEBSERVICE"],"mode":"matchingTag"}} []
[2026-01-30T20:38:44.442019+00:00] main.DEBUG: cache_invalidate:  {"method":"GET","url":"http:/","invalidateInfo":{"tags":["TRANSLATE"],"mode":"matchingTag"}} []
[2026-01-30T20:38:50.674573+00:00] main.DEBUG: cache_invalidate:  {"method":"GET","url":"http:/","invalidateInfo":{"tags":["LAYOUT_GENERAL_CACHE_TAG"],"mode":"matchingTag"}} []
[2026-01-30T20:38:50.680580+00:00] main.DEBUG: cache_invalidate:  {"method":"GET","url":"http:/","invalidateInfo":{"tags":["BLOCK_HTML"],"mode":"matchingTag"}} []
[2026-01-30T20:38:50.685633+00:00] main.DEBUG: cache_invalidate:  {"method":"GET","url":"http:/","invalidateInfo":{"tags":["FPC"],"mode":"matchingTag"}} []
[2026-01-30T20:39:22.765322+00:00] main.DEBUG: cache_invalidate:  {"method":"GET","url":"http:/","invalidateInfo":{"tags":[],"mode":"all"}} []
[2026-01-30T20:39:22.791485+00:00] main.DEBUG: cache_invalidate:  {"method":"GET","url":"http:/","invalidateInfo":{"tags":[],"mode":"all"}} []
[2026-01-30T20:39:22.804872+00:00] main.DEBUG: cache_invalidate:  {"method":"GET","url":"http:/","invalidateInfo":{"tags":[],"mode":"all"}} []
[2026-01-30T20:40:37.759873+00:00] main.DEBUG: cache_invalidate:  {"method":"GET","url":"http:/","invalidateInfo":{"tags":["FPC"],"mode":"matchingTag"}} []
[2026-01-30T20:40:37.768570+00:00] main.DEBUG: cache_invalidate:  {"method":"GET","url":"http:/","invalidateInfo":{"tags":["CONFIG"],"mode":"matchingTag"}} []
[2026-01-30T20:40:37.770882+00:00] main.DEBUG: cache_invalidate:  {"method":"GET","url":"http:/","invalidateInfo":{"tags":["LAYOUT_GENERAL_CACHE_TAG"],"mode":"matchingTag"}} []
[2026-01-30T20:40:37.772504+00:00] main.DEBUG: cache_invalidate:  {"method":"GET","url":"http:/","invalidateInfo":{"tags":["BLOCK_HTML"],"mode":"matchingTag"}} []
[2026-01-30T20:40:37.774213+00:00] main.DEBUG: cache_invalidate:  {"method":"GET","url":"http:/","invalidateInfo":{"tags":["COLLECTION_DATA"],"mode":"matchingTag"}} []
[2026-01-30T20:40:37.775343+00:00] main.DEBUG: cache_invalidate:  {"method":"GET","url":"http:/","invalidateInfo":{"tags":["REFLECTION"],"mode":"matchingTag"}} []
[2026-01-30T20:40:37.777189+00:00] main.DEBUG: cache_invalidate:  {"method":"GET","url":"http:/","invalidateInfo":{"tags":["DB_DDL"],"mode":"matchingTag"}} []
[2026-01-30T20:40:37.778265+00:00] main.DEBUG: cache_invalidate:  {"method":"GET","url":"http:/","invalidateInfo":{"tags":["COMPILED_CONFIG"],"mode":"matchingTag"}} []
[2026-01-30T20:40:37.779770+00:00] main.DEBUG: cache_invalidate:  {"method":"GET","url":"http:/","invalidateInfo":{"tags":["EAV"],"mode":"matchingTag"}} []
[2026-01-30T20:40:37.780904+00:00] main.DEBUG: cache_invalidate:  {"method":"GET","url":"http:/","invalidateInfo":{"tags":["CUSTOMER_NOTIFICATION"],"mode":"matchingTag"}} []
[2026-01-30T20:40:37.782576+00:00] main.DEBUG: cache_invalidate:  {"method":"GET","url":"http:/","invalidateInfo":{"tags":["INTEGRATION"],"mode":"matchingTag"}} []
[2026-01-30T20:40:37.784139+00:00] main.DEBUG: cache_invalidate:  {"method":"GET","url":"http:/","invalidateInfo":{"tags":["INTEGRATION_API_CONFIG"],"mode":"matchingTag"}} []
[2026-01-30T20:40:37.785847+00:00] main.DEBUG: cache_invalidate:  {"method":"GET","url":"http:/","invalidateInfo":{"tags":["FPC"],"mode":"matchingTag"}} []
[2026-01-30T20:40:37.787543+00:00] main.DEBUG: cache_invalidate:  {"method":"GET","url":"http:/","invalidateInfo":{"tags":["WEBSERVICE"],"mode":"matchingTag"}} []
[2026-01-30T20:40:37.789018+00:00] main.DEBUG: cache_invalidate:  {"method":"GET","url":"http:/","invalidateInfo":{"tags":["TRANSLATE"],"mode":"matchingTag"}} []
[2026-01-30T20:45:07.990809+00:00] main.DEBUG: cache_invalidate:  {"method":"GET","url":"http:/","invalidateInfo":{"tags":["CONFIG"],"mode":"matchingTag"}} []
[2026-01-30T20:45:07.993240+00:00] main.DEBUG: cache_invalidate:  {"method":"GET","url":"http:/","invalidateInfo":{"tags":["LAYOUT_GENERAL_CACHE_TAG"],"mode":"matchingTag"}} []
[2026-01-30T20:45:07.995031+00:00] main.DEBUG: cache_invalidate:  {"method":"GET","url":"http:/","invalidateInfo":{"tags":["BLOCK_HTML"],"mode":"matchingTag"}} []
[2026-01-30T20:45:07.996645+00:00] main.DEBUG: cache_invalidate:  {"method":"GET","url":"http:/","invalidateInfo":{"tags":["COLLECTION_DATA"],"mode":"matchingTag"}} []
[2026-01-30T20:45:07.997767+00:00] main.DEBUG: cache_invalidate:  {"method":"GET","url":"http:/","invalidateInfo":{"tags":["REFLECTION"],"mode":"matchingTag"}} []
[2026-01-30T20:45:07.999093+00:00] main.DEBUG: cache_invalidate:  {"method":"GET","url":"http:/","invalidateInfo":{"tags":["DB_DDL"],"mode":"matchingTag"}} []
[2026-01-30T20:45:08.000147+00:00] main.DEBUG: cache_invalidate:  {"method":"GET","url":"http:/","invalidateInfo":{"tags":["COMPILED_CONFIG"],"mode":"matchingTag"}} []
[2026-01-30T20:45:08.001527+00:00] main.DEBUG: cache_invalidate:  {"method":"GET","url":"http:/","invalidateInfo":{"tags":["EAV"],"mode":"matchingTag"}} []
[2026-01-30T20:45:08.002574+00:00] main.DEBUG: cache_invalidate:  {"method":"GET","url":"http:/","invalidateInfo":{"tags":["CUSTOMER_NOTIFICATION"],"mode":"matchingTag"}} []
[2026-01-30T20:45:08.003954+00:00] main.DEBUG: cache_invalidate:  {"method":"GET","url":"http:/","invalidateInfo":{"tags":["INTEGRATION"],"mode":"matchingTag"}} []
[2026-01-30T20:45:08.005501+00:00] main.DEBUG: cache_invalidate:  {"method":"GET","url":"http:/","invalidateInfo":{"tags":["INTEGRATION_API_CONFIG"],"mode":"matchingTag"}} []
[2026-01-30T20:45:08.008452+00:00] main.DEBUG: cache_invalidate:  {"method":"GET","url":"http:/","invalidateInfo":{"tags":["FPC"],"mode":"matchingTag"}} []
[2026-01-30T20:45:08.010162+00:00] main.DEBUG: cache_invalidate:  {"method":"GET","url":"http:/","invalidateInfo":{"tags":["WEBSERVICE"],"mode":"matchingTag"}} []
[2026-01-30T20:45:08.011595+00:00] main.DEBUG: cache_invalidate:  {"method":"GET","url":"http:/","invalidateInfo":{"tags":["TRANSLATE"],"mode":"matchingTag"}} []
[2026-01-30T20:45:14.726163+00:00] main.DEBUG: cache_invalidate:  {"method":"GET","url":"http:/","invalidateInfo":{"tags":["CONFIG"],"mode":"matchingTag"}} []
[2026-01-30T20:45:14.839203+00:00] main.DEBUG: cache_invalidate:  {"method":"GET","url":"http:/","invalidateInfo":{"tags":["CONFIG"],"mode":"matchingTag"}} []
[2026-01-30T20:45:14.842729+00:00] main.DEBUG: cache_invalidate:  {"method":"GET","url":"http:/","invalidateInfo":{"tags":["LAYOUT_GENERAL_CACHE_TAG"],"mode":"matchingTag"}} []
[2026-01-30T20:45:14.845831+00:00] main.DEBUG: cache_invalidate:  {"method":"GET","url":"http:/","invalidateInfo":{"tags":["BLOCK_HTML"],"mode":"matchingTag"}} []
[2026-01-30T20:45:14.849041+00:00] main.DEBUG: cache_invalidate:  {"method":"GET","url":"http:/","invalidateInfo":{"tags":["COLLECTION_DATA"],"mode":"matchingTag"}} []
[2026-01-30T20:45:14.850963+00:00] main.DEBUG: cache_invalidate:  {"method":"GET","url":"http:/","invalidateInfo":{"tags":["REFLECTION"],"mode":"matchingTag"}} []
[2026-01-30T20:45:14.853668+00:00] main.DEBUG: cache_invalidate:  {"method":"GET","url":"http:/","invalidateInfo":{"tags":["DB_DDL"],"mode":"matchingTag"}} []
[2026-01-30T20:45:14.855602+00:00] main.DEBUG: cache_invalidate:  {"method":"GET","url":"http:/","invalidateInfo":{"tags":["COMPILED_CONFIG"],"mode":"matchingTag"}} []
[2026-01-30T20:45:14.858762+00:00] main.DEBUG: cache_invalidate:  {"method":"GET","url":"http:/","invalidateInfo":{"tags":["EAV"],"mode":"matchingTag"}} []
[2026-01-30T20:45:14.860841+00:00] main.DEBUG: cache_invalidate:  {"method":"GET","url":"http:/","invalidateInfo":{"tags":["CUSTOMER_NOTIFICATION"],"mode":"matchingTag"}} []
[2026-01-30T20:45:14.864007+00:00] main.DEBUG: cache_invalidate:  {"method":"GET","url":"http:/","invalidateInfo":{"tags":["INTEGRATION"],"mode":"matchingTag"}} []
[2026-01-30T20:45:14.867072+00:00] main.DEBUG: cache_invalidate:  {"method":"GET","url":"http:/","invalidateInfo":{"tags":["INTEGRATION_API_CONFIG"],"mode":"matchingTag"}} []
[2026-01-30T20:45:14.870326+00:00] main.DEBUG: cache_invalidate:  {"method":"GET","url":"http:/","invalidateInfo":{"tags":["FPC"],"mode":"matchingTag"}} []
[2026-01-30T20:45:14.873090+00:00] main.DEBUG: cache_invalidate:  {"method":"GET","url":"http:/","invalidateInfo":{"tags":["WEBSERVICE"],"mode":"matchingTag"}} []
[2026-01-30T20:45:14.875953+00:00] main.DEBUG: cache_invalidate:  {"method":"GET","url":"http:/","invalidateInfo":{"tags":["TRANSLATE"],"mode":"matchingTag"}} []
[2026-01-30T20:45:19.493353+00:00] main.DEBUG: cache_invalidate:  {"method":"GET","url":"http:/","invalidateInfo":{"tags":["LAYOUT_GENERAL_CACHE_TAG"],"mode":"matchingTag"}} []
[2026-01-30T20:45:19.498718+00:00] main.DEBUG: cache_invalidate:  {"method":"GET","url":"http:/","invalidateInfo":{"tags":["BLOCK_HTML"],"mode":"matchingTag"}} []
[2026-01-30T20:45:19.503580+00:00] main.DEBUG: cache_invalidate:  {"method":"GET","url":"http:/","invalidateInfo":{"tags":["FPC"],"mode":"matchingTag"}} []
[2026-01-30T20:45:35.930506+00:00] main.DEBUG: cache_invalidate:  {"method":"GET","url":"http:/","invalidateInfo":{"tags":[],"mode":"all"}} []
[2026-01-30T20:45:35.951911+00:00] main.DEBUG: cache_invalidate:  {"method":"GET","url":"http:/","invalidateInfo":{"tags":[],"mode":"all"}} []
[2026-01-30T20:45:35.965254+00:00] main.DEBUG: cache_invalidate:  {"method":"GET","url":"http:/","invalidateInfo":{"tags":[],"mode":"all"}} []
[2026-01-30T20:48:02.090333+00:00] main.DEBUG: cache_invalidate:  {"method":"GET","url":"http:/","invalidateInfo":{"tags":["FPC"],"mode":"matchingTag"}} []
[2026-01-30T20:48:02.096472+00:00] main.DEBUG: cache_invalidate:  {"method":"GET","url":"http:/","invalidateInfo":{"tags":["CONFIG"],"mode":"matchingTag"}} []
[2026-01-30T20:48:02.098678+00:00] main.DEBUG: cache_invalidate:  {"method":"GET","url":"http:/","invalidateInfo":{"tags":["LAYOUT_GENERAL_CACHE_TAG"],"mode":"matchingTag"}} []
[2026-01-30T20:48:02.100805+00:00] main.DEBUG: cache_invalidate:  {"method":"GET","url":"http:/","invalidateInfo":{"tags":["BLOCK_HTML"],"mode":"matchingTag"}} []
[2026-01-30T20:48:02.102595+00:00] main.DEBUG: cache_invalidate:  {"method":"GET","url":"http:/","invalidateInfo":{"tags":["COLLECTION_DATA"],"mode":"matchingTag"}} []
[2026-01-30T20:48:02.103799+00:00] main.DEBUG: cache_invalidate:  {"method":"GET","url":"http:/","invalidateInfo":{"tags":["REFLECTION"],"mode":"matchingTag"}} []
[2026-01-30T20:48:02.105875+00:00] main.DEBUG: cache_invalidate:  {"method":"GET","url":"http:/","invalidateInfo":{"tags":["DB_DDL"],"mode":"matchingTag"}} []
[2026-01-30T20:48:02.107116+00:00] main.DEBUG: cache_invalidate:  {"method":"GET","url":"http:/","invalidateInfo":{"tags":["COMPILED_CONFIG"],"mode":"matchingTag"}} []
[2026-01-30T20:48:02.108872+00:00] main.DEBUG: cache_invalidate:  {"method":"GET","url":"http:/","invalidateInfo":{"tags":["EAV"],"mode":"matchingTag"}} []
[2026-01-30T20:48:02.110001+00:00] main.DEBUG: cache_invalidate:  {"method":"GET","url":"http:/","invalidateInfo":{"tags":["CUSTOMER_NOTIFICATION"],"mode":"matchingTag"}} []
[2026-01-30T20:48:02.111675+00:00] main.DEBUG: cache_invalidate:  {"method":"GET","url":"http:/","invalidateInfo":{"tags":["INTEGRATION"],"mode":"matchingTag"}} []
[2026-01-30T20:48:02.113331+00:00] main.DEBUG: cache_invalidate:  {"method":"GET","url":"http:/","invalidateInfo":{"tags":["INTEGRATION_API_CONFIG"],"mode":"matchingTag"}} []
[2026-01-30T20:48:02.115029+00:00] main.DEBUG: cache_invalidate:  {"method":"GET","url":"http:/","invalidateInfo":{"tags":["FPC"],"mode":"matchingTag"}} []
[2026-01-30T20:48:02.117469+00:00] main.DEBUG: cache_invalidate:  {"method":"GET","url":"http:/","invalidateInfo":{"tags":["WEBSERVICE"],"mode":"matchingTag"}} []
[2026-01-30T20:48:02.119343+00:00] main.DEBUG: cache_invalidate:  {"method":"GET","url":"http:/","invalidateInfo":{"tags":["TRANSLATE"],"mode":"matchingTag"}} []
