[2024-06-15T19:21:24.827562+00:00] main.CRITICAL: Elasticsearch\Common\Exceptions\NoNodesAvailableException: No alive nodes found in your cluster in /var/www/html/magento2/vendor/elasticsearch/elasticsearch/src/Elasticsearch/ConnectionPool/StaticNoPingConnectionPool.php:64
Stack trace:
#0 /var/www/html/magento2/vendor/elasticsearch/elasticsearch/src/Elasticsearch/Transport.php(82): Elasticsearch\ConnectionPool\StaticNoPingConnectionPool->nextConnection()
#1 /var/www/html/magento2/vendor/elasticsearch/elasticsearch/src/Elasticsearch/Transport.php(99): Elasticsearch\Transport->getConnection()
#2 /var/www/html/magento2/vendor/elasticsearch/elasticsearch/src/Elasticsearch/Connections/Connection.php(297): Elasticsearch\Transport->performRequest()
#3 /var/www/html/magento2/vendor/react/promise/src/FulfilledPromise.php(28): Elasticsearch\Connections\Connection->Elasticsearch\Connections\{closure}()
#4 /var/www/html/magento2/vendor/ezimuel/ringphp/src/Future/CompletedFutureValue.php(65): React\Promise\FulfilledPromise->then()
#5 /var/www/html/magento2/vendor/ezimuel/ringphp/src/Core.php(341): GuzzleHttp\Ring\Future\CompletedFutureValue->then()
#6 /var/www/html/magento2/vendor/elasticsearch/elasticsearch/src/Elasticsearch/Connections/Connection.php(345): GuzzleHttp\Ring\Core::proxy()
#7 /var/www/html/magento2/vendor/elasticsearch/elasticsearch/src/Elasticsearch/Connections/Connection.php(241): Elasticsearch\Connections\Connection->Elasticsearch\Connections\{closure}()
#8 /var/www/html/magento2/vendor/elasticsearch/elasticsearch/src/Elasticsearch/Transport.php(110): Elasticsearch\Connections\Connection->performRequest()
#9 /var/www/html/magento2/vendor/elasticsearch/elasticsearch/src/Elasticsearch/Client.php(1929): Elasticsearch\Transport->performRequest()
#10 /var/www/html/magento2/vendor/elasticsearch/elasticsearch/src/Elasticsearch/Client.php(1353): Elasticsearch\Client->performRequest()
#11 /var/www/html/magento2/vendor/magento/module-elasticsearch-7/Model/Client/Elasticsearch.php(338): Elasticsearch\Client->search()
#12 /var/www/html/magento2/vendor/magento/module-elasticsearch-7/SearchAdapter/Adapter.php(117): Magento\Elasticsearch7\Model\Client\Elasticsearch->query()
#13 /var/www/html/magento2/vendor/magento/module-search/Model/SearchEngine.php(42): Magento\Elasticsearch7\SearchAdapter\Adapter->query()
#14 /var/www/html/magento2/vendor/magento/framework/Search/Search.php(85): Magento\Search\Model\SearchEngine->search()
#15 /var/www/html/magento2/vendor/magento/module-catalog-search/Model/ResourceModel/Fulltext/Collection.php(464): Magento\Framework\Search\Search->search()
#16 /var/www/html/magento2/vendor/magento/framework/Data/Collection/AbstractDb.php(343): Magento\CatalogSearch\Model\ResourceModel\Fulltext\Collection->_renderFiltersBefore()
#17 /var/www/html/magento2/vendor/magento/module-catalog-search/Model/ResourceModel/Fulltext/Collection.php(582): Magento\Framework\Data\Collection\AbstractDb->_renderFilters()
#18 /var/www/html/magento2/vendor/magento/module-eav/Model/Entity/Collection/AbstractCollection.php(929): Magento\CatalogSearch\Model\ResourceModel\Fulltext\Collection->_renderFilters()
#19 /var/www/html/magento2/vendor/magento/module-catalog/Model/ResourceModel/Product/Collection.php(801): Magento\Eav\Model\Entity\Collection\AbstractCollection->load()
#20 /var/www/html/magento2/vendor/magento/framework/Interception/Interceptor.php(58): Magento\Catalog\Model\ResourceModel\Product\Collection->load()
#21 /var/www/html/magento2/vendor/magento/framework/Interception/Interceptor.php(138): Magento\CatalogSearch\Model\ResourceModel\Fulltext\Collection\Interceptor->___callParent()
#22 /var/www/html/magento2/vendor/magento/framework/Interception/Interceptor.php(153): Magento\CatalogSearch\Model\ResourceModel\Fulltext\Collection\Interceptor->Magento\Framework\Interception\{closure}()
#23 /var/www/html/magento2/generated/code/Magento/CatalogSearch/Model/ResourceModel/Fulltext/Collection/Interceptor.php(257): Magento\CatalogSearch\Model\ResourceModel\Fulltext\Collection\Interceptor->___callPlugins()
#24 /var/www/html/magento2/vendor/magento/module-catalog/Block/Product/ListProduct.php(199): Magento\CatalogSearch\Model\ResourceModel\Fulltext\Collection\Interceptor->load()
#25 /var/www/html/magento2/vendor/magento/framework/View/Element/AbstractBlock.php(1094): Magento\Catalog\Block\Product\ListProduct->_beforeToHtml()
#26 /var/www/html/magento2/vendor/magento/framework/View/Element/AbstractBlock.php(1099): Magento\Framework\View\Element\AbstractBlock->Magento\Framework\View\Element\{closure}()
#27 /var/www/html/magento2/vendor/magento/framework/View/Element/AbstractBlock.php(660): Magento\Framework\View\Element\AbstractBlock->_loadCache()
#28 /var/www/html/magento2/generated/code/Magento/Catalog/Block/Product/ListProduct/Interceptor.php(617): Magento\Framework\View\Element\AbstractBlock->toHtml()
#29 /var/www/html/magento2/vendor/magento/framework/View/Layout.php(578): Magento\Catalog\Block\Product\ListProduct\Interceptor->toHtml()
#30 /var/www/html/magento2/vendor/magento/framework/View/Layout.php(555): Magento\Framework\View\Layout->_renderBlock()
#31 /var/www/html/magento2/generated/code/Magento/Framework/View/Layout/Interceptor.php(149): Magento\Framework\View\Layout->renderNonCachedElement()
#32 /var/www/html/magento2/vendor/magento/framework/View/Layout.php(510): Magento\Framework\View\Layout\Interceptor->renderNonCachedElement()
#33 /var/www/html/magento2/generated/code/Magento/Framework/View/Layout/Interceptor.php(140): Magento\Framework\View\Layout->renderElement()
#34 /var/www/html/magento2/vendor/magento/framework/View/Element/AbstractBlock.php(507): Magento\Framework\View\Layout\Interceptor->renderElement()
#35 /var/www/html/magento2/vendor/magento/module-catalog/Block/Category/View.php(100): Magento\Framework\View\Element\AbstractBlock->getChildHtml()
#36 /var/www/html/magento2/vendor/magento/module-catalog/view/frontend/templates/category/products.phtml(15): Magento\Catalog\Block\Category\View->getProductListHtml()
#37 /var/www/html/magento2/vendor/magento/framework/View/TemplateEngine/Php.php(71): include('...')
#38 /var/www/html/magento2/vendor/magento/framework/View/Element/Template.php(263): Magento\Framework\View\TemplateEngine\Php->render()
#39 /var/www/html/magento2/vendor/magento/framework/View/Element/Template.php(293): Magento\Framework\View\Element\Template->fetchView()
#40 /var/www/html/magento2/vendor/magento/framework/View/Element/AbstractBlock.php(1095): Magento\Framework\View\Element\Template->_toHtml()
#41 /var/www/html/magento2/vendor/magento/framework/View/Element/AbstractBlock.php(1099): Magento\Framework\View\Element\AbstractBlock->Magento\Framework\View\Element\{closure}()
#42 /var/www/html/magento2/vendor/magento/framework/View/Element/AbstractBlock.php(660): Magento\Framework\View\Element\AbstractBlock->_loadCache()
#43 /var/www/html/magento2/vendor/magento/framework/View/Layout.php(578): Magento\Framework\View\Element\AbstractBlock->toHtml()
#44 /var/www/html/magento2/vendor/magento/framework/View/Layout.php(555): Magento\Framework\View\Layout->_renderBlock()
#45 /var/www/html/magento2/generated/code/Magento/Framework/View/Layout/Interceptor.php(149): Magento\Framework\View\Layout->renderNonCachedElement()
#46 /var/www/html/magento2/vendor/magento/framework/View/Layout.php(510): Magento\Framework\View\Layout\Interceptor->renderNonCachedElement()
#47 /var/www/html/magento2/generated/code/Magento/Framework/View/Layout/Interceptor.php(140): Magento\Framework\View\Layout->renderElement()
#48 /var/www/html/magento2/vendor/magento/framework/View/Layout.php(606): Magento\Framework\View\Layout\Interceptor->renderElement()
#49 /var/www/html/magento2/vendor/magento/framework/View/Layout.php(557): Magento\Framework\View\Layout->_renderContainer()
#50 /var/www/html/magento2/generated/code/Magento/Framework/View/Layout/Interceptor.php(149): Magento\Framework\View\Layout->renderNonCachedElement()
#51 /var/www/html/magento2/vendor/magento/framework/View/Layout.php(510): Magento\Framework\View\Layout\Interceptor->renderNonCachedElement()
#52 /var/www/html/magento2/generated/code/Magento/Framework/View/Layout/Interceptor.php(140): Magento\Framework\View\Layout->renderElement()
#53 /var/www/html/magento2/vendor/magento/framework/View/Layout.php(606): Magento\Framework\View\Layout\Interceptor->renderElement()
#54 /var/www/html/magento2/vendor/magento/framework/View/Layout.php(557): Magento\Framework\View\Layout->_renderContainer()
#55 /var/www/html/magento2/generated/code/Magento/Framework/View/Layout/Interceptor.php(149): Magento\Framework\View\Layout->renderNonCachedElement()
#56 /var/www/html/magento2/vendor/magento/framework/View/Layout.php(510): Magento\Framework\View\Layout\Interceptor->renderNonCachedElement()
#57 /var/www/html/magento2/generated/code/Magento/Framework/View/Layout/Interceptor.php(140): Magento\Framework\View\Layout->renderElement()
#58 /var/www/html/magento2/vendor/magento/framework/View/Layout.php(606): Magento\Framework\View\Layout\Interceptor->renderElement()
#59 /var/www/html/magento2/vendor/magento/framework/View/Layout.php(557): Magento\Framework\View\Layout->_renderContainer()
#60 /var/www/html/magento2/generated/code/Magento/Framework/View/Layout/Interceptor.php(149): Magento\Framework\View\Layout->renderNonCachedElement()
#61 /var/www/html/magento2/vendor/magento/framework/View/Layout.php(510): Magento\Framework\View\Layout\Interceptor->renderNonCachedElement()
#62 /var/www/html/magento2/generated/code/Magento/Framework/View/Layout/Interceptor.php(140): Magento\Framework\View\Layout->renderElement()
#63 /var/www/html/magento2/vendor/magento/framework/View/Layout.php(606): Magento\Framework\View\Layout\Interceptor->renderElement()
#64 /var/www/html/magento2/vendor/magento/framework/View/Layout.php(557): Magento\Framework\View\Layout->_renderContainer()
#65 /var/www/html/magento2/generated/code/Magento/Framework/View/Layout/Interceptor.php(149): Magento\Framework\View\Layout->renderNonCachedElement()
#66 /var/www/html/magento2/vendor/magento/framework/View/Layout.php(510): Magento\Framework\View\Layout\Interceptor->renderNonCachedElement()
#67 /var/www/html/magento2/generated/code/Magento/Framework/View/Layout/Interceptor.php(140): Magento\Framework\View\Layout->renderElement()
#68 /var/www/html/magento2/vendor/magento/framework/View/Layout.php(606): Magento\Framework\View\Layout\Interceptor->renderElement()
#69 /var/www/html/magento2/vendor/magento/framework/View/Layout.php(557): Magento\Framework\View\Layout->_renderContainer()
#70 /var/www/html/magento2/generated/code/Magento/Framework/View/Layout/Interceptor.php(149): Magento\Framework\View\Layout->renderNonCachedElement()
#71 /var/www/html/magento2/vendor/magento/framework/View/Layout.php(510): Magento\Framework\View\Layout\Interceptor->renderNonCachedElement()
#72 /var/www/html/magento2/generated/code/Magento/Framework/View/Layout/Interceptor.php(140): Magento\Framework\View\Layout->renderElement()
#73 /var/www/html/magento2/vendor/magento/framework/View/Layout.php(606): Magento\Framework\View\Layout\Interceptor->renderElement()
#74 /var/www/html/magento2/vendor/magento/framework/View/Layout.php(557): Magento\Framework\View\Layout->_renderContainer()
#75 /var/www/html/magento2/generated/code/Magento/Framework/View/Layout/Interceptor.php(149): Magento\Framework\View\Layout->renderNonCachedElement()
#76 /var/www/html/magento2/vendor/magento/framework/View/Layout.php(510): Magento\Framework\View\Layout\Interceptor->renderNonCachedElement()
#77 /var/www/html/magento2/generated/code/Magento/Framework/View/Layout/Interceptor.php(140): Magento\Framework\View\Layout->renderElement()
#78 /var/www/html/magento2/vendor/magento/framework/View/Layout.php(975): Magento\Framework\View\Layout\Interceptor->renderElement()
#79 /var/www/html/magento2/vendor/magento/framework/Interception/Interceptor.php(58): Magento\Framework\View\Layout->getOutput()
#80 /var/www/html/magento2/vendor/magento/framework/Interception/Interceptor.php(138): Magento\Framework\View\Layout\Interceptor->___callParent()
#81 /var/www/html/magento2/vendor/magento/framework/Interception/Interceptor.php(153): Magento\Framework\View\Layout\Interceptor->Magento\Framework\Interception\{closure}()
#82 /var/www/html/magento2/generated/code/Magento/Framework/View/Layout/Interceptor.php(347): Magento\Framework\View\Layout\Interceptor->___callPlugins()
#83 /var/www/html/magento2/vendor/magento/framework/View/Result/Page.php(260): Magento\Framework\View\Layout\Interceptor->getOutput()
#84 /var/www/html/magento2/vendor/magento/framework/View/Result/Layout.php(171): Magento\Framework\View\Result\Page->render()
#85 /var/www/html/magento2/vendor/magento/framework/Interception/Interceptor.php(58): Magento\Framework\View\Result\Layout->renderResult()
#86 /var/www/html/magento2/vendor/magento/framework/Interception/Interceptor.php(138): Magento\Framework\View\Result\Page\Interceptor->___callParent()
#87 /var/www/html/magento2/vendor/magento/framework/Interception/Interceptor.php(153): Magento\Framework\View\Result\Page\Interceptor->Magento\Framework\Interception\{closure}()
#88 /var/www/html/magento2/generated/code/Magento/Framework/View/Result/Page/Interceptor.php(95): Magento\Framework\View\Result\Page\Interceptor->___callPlugins()
#89 /var/www/html/magento2/vendor/magento/framework/App/Http.php(120): Magento\Framework\View\Result\Page\Interceptor->renderResult()
#90 /var/www/html/magento2/generated/code/Magento/Framework/App/Http/Interceptor.php(23): Magento\Framework\App\Http->launch()
#91 /var/www/html/magento2/vendor/magento/framework/App/Bootstrap.php(264): Magento\Framework\App\Http\Interceptor->launch()
#92 /var/www/html/magento2/pub/index.php(30): Magento\Framework\App\Bootstrap->run()
#93 {main} {"exception":"[object] (Elasticsearch\\Common\\Exceptions\\NoNodesAvailableException(code: 0): No alive nodes found in your cluster at /var/www/html/magento2/vendor/elasticsearch/elasticsearch/src/Elasticsearch/ConnectionPool/StaticNoPingConnectionPool.php:64)"} []
[2024-12-29T16:41:37.300460+00:00] main.CRITICAL: Elasticsearch\Common\Exceptions\NoNodesAvailableException: No alive nodes found in your cluster in /var/www/html/magento2/vendor/elasticsearch/elasticsearch/src/Elasticsearch/ConnectionPool/StaticNoPingConnectionPool.php:64
Stack trace:
#0 /var/www/html/magento2/vendor/elasticsearch/elasticsearch/src/Elasticsearch/Transport.php(82): Elasticsearch\ConnectionPool\StaticNoPingConnectionPool->nextConnection()
#1 /var/www/html/magento2/vendor/elasticsearch/elasticsearch/src/Elasticsearch/Transport.php(99): Elasticsearch\Transport->getConnection()
#2 /var/www/html/magento2/vendor/elasticsearch/elasticsearch/src/Elasticsearch/Connections/Connection.php(297): Elasticsearch\Transport->performRequest()
#3 /var/www/html/magento2/vendor/react/promise/src/FulfilledPromise.php(28): Elasticsearch\Connections\Connection->Elasticsearch\Connections\{closure}()
#4 /var/www/html/magento2/vendor/ezimuel/ringphp/src/Future/CompletedFutureValue.php(65): React\Promise\FulfilledPromise->then()
#5 /var/www/html/magento2/vendor/ezimuel/ringphp/src/Core.php(341): GuzzleHttp\Ring\Future\CompletedFutureValue->then()
#6 /var/www/html/magento2/vendor/elasticsearch/elasticsearch/src/Elasticsearch/Connections/Connection.php(345): GuzzleHttp\Ring\Core::proxy()
#7 /var/www/html/magento2/vendor/elasticsearch/elasticsearch/src/Elasticsearch/Connections/Connection.php(241): Elasticsearch\Connections\Connection->Elasticsearch\Connections\{closure}()
#8 /var/www/html/magento2/vendor/elasticsearch/elasticsearch/src/Elasticsearch/Transport.php(110): Elasticsearch\Connections\Connection->performRequest()
#9 /var/www/html/magento2/vendor/elasticsearch/elasticsearch/src/Elasticsearch/Client.php(1929): Elasticsearch\Transport->performRequest()
#10 /var/www/html/magento2/vendor/elasticsearch/elasticsearch/src/Elasticsearch/Client.php(1353): Elasticsearch\Client->performRequest()
#11 /var/www/html/magento2/vendor/magento/module-elasticsearch-7/Model/Client/Elasticsearch.php(338): Elasticsearch\Client->search()
#12 /var/www/html/magento2/vendor/magento/module-elasticsearch-7/SearchAdapter/Adapter.php(117): Magento\Elasticsearch7\Model\Client\Elasticsearch->query()
#13 /var/www/html/magento2/vendor/magento/module-search/Model/SearchEngine.php(42): Magento\Elasticsearch7\SearchAdapter\Adapter->query()
#14 /var/www/html/magento2/vendor/magento/framework/Search/Search.php(85): Magento\Search\Model\SearchEngine->search()
#15 /var/www/html/magento2/vendor/magento/module-catalog-search/Model/ResourceModel/Fulltext/Collection.php(464): Magento\Framework\Search\Search->search()
#16 /var/www/html/magento2/vendor/magento/framework/Data/Collection/AbstractDb.php(343): Magento\CatalogSearch\Model\ResourceModel\Fulltext\Collection->_renderFiltersBefore()
#17 /var/www/html/magento2/vendor/magento/module-catalog-search/Model/ResourceModel/Fulltext/Collection.php(582): Magento\Framework\Data\Collection\AbstractDb->_renderFilters()
#18 /var/www/html/magento2/vendor/magento/module-eav/Model/Entity/Collection/AbstractCollection.php(929): Magento\CatalogSearch\Model\ResourceModel\Fulltext\Collection->_renderFilters()
#19 /var/www/html/magento2/vendor/magento/module-catalog/Model/ResourceModel/Product/Collection.php(801): Magento\Eav\Model\Entity\Collection\AbstractCollection->load()
#20 /var/www/html/magento2/vendor/magento/framework/Interception/Interceptor.php(58): Magento\Catalog\Model\ResourceModel\Product\Collection->load()
#21 /var/www/html/magento2/vendor/magento/framework/Interception/Interceptor.php(138): Magento\CatalogSearch\Model\ResourceModel\Fulltext\Collection\Interceptor->___callParent()
#22 /var/www/html/magento2/vendor/magento/framework/Interception/Interceptor.php(153): Magento\CatalogSearch\Model\ResourceModel\Fulltext\Collection\Interceptor->Magento\Framework\Interception\{closure}()
#23 /var/www/html/magento2/generated/code/Magento/CatalogSearch/Model/ResourceModel/Fulltext/Collection/Interceptor.php(257): Magento\CatalogSearch\Model\ResourceModel\Fulltext\Collection\Interceptor->___callPlugins()
#24 /var/www/html/magento2/vendor/magento/module-catalog/Block/Product/ListProduct.php(199): Magento\CatalogSearch\Model\ResourceModel\Fulltext\Collection\Interceptor->load()
#25 /var/www/html/magento2/vendor/magento/framework/View/Element/AbstractBlock.php(1094): Magento\Catalog\Block\Product\ListProduct->_beforeToHtml()
#26 /var/www/html/magento2/vendor/magento/framework/View/Element/AbstractBlock.php(1099): Magento\Framework\View\Element\AbstractBlock->Magento\Framework\View\Element\{closure}()
#27 /var/www/html/magento2/vendor/magento/framework/View/Element/AbstractBlock.php(660): Magento\Framework\View\Element\AbstractBlock->_loadCache()
#28 /var/www/html/magento2/generated/code/Magento/Catalog/Block/Product/ListProduct/Interceptor.php(617): Magento\Framework\View\Element\AbstractBlock->toHtml()
#29 /var/www/html/magento2/vendor/magento/framework/View/Layout.php(578): Magento\Catalog\Block\Product\ListProduct\Interceptor->toHtml()
#30 /var/www/html/magento2/vendor/magento/framework/View/Layout.php(555): Magento\Framework\View\Layout->_renderBlock()
#31 /var/www/html/magento2/generated/code/Magento/Framework/View/Layout/Interceptor.php(149): Magento\Framework\View\Layout->renderNonCachedElement()
#32 /var/www/html/magento2/vendor/magento/framework/View/Layout.php(510): Magento\Framework\View\Layout\Interceptor->renderNonCachedElement()
#33 /var/www/html/magento2/generated/code/Magento/Framework/View/Layout/Interceptor.php(140): Magento\Framework\View\Layout->renderElement()
#34 /var/www/html/magento2/vendor/magento/framework/View/Element/AbstractBlock.php(507): Magento\Framework\View\Layout\Interceptor->renderElement()
#35 /var/www/html/magento2/vendor/magento/module-catalog/Block/Category/View.php(100): Magento\Framework\View\Element\AbstractBlock->getChildHtml()
#36 /var/www/html/magento2/vendor/magento/module-catalog/view/frontend/templates/category/products.phtml(15): Magento\Catalog\Block\Category\View->getProductListHtml()
#37 /var/www/html/magento2/vendor/magento/framework/View/TemplateEngine/Php.php(71): include('...')
#38 /var/www/html/magento2/vendor/magento/module-developer/Model/TemplateEngine/Decorator/DebugHints.php(69): Magento\Framework\View\TemplateEngine\Php->render()
#39 /var/www/html/magento2/vendor/magento/framework/View/Element/Template.php(263): Magento\Developer\Model\TemplateEngine\Decorator\DebugHints->render()
#40 /var/www/html/magento2/vendor/magento/framework/View/Element/Template.php(293): Magento\Framework\View\Element\Template->fetchView()
#41 /var/www/html/magento2/vendor/magento/framework/View/Element/AbstractBlock.php(1095): Magento\Framework\View\Element\Template->_toHtml()
#42 /var/www/html/magento2/vendor/magento/framework/View/Element/AbstractBlock.php(1099): Magento\Framework\View\Element\AbstractBlock->Magento\Framework\View\Element\{closure}()
#43 /var/www/html/magento2/vendor/magento/framework/View/Element/AbstractBlock.php(660): Magento\Framework\View\Element\AbstractBlock->_loadCache()
#44 /var/www/html/magento2/vendor/magento/framework/View/Layout.php(578): Magento\Framework\View\Element\AbstractBlock->toHtml()
#45 /var/www/html/magento2/vendor/magento/framework/View/Layout.php(555): Magento\Framework\View\Layout->_renderBlock()
#46 /var/www/html/magento2/generated/code/Magento/Framework/View/Layout/Interceptor.php(149): Magento\Framework\View\Layout->renderNonCachedElement()
#47 /var/www/html/magento2/vendor/magento/framework/View/Layout.php(510): Magento\Framework\View\Layout\Interceptor->renderNonCachedElement()
#48 /var/www/html/magento2/generated/code/Magento/Framework/View/Layout/Interceptor.php(140): Magento\Framework\View\Layout->renderElement()
#49 /var/www/html/magento2/vendor/magento/framework/View/Layout.php(606): Magento\Framework\View\Layout\Interceptor->renderElement()
#50 /var/www/html/magento2/vendor/magento/framework/View/Layout.php(557): Magento\Framework\View\Layout->_renderContainer()
#51 /var/www/html/magento2/generated/code/Magento/Framework/View/Layout/Interceptor.php(149): Magento\Framework\View\Layout->renderNonCachedElement()
#52 /var/www/html/magento2/vendor/magento/framework/View/Layout.php(510): Magento\Framework\View\Layout\Interceptor->renderNonCachedElement()
#53 /var/www/html/magento2/generated/code/Magento/Framework/View/Layout/Interceptor.php(140): Magento\Framework\View\Layout->renderElement()
#54 /var/www/html/magento2/vendor/magento/framework/View/Layout.php(606): Magento\Framework\View\Layout\Interceptor->renderElement()
#55 /var/www/html/magento2/vendor/magento/framework/View/Layout.php(557): Magento\Framework\View\Layout->_renderContainer()
#56 /var/www/html/magento2/generated/code/Magento/Framework/View/Layout/Interceptor.php(149): Magento\Framework\View\Layout->renderNonCachedElement()
#57 /var/www/html/magento2/vendor/magento/framework/View/Layout.php(510): Magento\Framework\View\Layout\Interceptor->renderNonCachedElement()
#58 /var/www/html/magento2/generated/code/Magento/Framework/View/Layout/Interceptor.php(140): Magento\Framework\View\Layout->renderElement()
#59 /var/www/html/magento2/vendor/magento/framework/View/Layout.php(606): Magento\Framework\View\Layout\Interceptor->renderElement()
#60 /var/www/html/magento2/vendor/magento/framework/View/Layout.php(557): Magento\Framework\View\Layout->_renderContainer()
#61 /var/www/html/magento2/generated/code/Magento/Framework/View/Layout/Interceptor.php(149): Magento\Framework\View\Layout->renderNonCachedElement()
#62 /var/www/html/magento2/vendor/magento/framework/View/Layout.php(510): Magento\Framework\View\Layout\Interceptor->renderNonCachedElement()
#63 /var/www/html/magento2/generated/code/Magento/Framework/View/Layout/Interceptor.php(140): Magento\Framework\View\Layout->renderElement()
#64 /var/www/html/magento2/vendor/magento/framework/View/Layout.php(606): Magento\Framework\View\Layout\Interceptor->renderElement()
#65 /var/www/html/magento2/vendor/magento/framework/View/Layout.php(557): Magento\Framework\View\Layout->_renderContainer()
#66 /var/www/html/magento2/generated/code/Magento/Framework/View/Layout/Interceptor.php(149): Magento\Framework\View\Layout->renderNonCachedElement()
#67 /var/www/html/magento2/vendor/magento/framework/View/Layout.php(510): Magento\Framework\View\Layout\Interceptor->renderNonCachedElement()
#68 /var/www/html/magento2/generated/code/Magento/Framework/View/Layout/Interceptor.php(140): Magento\Framework\View\Layout->renderElement()
#69 /var/www/html/magento2/vendor/magento/framework/View/Layout.php(606): Magento\Framework\View\Layout\Interceptor->renderElement()
#70 /var/www/html/magento2/vendor/magento/framework/View/Layout.php(557): Magento\Framework\View\Layout->_renderContainer()
#71 /var/www/html/magento2/generated/code/Magento/Framework/View/Layout/Interceptor.php(149): Magento\Framework\View\Layout->renderNonCachedElement()
#72 /var/www/html/magento2/vendor/magento/framework/View/Layout.php(510): Magento\Framework\View\Layout\Interceptor->renderNonCachedElement()
#73 /var/www/html/magento2/generated/code/Magento/Framework/View/Layout/Interceptor.php(140): Magento\Framework\View\Layout->renderElement()
#74 /var/www/html/magento2/vendor/magento/framework/View/Layout.php(606): Magento\Framework\View\Layout\Interceptor->renderElement()
#75 /var/www/html/magento2/vendor/magento/framework/View/Layout.php(557): Magento\Framework\View\Layout->_renderContainer()
#76 /var/www/html/magento2/generated/code/Magento/Framework/View/Layout/Interceptor.php(149): Magento\Framework\View\Layout->renderNonCachedElement()
#77 /var/www/html/magento2/vendor/magento/framework/View/Layout.php(510): Magento\Framework\View\Layout\Interceptor->renderNonCachedElement()
#78 /var/www/html/magento2/generated/code/Magento/Framework/View/Layout/Interceptor.php(140): Magento\Framework\View\Layout->renderElement()
#79 /var/www/html/magento2/vendor/magento/framework/View/Layout.php(975): Magento\Framework\View\Layout\Interceptor->renderElement()
#80 /var/www/html/magento2/vendor/magento/framework/Interception/Interceptor.php(58): Magento\Framework\View\Layout->getOutput()
#81 /var/www/html/magento2/vendor/magento/framework/Interception/Interceptor.php(138): Magento\Framework\View\Layout\Interceptor->___callParent()
#82 /var/www/html/magento2/vendor/magento/framework/Interception/Interceptor.php(153): Magento\Framework\View\Layout\Interceptor->Magento\Framework\Interception\{closure}()
#83 /var/www/html/magento2/generated/code/Magento/Framework/View/Layout/Interceptor.php(347): Magento\Framework\View\Layout\Interceptor->___callPlugins()
#84 /var/www/html/magento2/vendor/magento/framework/View/Result/Page.php(260): Magento\Framework\View\Layout\Interceptor->getOutput()
#85 /var/www/html/magento2/vendor/magento/framework/View/Result/Layout.php(171): Magento\Framework\View\Result\Page->render()
#86 /var/www/html/magento2/vendor/magento/framework/Interception/Interceptor.php(58): Magento\Framework\View\Result\Layout->renderResult()
#87 /var/www/html/magento2/vendor/magento/framework/Interception/Interceptor.php(138): Magento\Framework\View\Result\Page\Interceptor->___callParent()
#88 /var/www/html/magento2/vendor/magento/framework/Interception/Interceptor.php(153): Magento\Framework\View\Result\Page\Interceptor->Magento\Framework\Interception\{closure}()
#89 /var/www/html/magento2/generated/code/Magento/Framework/View/Result/Page/Interceptor.php(95): Magento\Framework\View\Result\Page\Interceptor->___callPlugins()
#90 /var/www/html/magento2/vendor/magento/framework/App/Http.php(120): Magento\Framework\View\Result\Page\Interceptor->renderResult()
#91 /var/www/html/magento2/generated/code/Magento/Framework/App/Http/Interceptor.php(23): Magento\Framework\App\Http->launch()
#92 /var/www/html/magento2/vendor/magento/framework/App/Bootstrap.php(264): Magento\Framework\App\Http\Interceptor->launch()
#93 /var/www/html/magento2/pub/index.php(30): Magento\Framework\App\Bootstrap->run()
#94 {main} {"exception":"[object] (Elasticsearch\\Common\\Exceptions\\NoNodesAvailableException(code: 0): No alive nodes found in your cluster at /var/www/html/magento2/vendor/elasticsearch/elasticsearch/src/Elasticsearch/ConnectionPool/StaticNoPingConnectionPool.php:64)"} []
[2024-12-29T16:41:52.677732+00:00] main.CRITICAL: Elasticsearch\Common\Exceptions\NoNodesAvailableException: No alive nodes found in your cluster in /var/www/html/magento2/vendor/elasticsearch/elasticsearch/src/Elasticsearch/ConnectionPool/StaticNoPingConnectionPool.php:64
Stack trace:
#0 /var/www/html/magento2/vendor/elasticsearch/elasticsearch/src/Elasticsearch/Transport.php(82): Elasticsearch\ConnectionPool\StaticNoPingConnectionPool->nextConnection()
#1 /var/www/html/magento2/vendor/elasticsearch/elasticsearch/src/Elasticsearch/Transport.php(99): Elasticsearch\Transport->getConnection()
#2 /var/www/html/magento2/vendor/elasticsearch/elasticsearch/src/Elasticsearch/Connections/Connection.php(297): Elasticsearch\Transport->performRequest()
#3 /var/www/html/magento2/vendor/react/promise/src/FulfilledPromise.php(28): Elasticsearch\Connections\Connection->Elasticsearch\Connections\{closure}()
#4 /var/www/html/magento2/vendor/ezimuel/ringphp/src/Future/CompletedFutureValue.php(65): React\Promise\FulfilledPromise->then()
#5 /var/www/html/magento2/vendor/ezimuel/ringphp/src/Core.php(341): GuzzleHttp\Ring\Future\CompletedFutureValue->then()
#6 /var/www/html/magento2/vendor/elasticsearch/elasticsearch/src/Elasticsearch/Connections/Connection.php(345): GuzzleHttp\Ring\Core::proxy()
#7 /var/www/html/magento2/vendor/elasticsearch/elasticsearch/src/Elasticsearch/Connections/Connection.php(241): Elasticsearch\Connections\Connection->Elasticsearch\Connections\{closure}()
#8 /var/www/html/magento2/vendor/elasticsearch/elasticsearch/src/Elasticsearch/Transport.php(110): Elasticsearch\Connections\Connection->performRequest()
#9 /var/www/html/magento2/vendor/elasticsearch/elasticsearch/src/Elasticsearch/Client.php(1929): Elasticsearch\Transport->performRequest()
#10 /var/www/html/magento2/vendor/elasticsearch/elasticsearch/src/Elasticsearch/Client.php(1353): Elasticsearch\Client->performRequest()
#11 /var/www/html/magento2/vendor/magento/module-elasticsearch-7/Model/Client/Elasticsearch.php(338): Elasticsearch\Client->search()
#12 /var/www/html/magento2/vendor/magento/module-elasticsearch-7/SearchAdapter/Adapter.php(117): Magento\Elasticsearch7\Model\Client\Elasticsearch->query()
#13 /var/www/html/magento2/vendor/magento/module-search/Model/SearchEngine.php(42): Magento\Elasticsearch7\SearchAdapter\Adapter->query()
#14 /var/www/html/magento2/vendor/magento/framework/Search/Search.php(85): Magento\Search\Model\SearchEngine->search()
#15 /var/www/html/magento2/vendor/magento/module-catalog-search/Model/ResourceModel/Fulltext/Collection.php(464): Magento\Framework\Search\Search->search()
#16 /var/www/html/magento2/vendor/magento/framework/Data/Collection/AbstractDb.php(343): Magento\CatalogSearch\Model\ResourceModel\Fulltext\Collection->_renderFiltersBefore()
#17 /var/www/html/magento2/vendor/magento/module-catalog-search/Model/ResourceModel/Fulltext/Collection.php(582): Magento\Framework\Data\Collection\AbstractDb->_renderFilters()
#18 /var/www/html/magento2/vendor/magento/module-eav/Model/Entity/Collection/AbstractCollection.php(929): Magento\CatalogSearch\Model\ResourceModel\Fulltext\Collection->_renderFilters()
#19 /var/www/html/magento2/vendor/magento/module-catalog/Model/ResourceModel/Product/Collection.php(801): Magento\Eav\Model\Entity\Collection\AbstractCollection->load()
#20 /var/www/html/magento2/vendor/magento/framework/Interception/Interceptor.php(58): Magento\Catalog\Model\ResourceModel\Product\Collection->load()
#21 /var/www/html/magento2/vendor/magento/framework/Interception/Interceptor.php(138): Magento\CatalogSearch\Model\ResourceModel\Fulltext\Collection\Interceptor->___callParent()
#22 /var/www/html/magento2/vendor/magento/framework/Interception/Interceptor.php(153): Magento\CatalogSearch\Model\ResourceModel\Fulltext\Collection\Interceptor->Magento\Framework\Interception\{closure}()
#23 /var/www/html/magento2/generated/code/Magento/CatalogSearch/Model/ResourceModel/Fulltext/Collection/Interceptor.php(257): Magento\CatalogSearch\Model\ResourceModel\Fulltext\Collection\Interceptor->___callPlugins()
#24 /var/www/html/magento2/vendor/magento/module-catalog/Block/Product/ListProduct.php(199): Magento\CatalogSearch\Model\ResourceModel\Fulltext\Collection\Interceptor->load()
#25 /var/www/html/magento2/vendor/magento/framework/View/Element/AbstractBlock.php(1094): Magento\Catalog\Block\Product\ListProduct->_beforeToHtml()
#26 /var/www/html/magento2/vendor/magento/framework/View/Element/AbstractBlock.php(1099): Magento\Framework\View\Element\AbstractBlock->Magento\Framework\View\Element\{closure}()
#27 /var/www/html/magento2/vendor/magento/framework/View/Element/AbstractBlock.php(660): Magento\Framework\View\Element\AbstractBlock->_loadCache()
#28 /var/www/html/magento2/generated/code/Magento/Catalog/Block/Product/ListProduct/Interceptor.php(617): Magento\Framework\View\Element\AbstractBlock->toHtml()
#29 /var/www/html/magento2/vendor/magento/framework/View/Layout.php(578): Magento\Catalog\Block\Product\ListProduct\Interceptor->toHtml()
#30 /var/www/html/magento2/vendor/magento/framework/View/Layout.php(555): Magento\Framework\View\Layout->_renderBlock()
#31 /var/www/html/magento2/generated/code/Magento/Framework/View/Layout/Interceptor.php(149): Magento\Framework\View\Layout->renderNonCachedElement()
#32 /var/www/html/magento2/vendor/magento/framework/View/Layout.php(510): Magento\Framework\View\Layout\Interceptor->renderNonCachedElement()
#33 /var/www/html/magento2/generated/code/Magento/Framework/View/Layout/Interceptor.php(140): Magento\Framework\View\Layout->renderElement()
#34 /var/www/html/magento2/vendor/magento/framework/View/Element/AbstractBlock.php(507): Magento\Framework\View\Layout\Interceptor->renderElement()
#35 /var/www/html/magento2/vendor/magento/module-catalog/Block/Category/View.php(100): Magento\Framework\View\Element\AbstractBlock->getChildHtml()
#36 /var/www/html/magento2/vendor/magento/module-catalog/view/frontend/templates/category/products.phtml(15): Magento\Catalog\Block\Category\View->getProductListHtml()
#37 /var/www/html/magento2/vendor/magento/framework/View/TemplateEngine/Php.php(71): include('...')
#38 /var/www/html/magento2/vendor/magento/framework/View/Element/Template.php(263): Magento\Framework\View\TemplateEngine\Php->render()
#39 /var/www/html/magento2/vendor/magento/framework/View/Element/Template.php(293): Magento\Framework\View\Element\Template->fetchView()
#40 /var/www/html/magento2/vendor/magento/framework/View/Element/AbstractBlock.php(1095): Magento\Framework\View\Element\Template->_toHtml()
#41 /var/www/html/magento2/vendor/magento/framework/View/Element/AbstractBlock.php(1099): Magento\Framework\View\Element\AbstractBlock->Magento\Framework\View\Element\{closure}()
#42 /var/www/html/magento2/vendor/magento/framework/View/Element/AbstractBlock.php(660): Magento\Framework\View\Element\AbstractBlock->_loadCache()
#43 /var/www/html/magento2/vendor/magento/framework/View/Layout.php(578): Magento\Framework\View\Element\AbstractBlock->toHtml()
#44 /var/www/html/magento2/vendor/magento/framework/View/Layout.php(555): Magento\Framework\View\Layout->_renderBlock()
#45 /var/www/html/magento2/generated/code/Magento/Framework/View/Layout/Interceptor.php(149): Magento\Framework\View\Layout->renderNonCachedElement()
#46 /var/www/html/magento2/vendor/magento/framework/View/Layout.php(510): Magento\Framework\View\Layout\Interceptor->renderNonCachedElement()
#47 /var/www/html/magento2/generated/code/Magento/Framework/View/Layout/Interceptor.php(140): Magento\Framework\View\Layout->renderElement()
#48 /var/www/html/magento2/vendor/magento/framework/View/Layout.php(606): Magento\Framework\View\Layout\Interceptor->renderElement()
#49 /var/www/html/magento2/vendor/magento/framework/View/Layout.php(557): Magento\Framework\View\Layout->_renderContainer()
#50 /var/www/html/magento2/generated/code/Magento/Framework/View/Layout/Interceptor.php(149): Magento\Framework\View\Layout->renderNonCachedElement()
#51 /var/www/html/magento2/vendor/magento/framework/View/Layout.php(510): Magento\Framework\View\Layout\Interceptor->renderNonCachedElement()
#52 /var/www/html/magento2/generated/code/Magento/Framework/View/Layout/Interceptor.php(140): Magento\Framework\View\Layout->renderElement()
#53 /var/www/html/magento2/vendor/magento/framework/View/Layout.php(606): Magento\Framework\View\Layout\Interceptor->renderElement()
#54 /var/www/html/magento2/vendor/magento/framework/View/Layout.php(557): Magento\Framework\View\Layout->_renderContainer()
#55 /var/www/html/magento2/generated/code/Magento/Framework/View/Layout/Interceptor.php(149): Magento\Framework\View\Layout->renderNonCachedElement()
#56 /var/www/html/magento2/vendor/magento/framework/View/Layout.php(510): Magento\Framework\View\Layout\Interceptor->renderNonCachedElement()
#57 /var/www/html/magento2/generated/code/Magento/Framework/View/Layout/Interceptor.php(140): Magento\Framework\View\Layout->renderElement()
#58 /var/www/html/magento2/vendor/magento/framework/View/Layout.php(606): Magento\Framework\View\Layout\Interceptor->renderElement()
#59 /var/www/html/magento2/vendor/magento/framework/View/Layout.php(557): Magento\Framework\View\Layout->_renderContainer()
#60 /var/www/html/magento2/generated/code/Magento/Framework/View/Layout/Interceptor.php(149): Magento\Framework\View\Layout->renderNonCachedElement()
#61 /var/www/html/magento2/vendor/magento/framework/View/Layout.php(510): Magento\Framework\View\Layout\Interceptor->renderNonCachedElement()
#62 /var/www/html/magento2/generated/code/Magento/Framework/View/Layout/Interceptor.php(140): Magento\Framework\View\Layout->renderElement()
#63 /var/www/html/magento2/vendor/magento/framework/View/Layout.php(606): Magento\Framework\View\Layout\Interceptor->renderElement()
#64 /var/www/html/magento2/vendor/magento/framework/View/Layout.php(557): Magento\Framework\View\Layout->_renderContainer()
#65 /var/www/html/magento2/generated/code/Magento/Framework/View/Layout/Interceptor.php(149): Magento\Framework\View\Layout->renderNonCachedElement()
#66 /var/www/html/magento2/vendor/magento/framework/View/Layout.php(510): Magento\Framework\View\Layout\Interceptor->renderNonCachedElement()
#67 /var/www/html/magento2/generated/code/Magento/Framework/View/Layout/Interceptor.php(140): Magento\Framework\View\Layout->renderElement()
#68 /var/www/html/magento2/vendor/magento/framework/View/Layout.php(606): Magento\Framework\View\Layout\Interceptor->renderElement()
#69 /var/www/html/magento2/vendor/magento/framework/View/Layout.php(557): Magento\Framework\View\Layout->_renderContainer()
#70 /var/www/html/magento2/generated/code/Magento/Framework/View/Layout/Interceptor.php(149): Magento\Framework\View\Layout->renderNonCachedElement()
#71 /var/www/html/magento2/vendor/magento/framework/View/Layout.php(510): Magento\Framework\View\Layout\Interceptor->renderNonCachedElement()
#72 /var/www/html/magento2/generated/code/Magento/Framework/View/Layout/Interceptor.php(140): Magento\Framework\View\Layout->renderElement()
#73 /var/www/html/magento2/vendor/magento/framework/View/Layout.php(606): Magento\Framework\View\Layout\Interceptor->renderElement()
#74 /var/www/html/magento2/vendor/magento/framework/View/Layout.php(557): Magento\Framework\View\Layout->_renderContainer()
#75 /var/www/html/magento2/generated/code/Magento/Framework/View/Layout/Interceptor.php(149): Magento\Framework\View\Layout->renderNonCachedElement()
#76 /var/www/html/magento2/vendor/magento/framework/View/Layout.php(510): Magento\Framework\View\Layout\Interceptor->renderNonCachedElement()
#77 /var/www/html/magento2/generated/code/Magento/Framework/View/Layout/Interceptor.php(140): Magento\Framework\View\Layout->renderElement()
#78 /var/www/html/magento2/vendor/magento/framework/View/Layout.php(975): Magento\Framework\View\Layout\Interceptor->renderElement()
#79 /var/www/html/magento2/vendor/magento/framework/Interception/Interceptor.php(58): Magento\Framework\View\Layout->getOutput()
#80 /var/www/html/magento2/vendor/magento/framework/Interception/Interceptor.php(138): Magento\Framework\View\Layout\Interceptor->___callParent()
#81 /var/www/html/magento2/vendor/magento/framework/Interception/Interceptor.php(153): Magento\Framework\View\Layout\Interceptor->Magento\Framework\Interception\{closure}()
#82 /var/www/html/magento2/generated/code/Magento/Framework/View/Layout/Interceptor.php(347): Magento\Framework\View\Layout\Interceptor->___callPlugins()
#83 /var/www/html/magento2/vendor/magento/framework/View/Result/Page.php(260): Magento\Framework\View\Layout\Interceptor->getOutput()
#84 /var/www/html/magento2/vendor/magento/framework/View/Result/Layout.php(171): Magento\Framework\View\Result\Page->render()
#85 /var/www/html/magento2/vendor/magento/framework/Interception/Interceptor.php(58): Magento\Framework\View\Result\Layout->renderResult()
#86 /var/www/html/magento2/vendor/magento/framework/Interception/Interceptor.php(138): Magento\Framework\View\Result\Page\Interceptor->___callParent()
#87 /var/www/html/magento2/vendor/magento/framework/Interception/Interceptor.php(153): Magento\Framework\View\Result\Page\Interceptor->Magento\Framework\Interception\{closure}()
#88 /var/www/html/magento2/generated/code/Magento/Framework/View/Result/Page/Interceptor.php(95): Magento\Framework\View\Result\Page\Interceptor->___callPlugins()
#89 /var/www/html/magento2/vendor/magento/framework/App/Http.php(120): Magento\Framework\View\Result\Page\Interceptor->renderResult()
#90 /var/www/html/magento2/generated/code/Magento/Framework/App/Http/Interceptor.php(23): Magento\Framework\App\Http->launch()
#91 /var/www/html/magento2/vendor/magento/framework/App/Bootstrap.php(264): Magento\Framework\App\Http\Interceptor->launch()
#92 /var/www/html/magento2/pub/index.php(30): Magento\Framework\App\Bootstrap->run()
#93 {main} {"exception":"[object] (Elasticsearch\\Common\\Exceptions\\NoNodesAvailableException(code: 0): No alive nodes found in your cluster at /var/www/html/magento2/vendor/elasticsearch/elasticsearch/src/Elasticsearch/ConnectionPool/StaticNoPingConnectionPool.php:64)"} []
[2024-12-29T16:43:15.529377+00:00] main.ERROR: Laminas\Mail\Transport\Exception\RuntimeException: Unable to send mail: Unknown error in /var/www/html/magento2/vendor/laminas/laminas-mail/src/Transport/Sendmail.php:313
Stack trace:
#0 /var/www/html/magento2/vendor/laminas/laminas-mail/src/Transport/Sendmail.php(150): Laminas\Mail\Transport\Sendmail->mailHandler()
#1 /var/www/html/magento2/vendor/magento/module-email/Model/Transport.php(183): Laminas\Mail\Transport\Sendmail->send()
#2 /var/www/html/magento2/vendor/magento/framework/Interception/Interceptor.php(58): Magento\Email\Model\Transport->sendMessage()
#3 /var/www/html/magento2/vendor/magento/framework/Interception/Interceptor.php(138): Magento\Email\Model\Transport\Interceptor->___callParent()
#4 /var/www/html/magento2/vendor/magento/module-email/Model/Mail/TransportInterfacePlugin.php(48): Magento\Email\Model\Transport\Interceptor->Magento\Framework\Interception\{closure}()
#5 /var/www/html/magento2/vendor/magento/framework/Interception/Interceptor.php(135): Magento\Email\Model\Mail\TransportInterfacePlugin->aroundSendMessage()
#6 /var/www/html/magento2/vendor/magento/framework/Interception/Interceptor.php(153): Magento\Email\Model\Transport\Interceptor->Magento\Framework\Interception\{closure}()
#7 /var/www/html/magento2/generated/code/Magento/Email/Model/Transport/Interceptor.php(32): Magento\Email\Model\Transport\Interceptor->___callPlugins()
#8 /var/www/html/magento2/vendor/magento/module-user/Model/Notificator.php(98): Magento\Email\Model\Transport\Interceptor->sendMessage()
#9 /var/www/html/magento2/vendor/magento/module-user/Model/Notificator.php(186): Magento\User\Model\Notificator->sendNotification()
#10 /var/www/html/magento2/vendor/magento/module-user/Model/User.php(506): Magento\User\Model\Notificator->sendUpdated()
#11 /var/www/html/magento2/generated/code/Magento/User/Model/User/Interceptor.php(113): Magento\User\Model\User->sendNotificationEmailsIfRequired()
#12 /var/www/html/magento2/vendor/magento/module-backend/Controller/Adminhtml/System/Account/Save.php(83): Magento\User\Model\User\Interceptor->sendNotificationEmailsIfRequired()
#13 /var/www/html/magento2/vendor/magento/framework/Interception/Interceptor.php(58): Magento\Backend\Controller\Adminhtml\System\Account\Save->execute()
#14 /var/www/html/magento2/vendor/magento/framework/Interception/Interceptor.php(138): Magento\Backend\Controller\Adminhtml\System\Account\Save\Interceptor->___callParent()
#15 /var/www/html/magento2/vendor/magento/framework/Interception/Interceptor.php(153): Magento\Backend\Controller\Adminhtml\System\Account\Save\Interceptor->Magento\Framework\Interception\{closure}()
#16 /var/www/html/magento2/generated/code/Magento/Backend/Controller/Adminhtml/System/Account/Save/Interceptor.php(23): Magento\Backend\Controller\Adminhtml\System\Account\Save\Interceptor->___callPlugins()
#17 /var/www/html/magento2/vendor/magento/framework/App/Action/Action.php(111): Magento\Backend\Controller\Adminhtml\System\Account\Save\Interceptor->execute()
#18 /var/www/html/magento2/vendor/magento/module-backend/App/AbstractAction.php(151): Magento\Framework\App\Action\Action->dispatch()
#19 /var/www/html/magento2/vendor/magento/framework/Interception/Interceptor.php(58): Magento\Backend\App\AbstractAction->dispatch()
#20 /var/www/html/magento2/vendor/magento/framework/Interception/Interceptor.php(138): Magento\Backend\Controller\Adminhtml\System\Account\Save\Interceptor->___callParent()
#21 /var/www/html/magento2/vendor/magento/module-backend/App/Action/Plugin/Authentication.php(145): Magento\Backend\Controller\Adminhtml\System\Account\Save\Interceptor->Magento\Framework\Interception\{closure}()
#22 /var/www/html/magento2/vendor/magento/framework/Interception/Interceptor.php(135): Magento\Backend\App\Action\Plugin\Authentication->aroundDispatch()
#23 /var/www/html/magento2/vendor/magento/framework/Interception/Interceptor.php(153): Magento\Backend\Controller\Adminhtml\System\Account\Save\Interceptor->Magento\Framework\Interception\{closure}()
#24 /var/www/html/magento2/generated/code/Magento/Backend/Controller/Adminhtml/System/Account/Save/Interceptor.php(32): Magento\Backend\Controller\Adminhtml\System\Account\Save\Interceptor->___callPlugins()
#25 /var/www/html/magento2/vendor/magento/framework/App/FrontController.php(245): Magento\Backend\Controller\Adminhtml\System\Account\Save\Interceptor->dispatch()
#26 /var/www/html/magento2/vendor/magento/framework/App/FrontController.php(212): Magento\Framework\App\FrontController->getActionResponse()
#27 /var/www/html/magento2/vendor/magento/framework/App/FrontController.php(147): Magento\Framework\App\FrontController->processRequest()
#28 /var/www/html/magento2/vendor/magento/framework/Interception/Interceptor.php(58): Magento\Framework\App\FrontController->dispatch()
#29 /var/www/html/magento2/vendor/magento/framework/Interception/Interceptor.php(138): Magento\Framework\App\FrontController\Interceptor->___callParent()
#30 /var/www/html/magento2/vendor/magento/framework/Interception/Interceptor.php(153): Magento\Framework\App\FrontController\Interceptor->Magento\Framework\Interception\{closure}()
#31 /var/www/html/magento2/generated/code/Magento/Framework/App/FrontController/Interceptor.php(23): Magento\Framework\App\FrontController\Interceptor->___callPlugins()
#32 /var/www/html/magento2/vendor/magento/framework/App/Http.php(116): Magento\Framework\App\FrontController\Interceptor->dispatch()
#33 /var/www/html/magento2/generated/code/Magento/Framework/App/Http/Interceptor.php(23): Magento\Framework\App\Http->launch()
#34 /var/www/html/magento2/vendor/magento/framework/App/Bootstrap.php(264): Magento\Framework\App\Http\Interceptor->launch()
#35 /var/www/html/magento2/pub/index.php(30): Magento\Framework\App\Bootstrap->run()
#36 {main} {"exception":"[object] (Laminas\\Mail\\Transport\\Exception\\RuntimeException(code: 0): Unable to send mail: Unknown error at /var/www/html/magento2/vendor/laminas/laminas-mail/src/Transport/Sendmail.php:313)"} []
[2025-01-17T05:51:08.280457+00:00] main.CRITICAL: Elasticsearch\Common\Exceptions\NoNodesAvailableException: No alive nodes found in your cluster in /var/www/html/magento2/vendor/elasticsearch/elasticsearch/src/Elasticsearch/ConnectionPool/StaticNoPingConnectionPool.php:64
Stack trace:
#0 /var/www/html/magento2/vendor/elasticsearch/elasticsearch/src/Elasticsearch/Transport.php(82): Elasticsearch\ConnectionPool\StaticNoPingConnectionPool->nextConnection()
#1 /var/www/html/magento2/vendor/elasticsearch/elasticsearch/src/Elasticsearch/Transport.php(99): Elasticsearch\Transport->getConnection()
#2 /var/www/html/magento2/vendor/elasticsearch/elasticsearch/src/Elasticsearch/Connections/Connection.php(297): Elasticsearch\Transport->performRequest()
#3 /var/www/html/magento2/vendor/react/promise/src/FulfilledPromise.php(28): Elasticsearch\Connections\Connection->Elasticsearch\Connections\{closure}()
#4 /var/www/html/magento2/vendor/ezimuel/ringphp/src/Future/CompletedFutureValue.php(65): React\Promise\FulfilledPromise->then()
#5 /var/www/html/magento2/vendor/ezimuel/ringphp/src/Core.php(341): GuzzleHttp\Ring\Future\CompletedFutureValue->then()
#6 /var/www/html/magento2/vendor/elasticsearch/elasticsearch/src/Elasticsearch/Connections/Connection.php(345): GuzzleHttp\Ring\Core::proxy()
#7 /var/www/html/magento2/vendor/elasticsearch/elasticsearch/src/Elasticsearch/Connections/Connection.php(241): Elasticsearch\Connections\Connection->Elasticsearch\Connections\{closure}()
#8 /var/www/html/magento2/vendor/elasticsearch/elasticsearch/src/Elasticsearch/Transport.php(110): Elasticsearch\Connections\Connection->performRequest()
#9 /var/www/html/magento2/vendor/elasticsearch/elasticsearch/src/Elasticsearch/Client.php(1929): Elasticsearch\Transport->performRequest()
#10 /var/www/html/magento2/vendor/elasticsearch/elasticsearch/src/Elasticsearch/Client.php(1353): Elasticsearch\Client->performRequest()
#11 /var/www/html/magento2/vendor/magento/module-elasticsearch-7/Model/Client/Elasticsearch.php(338): Elasticsearch\Client->search()
#12 /var/www/html/magento2/vendor/magento/module-elasticsearch-7/SearchAdapter/Adapter.php(117): Magento\Elasticsearch7\Model\Client\Elasticsearch->query()
#13 /var/www/html/magento2/vendor/magento/module-search/Model/SearchEngine.php(42): Magento\Elasticsearch7\SearchAdapter\Adapter->query()
#14 /var/www/html/magento2/vendor/magento/framework/Search/Search.php(85): Magento\Search\Model\SearchEngine->search()
#15 /var/www/html/magento2/vendor/magento/module-catalog-search/Model/ResourceModel/Fulltext/Collection.php(464): Magento\Framework\Search\Search->search()
#16 /var/www/html/magento2/vendor/magento/framework/Data/Collection/AbstractDb.php(343): Magento\CatalogSearch\Model\ResourceModel\Fulltext\Collection->_renderFiltersBefore()
#17 /var/www/html/magento2/vendor/magento/module-catalog-search/Model/ResourceModel/Fulltext/Collection.php(582): Magento\Framework\Data\Collection\AbstractDb->_renderFilters()
#18 /var/www/html/magento2/vendor/magento/module-eav/Model/Entity/Collection/AbstractCollection.php(929): Magento\CatalogSearch\Model\ResourceModel\Fulltext\Collection->_renderFilters()
#19 /var/www/html/magento2/vendor/magento/module-catalog/Model/ResourceModel/Product/Collection.php(801): Magento\Eav\Model\Entity\Collection\AbstractCollection->load()
#20 /var/www/html/magento2/vendor/magento/framework/Interception/Interceptor.php(58): Magento\Catalog\Model\ResourceModel\Product\Collection->load()
#21 /var/www/html/magento2/vendor/magento/framework/Interception/Interceptor.php(138): Magento\CatalogSearch\Model\ResourceModel\Fulltext\Collection\Interceptor->___callParent()
#22 /var/www/html/magento2/vendor/magento/framework/Interception/Interceptor.php(153): Magento\CatalogSearch\Model\ResourceModel\Fulltext\Collection\Interceptor->Magento\Framework\Interception\{closure}()
#23 /var/www/html/magento2/generated/code/Magento/CatalogSearch/Model/ResourceModel/Fulltext/Collection/Interceptor.php(257): Magento\CatalogSearch\Model\ResourceModel\Fulltext\Collection\Interceptor->___callPlugins()
#24 /var/www/html/magento2/vendor/magento/module-catalog/Block/Product/ListProduct.php(199): Magento\CatalogSearch\Model\ResourceModel\Fulltext\Collection\Interceptor->load()
#25 /var/www/html/magento2/vendor/magento/framework/View/Element/AbstractBlock.php(1094): Magento\Catalog\Block\Product\ListProduct->_beforeToHtml()
#26 /var/www/html/magento2/vendor/magento/framework/View/Element/AbstractBlock.php(1099): Magento\Framework\View\Element\AbstractBlock->Magento\Framework\View\Element\{closure}()
#27 /var/www/html/magento2/vendor/magento/framework/View/Element/AbstractBlock.php(660): Magento\Framework\View\Element\AbstractBlock->_loadCache()
#28 /var/www/html/magento2/generated/code/Magento/Catalog/Block/Product/ListProduct/Interceptor.php(617): Magento\Framework\View\Element\AbstractBlock->toHtml()
#29 /var/www/html/magento2/vendor/magento/framework/View/Layout.php(578): Magento\Catalog\Block\Product\ListProduct\Interceptor->toHtml()
#30 /var/www/html/magento2/vendor/magento/framework/View/Layout.php(555): Magento\Framework\View\Layout->_renderBlock()
#31 /var/www/html/magento2/generated/code/Magento/Framework/View/Layout/Interceptor.php(149): Magento\Framework\View\Layout->renderNonCachedElement()
#32 /var/www/html/magento2/vendor/magento/framework/View/Layout.php(510): Magento\Framework\View\Layout\Interceptor->renderNonCachedElement()
#33 /var/www/html/magento2/generated/code/Magento/Framework/View/Layout/Interceptor.php(140): Magento\Framework\View\Layout->renderElement()
#34 /var/www/html/magento2/vendor/magento/framework/View/Element/AbstractBlock.php(507): Magento\Framework\View\Layout\Interceptor->renderElement()
#35 /var/www/html/magento2/vendor/magento/module-catalog/Block/Category/View.php(100): Magento\Framework\View\Element\AbstractBlock->getChildHtml()
#36 /var/www/html/magento2/vendor/magento/module-catalog/view/frontend/templates/category/products.phtml(15): Magento\Catalog\Block\Category\View->getProductListHtml()
#37 /var/www/html/magento2/vendor/magento/framework/View/TemplateEngine/Php.php(71): include('...')
#38 /var/www/html/magento2/vendor/magento/module-developer/Model/TemplateEngine/Decorator/DebugHints.php(69): Magento\Framework\View\TemplateEngine\Php->render()
#39 /var/www/html/magento2/vendor/magento/framework/View/Element/Template.php(263): Magento\Developer\Model\TemplateEngine\Decorator\DebugHints->render()
#40 /var/www/html/magento2/vendor/magento/framework/View/Element/Template.php(293): Magento\Framework\View\Element\Template->fetchView()
#41 /var/www/html/magento2/vendor/magento/framework/View/Element/AbstractBlock.php(1095): Magento\Framework\View\Element\Template->_toHtml()
#42 /var/www/html/magento2/vendor/magento/framework/View/Element/AbstractBlock.php(1099): Magento\Framework\View\Element\AbstractBlock->Magento\Framework\View\Element\{closure}()
#43 /var/www/html/magento2/vendor/magento/framework/View/Element/AbstractBlock.php(660): Magento\Framework\View\Element\AbstractBlock->_loadCache()
#44 /var/www/html/magento2/vendor/magento/framework/View/Layout.php(578): Magento\Framework\View\Element\AbstractBlock->toHtml()
#45 /var/www/html/magento2/vendor/magento/framework/View/Layout.php(555): Magento\Framework\View\Layout->_renderBlock()
#46 /var/www/html/magento2/generated/code/Magento/Framework/View/Layout/Interceptor.php(149): Magento\Framework\View\Layout->renderNonCachedElement()
#47 /var/www/html/magento2/vendor/magento/framework/View/Layout.php(510): Magento\Framework\View\Layout\Interceptor->renderNonCachedElement()
#48 /var/www/html/magento2/generated/code/Magento/Framework/View/Layout/Interceptor.php(140): Magento\Framework\View\Layout->renderElement()
#49 /var/www/html/magento2/vendor/magento/framework/View/Layout.php(606): Magento\Framework\View\Layout\Interceptor->renderElement()
#50 /var/www/html/magento2/vendor/magento/framework/View/Layout.php(557): Magento\Framework\View\Layout->_renderContainer()
#51 /var/www/html/magento2/generated/code/Magento/Framework/View/Layout/Interceptor.php(149): Magento\Framework\View\Layout->renderNonCachedElement()
#52 /var/www/html/magento2/vendor/magento/framework/View/Layout.php(510): Magento\Framework\View\Layout\Interceptor->renderNonCachedElement()
#53 /var/www/html/magento2/generated/code/Magento/Framework/View/Layout/Interceptor.php(140): Magento\Framework\View\Layout->renderElement()
#54 /var/www/html/magento2/vendor/magento/framework/View/Layout.php(606): Magento\Framework\View\Layout\Interceptor->renderElement()
#55 /var/www/html/magento2/vendor/magento/framework/View/Layout.php(557): Magento\Framework\View\Layout->_renderContainer()
#56 /var/www/html/magento2/generated/code/Magento/Framework/View/Layout/Interceptor.php(149): Magento\Framework\View\Layout->renderNonCachedElement()
#57 /var/www/html/magento2/vendor/magento/framework/View/Layout.php(510): Magento\Framework\View\Layout\Interceptor->renderNonCachedElement()
#58 /var/www/html/magento2/generated/code/Magento/Framework/View/Layout/Interceptor.php(140): Magento\Framework\View\Layout->renderElement()
#59 /var/www/html/magento2/vendor/magento/framework/View/Layout.php(606): Magento\Framework\View\Layout\Interceptor->renderElement()
#60 /var/www/html/magento2/vendor/magento/framework/View/Layout.php(557): Magento\Framework\View\Layout->_renderContainer()
#61 /var/www/html/magento2/generated/code/Magento/Framework/View/Layout/Interceptor.php(149): Magento\Framework\View\Layout->renderNonCachedElement()
#62 /var/www/html/magento2/vendor/magento/framework/View/Layout.php(510): Magento\Framework\View\Layout\Interceptor->renderNonCachedElement()
#63 /var/www/html/magento2/generated/code/Magento/Framework/View/Layout/Interceptor.php(140): Magento\Framework\View\Layout->renderElement()
#64 /var/www/html/magento2/vendor/magento/framework/View/Layout.php(606): Magento\Framework\View\Layout\Interceptor->renderElement()
#65 /var/www/html/magento2/vendor/magento/framework/View/Layout.php(557): Magento\Framework\View\Layout->_renderContainer()
#66 /var/www/html/magento2/generated/code/Magento/Framework/View/Layout/Interceptor.php(149): Magento\Framework\View\Layout->renderNonCachedElement()
#67 /var/www/html/magento2/vendor/magento/framework/View/Layout.php(510): Magento\Framework\View\Layout\Interceptor->renderNonCachedElement()
#68 /var/www/html/magento2/generated/code/Magento/Framework/View/Layout/Interceptor.php(140): Magento\Framework\View\Layout->renderElement()
#69 /var/www/html/magento2/vendor/magento/framework/View/Layout.php(606): Magento\Framework\View\Layout\Interceptor->renderElement()
#70 /var/www/html/magento2/vendor/magento/framework/View/Layout.php(557): Magento\Framework\View\Layout->_renderContainer()
#71 /var/www/html/magento2/generated/code/Magento/Framework/View/Layout/Interceptor.php(149): Magento\Framework\View\Layout->renderNonCachedElement()
#72 /var/www/html/magento2/vendor/magento/framework/View/Layout.php(510): Magento\Framework\View\Layout\Interceptor->renderNonCachedElement()
#73 /var/www/html/magento2/generated/code/Magento/Framework/View/Layout/Interceptor.php(140): Magento\Framework\View\Layout->renderElement()
#74 /var/www/html/magento2/vendor/magento/framework/View/Layout.php(606): Magento\Framework\View\Layout\Interceptor->renderElement()
#75 /var/www/html/magento2/vendor/magento/framework/View/Layout.php(557): Magento\Framework\View\Layout->_renderContainer()
#76 /var/www/html/magento2/generated/code/Magento/Framework/View/Layout/Interceptor.php(149): Magento\Framework\View\Layout->renderNonCachedElement()
#77 /var/www/html/magento2/vendor/magento/framework/View/Layout.php(510): Magento\Framework\View\Layout\Interceptor->renderNonCachedElement()
#78 /var/www/html/magento2/generated/code/Magento/Framework/View/Layout/Interceptor.php(140): Magento\Framework\View\Layout->renderElement()
#79 /var/www/html/magento2/vendor/magento/framework/View/Layout.php(975): Magento\Framework\View\Layout\Interceptor->renderElement()
#80 /var/www/html/magento2/vendor/magento/framework/Interception/Interceptor.php(58): Magento\Framework\View\Layout->getOutput()
#81 /var/www/html/magento2/vendor/magento/framework/Interception/Interceptor.php(138): Magento\Framework\View\Layout\Interceptor->___callParent()
#82 /var/www/html/magento2/vendor/magento/framework/Interception/Interceptor.php(153): Magento\Framework\View\Layout\Interceptor->Magento\Framework\Interception\{closure}()
#83 /var/www/html/magento2/generated/code/Magento/Framework/View/Layout/Interceptor.php(347): Magento\Framework\View\Layout\Interceptor->___callPlugins()
#84 /var/www/html/magento2/vendor/magento/framework/View/Result/Page.php(260): Magento\Framework\View\Layout\Interceptor->getOutput()
#85 /var/www/html/magento2/vendor/magento/framework/View/Result/Layout.php(171): Magento\Framework\View\Result\Page->render()
#86 /var/www/html/magento2/vendor/magento/framework/Interception/Interceptor.php(58): Magento\Framework\View\Result\Layout->renderResult()
#87 /var/www/html/magento2/vendor/magento/framework/Interception/Interceptor.php(138): Magento\Framework\View\Result\Page\Interceptor->___callParent()
#88 /var/www/html/magento2/vendor/magento/framework/Interception/Interceptor.php(153): Magento\Framework\View\Result\Page\Interceptor->Magento\Framework\Interception\{closure}()
#89 /var/www/html/magento2/generated/code/Magento/Framework/View/Result/Page/Interceptor.php(95): Magento\Framework\View\Result\Page\Interceptor->___callPlugins()
#90 /var/www/html/magento2/vendor/magento/framework/App/Http.php(120): Magento\Framework\View\Result\Page\Interceptor->renderResult()
#91 /var/www/html/magento2/generated/code/Magento/Framework/App/Http/Interceptor.php(23): Magento\Framework\App\Http->launch()
#92 /var/www/html/magento2/vendor/magento/framework/App/Bootstrap.php(264): Magento\Framework\App\Http\Interceptor->launch()
#93 /var/www/html/magento2/pub/index.php(30): Magento\Framework\App\Bootstrap->run()
#94 {main} {"exception":"[object] (Elasticsearch\\Common\\Exceptions\\NoNodesAvailableException(code: 0): No alive nodes found in your cluster at /var/www/html/magento2/vendor/elasticsearch/elasticsearch/src/Elasticsearch/ConnectionPool/StaticNoPingConnectionPool.php:64)"} []
[2025-01-17T05:51:20.702919+00:00] main.CRITICAL: Elasticsearch\Common\Exceptions\NoNodesAvailableException: No alive nodes found in your cluster in /var/www/html/magento2/vendor/elasticsearch/elasticsearch/src/Elasticsearch/ConnectionPool/StaticNoPingConnectionPool.php:64
Stack trace:
#0 /var/www/html/magento2/vendor/elasticsearch/elasticsearch/src/Elasticsearch/Transport.php(82): Elasticsearch\ConnectionPool\StaticNoPingConnectionPool->nextConnection()
#1 /var/www/html/magento2/vendor/elasticsearch/elasticsearch/src/Elasticsearch/Transport.php(99): Elasticsearch\Transport->getConnection()
#2 /var/www/html/magento2/vendor/elasticsearch/elasticsearch/src/Elasticsearch/Connections/Connection.php(297): Elasticsearch\Transport->performRequest()
#3 /var/www/html/magento2/vendor/react/promise/src/FulfilledPromise.php(28): Elasticsearch\Connections\Connection->Elasticsearch\Connections\{closure}()
#4 /var/www/html/magento2/vendor/ezimuel/ringphp/src/Future/CompletedFutureValue.php(65): React\Promise\FulfilledPromise->then()
#5 /var/www/html/magento2/vendor/ezimuel/ringphp/src/Core.php(341): GuzzleHttp\Ring\Future\CompletedFutureValue->then()
#6 /var/www/html/magento2/vendor/elasticsearch/elasticsearch/src/Elasticsearch/Connections/Connection.php(345): GuzzleHttp\Ring\Core::proxy()
#7 /var/www/html/magento2/vendor/elasticsearch/elasticsearch/src/Elasticsearch/Connections/Connection.php(241): Elasticsearch\Connections\Connection->Elasticsearch\Connections\{closure}()
#8 /var/www/html/magento2/vendor/elasticsearch/elasticsearch/src/Elasticsearch/Transport.php(110): Elasticsearch\Connections\Connection->performRequest()
#9 /var/www/html/magento2/vendor/elasticsearch/elasticsearch/src/Elasticsearch/Client.php(1929): Elasticsearch\Transport->performRequest()
#10 /var/www/html/magento2/vendor/elasticsearch/elasticsearch/src/Elasticsearch/Client.php(1353): Elasticsearch\Client->performRequest()
#11 /var/www/html/magento2/vendor/magento/module-elasticsearch-7/Model/Client/Elasticsearch.php(338): Elasticsearch\Client->search()
#12 /var/www/html/magento2/vendor/magento/module-elasticsearch-7/SearchAdapter/Adapter.php(117): Magento\Elasticsearch7\Model\Client\Elasticsearch->query()
#13 /var/www/html/magento2/vendor/magento/module-search/Model/SearchEngine.php(42): Magento\Elasticsearch7\SearchAdapter\Adapter->query()
#14 /var/www/html/magento2/vendor/magento/framework/Search/Search.php(85): Magento\Search\Model\SearchEngine->search()
#15 /var/www/html/magento2/vendor/magento/module-catalog-search/Model/ResourceModel/Fulltext/Collection.php(464): Magento\Framework\Search\Search->search()
#16 /var/www/html/magento2/vendor/magento/framework/Data/Collection/AbstractDb.php(343): Magento\CatalogSearch\Model\ResourceModel\Fulltext\Collection->_renderFiltersBefore()
#17 /var/www/html/magento2/vendor/magento/module-catalog-search/Model/ResourceModel/Fulltext/Collection.php(582): Magento\Framework\Data\Collection\AbstractDb->_renderFilters()
#18 /var/www/html/magento2/vendor/magento/module-eav/Model/Entity/Collection/AbstractCollection.php(929): Magento\CatalogSearch\Model\ResourceModel\Fulltext\Collection->_renderFilters()
#19 /var/www/html/magento2/vendor/magento/module-catalog/Model/ResourceModel/Product/Collection.php(801): Magento\Eav\Model\Entity\Collection\AbstractCollection->load()
#20 /var/www/html/magento2/vendor/magento/framework/Interception/Interceptor.php(58): Magento\Catalog\Model\ResourceModel\Product\Collection->load()
#21 /var/www/html/magento2/vendor/magento/framework/Interception/Interceptor.php(138): Magento\CatalogSearch\Model\ResourceModel\Fulltext\Collection\Interceptor->___callParent()
#22 /var/www/html/magento2/vendor/magento/framework/Interception/Interceptor.php(153): Magento\CatalogSearch\Model\ResourceModel\Fulltext\Collection\Interceptor->Magento\Framework\Interception\{closure}()
#23 /var/www/html/magento2/generated/code/Magento/CatalogSearch/Model/ResourceModel/Fulltext/Collection/Interceptor.php(257): Magento\CatalogSearch\Model\ResourceModel\Fulltext\Collection\Interceptor->___callPlugins()
#24 /var/www/html/magento2/vendor/magento/module-catalog/Block/Product/ListProduct.php(199): Magento\CatalogSearch\Model\ResourceModel\Fulltext\Collection\Interceptor->load()
#25 /var/www/html/magento2/vendor/magento/framework/View/Element/AbstractBlock.php(1094): Magento\Catalog\Block\Product\ListProduct->_beforeToHtml()
#26 /var/www/html/magento2/vendor/magento/framework/View/Element/AbstractBlock.php(1099): Magento\Framework\View\Element\AbstractBlock->Magento\Framework\View\Element\{closure}()
#27 /var/www/html/magento2/vendor/magento/framework/View/Element/AbstractBlock.php(660): Magento\Framework\View\Element\AbstractBlock->_loadCache()
#28 /var/www/html/magento2/generated/code/Magento/Catalog/Block/Product/ListProduct/Interceptor.php(617): Magento\Framework\View\Element\AbstractBlock->toHtml()
#29 /var/www/html/magento2/vendor/magento/framework/View/Layout.php(578): Magento\Catalog\Block\Product\ListProduct\Interceptor->toHtml()
#30 /var/www/html/magento2/vendor/magento/framework/View/Layout.php(555): Magento\Framework\View\Layout->_renderBlock()
#31 /var/www/html/magento2/generated/code/Magento/Framework/View/Layout/Interceptor.php(149): Magento\Framework\View\Layout->renderNonCachedElement()
#32 /var/www/html/magento2/vendor/magento/framework/View/Layout.php(510): Magento\Framework\View\Layout\Interceptor->renderNonCachedElement()
#33 /var/www/html/magento2/generated/code/Magento/Framework/View/Layout/Interceptor.php(140): Magento\Framework\View\Layout->renderElement()
#34 /var/www/html/magento2/vendor/magento/framework/View/Element/AbstractBlock.php(507): Magento\Framework\View\Layout\Interceptor->renderElement()
#35 /var/www/html/magento2/vendor/magento/module-catalog/Block/Category/View.php(100): Magento\Framework\View\Element\AbstractBlock->getChildHtml()
#36 /var/www/html/magento2/vendor/magento/module-catalog/view/frontend/templates/category/products.phtml(15): Magento\Catalog\Block\Category\View->getProductListHtml()
#37 /var/www/html/magento2/vendor/magento/framework/View/TemplateEngine/Php.php(71): include('...')
#38 /var/www/html/magento2/vendor/magento/framework/View/Element/Template.php(263): Magento\Framework\View\TemplateEngine\Php->render()
#39 /var/www/html/magento2/vendor/magento/framework/View/Element/Template.php(293): Magento\Framework\View\Element\Template->fetchView()
#40 /var/www/html/magento2/vendor/magento/framework/View/Element/AbstractBlock.php(1095): Magento\Framework\View\Element\Template->_toHtml()
#41 /var/www/html/magento2/vendor/magento/framework/View/Element/AbstractBlock.php(1099): Magento\Framework\View\Element\AbstractBlock->Magento\Framework\View\Element\{closure}()
#42 /var/www/html/magento2/vendor/magento/framework/View/Element/AbstractBlock.php(660): Magento\Framework\View\Element\AbstractBlock->_loadCache()
#43 /var/www/html/magento2/vendor/magento/framework/View/Layout.php(578): Magento\Framework\View\Element\AbstractBlock->toHtml()
#44 /var/www/html/magento2/vendor/magento/framework/View/Layout.php(555): Magento\Framework\View\Layout->_renderBlock()
#45 /var/www/html/magento2/generated/code/Magento/Framework/View/Layout/Interceptor.php(149): Magento\Framework\View\Layout->renderNonCachedElement()
#46 /var/www/html/magento2/vendor/magento/framework/View/Layout.php(510): Magento\Framework\View\Layout\Interceptor->renderNonCachedElement()
#47 /var/www/html/magento2/generated/code/Magento/Framework/View/Layout/Interceptor.php(140): Magento\Framework\View\Layout->renderElement()
#48 /var/www/html/magento2/vendor/magento/framework/View/Layout.php(606): Magento\Framework\View\Layout\Interceptor->renderElement()
#49 /var/www/html/magento2/vendor/magento/framework/View/Layout.php(557): Magento\Framework\View\Layout->_renderContainer()
#50 /var/www/html/magento2/generated/code/Magento/Framework/View/Layout/Interceptor.php(149): Magento\Framework\View\Layout->renderNonCachedElement()
#51 /var/www/html/magento2/vendor/magento/framework/View/Layout.php(510): Magento\Framework\View\Layout\Interceptor->renderNonCachedElement()
#52 /var/www/html/magento2/generated/code/Magento/Framework/View/Layout/Interceptor.php(140): Magento\Framework\View\Layout->renderElement()
#53 /var/www/html/magento2/vendor/magento/framework/View/Layout.php(606): Magento\Framework\View\Layout\Interceptor->renderElement()
#54 /var/www/html/magento2/vendor/magento/framework/View/Layout.php(557): Magento\Framework\View\Layout->_renderContainer()
#55 /var/www/html/magento2/generated/code/Magento/Framework/View/Layout/Interceptor.php(149): Magento\Framework\View\Layout->renderNonCachedElement()
#56 /var/www/html/magento2/vendor/magento/framework/View/Layout.php(510): Magento\Framework\View\Layout\Interceptor->renderNonCachedElement()
#57 /var/www/html/magento2/generated/code/Magento/Framework/View/Layout/Interceptor.php(140): Magento\Framework\View\Layout->renderElement()
#58 /var/www/html/magento2/vendor/magento/framework/View/Layout.php(606): Magento\Framework\View\Layout\Interceptor->renderElement()
#59 /var/www/html/magento2/vendor/magento/framework/View/Layout.php(557): Magento\Framework\View\Layout->_renderContainer()
#60 /var/www/html/magento2/generated/code/Magento/Framework/View/Layout/Interceptor.php(149): Magento\Framework\View\Layout->renderNonCachedElement()
#61 /var/www/html/magento2/vendor/magento/framework/View/Layout.php(510): Magento\Framework\View\Layout\Interceptor->renderNonCachedElement()
#62 /var/www/html/magento2/generated/code/Magento/Framework/View/Layout/Interceptor.php(140): Magento\Framework\View\Layout->renderElement()
#63 /var/www/html/magento2/vendor/magento/framework/View/Layout.php(606): Magento\Framework\View\Layout\Interceptor->renderElement()
#64 /var/www/html/magento2/vendor/magento/framework/View/Layout.php(557): Magento\Framework\View\Layout->_renderContainer()
#65 /var/www/html/magento2/generated/code/Magento/Framework/View/Layout/Interceptor.php(149): Magento\Framework\View\Layout->renderNonCachedElement()
#66 /var/www/html/magento2/vendor/magento/framework/View/Layout.php(510): Magento\Framework\View\Layout\Interceptor->renderNonCachedElement()
#67 /var/www/html/magento2/generated/code/Magento/Framework/View/Layout/Interceptor.php(140): Magento\Framework\View\Layout->renderElement()
#68 /var/www/html/magento2/vendor/magento/framework/View/Layout.php(606): Magento\Framework\View\Layout\Interceptor->renderElement()
#69 /var/www/html/magento2/vendor/magento/framework/View/Layout.php(557): Magento\Framework\View\Layout->_renderContainer()
#70 /var/www/html/magento2/generated/code/Magento/Framework/View/Layout/Interceptor.php(149): Magento\Framework\View\Layout->renderNonCachedElement()
#71 /var/www/html/magento2/vendor/magento/framework/View/Layout.php(510): Magento\Framework\View\Layout\Interceptor->renderNonCachedElement()
#72 /var/www/html/magento2/generated/code/Magento/Framework/View/Layout/Interceptor.php(140): Magento\Framework\View\Layout->renderElement()
#73 /var/www/html/magento2/vendor/magento/framework/View/Layout.php(606): Magento\Framework\View\Layout\Interceptor->renderElement()
#74 /var/www/html/magento2/vendor/magento/framework/View/Layout.php(557): Magento\Framework\View\Layout->_renderContainer()
#75 /var/www/html/magento2/generated/code/Magento/Framework/View/Layout/Interceptor.php(149): Magento\Framework\View\Layout->renderNonCachedElement()
#76 /var/www/html/magento2/vendor/magento/framework/View/Layout.php(510): Magento\Framework\View\Layout\Interceptor->renderNonCachedElement()
#77 /var/www/html/magento2/generated/code/Magento/Framework/View/Layout/Interceptor.php(140): Magento\Framework\View\Layout->renderElement()
#78 /var/www/html/magento2/vendor/magento/framework/View/Layout.php(975): Magento\Framework\View\Layout\Interceptor->renderElement()
#79 /var/www/html/magento2/vendor/magento/framework/Interception/Interceptor.php(58): Magento\Framework\View\Layout->getOutput()
#80 /var/www/html/magento2/vendor/magento/framework/Interception/Interceptor.php(138): Magento\Framework\View\Layout\Interceptor->___callParent()
#81 /var/www/html/magento2/vendor/magento/framework/Interception/Interceptor.php(153): Magento\Framework\View\Layout\Interceptor->Magento\Framework\Interception\{closure}()
#82 /var/www/html/magento2/generated/code/Magento/Framework/View/Layout/Interceptor.php(347): Magento\Framework\View\Layout\Interceptor->___callPlugins()
#83 /var/www/html/magento2/vendor/magento/framework/View/Result/Page.php(260): Magento\Framework\View\Layout\Interceptor->getOutput()
#84 /var/www/html/magento2/vendor/magento/framework/View/Result/Layout.php(171): Magento\Framework\View\Result\Page->render()
#85 /var/www/html/magento2/vendor/magento/framework/Interception/Interceptor.php(58): Magento\Framework\View\Result\Layout->renderResult()
#86 /var/www/html/magento2/vendor/magento/framework/Interception/Interceptor.php(138): Magento\Framework\View\Result\Page\Interceptor->___callParent()
#87 /var/www/html/magento2/vendor/magento/framework/Interception/Interceptor.php(153): Magento\Framework\View\Result\Page\Interceptor->Magento\Framework\Interception\{closure}()
#88 /var/www/html/magento2/generated/code/Magento/Framework/View/Result/Page/Interceptor.php(95): Magento\Framework\View\Result\Page\Interceptor->___callPlugins()
#89 /var/www/html/magento2/vendor/magento/framework/App/Http.php(120): Magento\Framework\View\Result\Page\Interceptor->renderResult()
#90 /var/www/html/magento2/generated/code/Magento/Framework/App/Http/Interceptor.php(23): Magento\Framework\App\Http->launch()
#91 /var/www/html/magento2/vendor/magento/framework/App/Bootstrap.php(264): Magento\Framework\App\Http\Interceptor->launch()
#92 /var/www/html/magento2/pub/index.php(30): Magento\Framework\App\Bootstrap->run()
#93 {main} {"exception":"[object] (Elasticsearch\\Common\\Exceptions\\NoNodesAvailableException(code: 0): No alive nodes found in your cluster at /var/www/html/magento2/vendor/elasticsearch/elasticsearch/src/Elasticsearch/ConnectionPool/StaticNoPingConnectionPool.php:64)"} []
[2025-01-18T09:43:19.118522+00:00] main.ERROR: Laminas\Mail\Transport\Exception\RuntimeException: Unable to send mail: Unknown error in /var/www/html/magento2/vendor/laminas/laminas-mail/src/Transport/Sendmail.php:313
Stack trace:
#0 /var/www/html/magento2/vendor/laminas/laminas-mail/src/Transport/Sendmail.php(150): Laminas\Mail\Transport\Sendmail->mailHandler()
#1 /var/www/html/magento2/vendor/magento/module-email/Model/Transport.php(183): Laminas\Mail\Transport\Sendmail->send()
#2 /var/www/html/magento2/vendor/magento/framework/Interception/Interceptor.php(58): Magento\Email\Model\Transport->sendMessage()
#3 /var/www/html/magento2/vendor/magento/framework/Interception/Interceptor.php(138): Magento\Email\Model\Transport\Interceptor->___callParent()
#4 /var/www/html/magento2/vendor/magento/module-email/Model/Mail/TransportInterfacePlugin.php(48): Magento\Email\Model\Transport\Interceptor->Magento\Framework\Interception\{closure}()
#5 /var/www/html/magento2/vendor/magento/framework/Interception/Interceptor.php(135): Magento\Email\Model\Mail\TransportInterfacePlugin->aroundSendMessage()
#6 /var/www/html/magento2/vendor/magento/framework/Interception/Interceptor.php(153): Magento\Email\Model\Transport\Interceptor->Magento\Framework\Interception\{closure}()
#7 /var/www/html/magento2/generated/code/Magento/Email/Model/Transport/Interceptor.php(23): Magento\Email\Model\Transport\Interceptor->___callPlugins()
#8 /var/www/html/magento2/vendor/magento/module-sales/Model/Order/Email/SenderBuilder.php(75): Magento\Email\Model\Transport\Interceptor->sendMessage()
#9 /var/www/html/magento2/vendor/magento/module-sales/Model/Order/Email/Sender.php(86): Magento\Sales\Model\Order\Email\SenderBuilder->send()
#10 /var/www/html/magento2/vendor/magento/module-sales/Model/Order/Email/Sender/OrderSender.php(108): Magento\Sales\Model\Order\Email\Sender->checkAndSend()
#11 /var/www/html/magento2/vendor/magento/module-quote/Observer/SubmitObserver.php(62): Magento\Sales\Model\Order\Email\Sender\OrderSender->send()
#12 /var/www/html/magento2/generated/code/Magento/Quote/Observer/SubmitObserver/Interceptor.php(23): Magento\Quote\Observer\SubmitObserver->execute()
#13 /var/www/html/magento2/vendor/magento/framework/Event/Invoker/InvokerDefault.php(88): Magento\Quote\Observer\SubmitObserver\Interceptor->execute()
#14 /var/www/html/magento2/vendor/magento/framework/Event/Invoker/InvokerDefault.php(74): Magento\Framework\Event\Invoker\InvokerDefault->_callObserverMethod()
#15 /var/www/html/magento2/vendor/magento/framework/Event/Manager.php(65): Magento\Framework\Event\Invoker\InvokerDefault->dispatch()
#16 /var/www/html/magento2/generated/code/Magento/Framework/Event/Manager/Proxy.php(95): Magento\Framework\Event\Manager->dispatch()
#17 /var/www/html/magento2/vendor/magento/module-quote/Model/QuoteManagement.php(630): Magento\Framework\Event\Manager\Proxy->dispatch()
#18 /var/www/html/magento2/vendor/magento/module-quote/Model/QuoteManagement.php(500): Magento\Quote\Model\QuoteManagement->submitQuote()
#19 /var/www/html/magento2/vendor/magento/framework/Interception/Interceptor.php(58): Magento\Quote\Model\QuoteManagement->submit()
#20 /var/www/html/magento2/vendor/magento/framework/Interception/Interceptor.php(138): Magento\Quote\Model\QuoteManagement\Interceptor->___callParent()
#21 /var/www/html/magento2/vendor/magento/module-sales-rule/Plugin/CouponUsagesIncrement.php(54): Magento\Quote\Model\QuoteManagement\Interceptor->Magento\Framework\Interception\{closure}()
#22 /var/www/html/magento2/vendor/magento/framework/Interception/Interceptor.php(135): Magento\SalesRule\Plugin\CouponUsagesIncrement->aroundSubmit()
#23 /var/www/html/magento2/vendor/magento/framework/Interception/Interceptor.php(153): Magento\Quote\Model\QuoteManagement\Interceptor->Magento\Framework\Interception\{closure}()
#24 /var/www/html/magento2/generated/code/Magento/Quote/Model/QuoteManagement/Interceptor.php(32): Magento\Quote\Model\QuoteManagement\Interceptor->___callPlugins()
#25 /var/www/html/magento2/vendor/magento/module-quote/Model/QuoteManagement.php(458): Magento\Quote\Model\QuoteManagement\Interceptor->submit()
#26 /var/www/html/magento2/vendor/magento/framework/Interception/Interceptor.php(58): Magento\Quote\Model\QuoteManagement->placeOrder()
#27 /var/www/html/magento2/vendor/magento/framework/Interception/Interceptor.php(138): Magento\Quote\Model\QuoteManagement\Interceptor->___callParent()
#28 /var/www/html/magento2/vendor/paypal/module-braintree-core/Plugin/OrderCancellation.php(64): Magento\Quote\Model\QuoteManagement\Interceptor->Magento\Framework\Interception\{closure}()
#29 /var/www/html/magento2/vendor/magento/framework/Interception/Interceptor.php(135): PayPal\Braintree\Plugin\OrderCancellation->aroundPlaceOrder()
#30 /var/www/html/magento2/vendor/magento/framework/Interception/Interceptor.php(153): Magento\Quote\Model\QuoteManagement\Interceptor->Magento\Framework\Interception\{closure}()
#31 /var/www/html/magento2/generated/code/Magento/Quote/Model/QuoteManagement/Interceptor.php(23): Magento\Quote\Model\QuoteManagement\Interceptor->___callPlugins()
#32 /var/www/html/magento2/vendor/magento/module-quote/Model/GuestCart/GuestCartManagement.php(87): Magento\Quote\Model\QuoteManagement\Interceptor->placeOrder()
#33 /var/www/html/magento2/vendor/magento/module-checkout/Model/GuestPaymentInformationManagement.php(141): Magento\Quote\Model\GuestCart\GuestCartManagement->placeOrder()
#34 /var/www/html/magento2/vendor/magento/framework/Interception/Interceptor.php(58): Magento\Checkout\Model\GuestPaymentInformationManagement->savePaymentInformationAndPlaceOrder()
#35 /var/www/html/magento2/vendor/magento/framework/Interception/Interceptor.php(138): Magento\Checkout\Model\GuestPaymentInformationManagement\Interceptor->___callParent()
#36 /var/www/html/magento2/vendor/magento/framework/Interception/Interceptor.php(153): Magento\Checkout\Model\GuestPaymentInformationManagement\Interceptor->Magento\Framework\Interception\{closure}()
#37 /var/www/html/magento2/generated/code/Magento/Checkout/Model/GuestPaymentInformationManagement/Interceptor.php(23): Magento\Checkout\Model\GuestPaymentInformationManagement\Interceptor->___callPlugins()
#38 [internal function]: Magento\Checkout\Model\GuestPaymentInformationManagement\Interceptor->savePaymentInformationAndPlaceOrder()
#39 /var/www/html/magento2/vendor/magento/module-webapi/Controller/Rest/SynchronousRequestProcessor.php(95): call_user_func_array()
#40 /var/www/html/magento2/vendor/magento/module-webapi/Controller/Rest.php(202): Magento\Webapi\Controller\Rest\SynchronousRequestProcessor->process()
#41 /var/www/html/magento2/vendor/magento/framework/Interception/Interceptor.php(58): Magento\Webapi\Controller\Rest->dispatch()
#42 /var/www/html/magento2/vendor/magento/framework/Interception/Interceptor.php(138): Magento\Webapi\Controller\Rest\Interceptor->___callParent()
#43 /var/www/html/magento2/vendor/magento/framework/Interception/Interceptor.php(153): Magento\Webapi\Controller\Rest\Interceptor->Magento\Framework\Interception\{closure}()
#44 /var/www/html/magento2/generated/code/Magento/Webapi/Controller/Rest/Interceptor.php(23): Magento\Webapi\Controller\Rest\Interceptor->___callPlugins()
#45 /var/www/html/magento2/vendor/magento/framework/App/Http.php(116): Magento\Webapi\Controller\Rest\Interceptor->dispatch()
#46 /var/www/html/magento2/vendor/magento/framework/App/Bootstrap.php(264): Magento\Framework\App\Http->launch()
#47 /var/www/html/magento2/pub/index.php(30): Magento\Framework\App\Bootstrap->run()
#48 {main} {"exception":"[object] (Laminas\\Mail\\Transport\\Exception\\RuntimeException(code: 0): Unable to send mail: Unknown error at /var/www/html/magento2/vendor/laminas/laminas-mail/src/Transport/Sendmail.php:313)"} []
[2025-01-18T09:54:17.210195+00:00] main.ERROR: Laminas\Mail\Transport\Exception\RuntimeException: Unable to send mail: Unknown error in /var/www/html/magento2/vendor/laminas/laminas-mail/src/Transport/Sendmail.php:313
Stack trace:
#0 /var/www/html/magento2/vendor/laminas/laminas-mail/src/Transport/Sendmail.php(150): Laminas\Mail\Transport\Sendmail->mailHandler()
#1 /var/www/html/magento2/vendor/magento/module-email/Model/Transport.php(183): Laminas\Mail\Transport\Sendmail->send()
#2 /var/www/html/magento2/vendor/magento/framework/Interception/Interceptor.php(58): Magento\Email\Model\Transport->sendMessage()
#3 /var/www/html/magento2/vendor/magento/framework/Interception/Interceptor.php(138): Magento\Email\Model\Transport\Interceptor->___callParent()
#4 /var/www/html/magento2/vendor/magento/module-email/Model/Mail/TransportInterfacePlugin.php(48): Magento\Email\Model\Transport\Interceptor->Magento\Framework\Interception\{closure}()
#5 /var/www/html/magento2/vendor/magento/framework/Interception/Interceptor.php(135): Magento\Email\Model\Mail\TransportInterfacePlugin->aroundSendMessage()
#6 /var/www/html/magento2/vendor/magento/framework/Interception/Interceptor.php(153): Magento\Email\Model\Transport\Interceptor->Magento\Framework\Interception\{closure}()
#7 /var/www/html/magento2/generated/code/Magento/Email/Model/Transport/Interceptor.php(23): Magento\Email\Model\Transport\Interceptor->___callPlugins()
#8 /var/www/html/magento2/vendor/magento/module-sales/Model/Order/Email/SenderBuilder.php(75): Magento\Email\Model\Transport\Interceptor->sendMessage()
#9 /var/www/html/magento2/vendor/magento/module-sales/Model/Order/Email/Sender.php(86): Magento\Sales\Model\Order\Email\SenderBuilder->send()
#10 /var/www/html/magento2/vendor/magento/module-sales/Model/Order/Email/Sender/OrderSender.php(108): Magento\Sales\Model\Order\Email\Sender->checkAndSend()
#11 /var/www/html/magento2/vendor/magento/module-quote/Observer/SubmitObserver.php(62): Magento\Sales\Model\Order\Email\Sender\OrderSender->send()
#12 /var/www/html/magento2/generated/code/Magento/Quote/Observer/SubmitObserver/Interceptor.php(23): Magento\Quote\Observer\SubmitObserver->execute()
#13 /var/www/html/magento2/vendor/magento/framework/Event/Invoker/InvokerDefault.php(88): Magento\Quote\Observer\SubmitObserver\Interceptor->execute()
#14 /var/www/html/magento2/vendor/magento/framework/Event/Invoker/InvokerDefault.php(74): Magento\Framework\Event\Invoker\InvokerDefault->_callObserverMethod()
#15 /var/www/html/magento2/vendor/magento/framework/Event/Manager.php(65): Magento\Framework\Event\Invoker\InvokerDefault->dispatch()
#16 /var/www/html/magento2/generated/code/Magento/Framework/Event/Manager/Proxy.php(95): Magento\Framework\Event\Manager->dispatch()
#17 /var/www/html/magento2/vendor/magento/module-quote/Model/QuoteManagement.php(630): Magento\Framework\Event\Manager\Proxy->dispatch()
#18 /var/www/html/magento2/vendor/magento/module-quote/Model/QuoteManagement.php(500): Magento\Quote\Model\QuoteManagement->submitQuote()
#19 /var/www/html/magento2/vendor/magento/framework/Interception/Interceptor.php(58): Magento\Quote\Model\QuoteManagement->submit()
#20 /var/www/html/magento2/vendor/magento/framework/Interception/Interceptor.php(138): Magento\Quote\Model\QuoteManagement\Interceptor->___callParent()
#21 /var/www/html/magento2/vendor/magento/module-sales-rule/Plugin/CouponUsagesIncrement.php(54): Magento\Quote\Model\QuoteManagement\Interceptor->Magento\Framework\Interception\{closure}()
#22 /var/www/html/magento2/vendor/magento/framework/Interception/Interceptor.php(135): Magento\SalesRule\Plugin\CouponUsagesIncrement->aroundSubmit()
#23 /var/www/html/magento2/vendor/magento/framework/Interception/Interceptor.php(153): Magento\Quote\Model\QuoteManagement\Interceptor->Magento\Framework\Interception\{closure}()
#24 /var/www/html/magento2/generated/code/Magento/Quote/Model/QuoteManagement/Interceptor.php(32): Magento\Quote\Model\QuoteManagement\Interceptor->___callPlugins()
#25 /var/www/html/magento2/vendor/magento/module-quote/Model/QuoteManagement.php(458): Magento\Quote\Model\QuoteManagement\Interceptor->submit()
#26 /var/www/html/magento2/vendor/magento/framework/Interception/Interceptor.php(58): Magento\Quote\Model\QuoteManagement->placeOrder()
#27 /var/www/html/magento2/vendor/magento/framework/Interception/Interceptor.php(138): Magento\Quote\Model\QuoteManagement\Interceptor->___callParent()
#28 /var/www/html/magento2/vendor/paypal/module-braintree-core/Plugin/OrderCancellation.php(64): Magento\Quote\Model\QuoteManagement\Interceptor->Magento\Framework\Interception\{closure}()
#29 /var/www/html/magento2/vendor/magento/framework/Interception/Interceptor.php(135): PayPal\Braintree\Plugin\OrderCancellation->aroundPlaceOrder()
#30 /var/www/html/magento2/vendor/magento/framework/Interception/Interceptor.php(153): Magento\Quote\Model\QuoteManagement\Interceptor->Magento\Framework\Interception\{closure}()
#31 /var/www/html/magento2/generated/code/Magento/Quote/Model/QuoteManagement/Interceptor.php(23): Magento\Quote\Model\QuoteManagement\Interceptor->___callPlugins()
#32 /var/www/html/magento2/vendor/magento/module-quote/Model/GuestCart/GuestCartManagement.php(87): Magento\Quote\Model\QuoteManagement\Interceptor->placeOrder()
#33 /var/www/html/magento2/vendor/magento/module-checkout/Model/GuestPaymentInformationManagement.php(141): Magento\Quote\Model\GuestCart\GuestCartManagement->placeOrder()
#34 /var/www/html/magento2/vendor/magento/framework/Interception/Interceptor.php(58): Magento\Checkout\Model\GuestPaymentInformationManagement->savePaymentInformationAndPlaceOrder()
#35 /var/www/html/magento2/vendor/magento/framework/Interception/Interceptor.php(138): Magento\Checkout\Model\GuestPaymentInformationManagement\Interceptor->___callParent()
#36 /var/www/html/magento2/vendor/magento/framework/Interception/Interceptor.php(153): Magento\Checkout\Model\GuestPaymentInformationManagement\Interceptor->Magento\Framework\Interception\{closure}()
#37 /var/www/html/magento2/generated/code/Magento/Checkout/Model/GuestPaymentInformationManagement/Interceptor.php(23): Magento\Checkout\Model\GuestPaymentInformationManagement\Interceptor->___callPlugins()
#38 [internal function]: Magento\Checkout\Model\GuestPaymentInformationManagement\Interceptor->savePaymentInformationAndPlaceOrder()
#39 /var/www/html/magento2/vendor/magento/module-webapi/Controller/Rest/SynchronousRequestProcessor.php(95): call_user_func_array()
#40 /var/www/html/magento2/vendor/magento/module-webapi/Controller/Rest.php(202): Magento\Webapi\Controller\Rest\SynchronousRequestProcessor->process()
#41 /var/www/html/magento2/vendor/magento/framework/Interception/Interceptor.php(58): Magento\Webapi\Controller\Rest->dispatch()
#42 /var/www/html/magento2/vendor/magento/framework/Interception/Interceptor.php(138): Magento\Webapi\Controller\Rest\Interceptor->___callParent()
#43 /var/www/html/magento2/vendor/magento/framework/Interception/Interceptor.php(153): Magento\Webapi\Controller\Rest\Interceptor->Magento\Framework\Interception\{closure}()
#44 /var/www/html/magento2/generated/code/Magento/Webapi/Controller/Rest/Interceptor.php(23): Magento\Webapi\Controller\Rest\Interceptor->___callPlugins()
#45 /var/www/html/magento2/vendor/magento/framework/App/Http.php(116): Magento\Webapi\Controller\Rest\Interceptor->dispatch()
#46 /var/www/html/magento2/vendor/magento/framework/App/Bootstrap.php(264): Magento\Framework\App\Http->launch()
#47 /var/www/html/magento2/pub/index.php(30): Magento\Framework\App\Bootstrap->run()
#48 {main} {"exception":"[object] (Laminas\\Mail\\Transport\\Exception\\RuntimeException(code: 0): Unable to send mail: Unknown error at /var/www/html/magento2/vendor/laminas/laminas-mail/src/Transport/Sendmail.php:313)"} []
[2025-01-18T09:56:36.989934+00:00] main.ERROR: Laminas\Mail\Transport\Exception\RuntimeException: Unable to send mail: Unknown error in /var/www/html/magento2/vendor/laminas/laminas-mail/src/Transport/Sendmail.php:313
Stack trace:
#0 /var/www/html/magento2/vendor/laminas/laminas-mail/src/Transport/Sendmail.php(150): Laminas\Mail\Transport\Sendmail->mailHandler()
#1 /var/www/html/magento2/vendor/magento/module-email/Model/Transport.php(183): Laminas\Mail\Transport\Sendmail->send()
#2 /var/www/html/magento2/vendor/magento/framework/Interception/Interceptor.php(58): Magento\Email\Model\Transport->sendMessage()
#3 /var/www/html/magento2/vendor/magento/framework/Interception/Interceptor.php(138): Magento\Email\Model\Transport\Interceptor->___callParent()
#4 /var/www/html/magento2/vendor/magento/module-email/Model/Mail/TransportInterfacePlugin.php(48): Magento\Email\Model\Transport\Interceptor->Magento\Framework\Interception\{closure}()
#5 /var/www/html/magento2/vendor/magento/framework/Interception/Interceptor.php(135): Magento\Email\Model\Mail\TransportInterfacePlugin->aroundSendMessage()
#6 /var/www/html/magento2/vendor/magento/framework/Interception/Interceptor.php(153): Magento\Email\Model\Transport\Interceptor->Magento\Framework\Interception\{closure}()
#7 /var/www/html/magento2/generated/code/Magento/Email/Model/Transport/Interceptor.php(23): Magento\Email\Model\Transport\Interceptor->___callPlugins()
#8 /var/www/html/magento2/vendor/magento/module-sales/Model/Order/Email/SenderBuilder.php(75): Magento\Email\Model\Transport\Interceptor->sendMessage()
#9 /var/www/html/magento2/vendor/magento/module-sales/Model/Order/Email/Sender.php(86): Magento\Sales\Model\Order\Email\SenderBuilder->send()
#10 /var/www/html/magento2/vendor/magento/module-sales/Model/Order/Email/Sender/OrderSender.php(108): Magento\Sales\Model\Order\Email\Sender->checkAndSend()
#11 /var/www/html/magento2/vendor/magento/module-quote/Observer/SubmitObserver.php(62): Magento\Sales\Model\Order\Email\Sender\OrderSender->send()
#12 /var/www/html/magento2/generated/code/Magento/Quote/Observer/SubmitObserver/Interceptor.php(23): Magento\Quote\Observer\SubmitObserver->execute()
#13 /var/www/html/magento2/vendor/magento/framework/Event/Invoker/InvokerDefault.php(88): Magento\Quote\Observer\SubmitObserver\Interceptor->execute()
#14 /var/www/html/magento2/vendor/magento/framework/Event/Invoker/InvokerDefault.php(74): Magento\Framework\Event\Invoker\InvokerDefault->_callObserverMethod()
#15 /var/www/html/magento2/vendor/magento/framework/Event/Manager.php(65): Magento\Framework\Event\Invoker\InvokerDefault->dispatch()
#16 /var/www/html/magento2/generated/code/Magento/Framework/Event/Manager/Proxy.php(95): Magento\Framework\Event\Manager->dispatch()
#17 /var/www/html/magento2/vendor/magento/module-quote/Model/QuoteManagement.php(630): Magento\Framework\Event\Manager\Proxy->dispatch()
#18 /var/www/html/magento2/vendor/magento/module-quote/Model/QuoteManagement.php(500): Magento\Quote\Model\QuoteManagement->submitQuote()
#19 /var/www/html/magento2/vendor/magento/framework/Interception/Interceptor.php(58): Magento\Quote\Model\QuoteManagement->submit()
#20 /var/www/html/magento2/vendor/magento/framework/Interception/Interceptor.php(138): Magento\Quote\Model\QuoteManagement\Interceptor->___callParent()
#21 /var/www/html/magento2/vendor/magento/module-sales-rule/Plugin/CouponUsagesIncrement.php(54): Magento\Quote\Model\QuoteManagement\Interceptor->Magento\Framework\Interception\{closure}()
#22 /var/www/html/magento2/vendor/magento/framework/Interception/Interceptor.php(135): Magento\SalesRule\Plugin\CouponUsagesIncrement->aroundSubmit()
#23 /var/www/html/magento2/vendor/magento/framework/Interception/Interceptor.php(153): Magento\Quote\Model\QuoteManagement\Interceptor->Magento\Framework\Interception\{closure}()
#24 /var/www/html/magento2/generated/code/Magento/Quote/Model/QuoteManagement/Interceptor.php(32): Magento\Quote\Model\QuoteManagement\Interceptor->___callPlugins()
#25 /var/www/html/magento2/vendor/magento/module-quote/Model/QuoteManagement.php(458): Magento\Quote\Model\QuoteManagement\Interceptor->submit()
#26 /var/www/html/magento2/vendor/magento/framework/Interception/Interceptor.php(58): Magento\Quote\Model\QuoteManagement->placeOrder()
#27 /var/www/html/magento2/vendor/magento/framework/Interception/Interceptor.php(138): Magento\Quote\Model\QuoteManagement\Interceptor->___callParent()
#28 /var/www/html/magento2/vendor/paypal/module-braintree-core/Plugin/OrderCancellation.php(64): Magento\Quote\Model\QuoteManagement\Interceptor->Magento\Framework\Interception\{closure}()
#29 /var/www/html/magento2/vendor/magento/framework/Interception/Interceptor.php(135): PayPal\Braintree\Plugin\OrderCancellation->aroundPlaceOrder()
#30 /var/www/html/magento2/vendor/magento/framework/Interception/Interceptor.php(153): Magento\Quote\Model\QuoteManagement\Interceptor->Magento\Framework\Interception\{closure}()
#31 /var/www/html/magento2/generated/code/Magento/Quote/Model/QuoteManagement/Interceptor.php(23): Magento\Quote\Model\QuoteManagement\Interceptor->___callPlugins()
#32 /var/www/html/magento2/vendor/magento/module-quote/Model/GuestCart/GuestCartManagement.php(87): Magento\Quote\Model\QuoteManagement\Interceptor->placeOrder()
#33 /var/www/html/magento2/vendor/magento/module-checkout/Model/GuestPaymentInformationManagement.php(141): Magento\Quote\Model\GuestCart\GuestCartManagement->placeOrder()
#34 /var/www/html/magento2/vendor/magento/framework/Interception/Interceptor.php(58): Magento\Checkout\Model\GuestPaymentInformationManagement->savePaymentInformationAndPlaceOrder()
#35 /var/www/html/magento2/vendor/magento/framework/Interception/Interceptor.php(138): Magento\Checkout\Model\GuestPaymentInformationManagement\Interceptor->___callParent()
#36 /var/www/html/magento2/vendor/magento/framework/Interception/Interceptor.php(153): Magento\Checkout\Model\GuestPaymentInformationManagement\Interceptor->Magento\Framework\Interception\{closure}()
#37 /var/www/html/magento2/generated/code/Magento/Checkout/Model/GuestPaymentInformationManagement/Interceptor.php(23): Magento\Checkout\Model\GuestPaymentInformationManagement\Interceptor->___callPlugins()
#38 [internal function]: Magento\Checkout\Model\GuestPaymentInformationManagement\Interceptor->savePaymentInformationAndPlaceOrder()
#39 /var/www/html/magento2/vendor/magento/module-webapi/Controller/Rest/SynchronousRequestProcessor.php(95): call_user_func_array()
#40 /var/www/html/magento2/vendor/magento/module-webapi/Controller/Rest.php(202): Magento\Webapi\Controller\Rest\SynchronousRequestProcessor->process()
#41 /var/www/html/magento2/vendor/magento/framework/Interception/Interceptor.php(58): Magento\Webapi\Controller\Rest->dispatch()
#42 /var/www/html/magento2/vendor/magento/framework/Interception/Interceptor.php(138): Magento\Webapi\Controller\Rest\Interceptor->___callParent()
#43 /var/www/html/magento2/vendor/magento/framework/Interception/Interceptor.php(153): Magento\Webapi\Controller\Rest\Interceptor->Magento\Framework\Interception\{closure}()
#44 /var/www/html/magento2/generated/code/Magento/Webapi/Controller/Rest/Interceptor.php(23): Magento\Webapi\Controller\Rest\Interceptor->___callPlugins()
#45 /var/www/html/magento2/vendor/magento/framework/App/Http.php(116): Magento\Webapi\Controller\Rest\Interceptor->dispatch()
#46 /var/www/html/magento2/vendor/magento/framework/App/Bootstrap.php(264): Magento\Framework\App\Http->launch()
#47 /var/www/html/magento2/pub/index.php(30): Magento\Framework\App\Bootstrap->run()
#48 {main} {"exception":"[object] (Laminas\\Mail\\Transport\\Exception\\RuntimeException(code: 0): Unable to send mail: Unknown error at /var/www/html/magento2/vendor/laminas/laminas-mail/src/Transport/Sendmail.php:313)"} []
[2025-08-13T18:12:34.950652+00:00] main.CRITICAL: Elasticsearch\Common\Exceptions\NoNodesAvailableException: No alive nodes found in your cluster in /var/www/html/magento2/vendor/elasticsearch/elasticsearch/src/Elasticsearch/ConnectionPool/StaticNoPingConnectionPool.php:64
Stack trace:
#0 /var/www/html/magento2/vendor/elasticsearch/elasticsearch/src/Elasticsearch/Transport.php(82): Elasticsearch\ConnectionPool\StaticNoPingConnectionPool->nextConnection()
#1 /var/www/html/magento2/vendor/elasticsearch/elasticsearch/src/Elasticsearch/Transport.php(99): Elasticsearch\Transport->getConnection()
#2 /var/www/html/magento2/vendor/elasticsearch/elasticsearch/src/Elasticsearch/Connections/Connection.php(297): Elasticsearch\Transport->performRequest()
#3 /var/www/html/magento2/vendor/react/promise/src/FulfilledPromise.php(28): Elasticsearch\Connections\Connection->Elasticsearch\Connections\{closure}()
#4 /var/www/html/magento2/vendor/ezimuel/ringphp/src/Future/CompletedFutureValue.php(65): React\Promise\FulfilledPromise->then()
#5 /var/www/html/magento2/vendor/ezimuel/ringphp/src/Core.php(341): GuzzleHttp\Ring\Future\CompletedFutureValue->then()
#6 /var/www/html/magento2/vendor/elasticsearch/elasticsearch/src/Elasticsearch/Connections/Connection.php(345): GuzzleHttp\Ring\Core::proxy()
#7 /var/www/html/magento2/vendor/elasticsearch/elasticsearch/src/Elasticsearch/Connections/Connection.php(241): Elasticsearch\Connections\Connection->Elasticsearch\Connections\{closure}()
#8 /var/www/html/magento2/vendor/elasticsearch/elasticsearch/src/Elasticsearch/Transport.php(110): Elasticsearch\Connections\Connection->performRequest()
#9 /var/www/html/magento2/vendor/elasticsearch/elasticsearch/src/Elasticsearch/Client.php(1929): Elasticsearch\Transport->performRequest()
#10 /var/www/html/magento2/vendor/elasticsearch/elasticsearch/src/Elasticsearch/Client.php(1353): Elasticsearch\Client->performRequest()
#11 /var/www/html/magento2/vendor/magento/module-elasticsearch-7/Model/Client/Elasticsearch.php(338): Elasticsearch\Client->search()
#12 /var/www/html/magento2/vendor/magento/module-elasticsearch-7/SearchAdapter/Adapter.php(117): Magento\Elasticsearch7\Model\Client\Elasticsearch->query()
#13 /var/www/html/magento2/vendor/magento/module-search/Model/SearchEngine.php(42): Magento\Elasticsearch7\SearchAdapter\Adapter->query()
#14 /var/www/html/magento2/vendor/magento/framework/Search/Search.php(85): Magento\Search\Model\SearchEngine->search()
#15 /var/www/html/magento2/vendor/magento/module-catalog-search/Model/ResourceModel/Fulltext/Collection.php(464): Magento\Framework\Search\Search->search()
#16 /var/www/html/magento2/vendor/magento/framework/Data/Collection/AbstractDb.php(343): Magento\CatalogSearch\Model\ResourceModel\Fulltext\Collection->_renderFiltersBefore()
#17 /var/www/html/magento2/vendor/magento/module-catalog-search/Model/ResourceModel/Fulltext/Collection.php(582): Magento\Framework\Data\Collection\AbstractDb->_renderFilters()
#18 /var/www/html/magento2/vendor/magento/module-eav/Model/Entity/Collection/AbstractCollection.php(929): Magento\CatalogSearch\Model\ResourceModel\Fulltext\Collection->_renderFilters()
#19 /var/www/html/magento2/vendor/magento/module-catalog/Model/ResourceModel/Product/Collection.php(801): Magento\Eav\Model\Entity\Collection\AbstractCollection->load()
#20 /var/www/html/magento2/vendor/magento/framework/Interception/Interceptor.php(58): Magento\Catalog\Model\ResourceModel\Product\Collection->load()
#21 /var/www/html/magento2/vendor/magento/framework/Interception/Interceptor.php(138): Magento\CatalogSearch\Model\ResourceModel\Fulltext\Collection\Interceptor->___callParent()
#22 /var/www/html/magento2/vendor/magento/framework/Interception/Interceptor.php(153): Magento\CatalogSearch\Model\ResourceModel\Fulltext\Collection\Interceptor->Magento\Framework\Interception\{closure}()
#23 /var/www/html/magento2/generated/code/Magento/CatalogSearch/Model/ResourceModel/Fulltext/Collection/Interceptor.php(32): Magento\CatalogSearch\Model\ResourceModel\Fulltext\Collection\Interceptor->___callPlugins()
#24 /var/www/html/magento2/vendor/magento/module-catalog/Block/Product/ListProduct.php(199): Magento\CatalogSearch\Model\ResourceModel\Fulltext\Collection\Interceptor->load()
#25 /var/www/html/magento2/vendor/magento/framework/View/Element/AbstractBlock.php(1094): Magento\Catalog\Block\Product\ListProduct->_beforeToHtml()
#26 /var/www/html/magento2/vendor/magento/framework/View/Element/AbstractBlock.php(1099): Magento\Framework\View\Element\AbstractBlock->Magento\Framework\View\Element\{closure}()
#27 /var/www/html/magento2/vendor/magento/framework/View/Element/AbstractBlock.php(660): Magento\Framework\View\Element\AbstractBlock->_loadCache()
#28 /var/www/html/magento2/vendor/magento/framework/View/Layout.php(578): Magento\Framework\View\Element\AbstractBlock->toHtml()
#29 /var/www/html/magento2/vendor/magento/framework/View/Layout.php(555): Magento\Framework\View\Layout->_renderBlock()
#30 /var/www/html/magento2/vendor/magento/framework/View/Layout.php(510): Magento\Framework\View\Layout->renderNonCachedElement()
#31 /var/www/html/magento2/vendor/magento/framework/View/Element/AbstractBlock.php(507): Magento\Framework\View\Layout->renderElement()
#32 /var/www/html/magento2/vendor/magento/module-catalog/Block/Category/View.php(100): Magento\Framework\View\Element\AbstractBlock->getChildHtml()
#33 /var/www/html/magento2/vendor/magento/module-catalog/view/frontend/templates/category/products.phtml(15): Magento\Catalog\Block\Category\View->getProductListHtml()
#34 /var/www/html/magento2/vendor/magento/framework/View/TemplateEngine/Php.php(71): include('...')
#35 /var/www/html/magento2/vendor/magento/framework/View/Element/Template.php(263): Magento\Framework\View\TemplateEngine\Php->render()
#36 /var/www/html/magento2/vendor/magento/framework/View/Element/Template.php(293): Magento\Framework\View\Element\Template->fetchView()
#37 /var/www/html/magento2/vendor/magento/framework/View/Element/AbstractBlock.php(1095): Magento\Framework\View\Element\Template->_toHtml()
#38 /var/www/html/magento2/vendor/magento/framework/View/Element/AbstractBlock.php(1099): Magento\Framework\View\Element\AbstractBlock->Magento\Framework\View\Element\{closure}()
#39 /var/www/html/magento2/vendor/magento/framework/View/Element/AbstractBlock.php(660): Magento\Framework\View\Element\AbstractBlock->_loadCache()
#40 /var/www/html/magento2/vendor/magento/framework/View/Layout.php(578): Magento\Framework\View\Element\AbstractBlock->toHtml()
#41 /var/www/html/magento2/vendor/magento/framework/View/Layout.php(555): Magento\Framework\View\Layout->_renderBlock()
#42 /var/www/html/magento2/vendor/magento/framework/View/Layout.php(510): Magento\Framework\View\Layout->renderNonCachedElement()
#43 /var/www/html/magento2/vendor/magento/framework/View/Layout.php(606): Magento\Framework\View\Layout->renderElement()
#44 /var/www/html/magento2/vendor/magento/framework/View/Layout.php(557): Magento\Framework\View\Layout->_renderContainer()
#45 /var/www/html/magento2/vendor/magento/framework/View/Layout.php(510): Magento\Framework\View\Layout->renderNonCachedElement()
#46 /var/www/html/magento2/vendor/magento/framework/View/Layout.php(606): Magento\Framework\View\Layout->renderElement()
#47 /var/www/html/magento2/vendor/magento/framework/View/Layout.php(557): Magento\Framework\View\Layout->_renderContainer()
#48 /var/www/html/magento2/vendor/magento/framework/View/Layout.php(510): Magento\Framework\View\Layout->renderNonCachedElement()
#49 /var/www/html/magento2/vendor/magento/framework/View/Layout.php(606): Magento\Framework\View\Layout->renderElement()
#50 /var/www/html/magento2/vendor/magento/framework/View/Layout.php(557): Magento\Framework\View\Layout->_renderContainer()
#51 /var/www/html/magento2/vendor/magento/framework/View/Layout.php(510): Magento\Framework\View\Layout->renderNonCachedElement()
#52 /var/www/html/magento2/vendor/magento/framework/View/Layout.php(606): Magento\Framework\View\Layout->renderElement()
#53 /var/www/html/magento2/vendor/magento/framework/View/Layout.php(557): Magento\Framework\View\Layout->_renderContainer()
#54 /var/www/html/magento2/vendor/magento/framework/View/Layout.php(510): Magento\Framework\View\Layout->renderNonCachedElement()
#55 /var/www/html/magento2/vendor/magento/framework/View/Layout.php(606): Magento\Framework\View\Layout->renderElement()
#56 /var/www/html/magento2/vendor/magento/framework/View/Layout.php(557): Magento\Framework\View\Layout->_renderContainer()
#57 /var/www/html/magento2/vendor/magento/framework/View/Layout.php(510): Magento\Framework\View\Layout->renderNonCachedElement()
#58 /var/www/html/magento2/vendor/magento/framework/View/Layout.php(606): Magento\Framework\View\Layout->renderElement()
#59 /var/www/html/magento2/vendor/magento/framework/View/Layout.php(557): Magento\Framework\View\Layout->_renderContainer()
#60 /var/www/html/magento2/vendor/magento/framework/View/Layout.php(510): Magento\Framework\View\Layout->renderNonCachedElement()
#61 /var/www/html/magento2/vendor/magento/framework/View/Layout.php(975): Magento\Framework\View\Layout->renderElement()
#62 /var/www/html/magento2/vendor/magento/framework/Interception/Interceptor.php(58): Magento\Framework\View\Layout->getOutput()
#63 /var/www/html/magento2/vendor/magento/framework/Interception/Interceptor.php(138): Magento\Framework\View\Layout\Interceptor->___callParent()
#64 /var/www/html/magento2/vendor/magento/framework/Interception/Interceptor.php(153): Magento\Framework\View\Layout\Interceptor->Magento\Framework\Interception\{closure}()
#65 /var/www/html/magento2/generated/code/Magento/Framework/View/Layout/Interceptor.php(41): Magento\Framework\View\Layout\Interceptor->___callPlugins()
#66 /var/www/html/magento2/vendor/magento/framework/View/Result/Page.php(260): Magento\Framework\View\Layout\Interceptor->getOutput()
#67 /var/www/html/magento2/vendor/magento/framework/View/Result/Layout.php(171): Magento\Framework\View\Result\Page->render()
#68 /var/www/html/magento2/vendor/magento/framework/Interception/Interceptor.php(58): Magento\Framework\View\Result\Layout->renderResult()
#69 /var/www/html/magento2/vendor/magento/framework/Interception/Interceptor.php(138): Magento\Framework\View\Result\Page\Interceptor->___callParent()
#70 /var/www/html/magento2/vendor/magento/framework/Interception/Interceptor.php(153): Magento\Framework\View\Result\Page\Interceptor->Magento\Framework\Interception\{closure}()
#71 /var/www/html/magento2/generated/code/Magento/Framework/View/Result/Page/Interceptor.php(32): Magento\Framework\View\Result\Page\Interceptor->___callPlugins()
#72 /var/www/html/magento2/vendor/magento/framework/App/Http.php(120): Magento\Framework\View\Result\Page\Interceptor->renderResult()
#73 /var/www/html/magento2/vendor/magento/framework/App/Bootstrap.php(264): Magento\Framework\App\Http->launch()
#74 /var/www/html/magento2/pub/index.php(30): Magento\Framework\App\Bootstrap->run()
#75 {main} {"exception":"[object] (Elasticsearch\\Common\\Exceptions\\NoNodesAvailableException(code: 0): No alive nodes found in your cluster at /var/www/html/magento2/vendor/elasticsearch/elasticsearch/src/Elasticsearch/ConnectionPool/StaticNoPingConnectionPool.php:64)"} []
[2025-08-14T17:47:59.346200+00:00] main.CRITICAL: Exception: Warning: file_put_contents(/var/www/html/magento2/var/cache//mage-tags/mage---ea6_MAGE): Failed to open stream: Permission denied in /var/www/html/magento2/vendor/colinmollenhour/cache-backend-file/File.php on line 710 in /var/www/html/magento2/vendor/magento/framework/App/ErrorHandler.php:62
Stack trace:
#0 [internal function]: Magento\Framework\App\ErrorHandler->handler()
#1 /var/www/html/magento2/vendor/colinmollenhour/cache-backend-file/File.php(710): file_put_contents()
#2 /var/www/html/magento2/vendor/colinmollenhour/cache-backend-file/File.php(204): Cm_Cache_Backend_File->_updateIdsTags()
#3 /var/www/html/magento2/vendor/magento/zend-cache/library/Zend/Cache/Core.php(390): Cm_Cache_Backend_File->save()
#4 /var/www/html/magento2/vendor/magento/framework/Cache/Core.php(74): Zend_Cache_Core->save()
#5 /var/www/html/magento2/vendor/magento/framework/Cache/Frontend/Adapter/Zend.php(63): Magento\Framework\Cache\Core->save()
#6 /var/www/html/magento2/vendor/magento/framework/Cache/Frontend/Decorator/Bare.php(75): Magento\Framework\Cache\Frontend\Adapter\Zend->save()
#7 /var/www/html/magento2/vendor/magento/framework/Cache/Frontend/Decorator/TagScope.php(52): Magento\Framework\Cache\Frontend\Decorator\Bare->save()
#8 /var/www/html/magento2/vendor/magento/framework/Cache/Frontend/Decorator/Bare.php(75): Magento\Framework\Cache\Frontend\Decorator\TagScope->save()
#9 /var/www/html/magento2/vendor/magento/framework/App/Cache.php(73): Magento\Framework\Cache\Frontend\Decorator\Bare->save()
#10 /var/www/html/magento2/vendor/magento/framework/App/Cache/Proxy.php(81): Magento\Framework\App\Cache->save()
#11 /var/www/html/magento2/vendor/magento/module-admin-notification/Model/System/Message/Security.php(100): Magento\Framework\App\Cache\Proxy->save()
#12 /var/www/html/magento2/vendor/magento/module-admin-notification/Model/System/Message/Security.php(141): Magento\AdminNotification\Model\System\Message\Security->_canShowNotification()
#13 /var/www/html/magento2/vendor/magento/module-admin-notification/Model/ResourceModel/System/Message/Collection/Synchronized.php(32): Magento\AdminNotification\Model\System\Message\Security->isDisplayed()
#14 /var/www/html/magento2/vendor/magento/framework/Data/Collection/AbstractDb.php(594): Magento\AdminNotification\Model\ResourceModel\System\Message\Collection\Synchronized->_afterLoad()
#15 /var/www/html/magento2/vendor/magento/framework/Data/Collection/AbstractDb.php(565): Magento\Framework\Data\Collection\AbstractDb->loadWithFilter()
#16 /var/www/html/magento2/vendor/magento/framework/Data/Collection.php(840): Magento\Framework\Data\Collection\AbstractDb->load()
#17 /var/www/html/magento2/vendor/magento/framework/Data/Collection.php(741): Magento\Framework\Data\Collection->getIterator()
#18 /var/www/html/magento2/vendor/magento/framework/Interception/Interceptor.php(58): Magento\Framework\Data\Collection->toArray()
#19 /var/www/html/magento2/vendor/magento/framework/Interception/Interceptor.php(138): Magento\AdminNotification\Model\ResourceModel\System\Message\Collection\Synchronized\Interceptor->___callParent()
#20 /var/www/html/magento2/vendor/magento/framework/Interception/Interceptor.php(153): Magento\AdminNotification\Model\ResourceModel\System\Message\Collection\Synchronized\Interceptor->Magento\Framework\Interception\{closure}()
#21 /var/www/html/magento2/generated/code/Magento/AdminNotification/Model/ResourceModel/System/Message/Collection/Synchronized/Interceptor.php(32): Magento\AdminNotification\Model\ResourceModel\System\Message\Collection\Synchronized\Interceptor->___callPlugins()
#22 /var/www/html/magento2/vendor/magento/module-ui/DataProvider/AbstractDataProvider.php(263): Magento\AdminNotification\Model\ResourceModel\System\Message\Collection\Synchronized\Interceptor->toArray()
#23 /var/www/html/magento2/vendor/magento/module-ui/Component/Listing.php(38): Magento\Ui\DataProvider\AbstractDataProvider->getData()
#24 /var/www/html/magento2/vendor/magento/framework/View/Element/UiComponent/Context.php(250): Magento\Ui\Component\Listing->getDataSourceData()
#25 /var/www/html/magento2/vendor/magento/framework/View/Layout/Generic.php(75): Magento\Framework\View\Element\UiComponent\Context->getDataSourceData()
#26 /var/www/html/magento2/vendor/magento/framework/View/Layout/Generator/Structure.php(46): Magento\Framework\View\Layout\Generic->build()
#27 /var/www/html/magento2/vendor/magento/module-ui/TemplateEngine/Xhtml/Result.php(102): Magento\Framework\View\Layout\Generator\Structure->generate()
#28 /var/www/html/magento2/vendor/magento/module-ui/TemplateEngine/Xhtml/Result.php(124): Magento\Ui\TemplateEngine\Xhtml\Result->appendLayoutConfiguration()
#29 /var/www/html/magento2/vendor/magento/module-ui/Component/Wrapper/UiComponent.php(73): Magento\Ui\TemplateEngine\Xhtml\Result->__toString()
#30 /var/www/html/magento2/vendor/magento/framework/View/Element/AbstractBlock.php(1095): Magento\Ui\Component\Wrapper\UiComponent->_toHtml()
#31 /var/www/html/magento2/vendor/magento/framework/View/Element/AbstractBlock.php(1099): Magento\Framework\View\Element\AbstractBlock->Magento\Framework\View\Element\{closure}()
#32 /var/www/html/magento2/vendor/magento/framework/View/Element/AbstractBlock.php(660): Magento\Framework\View\Element\AbstractBlock->_loadCache()
#33 /var/www/html/magento2/vendor/magento/framework/View/Layout.php(591): Magento\Framework\View\Element\AbstractBlock->toHtml()
#34 /var/www/html/magento2/vendor/magento/framework/View/Layout.php(553): Magento\Framework\View\Layout->_renderUiComponent()
#35 /var/www/html/magento2/vendor/magento/framework/View/Layout.php(510): Magento\Framework\View\Layout->renderNonCachedElement()
#36 /var/www/html/magento2/vendor/magento/framework/View/Layout.php(606): Magento\Framework\View\Layout->renderElement()
#37 /var/www/html/magento2/vendor/magento/framework/View/Layout.php(557): Magento\Framework\View\Layout->_renderContainer()
#38 /var/www/html/magento2/vendor/magento/framework/View/Layout.php(510): Magento\Framework\View\Layout->renderNonCachedElement()
#39 /var/www/html/magento2/vendor/magento/framework/View/Layout.php(606): Magento\Framework\View\Layout->renderElement()
#40 /var/www/html/magento2/vendor/magento/framework/View/Layout.php(557): Magento\Framework\View\Layout->_renderContainer()
#41 /var/www/html/magento2/vendor/magento/framework/View/Layout.php(510): Magento\Framework\View\Layout->renderNonCachedElement()
#42 /var/www/html/magento2/vendor/magento/framework/View/Layout.php(606): Magento\Framework\View\Layout->renderElement()
#43 /var/www/html/magento2/vendor/magento/framework/View/Layout.php(557): Magento\Framework\View\Layout->_renderContainer()
#44 /var/www/html/magento2/vendor/magento/framework/View/Layout.php(510): Magento\Framework\View\Layout->renderNonCachedElement()
#45 /var/www/html/magento2/vendor/magento/framework/View/Layout.php(606): Magento\Framework\View\Layout->renderElement()
#46 /var/www/html/magento2/vendor/magento/framework/View/Layout.php(557): Magento\Framework\View\Layout->_renderContainer()
#47 /var/www/html/magento2/vendor/magento/framework/View/Layout.php(510): Magento\Framework\View\Layout->renderNonCachedElement()
#48 /var/www/html/magento2/vendor/magento/framework/View/Layout.php(606): Magento\Framework\View\Layout->renderElement()
#49 /var/www/html/magento2/vendor/magento/framework/View/Layout.php(557): Magento\Framework\View\Layout->_renderContainer()
#50 /var/www/html/magento2/vendor/magento/framework/View/Layout.php(510): Magento\Framework\View\Layout->renderNonCachedElement()
#51 /var/www/html/magento2/vendor/magento/framework/View/Layout.php(975): Magento\Framework\View\Layout->renderElement()
#52 /var/www/html/magento2/generated/code/Magento/Framework/View/Layout/Interceptor.php(41): Magento\Framework\View\Layout->getOutput()
#53 /var/www/html/magento2/vendor/magento/framework/View/Result/Page.php(260): Magento\Framework\View\Layout\Interceptor->getOutput()
#54 /var/www/html/magento2/vendor/magento/framework/View/Result/Layout.php(171): Magento\Framework\View\Result\Page->render()
#55 /var/www/html/magento2/generated/code/Magento/Backend/Model/View/Result/Page/Interceptor.php(32): Magento\Framework\View\Result\Layout->renderResult()
#56 /var/www/html/magento2/vendor/magento/framework/App/Http.php(120): Magento\Backend\Model\View\Result\Page\Interceptor->renderResult()
#57 /var/www/html/magento2/vendor/magento/framework/App/Bootstrap.php(264): Magento\Framework\App\Http->launch()
#58 /var/www/html/magento2/pub/index.php(30): Magento\Framework\App\Bootstrap->run()
#59 {main} {"exception":"[object] (Exception(code: 0): Warning: file_put_contents(/var/www/html/magento2/var/cache//mage-tags/mage---ea6_MAGE): Failed to open stream: Permission denied in /var/www/html/magento2/vendor/colinmollenhour/cache-backend-file/File.php on line 710 at /var/www/html/magento2/vendor/magento/framework/App/ErrorHandler.php:62)"} []
[2026-01-27T18:59:56.627590+00:00] main.ERROR: Laminas\Mail\Transport\Exception\RuntimeException: Unable to send mail: Unknown error in /var/www/html/magento2/vendor/laminas/laminas-mail/src/Transport/Sendmail.php:313
Stack trace:
#0 /var/www/html/magento2/vendor/laminas/laminas-mail/src/Transport/Sendmail.php(150): Laminas\Mail\Transport\Sendmail->mailHandler()
#1 /var/www/html/magento2/vendor/magento/module-email/Model/Transport.php(183): Laminas\Mail\Transport\Sendmail->send()
#2 /var/www/html/magento2/vendor/magento/framework/Interception/Interceptor.php(58): Magento\Email\Model\Transport->sendMessage()
#3 /var/www/html/magento2/vendor/magento/framework/Interception/Interceptor.php(138): Magento\Email\Model\Transport\Interceptor->___callParent()
#4 /var/www/html/magento2/vendor/magento/module-email/Model/Mail/TransportInterfacePlugin.php(48): Magento\Email\Model\Transport\Interceptor->Magento\Framework\Interception\{closure}()
#5 /var/www/html/magento2/vendor/magento/framework/Interception/Interceptor.php(135): Magento\Email\Model\Mail\TransportInterfacePlugin->aroundSendMessage()
#6 /var/www/html/magento2/vendor/magento/framework/Interception/Interceptor.php(153): Magento\Email\Model\Transport\Interceptor->Magento\Framework\Interception\{closure}()
#7 /var/www/html/magento2/generated/code/Magento/Email/Model/Transport/Interceptor.php(23): Magento\Email\Model\Transport\Interceptor->___callPlugins()
#8 /var/www/html/magento2/vendor/magento/module-user/Model/Notificator.php(98): Magento\Email\Model\Transport\Interceptor->sendMessage()
#9 /var/www/html/magento2/vendor/magento/module-user/Model/Notificator.php(186): Magento\User\Model\Notificator->sendNotification()
#10 /var/www/html/magento2/vendor/magento/module-user/Model/User.php(506): Magento\User\Model\Notificator->sendUpdated()
#11 /var/www/html/magento2/vendor/magento/module-backend/Controller/Adminhtml/System/Account/Save.php(83): Magento\User\Model\User->sendNotificationEmailsIfRequired()
#12 /var/www/html/magento2/vendor/magento/framework/Interception/Interceptor.php(58): Magento\Backend\Controller\Adminhtml\System\Account\Save->execute()
#13 /var/www/html/magento2/vendor/magento/framework/Interception/Interceptor.php(138): Magento\Backend\Controller\Adminhtml\System\Account\Save\Interceptor->___callParent()
#14 /var/www/html/magento2/vendor/magento/framework/Interception/Interceptor.php(153): Magento\Backend\Controller\Adminhtml\System\Account\Save\Interceptor->Magento\Framework\Interception\{closure}()
#15 /var/www/html/magento2/generated/code/Magento/Backend/Controller/Adminhtml/System/Account/Save/Interceptor.php(23): Magento\Backend\Controller\Adminhtml\System\Account\Save\Interceptor->___callPlugins()
#16 /var/www/html/magento2/vendor/magento/framework/App/Action/Action.php(111): Magento\Backend\Controller\Adminhtml\System\Account\Save\Interceptor->execute()
#17 /var/www/html/magento2/vendor/magento/module-backend/App/AbstractAction.php(151): Magento\Framework\App\Action\Action->dispatch()
#18 /var/www/html/magento2/vendor/magento/framework/Interception/Interceptor.php(58): Magento\Backend\App\AbstractAction->dispatch()
#19 /var/www/html/magento2/vendor/magento/framework/Interception/Interceptor.php(138): Magento\Backend\Controller\Adminhtml\System\Account\Save\Interceptor->___callParent()
#20 /var/www/html/magento2/vendor/magento/module-backend/App/Action/Plugin/Authentication.php(145): Magento\Backend\Controller\Adminhtml\System\Account\Save\Interceptor->Magento\Framework\Interception\{closure}()
#21 /var/www/html/magento2/vendor/magento/framework/Interception/Interceptor.php(135): Magento\Backend\App\Action\Plugin\Authentication->aroundDispatch()
#22 /var/www/html/magento2/vendor/magento/framework/Interception/Interceptor.php(153): Magento\Backend\Controller\Adminhtml\System\Account\Save\Interceptor->Magento\Framework\Interception\{closure}()
#23 /var/www/html/magento2/generated/code/Magento/Backend/Controller/Adminhtml/System/Account/Save/Interceptor.php(32): Magento\Backend\Controller\Adminhtml\System\Account\Save\Interceptor->___callPlugins()
#24 /var/www/html/magento2/vendor/magento/framework/App/FrontController.php(245): Magento\Backend\Controller\Adminhtml\System\Account\Save\Interceptor->dispatch()
#25 /var/www/html/magento2/vendor/magento/framework/App/FrontController.php(212): Magento\Framework\App\FrontController->getActionResponse()
#26 /var/www/html/magento2/vendor/magento/framework/App/FrontController.php(147): Magento\Framework\App\FrontController->processRequest()
#27 /var/www/html/magento2/vendor/magento/framework/Interception/Interceptor.php(58): Magento\Framework\App\FrontController->dispatch()
#28 /var/www/html/magento2/vendor/magento/framework/Interception/Interceptor.php(138): Magento\Framework\App\FrontController\Interceptor->___callParent()
#29 /var/www/html/magento2/vendor/magento/framework/Interception/Interceptor.php(153): Magento\Framework\App\FrontController\Interceptor->Magento\Framework\Interception\{closure}()
#30 /var/www/html/magento2/generated/code/Magento/Framework/App/FrontController/Interceptor.php(23): Magento\Framework\App\FrontController\Interceptor->___callPlugins()
#31 /var/www/html/magento2/vendor/magento/framework/App/Http.php(116): Magento\Framework\App\FrontController\Interceptor->dispatch()
#32 /var/www/html/magento2/vendor/magento/framework/App/Bootstrap.php(264): Magento\Framework\App\Http->launch()
#33 /var/www/html/magento2/pub/index.php(30): Magento\Framework\App\Bootstrap->run()
#34 {main} {"exception":"[object] (Laminas\\Mail\\Transport\\Exception\\RuntimeException(code: 0): Unable to send mail: Unknown error at /var/www/html/magento2/vendor/laminas/laminas-mail/src/Transport/Sendmail.php:313)"} []
[2026-01-30T20:13:37.161146+00:00] main.ERROR: Laminas\Mail\Transport\Exception\RuntimeException: Unable to send mail: Unknown error in /var/www/html/magento2/vendor/laminas/laminas-mail/src/Transport/Sendmail.php:313
Stack trace:
#0 /var/www/html/magento2/vendor/laminas/laminas-mail/src/Transport/Sendmail.php(150): Laminas\Mail\Transport\Sendmail->mailHandler()
#1 /var/www/html/magento2/vendor/magento/module-email/Model/Transport.php(183): Laminas\Mail\Transport\Sendmail->send()
#2 /var/www/html/magento2/vendor/magento/framework/Interception/Interceptor.php(58): Magento\Email\Model\Transport->sendMessage()
#3 /var/www/html/magento2/vendor/magento/framework/Interception/Interceptor.php(138): Magento\Email\Model\Transport\Interceptor->___callParent()
#4 /var/www/html/magento2/vendor/magento/module-email/Model/Mail/TransportInterfacePlugin.php(48): Magento\Email\Model\Transport\Interceptor->Magento\Framework\Interception\{closure}()
#5 /var/www/html/magento2/vendor/magento/framework/Interception/Interceptor.php(135): Magento\Email\Model\Mail\TransportInterfacePlugin->aroundSendMessage()
#6 /var/www/html/magento2/vendor/magento/framework/Interception/Interceptor.php(153): Magento\Email\Model\Transport\Interceptor->Magento\Framework\Interception\{closure}()
#7 /var/www/html/magento2/generated/code/Magento/Email/Model/Transport/Interceptor.php(23): Magento\Email\Model\Transport\Interceptor->___callPlugins()
#8 /var/www/html/magento2/vendor/magento/module-sales/Model/Order/Email/SenderBuilder.php(75): Magento\Email\Model\Transport\Interceptor->sendMessage()
#9 /var/www/html/magento2/vendor/magento/module-sales/Model/Order/Email/Sender.php(86): Magento\Sales\Model\Order\Email\SenderBuilder->send()
#10 /var/www/html/magento2/vendor/magento/module-sales/Model/Order/Email/Sender/OrderSender.php(108): Magento\Sales\Model\Order\Email\Sender->checkAndSend()
#11 /var/www/html/magento2/vendor/magento/module-quote/Observer/SubmitObserver.php(62): Magento\Sales\Model\Order\Email\Sender\OrderSender->send()
#12 /var/www/html/magento2/generated/code/Magento/Quote/Observer/SubmitObserver/Interceptor.php(23): Magento\Quote\Observer\SubmitObserver->execute()
#13 /var/www/html/magento2/vendor/magento/framework/Event/Invoker/InvokerDefault.php(88): Magento\Quote\Observer\SubmitObserver\Interceptor->execute()
#14 /var/www/html/magento2/vendor/magento/framework/Event/Invoker/InvokerDefault.php(74): Magento\Framework\Event\Invoker\InvokerDefault->_callObserverMethod()
#15 /var/www/html/magento2/vendor/magento/framework/Event/Manager.php(65): Magento\Framework\Event\Invoker\InvokerDefault->dispatch()
#16 /var/www/html/magento2/generated/code/Magento/Framework/Event/Manager/Proxy.php(95): Magento\Framework\Event\Manager->dispatch()
#17 /var/www/html/magento2/vendor/magento/module-quote/Model/QuoteManagement.php(630): Magento\Framework\Event\Manager\Proxy->dispatch()
#18 /var/www/html/magento2/vendor/magento/module-quote/Model/QuoteManagement.php(500): Magento\Quote\Model\QuoteManagement->submitQuote()
#19 /var/www/html/magento2/vendor/magento/framework/Interception/Interceptor.php(58): Magento\Quote\Model\QuoteManagement->submit()
#20 /var/www/html/magento2/vendor/magento/framework/Interception/Interceptor.php(138): Magento\Quote\Model\QuoteManagement\Interceptor->___callParent()
#21 /var/www/html/magento2/vendor/magento/module-sales-rule/Plugin/CouponUsagesIncrement.php(54): Magento\Quote\Model\QuoteManagement\Interceptor->Magento\Framework\Interception\{closure}()
#22 /var/www/html/magento2/vendor/magento/framework/Interception/Interceptor.php(135): Magento\SalesRule\Plugin\CouponUsagesIncrement->aroundSubmit()
#23 /var/www/html/magento2/vendor/magento/framework/Interception/Interceptor.php(153): Magento\Quote\Model\QuoteManagement\Interceptor->Magento\Framework\Interception\{closure}()
#24 /var/www/html/magento2/generated/code/Magento/Quote/Model/QuoteManagement/Interceptor.php(32): Magento\Quote\Model\QuoteManagement\Interceptor->___callPlugins()
#25 /var/www/html/magento2/vendor/magento/module-quote/Model/QuoteManagement.php(458): Magento\Quote\Model\QuoteManagement\Interceptor->submit()
#26 /var/www/html/magento2/vendor/magento/framework/Interception/Interceptor.php(58): Magento\Quote\Model\QuoteManagement->placeOrder()
#27 /var/www/html/magento2/vendor/magento/framework/Interception/Interceptor.php(138): Magento\Quote\Model\QuoteManagement\Interceptor->___callParent()
#28 /var/www/html/magento2/vendor/paypal/module-braintree-core/Plugin/OrderCancellation.php(64): Magento\Quote\Model\QuoteManagement\Interceptor->Magento\Framework\Interception\{closure}()
#29 /var/www/html/magento2/vendor/magento/framework/Interception/Interceptor.php(135): PayPal\Braintree\Plugin\OrderCancellation->aroundPlaceOrder()
#30 /var/www/html/magento2/vendor/magento/framework/Interception/Interceptor.php(153): Magento\Quote\Model\QuoteManagement\Interceptor->Magento\Framework\Interception\{closure}()
#31 /var/www/html/magento2/generated/code/Magento/Quote/Model/QuoteManagement/Interceptor.php(23): Magento\Quote\Model\QuoteManagement\Interceptor->___callPlugins()
#32 /var/www/html/magento2/vendor/magento/module-quote/Model/GuestCart/GuestCartManagement.php(87): Magento\Quote\Model\QuoteManagement\Interceptor->placeOrder()
#33 /var/www/html/magento2/vendor/magento/module-checkout/Model/GuestPaymentInformationManagement.php(141): Magento\Quote\Model\GuestCart\GuestCartManagement->placeOrder()
#34 /var/www/html/magento2/vendor/magento/framework/Interception/Interceptor.php(58): Magento\Checkout\Model\GuestPaymentInformationManagement->savePaymentInformationAndPlaceOrder()
#35 /var/www/html/magento2/vendor/magento/framework/Interception/Interceptor.php(138): Magento\Checkout\Model\GuestPaymentInformationManagement\Interceptor->___callParent()
#36 /var/www/html/magento2/vendor/magento/framework/Interception/Interceptor.php(153): Magento\Checkout\Model\GuestPaymentInformationManagement\Interceptor->Magento\Framework\Interception\{closure}()
#37 /var/www/html/magento2/generated/code/Magento/Checkout/Model/GuestPaymentInformationManagement/Interceptor.php(23): Magento\Checkout\Model\GuestPaymentInformationManagement\Interceptor->___callPlugins()
#38 [internal function]: Magento\Checkout\Model\GuestPaymentInformationManagement\Interceptor->savePaymentInformationAndPlaceOrder()
#39 /var/www/html/magento2/vendor/magento/module-webapi/Controller/Rest/SynchronousRequestProcessor.php(95): call_user_func_array()
#40 /var/www/html/magento2/vendor/magento/module-webapi/Controller/Rest.php(202): Magento\Webapi\Controller\Rest\SynchronousRequestProcessor->process()
#41 /var/www/html/magento2/vendor/magento/framework/Interception/Interceptor.php(58): Magento\Webapi\Controller\Rest->dispatch()
#42 /var/www/html/magento2/vendor/magento/framework/Interception/Interceptor.php(138): Magento\Webapi\Controller\Rest\Interceptor->___callParent()
#43 /var/www/html/magento2/vendor/magento/framework/Interception/Interceptor.php(153): Magento\Webapi\Controller\Rest\Interceptor->Magento\Framework\Interception\{closure}()
#44 /var/www/html/magento2/generated/code/Magento/Webapi/Controller/Rest/Interceptor.php(23): Magento\Webapi\Controller\Rest\Interceptor->___callPlugins()
#45 /var/www/html/magento2/vendor/magento/framework/App/Http.php(116): Magento\Webapi\Controller\Rest\Interceptor->dispatch()
#46 /var/www/html/magento2/vendor/magento/framework/App/Bootstrap.php(264): Magento\Framework\App\Http->launch()
#47 /var/www/html/magento2/pub/index.php(30): Magento\Framework\App\Bootstrap->run()
#48 {main} {"exception":"[object] (Laminas\\Mail\\Transport\\Exception\\RuntimeException(code: 0): Unable to send mail: Unknown error at /var/www/html/magento2/vendor/laminas/laminas-mail/src/Transport/Sendmail.php:313)"} []
