[2023-12-04T11:10:14.563934+00:00] main.INFO: Broken reference: the 'tracking' element cannot be added as child to 'header', because the latter doesn't exist [] []
[2023-12-04T11:10:14.565616+00:00] main.INFO: Broken reference: the 'notification_area' element cannot be added as child to 'notifications', because the latter doesn't exist [] []
[2023-12-04T11:10:14.566516+00:00] main.INFO: Broken reference: the 'unread_system_messages' element cannot be added as child to 'notifications', because the latter doesn't exist [] []
[2023-12-04T11:10:14.567301+00:00] main.INFO: Broken reference: the 'notification_window' element cannot be added as child to 'notifications', because the latter doesn't exist [] []
[2023-12-04T11:10:14.568144+00:00] main.INFO: Broken reference: the 'notification.messages' element cannot be added as child to 'header', because the latter doesn't exist [] []
[2023-12-04T11:10:14.568832+00:00] main.INFO: Broken reference: the 'global_notices' element cannot be added as child to 'global.notices', because the latter doesn't exist [] []
[2023-12-04T11:10:14.569459+00:00] main.INFO: Broken reference: the 'logo' element cannot be added as child to 'header', because the latter doesn't exist [] []
[2023-12-04T11:10:14.570768+00:00] main.INFO: Broken reference: the 'global.search' element cannot be added as child to 'header', because the latter doesn't exist [] []
[2023-12-04T11:10:14.572032+00:00] main.INFO: Broken reference: the 'user' element cannot be added as child to 'header', because the latter doesn't exist [] []
[2023-12-04T11:10:14.572826+00:00] main.INFO: Broken reference: the 'menu' element cannot be added as child to 'page.menu', because the latter doesn't exist [] []
[2023-12-04T11:10:14.574319+00:00] main.INFO: Broken reference: the 'breadcrumbs' element cannot be added as child to 'page.breadcrumbs', because the latter doesn't exist [] []
[2023-12-04T11:10:14.576055+00:00] main.INFO: Broken reference: the 'formkey' element cannot be added as child to 'page.formkey', because the latter doesn't exist [] []
[2023-12-04T11:10:14.579265+00:00] main.INFO: Broken reference: the 'page.title' element cannot be added as child to 'main.top', because the latter doesn't exist [] []
[2023-12-04T11:10:14.579899+00:00] main.INFO: Broken reference: the 'messages' element cannot be added as child to 'page.messages', because the latter doesn't exist [] []
[2023-12-04T11:10:14.580476+00:00] main.INFO: Broken reference: the 'page.actions.toolbar' element cannot be added as child to 'page.main.actions', because the latter doesn't exist [] []
[2023-12-04T11:10:14.581071+00:00] main.INFO: Broken reference: the 'legal' element cannot be added as child to 'footer', because the latter doesn't exist [] []
[2023-12-04T11:10:14.581790+00:00] main.INFO: Broken reference: the 'header.inner.left' element cannot be added as child to 'header', because the latter doesn't exist [] []
[2023-12-04T11:10:14.582376+00:00] main.INFO: Broken reference: the 'header.inner.right' element cannot be added as child to 'header', because the latter doesn't exist [] []
[2023-12-04T11:10:14.583069+00:00] main.INFO: Broken reference: the 'user' tries to reorder itself towards '', but their parents are different: 'header' and '' respectively. [] []
[2023-12-04T11:10:14.583654+00:00] main.INFO: Broken reference: the 'notification.messages' tries to reorder itself towards 'user', but their parents are different: 'header' and '' respectively. [] []
[2023-12-04T11:10:14.584239+00:00] main.INFO: Broken reference: the 'logo' tries to reorder itself towards '', but their parents are different: 'header' and '' respectively. [] []
[2023-12-04T11:10:14.584794+00:00] main.INFO: Broken reference: the 'global.search' tries to reorder itself towards 'logo', but their parents are different: 'header' and '' respectively. [] []
[2023-12-04T11:10:14.585349+00:00] main.INFO: Broken reference: the 'page.actions.toolbar' tries to reorder itself towards '', but their parents are different: 'page.main.actions' and '' respectively. [] []
[2023-12-04T11:10:14.585907+00:00] main.INFO: Broken reference: the 'header.inner.left' tries to reorder itself towards '', but their parents are different: 'header' and '' respectively. [] []
[2023-12-04T11:10:14.586417+00:00] main.INFO: Broken reference: the 'header.inner.right' tries to reorder itself towards 'header.inner.left', but their parents are different: 'header' and '' respectively. [] []
[2023-12-04T11:10:14.586978+00:00] main.INFO: Broken reference: the 'notification.messages' tries to reorder itself towards 'user', but their parents are different: 'header.inner.right' and '' respectively. [] []
[2023-12-26T04:40:31.121486+00:00] main.INFO: Broken reference: the 'catalog.compare.sidebar' element cannot be added as child to 'sidebar.additional', because the latter doesn't exist [] []
[2023-12-26T04:40:31.124990+00:00] main.INFO: Broken reference: the 'sale.reorder.sidebar' element cannot be added as child to 'sidebar.additional', because the latter doesn't exist [] []
[2023-12-26T04:40:31.125504+00:00] main.INFO: Broken reference: the 'wishlist_sidebar' element cannot be added as child to 'sidebar.additional', because the latter doesn't exist [] []
[2023-12-26T04:40:31.125863+00:00] main.INFO: Broken reference: the 'paypal.partner.right.logo' element cannot be added as child to 'sidebar.additional', because the latter doesn't exist [] []
[2023-12-26T04:40:31.126186+00:00] main.INFO: Broken reference: the 'bml.right.logo' element cannot be added as child to 'sidebar.additional', because the latter doesn't exist [] []
[2023-12-26T04:40:31.126506+00:00] main.INFO: Broken reference: the 'sidebar.container.paylater' element cannot be added as child to 'sidebar.additional', because the latter doesn't exist [] []
[2024-01-09T05:04:04.975678+00:00] main.INFO: Broken reference: the 'tracking' element cannot be added as child to 'header', because the latter doesn't exist [] []
[2024-01-09T05:04:04.977664+00:00] main.INFO: Broken reference: the 'notification_area' element cannot be added as child to 'notifications', because the latter doesn't exist [] []
[2024-01-09T05:04:04.978047+00:00] main.INFO: Broken reference: the 'unread_system_messages' element cannot be added as child to 'notifications', because the latter doesn't exist [] []
[2024-01-09T05:04:04.978429+00:00] main.INFO: Broken reference: the 'notification_window' element cannot be added as child to 'notifications', because the latter doesn't exist [] []
[2024-01-09T05:04:04.978793+00:00] main.INFO: Broken reference: the 'notification.messages' element cannot be added as child to 'header', because the latter doesn't exist [] []
[2024-01-09T05:04:04.979156+00:00] main.INFO: Broken reference: the 'global_notices' element cannot be added as child to 'global.notices', because the latter doesn't exist [] []
[2024-01-09T05:04:04.979539+00:00] main.INFO: Broken reference: the 'logo' element cannot be added as child to 'header', because the latter doesn't exist [] []
[2024-01-09T05:04:04.979934+00:00] main.INFO: Broken reference: the 'global.search' element cannot be added as child to 'header', because the latter doesn't exist [] []
[2024-01-09T05:04:04.980293+00:00] main.INFO: Broken reference: the 'user' element cannot be added as child to 'header', because the latter doesn't exist [] []
[2024-01-09T05:04:04.980650+00:00] main.INFO: Broken reference: the 'menu' element cannot be added as child to 'page.menu', because the latter doesn't exist [] []
[2024-01-09T05:04:04.981023+00:00] main.INFO: Broken reference: the 'breadcrumbs' element cannot be added as child to 'page.breadcrumbs', because the latter doesn't exist [] []
[2024-01-09T05:04:04.981378+00:00] main.INFO: Broken reference: the 'formkey' element cannot be added as child to 'page.formkey', because the latter doesn't exist [] []
[2024-01-09T05:04:04.981728+00:00] main.INFO: Broken reference: the 'page.title' element cannot be added as child to 'main.top', because the latter doesn't exist [] []
[2024-01-09T05:04:04.982099+00:00] main.INFO: Broken reference: the 'messages' element cannot be added as child to 'page.messages', because the latter doesn't exist [] []
[2024-01-09T05:04:04.982458+00:00] main.INFO: Broken reference: the 'page.actions.toolbar' element cannot be added as child to 'page.main.actions', because the latter doesn't exist [] []
[2024-01-09T05:04:04.982813+00:00] main.INFO: Broken reference: the 'legal' element cannot be added as child to 'footer', because the latter doesn't exist [] []
[2024-01-09T05:04:04.983267+00:00] main.INFO: Broken reference: the 'header.inner.left' element cannot be added as child to 'header', because the latter doesn't exist [] []
[2024-01-09T05:04:04.983628+00:00] main.INFO: Broken reference: the 'header.inner.right' element cannot be added as child to 'header', because the latter doesn't exist [] []
[2024-01-09T05:04:04.984051+00:00] main.INFO: Broken reference: the 'user' tries to reorder itself towards '', but their parents are different: 'header' and '' respectively. [] []
[2024-01-09T05:04:04.984437+00:00] main.INFO: Broken reference: the 'notification.messages' tries to reorder itself towards 'user', but their parents are different: 'header' and '' respectively. [] []
[2024-01-09T05:04:04.984794+00:00] main.INFO: Broken reference: the 'logo' tries to reorder itself towards '', but their parents are different: 'header' and '' respectively. [] []
[2024-01-09T05:04:04.985170+00:00] main.INFO: Broken reference: the 'global.search' tries to reorder itself towards 'logo', but their parents are different: 'header' and '' respectively. [] []
[2024-01-09T05:04:04.985577+00:00] main.INFO: Broken reference: the 'page.actions.toolbar' tries to reorder itself towards '', but their parents are different: 'page.main.actions' and '' respectively. [] []
[2024-01-09T05:04:04.985937+00:00] main.INFO: Broken reference: the 'header.inner.left' tries to reorder itself towards '', but their parents are different: 'header' and '' respectively. [] []
[2024-01-09T05:04:04.986281+00:00] main.INFO: Broken reference: the 'header.inner.right' tries to reorder itself towards 'header.inner.left', but their parents are different: 'header' and '' respectively. [] []
[2024-01-09T05:04:04.986614+00:00] main.INFO: Broken reference: the 'notification.messages' tries to reorder itself towards 'user', but their parents are different: 'header.inner.right' and '' respectively. [] []
[2024-01-09T05:04:17.382884+00:00] main.INFO: Item Magento_Backend::system_currency was removed [] []
[2024-01-09T05:04:17.391606+00:00] main.INFO: Add of item with id Magento_Config::system_config was processed [] []
[2024-01-09T05:04:17.392133+00:00] main.INFO: Add of item with id Magento_AdminNotification::system_adminnotification was processed [] []
[2024-01-09T05:04:17.392603+00:00] main.INFO: Add of item with id Magento_Theme::design_config was processed [] []
[2024-01-09T05:04:17.393025+00:00] main.INFO: Add of item with id Magento_Theme::system_design_theme was processed [] []
[2024-01-09T05:04:17.393471+00:00] main.INFO: Add of item with id Magento_Backend::system_design_schedule was processed [] []
[2024-01-09T05:04:17.393859+00:00] main.INFO: Add of item with id Magento_Backend::system_store was processed [] []
[2024-01-09T05:04:17.394234+00:00] main.INFO: Add of item with id Magento_Backend::dashboard was processed [] []
[2024-01-09T05:04:17.394612+00:00] main.INFO: Add of item with id Magento_Backend::system was processed [] []
[2024-01-09T05:04:17.395020+00:00] main.INFO: Add of item with id Magento_Backend::system_tools was processed [] []
[2024-01-09T05:04:17.395410+00:00] main.INFO: Add of item with id Magento_Backend::system_design was processed [] []
[2024-01-09T05:04:17.395808+00:00] main.INFO: Add of item with id Magento_Backend::system_convert was processed [] []
[2024-01-09T05:04:17.396202+00:00] main.INFO: Add of item with id Magento_Backend::system_cache was processed [] []
[2024-01-09T05:04:17.397078+00:00] main.INFO: Add of item with id Magento_Backend::marketing was processed [] []
[2024-01-09T05:04:17.397458+00:00] main.INFO: Add of item with id Magento_Backend::marketing_communications was processed [] []
[2024-01-09T05:04:17.398131+00:00] main.INFO: Add of item with id Magento_Backend::marketing_seo was processed [] []
[2024-01-09T05:04:17.398563+00:00] main.INFO: Add of item with id Magento_Backend::marketing_user_content was processed [] []
[2024-01-09T05:04:17.398950+00:00] main.INFO: Add of item with id Magento_Backend::content was processed [] []
[2024-01-09T05:04:17.399346+00:00] main.INFO: Add of item with id Magento_Backend::content_elements was processed [] []
[2024-01-09T05:04:17.399804+00:00] main.INFO: Add of item with id Magento_Backend::stores was processed [] []
[2024-01-09T05:04:17.400557+00:00] main.INFO: Add of item with id Magento_Backend::stores_settings was processed [] []
[2024-01-09T05:04:17.400951+00:00] main.INFO: Add of item with id Magento_Backend::stores_attributes was processed [] []
[2024-01-09T05:04:17.401327+00:00] main.INFO: Add of item with id Magento_Backend::other_settings was processed [] []
[2024-01-09T05:04:17.401712+00:00] main.INFO: Add of item with id Magento_Backend::system_other_settings was processed [] []
[2024-01-09T05:04:17.402076+00:00] main.INFO: Add of item with id Magento_User::system_acl was processed [] []
[2024-01-09T05:04:17.402493+00:00] main.INFO: Add of item with id Magento_User::system_acl_users was processed [] []
[2024-01-09T05:04:17.402875+00:00] main.INFO: Add of item with id Magento_User::system_acl_roles was processed [] []
[2024-01-09T05:04:17.403251+00:00] main.INFO: Add of item with id Magento_User::system_acl_locks was processed [] []
[2024-01-09T05:04:17.404376+00:00] main.INFO: Add of item with id Magento_Customer::customer was processed [] []
[2024-01-09T05:04:17.404805+00:00] main.INFO: Add of item with id Magento_Customer::customer_manage was processed [] []
[2024-01-09T05:04:17.405280+00:00] main.INFO: Add of item with id Magento_Customer::customer_online was processed [] []
[2024-01-09T05:04:17.405678+00:00] main.INFO: Add of item with id Magento_Customer::customer_group was processed [] []
[2024-01-09T05:04:17.406063+00:00] main.INFO: Add of item with id Magento_Backup::system_tools_backup was processed [] []
[2024-01-09T05:04:17.406438+00:00] main.INFO: Add of item with id Magento_Indexer::system_index was processed [] []
[2024-01-09T05:04:17.406833+00:00] main.INFO: Add of item with id Magento_Variable::system_variable was processed [] []
[2024-01-09T05:04:17.407214+00:00] main.INFO: Add of item with id Magento_Cms::cms_page was processed [] []
[2024-01-09T05:04:17.407586+00:00] main.INFO: Add of item with id Magento_Cms::cms_block was processed [] []
[2024-01-09T05:04:17.407947+00:00] main.INFO: Add of item with id Magento_Search::search_terms was processed [] []
[2024-01-09T05:04:17.408336+00:00] main.INFO: Add of item with id Magento_Search::search_synonyms was processed [] []
[2024-01-09T05:04:17.408687+00:00] main.INFO: Add of item with id Magento_Catalog::catalog was processed [] []
[2024-01-09T05:04:17.409044+00:00] main.INFO: Add of item with id Magento_Catalog::catalog_products was processed [] []
[2024-01-09T05:04:17.409396+00:00] main.INFO: Add of item with id Magento_Catalog::catalog_categories was processed [] []
[2024-01-09T05:04:17.409773+00:00] main.INFO: Add of item with id Magento_Catalog::catalog_attributes_attributes was processed [] []
[2024-01-09T05:04:17.410231+00:00] main.INFO: Add of item with id Magento_Catalog::catalog_attributes_sets was processed [] []
[2024-01-09T05:04:17.411363+00:00] main.INFO: Add of item with id Magento_Catalog::inventory was processed [] []
[2024-01-09T05:04:17.411741+00:00] main.INFO: Add of item with id Magento_CatalogRule::promo was processed [] []
[2024-01-09T05:04:17.412228+00:00] main.INFO: Add of item with id Magento_CatalogRule::promo_catalog was processed [] []
[2024-01-09T05:04:17.412599+00:00] main.INFO: Add of item with id Magento_MediaGalleryUi::media was processed [] []
[2024-01-09T05:04:17.412957+00:00] main.INFO: Add of item with id Magento_MediaGalleryUi::media_gallery was processed [] []
[2024-01-09T05:04:17.413321+00:00] main.INFO: Add of item with id Magento_Integration::system_extensions was processed [] []
[2024-01-09T05:04:17.413824+00:00] main.INFO: Add of item with id Magento_Integration::system_integrations was processed [] []
[2024-01-09T05:04:17.414296+00:00] main.INFO: Add of item with id Magento_Sales::sales was processed [] []
[2024-01-09T05:04:17.414710+00:00] main.INFO: Add of item with id Magento_Sales::sales_operation was processed [] []
[2024-01-09T05:04:17.415133+00:00] main.INFO: Add of item with id Magento_Sales::sales_order was processed [] []
[2024-01-09T05:04:17.415624+00:00] main.INFO: Add of item with id Magento_Sales::sales_invoice was processed [] []
[2024-01-09T05:04:17.416020+00:00] main.INFO: Add of item with id Magento_Sales::sales_shipment was processed [] []
[2024-01-09T05:04:17.416393+00:00] main.INFO: Add of item with id Magento_Sales::sales_creditmemo was processed [] []
[2024-01-09T05:04:17.416759+00:00] main.INFO: Add of item with id Magento_Sales::sales_transactions was processed [] []
[2024-01-09T05:04:17.417122+00:00] main.INFO: Add of item with id Magento_Sales::system_order_statuses was processed [] []
[2024-01-09T05:04:17.417473+00:00] main.INFO: Add of item with id Magento_Widget::cms_widget_instance was processed [] []
[2024-01-09T05:04:17.417858+00:00] main.INFO: Add of item with id Magento_Analytics::business_intelligence was processed [] []
[2024-01-09T05:04:17.418251+00:00] main.INFO: Add of item with id Magento_Analytics::advanced_reporting was processed [] []
[2024-01-09T05:04:17.418626+00:00] main.INFO: Add of item with id Magento_Analytics::bi_essentials was processed [] []
[2024-01-09T05:04:17.418997+00:00] main.INFO: Add of item with id Magento_Downloadable::report_products_downloads was processed [] []
[2024-01-09T05:04:17.419366+00:00] main.INFO: Add of item with id Magento_ImportExport::system_convert_import was processed [] []
[2024-01-09T05:04:17.419746+00:00] main.INFO: Add of item with id Magento_ImportExport::system_convert_export was processed [] []
[2024-01-09T05:04:17.420094+00:00] main.INFO: Add of item with id Magento_ImportExport::system_convert_history was processed [] []
[2024-01-09T05:04:17.420472+00:00] main.INFO: Add of item with id Magento_Email::template was processed [] []
[2024-01-09T05:04:17.420819+00:00] main.INFO: Add of item with id Magento_EncryptionKey::system_crypt_key was processed [] []
[2024-01-09T05:04:17.421164+00:00] main.INFO: Add of item with id Magento_InventoryAdminUi::inventory was processed [] []
[2024-01-09T05:04:17.421518+00:00] main.INFO: Add of item with id Magento_InventoryAdminUi::source was processed [] []
[2024-01-09T05:04:17.421875+00:00] main.INFO: Add of item with id Magento_InventoryAdminUi::stock was processed [] []
[2024-01-09T05:04:17.422213+00:00] main.INFO: Add of item with id Magento_Reports::report was processed [] []
[2024-01-09T05:04:17.422562+00:00] main.INFO: Add of item with id Magento_Reports::report_marketing was processed [] []
[2024-01-09T05:04:17.422904+00:00] main.INFO: Add of item with id Magento_Reports::report_salesroot was processed [] []
[2024-01-09T05:04:17.423247+00:00] main.INFO: Add of item with id Magento_Reports::report_salesroot_sales was processed [] []
[2024-01-09T05:04:17.423634+00:00] main.INFO: Add of item with id Magento_Reports::report_salesroot_tax was processed [] []
[2024-01-09T05:04:17.423974+00:00] main.INFO: Add of item with id Magento_Reports::report_salesroot_invoiced was processed [] []
[2024-01-09T05:04:17.424366+00:00] main.INFO: Add of item with id Magento_Reports::report_salesroot_shipping was processed [] []
[2024-01-09T05:04:17.424732+00:00] main.INFO: Add of item with id Magento_Reports::report_salesroot_refunded was processed [] []
[2024-01-09T05:04:17.425119+00:00] main.INFO: Add of item with id Magento_Reports::report_salesroot_coupons was processed [] []
[2024-01-09T05:04:17.425569+00:00] main.INFO: Add of item with id Magento_Reports::report_shopcart_product was processed [] []
[2024-01-09T05:04:17.425916+00:00] main.INFO: Add of item with id Magento_Reports::report_shopcart_abandoned was processed [] []
[2024-01-09T05:04:17.426278+00:00] main.INFO: Add of item with id Magento_Reports::report_products was processed [] []
[2024-01-09T05:04:17.426659+00:00] main.INFO: Add of item with id Magento_Reports::report_products_bestsellers was processed [] []
[2024-01-09T05:04:17.427063+00:00] main.INFO: Add of item with id Magento_Reports::report_products_sold was processed [] []
[2024-01-09T05:04:17.427443+00:00] main.INFO: Add of item with id Magento_Reports::report_products_viewed was processed [] []
[2024-01-09T05:04:17.427803+00:00] main.INFO: Add of item with id Magento_Reports::report_products_lowstock was processed [] []
[2024-01-09T05:04:17.428166+00:00] main.INFO: Add of item with id Magento_Reports::report_customers was processed [] []
[2024-01-09T05:04:17.428549+00:00] main.INFO: Add of item with id Magento_Reports::report_customers_accounts was processed [] []
[2024-01-09T05:04:17.428934+00:00] main.INFO: Add of item with id Magento_Reports::report_customers_totals was processed [] []
[2024-01-09T05:04:17.429290+00:00] main.INFO: Add of item with id Magento_Reports::report_customers_orders was processed [] []
[2024-01-09T05:04:17.429656+00:00] main.INFO: Add of item with id Magento_Reports::report_statistics was processed [] []
[2024-01-09T05:04:17.430052+00:00] main.INFO: Add of item with id Magento_Reports::report_statistics_refresh was processed [] []
[2024-01-09T05:04:17.430413+00:00] main.INFO: Add of item with id Magento_Search::report_search_term was processed [] []
[2024-01-09T05:04:17.430824+00:00] main.INFO: Add of item with id Magento_LoginAsCustomerLog::login_log was processed [] []
[2024-01-09T05:04:17.431219+00:00] main.INFO: Add of item with id Magento_Marketplace::partners was processed [] []
[2024-01-09T05:04:17.431575+00:00] main.INFO: Add of item with id Magento_Newsletter::newsletter_template was processed [] []
[2024-01-09T05:04:17.431938+00:00] main.INFO: Add of item with id Magento_Newsletter::newsletter_queue was processed [] []
[2024-01-09T05:04:17.432288+00:00] main.INFO: Add of item with id Magento_Newsletter::newsletter_subscriber was processed [] []
[2024-01-09T05:04:17.432635+00:00] main.INFO: Add of item with id Magento_Newsletter::newsletter_problem was processed [] []
[2024-01-09T05:04:17.433046+00:00] main.INFO: Add of item with id Magento_SalesRule::promo_quote was processed [] []
[2024-01-09T05:04:17.433403+00:00] main.INFO: Add of item with id Magento_Sitemap::catalog_sitemap was processed [] []
[2024-01-09T05:04:17.433751+00:00] main.INFO: Add of item with id Magento_PageBuilder::templates was processed [] []
[2024-01-09T05:04:17.434100+00:00] main.INFO: Add of item with id Magento_Paypal::report_salesroot_paypal_settlement_reports was processed [] []
[2024-01-09T05:04:17.434449+00:00] main.INFO: Add of item with id Magento_Paypal::paypal_billing_agreement was processed [] []
[2024-01-09T05:04:17.434807+00:00] main.INFO: Add of item with id Magento_CheckoutAgreements::sales_checkoutagreement was processed [] []
[2024-01-09T05:04:17.435243+00:00] main.INFO: Add of item with id Magento_Review::catalog_reviews_ratings_ratings was processed [] []
[2024-01-09T05:04:17.435674+00:00] main.INFO: Add of item with id Magento_Review::catalog_reviews_ratings_pending was processed [] []
[2024-01-09T05:04:17.436074+00:00] main.INFO: Add of item with id Magento_Review::catalog_reviews_ratings_reviews_all was processed [] []
[2024-01-09T05:04:17.436443+00:00] main.INFO: Add of item with id Magento_Review::report_review was processed [] []
[2024-01-09T05:04:17.437052+00:00] main.INFO: Add of item with id Magento_Review::report_review_customer was processed [] []
[2024-01-09T05:04:17.437428+00:00] main.INFO: Add of item with id Magento_Review::report_review_product was processed [] []
[2024-01-09T05:04:17.437783+00:00] main.INFO: Add of item with id Magento_UrlRewrite::urlrewrite was processed [] []
[2024-01-09T05:04:17.438132+00:00] main.INFO: Add of item with id Magento_Tax::sales_tax was processed [] []
[2024-01-09T05:04:17.438505+00:00] main.INFO: Add of item with id Magento_Tax::sales_tax_rules was processed [] []
[2024-01-09T05:04:17.438888+00:00] main.INFO: Add of item with id Magento_Tax::sales_tax_rates was processed [] []
[2024-01-09T05:04:17.439287+00:00] main.INFO: Add of item with id Magento_TaxImportExport::system_convert_tax was processed [] []
[2024-01-09T05:04:17.439667+00:00] main.INFO: Add of item with id Magento_AsynchronousOperations::system_magento_logging was processed [] []
[2024-01-09T05:04:17.440066+00:00] main.INFO: Add of item with id Magento_AsynchronousOperations::system_magento_logging_bulk_operations was processed [] []
[2024-01-09T05:04:17.440504+00:00] main.INFO: Add of item with id Magento_CurrencySymbol::system_currency was processed [] []
[2024-01-09T05:04:17.440926+00:00] main.INFO: Add of item with id Magento_CurrencySymbol::system_currency_rates was processed [] []
[2024-01-09T05:04:17.441334+00:00] main.INFO: Add of item with id Magento_CurrencySymbol::system_currency_symbols was processed [] []
[2024-01-09T05:04:17.441732+00:00] main.INFO: Add of item with id PayPal_Braintree::settlement_report was processed [] []
[2024-01-09T05:04:17.442095+00:00] main.INFO: Add of item with id PayPal_Braintree::virtual_terminal was processed [] []
[2024-01-09T05:04:20.012373+00:00] main.INFO: Broken reference: the 'notification.messages' tries to reorder itself towards 'user', but their parents are different: 'header.inner.right' and 'header' respectively. [] []
[2024-01-09T05:04:29.627494+00:00] main.INFO: Broken reference: the 'notification.messages' tries to reorder itself towards 'user', but their parents are different: 'header.inner.right' and 'header' respectively. [] []
[2024-01-09T05:06:18.940500+00:00] main.INFO: Broken reference: the 'notification.messages' tries to reorder itself towards 'user', but their parents are different: 'header.inner.right' and 'header' respectively. [] []
[2024-01-09T05:07:13.806564+00:00] main.INFO: Broken reference: the 'notification.messages' tries to reorder itself towards 'user', but their parents are different: 'header.inner.right' and 'header' respectively. [] []
[2024-01-09T05:07:38.124849+00:00] main.INFO: Broken reference: the 'notification.messages' tries to reorder itself towards 'user', but their parents are different: 'header.inner.right' and 'header' respectively. [] []
[2024-01-09T06:29:24.093819+00:00] main.INFO: Broken reference: the 'tracking' element cannot be added as child to 'header', because the latter doesn't exist [] []
[2024-01-09T06:29:24.095549+00:00] main.INFO: Broken reference: the 'notification_area' element cannot be added as child to 'notifications', because the latter doesn't exist [] []
[2024-01-09T06:29:24.096511+00:00] main.INFO: Broken reference: the 'unread_system_messages' element cannot be added as child to 'notifications', because the latter doesn't exist [] []
[2024-01-09T06:29:24.097375+00:00] main.INFO: Broken reference: the 'notification_window' element cannot be added as child to 'notifications', because the latter doesn't exist [] []
[2024-01-09T06:29:24.098248+00:00] main.INFO: Broken reference: the 'notification.messages' element cannot be added as child to 'header', because the latter doesn't exist [] []
[2024-01-09T06:29:24.099253+00:00] main.INFO: Broken reference: the 'global_notices' element cannot be added as child to 'global.notices', because the latter doesn't exist [] []
[2024-01-09T06:29:24.100210+00:00] main.INFO: Broken reference: the 'logo' element cannot be added as child to 'header', because the latter doesn't exist [] []
[2024-01-09T06:29:24.102618+00:00] main.INFO: Broken reference: the 'global.search' element cannot be added as child to 'header', because the latter doesn't exist [] []
[2024-01-09T06:29:24.103911+00:00] main.INFO: Broken reference: the 'user' element cannot be added as child to 'header', because the latter doesn't exist [] []
[2024-01-09T06:29:24.106985+00:00] main.INFO: Broken reference: the 'menu' element cannot be added as child to 'page.menu', because the latter doesn't exist [] []
[2024-01-09T06:29:24.107855+00:00] main.INFO: Broken reference: the 'breadcrumbs' element cannot be added as child to 'page.breadcrumbs', because the latter doesn't exist [] []
[2024-01-09T06:29:24.108659+00:00] main.INFO: Broken reference: the 'formkey' element cannot be added as child to 'page.formkey', because the latter doesn't exist [] []
[2024-01-09T06:29:24.109315+00:00] main.INFO: Broken reference: the 'page.title' element cannot be added as child to 'main.top', because the latter doesn't exist [] []
[2024-01-09T06:29:24.109963+00:00] main.INFO: Broken reference: the 'messages' element cannot be added as child to 'page.messages', because the latter doesn't exist [] []
[2024-01-09T06:29:24.110610+00:00] main.INFO: Broken reference: the 'page.actions.toolbar' element cannot be added as child to 'page.main.actions', because the latter doesn't exist [] []
[2024-01-09T06:29:24.111275+00:00] main.INFO: Broken reference: the 'legal' element cannot be added as child to 'footer', because the latter doesn't exist [] []
[2024-01-09T06:29:24.112218+00:00] main.INFO: Broken reference: the 'header.inner.left' element cannot be added as child to 'header', because the latter doesn't exist [] []
[2024-01-09T06:29:24.112882+00:00] main.INFO: Broken reference: the 'header.inner.right' element cannot be added as child to 'header', because the latter doesn't exist [] []
[2024-01-09T06:29:24.113601+00:00] main.INFO: Broken reference: the 'user' tries to reorder itself towards '', but their parents are different: 'header' and '' respectively. [] []
[2024-01-09T06:29:24.114252+00:00] main.INFO: Broken reference: the 'notification.messages' tries to reorder itself towards 'user', but their parents are different: 'header' and '' respectively. [] []
[2024-01-09T06:29:24.114896+00:00] main.INFO: Broken reference: the 'logo' tries to reorder itself towards '', but their parents are different: 'header' and '' respectively. [] []
[2024-01-09T06:29:24.115558+00:00] main.INFO: Broken reference: the 'global.search' tries to reorder itself towards 'logo', but their parents are different: 'header' and '' respectively. [] []
[2024-01-09T06:29:24.116248+00:00] main.INFO: Broken reference: the 'page.actions.toolbar' tries to reorder itself towards '', but their parents are different: 'page.main.actions' and '' respectively. [] []
[2024-01-09T06:29:24.116928+00:00] main.INFO: Broken reference: the 'header.inner.left' tries to reorder itself towards '', but their parents are different: 'header' and '' respectively. [] []
[2024-01-09T06:29:24.117568+00:00] main.INFO: Broken reference: the 'header.inner.right' tries to reorder itself towards 'header.inner.left', but their parents are different: 'header' and '' respectively. [] []
[2024-01-09T06:29:24.118221+00:00] main.INFO: Broken reference: the 'notification.messages' tries to reorder itself towards 'user', but their parents are different: 'header.inner.right' and '' respectively. [] []
[2024-01-09T06:29:32.590017+00:00] main.INFO: Broken reference: the 'notification.messages' tries to reorder itself towards 'user', but their parents are different: 'header.inner.right' and 'header' respectively. [] []
[2024-01-09T06:29:38.913327+00:00] main.INFO: Broken reference: the 'notification.messages' tries to reorder itself towards 'user', but their parents are different: 'header.inner.right' and 'header' respectively. [] []
[2024-01-09T06:29:46.288649+00:00] main.INFO: Broken reference: the 'notification.messages' tries to reorder itself towards 'user', but their parents are different: 'header.inner.right' and 'header' respectively. [] []
[2024-01-09T06:30:20.892407+00:00] main.INFO: Broken reference: the 'notification.messages' tries to reorder itself towards 'user', but their parents are different: 'header.inner.right' and 'header' respectively. [] []
[2024-01-09T06:30:28.686640+00:00] main.INFO: Broken reference: the 'notification.messages' tries to reorder itself towards 'user', but their parents are different: 'header.inner.right' and 'header' respectively. [] []
[2024-01-09T06:31:23.056622+00:00] main.INFO: Broken reference: the 'notification.messages' tries to reorder itself towards 'user', but their parents are different: 'header.inner.right' and 'header' respectively. [] []
[2024-01-09T06:31:30.726572+00:00] main.INFO: Broken reference: the 'notification.messages' tries to reorder itself towards 'user', but their parents are different: 'header.inner.right' and 'header' respectively. [] []
[2024-01-17T11:53:12.877069+00:00] main.INFO: Broken reference: the 'tracking' element cannot be added as child to 'header', because the latter doesn't exist [] []
[2024-01-17T11:53:12.877044+00:00] main.INFO: Broken reference: the 'tracking' element cannot be added as child to 'header', because the latter doesn't exist [] []
[2024-01-17T11:53:12.879493+00:00] main.INFO: Broken reference: the 'notification_area' element cannot be added as child to 'notifications', because the latter doesn't exist [] []
[2024-01-17T11:53:12.879517+00:00] main.INFO: Broken reference: the 'notification_area' element cannot be added as child to 'notifications', because the latter doesn't exist [] []
[2024-01-17T11:53:12.879977+00:00] main.INFO: Broken reference: the 'unread_system_messages' element cannot be added as child to 'notifications', because the latter doesn't exist [] []
[2024-01-17T11:53:12.880005+00:00] main.INFO: Broken reference: the 'unread_system_messages' element cannot be added as child to 'notifications', because the latter doesn't exist [] []
[2024-01-17T11:53:12.880466+00:00] main.INFO: Broken reference: the 'notification_window' element cannot be added as child to 'notifications', because the latter doesn't exist [] []
[2024-01-17T11:53:12.880591+00:00] main.INFO: Broken reference: the 'notification_window' element cannot be added as child to 'notifications', because the latter doesn't exist [] []
[2024-01-17T11:53:12.880928+00:00] main.INFO: Broken reference: the 'notification.messages' element cannot be added as child to 'header', because the latter doesn't exist [] []
[2024-01-17T11:53:12.881054+00:00] main.INFO: Broken reference: the 'notification.messages' element cannot be added as child to 'header', because the latter doesn't exist [] []
[2024-01-17T11:53:12.881385+00:00] main.INFO: Broken reference: the 'global_notices' element cannot be added as child to 'global.notices', because the latter doesn't exist [] []
[2024-01-17T11:53:12.881512+00:00] main.INFO: Broken reference: the 'global_notices' element cannot be added as child to 'global.notices', because the latter doesn't exist [] []
[2024-01-17T11:53:12.881834+00:00] main.INFO: Broken reference: the 'logo' element cannot be added as child to 'header', because the latter doesn't exist [] []
[2024-01-17T11:53:12.881966+00:00] main.INFO: Broken reference: the 'logo' element cannot be added as child to 'header', because the latter doesn't exist [] []
[2024-01-17T11:53:12.882297+00:00] main.INFO: Broken reference: the 'global.search' element cannot be added as child to 'header', because the latter doesn't exist [] []
[2024-01-17T11:53:12.882425+00:00] main.INFO: Broken reference: the 'global.search' element cannot be added as child to 'header', because the latter doesn't exist [] []
[2024-01-17T11:53:12.882755+00:00] main.INFO: Broken reference: the 'user' element cannot be added as child to 'header', because the latter doesn't exist [] []
[2024-01-17T11:53:12.882873+00:00] main.INFO: Broken reference: the 'user' element cannot be added as child to 'header', because the latter doesn't exist [] []
[2024-01-17T11:53:12.883246+00:00] main.INFO: Broken reference: the 'menu' element cannot be added as child to 'page.menu', because the latter doesn't exist [] []
[2024-01-17T11:53:12.883355+00:00] main.INFO: Broken reference: the 'menu' element cannot be added as child to 'page.menu', because the latter doesn't exist [] []
[2024-01-17T11:53:12.883701+00:00] main.INFO: Broken reference: the 'breadcrumbs' element cannot be added as child to 'page.breadcrumbs', because the latter doesn't exist [] []
[2024-01-17T11:53:12.883805+00:00] main.INFO: Broken reference: the 'breadcrumbs' element cannot be added as child to 'page.breadcrumbs', because the latter doesn't exist [] []
[2024-01-17T11:53:12.884150+00:00] main.INFO: Broken reference: the 'formkey' element cannot be added as child to 'page.formkey', because the latter doesn't exist [] []
[2024-01-17T11:53:12.884257+00:00] main.INFO: Broken reference: the 'formkey' element cannot be added as child to 'page.formkey', because the latter doesn't exist [] []
[2024-01-17T11:53:12.884641+00:00] main.INFO: Broken reference: the 'page.title' element cannot be added as child to 'main.top', because the latter doesn't exist [] []
[2024-01-17T11:53:12.884746+00:00] main.INFO: Broken reference: the 'page.title' element cannot be added as child to 'main.top', because the latter doesn't exist [] []
[2024-01-17T11:53:12.885095+00:00] main.INFO: Broken reference: the 'messages' element cannot be added as child to 'page.messages', because the latter doesn't exist [] []
[2024-01-17T11:53:12.885193+00:00] main.INFO: Broken reference: the 'messages' element cannot be added as child to 'page.messages', because the latter doesn't exist [] []
[2024-01-17T11:53:12.885542+00:00] main.INFO: Broken reference: the 'page.actions.toolbar' element cannot be added as child to 'page.main.actions', because the latter doesn't exist [] []
[2024-01-17T11:53:12.885643+00:00] main.INFO: Broken reference: the 'page.actions.toolbar' element cannot be added as child to 'page.main.actions', because the latter doesn't exist [] []
[2024-01-17T11:53:12.885989+00:00] main.INFO: Broken reference: the 'legal' element cannot be added as child to 'footer', because the latter doesn't exist [] []
[2024-01-17T11:53:12.886092+00:00] main.INFO: Broken reference: the 'legal' element cannot be added as child to 'footer', because the latter doesn't exist [] []
[2024-01-17T11:53:12.886544+00:00] main.INFO: Broken reference: the 'header.inner.left' element cannot be added as child to 'header', because the latter doesn't exist [] []
[2024-01-17T11:53:12.886645+00:00] main.INFO: Broken reference: the 'header.inner.left' element cannot be added as child to 'header', because the latter doesn't exist [] []
[2024-01-17T11:53:12.886997+00:00] main.INFO: Broken reference: the 'header.inner.right' element cannot be added as child to 'header', because the latter doesn't exist [] []
[2024-01-17T11:53:12.887102+00:00] main.INFO: Broken reference: the 'header.inner.right' element cannot be added as child to 'header', because the latter doesn't exist [] []
[2024-01-17T11:53:12.887507+00:00] main.INFO: Broken reference: the 'user' tries to reorder itself towards '', but their parents are different: 'header' and '' respectively. [] []
[2024-01-17T11:53:12.887611+00:00] main.INFO: Broken reference: the 'user' tries to reorder itself towards '', but their parents are different: 'header' and '' respectively. [] []
[2024-01-17T11:53:12.887973+00:00] main.INFO: Broken reference: the 'notification.messages' tries to reorder itself towards 'user', but their parents are different: 'header' and '' respectively. [] []
[2024-01-17T11:53:12.888090+00:00] main.INFO: Broken reference: the 'notification.messages' tries to reorder itself towards 'user', but their parents are different: 'header' and '' respectively. [] []
[2024-01-17T11:53:12.889091+00:00] main.INFO: Broken reference: the 'logo' tries to reorder itself towards '', but their parents are different: 'header' and '' respectively. [] []
[2024-01-17T11:53:12.889066+00:00] main.INFO: Broken reference: the 'logo' tries to reorder itself towards '', but their parents are different: 'header' and '' respectively. [] []
[2024-01-17T11:53:12.889569+00:00] main.INFO: Broken reference: the 'global.search' tries to reorder itself towards 'logo', but their parents are different: 'header' and '' respectively. [] []
[2024-01-17T11:53:12.890488+00:00] main.INFO: Broken reference: the 'global.search' tries to reorder itself towards 'logo', but their parents are different: 'header' and '' respectively. [] []
[2024-01-17T11:53:12.890838+00:00] main.INFO: Broken reference: the 'page.actions.toolbar' tries to reorder itself towards '', but their parents are different: 'page.main.actions' and '' respectively. [] []
[2024-01-17T11:53:12.891244+00:00] main.INFO: Broken reference: the 'page.actions.toolbar' tries to reorder itself towards '', but their parents are different: 'page.main.actions' and '' respectively. [] []
[2024-01-17T11:53:12.891419+00:00] main.INFO: Broken reference: the 'header.inner.left' tries to reorder itself towards '', but their parents are different: 'header' and '' respectively. [] []
[2024-01-17T11:53:12.891910+00:00] main.INFO: Broken reference: the 'header.inner.left' tries to reorder itself towards '', but their parents are different: 'header' and '' respectively. [] []
[2024-01-17T11:53:12.891928+00:00] main.INFO: Broken reference: the 'header.inner.right' tries to reorder itself towards 'header.inner.left', but their parents are different: 'header' and '' respectively. [] []
[2024-01-17T11:53:12.892381+00:00] main.INFO: Broken reference: the 'header.inner.right' tries to reorder itself towards 'header.inner.left', but their parents are different: 'header' and '' respectively. [] []
[2024-01-17T11:53:12.892397+00:00] main.INFO: Broken reference: the 'notification.messages' tries to reorder itself towards 'user', but their parents are different: 'header.inner.right' and '' respectively. [] []
[2024-01-17T11:53:12.892843+00:00] main.INFO: Broken reference: the 'notification.messages' tries to reorder itself towards 'user', but their parents are different: 'header.inner.right' and '' respectively. [] []
[2024-01-17T11:53:22.878237+00:00] main.INFO: Broken reference: the 'notification.messages' tries to reorder itself towards 'user', but their parents are different: 'header.inner.right' and 'header' respectively. [] []
[2024-01-17T11:53:28.459362+00:00] main.INFO: Broken reference: the 'notification.messages' tries to reorder itself towards 'user', but their parents are different: 'header.inner.right' and 'header' respectively. [] []
[2024-01-17T11:53:43.034855+00:00] main.INFO: Broken reference: the 'notification.messages' tries to reorder itself towards 'user', but their parents are different: 'header.inner.right' and 'header' respectively. [] []
[2024-01-17T11:53:49.509511+00:00] main.INFO: Broken reference: the 'notification.messages' tries to reorder itself towards 'user', but their parents are different: 'header.inner.right' and 'header' respectively. [] []
[2024-01-17T11:54:13.282546+00:00] main.INFO: Broken reference: the 'notification.messages' tries to reorder itself towards 'user', but their parents are different: 'header.inner.right' and 'header' respectively. [] []
[2024-01-17T11:54:13.339835+00:00] main.INFO: Item Magento_Backend::system_currency was removed [] []
[2024-01-17T11:54:13.344123+00:00] main.INFO: Add of item with id Magento_Config::system_config was processed [] []
[2024-01-17T11:54:13.344749+00:00] main.INFO: Add of item with id Magento_AdminNotification::system_adminnotification was processed [] []
[2024-01-17T11:54:13.345423+00:00] main.INFO: Add of item with id Magento_Theme::design_config was processed [] []
[2024-01-17T11:54:13.345896+00:00] main.INFO: Add of item with id Magento_Theme::system_design_theme was processed [] []
[2024-01-17T11:54:13.346346+00:00] main.INFO: Add of item with id Magento_Backend::system_design_schedule was processed [] []
[2024-01-17T11:54:13.346794+00:00] main.INFO: Add of item with id Magento_Backend::system_store was processed [] []
[2024-01-17T11:54:13.347240+00:00] main.INFO: Add of item with id Magento_Backend::dashboard was processed [] []
[2024-01-17T11:54:13.347685+00:00] main.INFO: Add of item with id Magento_Backend::system was processed [] []
[2024-01-17T11:54:13.348154+00:00] main.INFO: Add of item with id Magento_Backend::system_tools was processed [] []
[2024-01-17T11:54:13.348610+00:00] main.INFO: Add of item with id Magento_Backend::system_design was processed [] []
[2024-01-17T11:54:13.349531+00:00] main.INFO: Add of item with id Magento_Backend::system_convert was processed [] []
[2024-01-17T11:54:13.350079+00:00] main.INFO: Add of item with id Magento_Backend::system_cache was processed [] []
[2024-01-17T11:54:13.350634+00:00] main.INFO: Add of item with id Magento_Backend::marketing was processed [] []
[2024-01-17T11:54:13.351115+00:00] main.INFO: Add of item with id Magento_Backend::marketing_communications was processed [] []
[2024-01-17T11:54:13.351584+00:00] main.INFO: Add of item with id Magento_Backend::marketing_seo was processed [] []
[2024-01-17T11:54:13.352040+00:00] main.INFO: Add of item with id Magento_Backend::marketing_user_content was processed [] []
[2024-01-17T11:54:13.352486+00:00] main.INFO: Add of item with id Magento_Backend::content was processed [] []
[2024-01-17T11:54:13.352928+00:00] main.INFO: Add of item with id Magento_Backend::content_elements was processed [] []
[2024-01-17T11:54:13.353373+00:00] main.INFO: Add of item with id Magento_Backend::stores was processed [] []
[2024-01-17T11:54:13.353829+00:00] main.INFO: Add of item with id Magento_Backend::stores_settings was processed [] []
[2024-01-17T11:54:13.354277+00:00] main.INFO: Add of item with id Magento_Backend::stores_attributes was processed [] []
[2024-01-17T11:54:13.354722+00:00] main.INFO: Add of item with id Magento_Backend::other_settings was processed [] []
[2024-01-17T11:54:13.355951+00:00] main.INFO: Add of item with id Magento_Backend::system_other_settings was processed [] []
[2024-01-17T11:54:13.356530+00:00] main.INFO: Add of item with id Magento_User::system_acl was processed [] []
[2024-01-17T11:54:13.357110+00:00] main.INFO: Add of item with id Magento_User::system_acl_users was processed [] []
[2024-01-17T11:54:13.357563+00:00] main.INFO: Add of item with id Magento_User::system_acl_roles was processed [] []
[2024-01-17T11:54:13.358011+00:00] main.INFO: Add of item with id Magento_User::system_acl_locks was processed [] []
[2024-01-17T11:54:13.358454+00:00] main.INFO: Add of item with id Magento_Customer::customer was processed [] []
[2024-01-17T11:54:13.359010+00:00] main.INFO: Add of item with id Magento_Customer::customer_manage was processed [] []
[2024-01-17T11:54:13.359473+00:00] main.INFO: Add of item with id Magento_Customer::customer_online was processed [] []
[2024-01-17T11:54:13.359916+00:00] main.INFO: Add of item with id Magento_Customer::customer_group was processed [] []
[2024-01-17T11:54:13.360360+00:00] main.INFO: Add of item with id Magento_Backup::system_tools_backup was processed [] []
[2024-01-17T11:54:13.360805+00:00] main.INFO: Add of item with id Magento_Indexer::system_index was processed [] []
[2024-01-17T11:54:13.361247+00:00] main.INFO: Add of item with id Magento_Variable::system_variable was processed [] []
[2024-01-17T11:54:13.361701+00:00] main.INFO: Add of item with id Magento_Cms::cms_page was processed [] []
[2024-01-17T11:54:13.362150+00:00] main.INFO: Add of item with id Magento_Cms::cms_block was processed [] []
[2024-01-17T11:54:13.363358+00:00] main.INFO: Add of item with id Magento_Search::search_terms was processed [] []
[2024-01-17T11:54:13.363894+00:00] main.INFO: Add of item with id Magento_Search::search_synonyms was processed [] []
[2024-01-17T11:54:13.364351+00:00] main.INFO: Add of item with id Magento_Catalog::catalog was processed [] []
[2024-01-17T11:54:13.364810+00:00] main.INFO: Add of item with id Magento_Catalog::catalog_products was processed [] []
[2024-01-17T11:54:13.365255+00:00] main.INFO: Add of item with id Magento_Catalog::catalog_categories was processed [] []
[2024-01-17T11:54:13.365734+00:00] main.INFO: Add of item with id Magento_Catalog::catalog_attributes_attributes was processed [] []
[2024-01-17T11:54:13.366189+00:00] main.INFO: Add of item with id Magento_Catalog::catalog_attributes_sets was processed [] []
[2024-01-17T11:54:13.366649+00:00] main.INFO: Add of item with id Magento_Catalog::inventory was processed [] []
[2024-01-17T11:54:13.367094+00:00] main.INFO: Add of item with id Magento_CatalogRule::promo was processed [] []
[2024-01-17T11:54:13.367839+00:00] main.INFO: Add of item with id Magento_CatalogRule::promo_catalog was processed [] []
[2024-01-17T11:54:13.368301+00:00] main.INFO: Add of item with id Magento_MediaGalleryUi::media was processed [] []
[2024-01-17T11:54:13.369226+00:00] main.INFO: Add of item with id Magento_MediaGalleryUi::media_gallery was processed [] []
[2024-01-17T11:54:13.369883+00:00] main.INFO: Add of item with id Magento_Integration::system_extensions was processed [] []
[2024-01-17T11:54:13.370385+00:00] main.INFO: Add of item with id Magento_Integration::system_integrations was processed [] []
[2024-01-17T11:54:13.370883+00:00] main.INFO: Add of item with id Magento_Sales::sales was processed [] []
[2024-01-17T11:54:13.371380+00:00] main.INFO: Add of item with id Magento_Sales::sales_operation was processed [] []
[2024-01-17T11:54:13.372282+00:00] main.INFO: Add of item with id Magento_Sales::sales_order was processed [] []
[2024-01-17T11:54:13.373028+00:00] main.INFO: Add of item with id Magento_Sales::sales_invoice was processed [] []
[2024-01-17T11:54:13.374069+00:00] main.INFO: Add of item with id Magento_Sales::sales_shipment was processed [] []
[2024-01-17T11:54:13.374582+00:00] main.INFO: Add of item with id Magento_Sales::sales_creditmemo was processed [] []
[2024-01-17T11:54:13.375037+00:00] main.INFO: Add of item with id Magento_Sales::sales_transactions was processed [] []
[2024-01-17T11:54:13.375488+00:00] main.INFO: Add of item with id Magento_Sales::system_order_statuses was processed [] []
[2024-01-17T11:54:13.375934+00:00] main.INFO: Add of item with id Magento_Widget::cms_widget_instance was processed [] []
[2024-01-17T11:54:13.377230+00:00] main.INFO: Add of item with id Magento_Analytics::business_intelligence was processed [] []
[2024-01-17T11:54:13.377730+00:00] main.INFO: Add of item with id Magento_Analytics::advanced_reporting was processed [] []
[2024-01-17T11:54:13.378293+00:00] main.INFO: Add of item with id Magento_Analytics::bi_essentials was processed [] []
[2024-01-17T11:54:13.378792+00:00] main.INFO: Add of item with id Magento_Downloadable::report_products_downloads was processed [] []
[2024-01-17T11:54:13.379266+00:00] main.INFO: Add of item with id Magento_ImportExport::system_convert_import was processed [] []
[2024-01-17T11:54:13.379717+00:00] main.INFO: Add of item with id Magento_ImportExport::system_convert_export was processed [] []
[2024-01-17T11:54:13.380161+00:00] main.INFO: Add of item with id Magento_ImportExport::system_convert_history was processed [] []
[2024-01-17T11:54:13.380612+00:00] main.INFO: Add of item with id Magento_Email::template was processed [] []
[2024-01-17T11:54:13.381060+00:00] main.INFO: Add of item with id Magento_EncryptionKey::system_crypt_key was processed [] []
[2024-01-17T11:54:13.381506+00:00] main.INFO: Add of item with id Magento_InventoryAdminUi::inventory was processed [] []
[2024-01-17T11:54:13.381958+00:00] main.INFO: Add of item with id Magento_InventoryAdminUi::source was processed [] []
[2024-01-17T11:54:13.382405+00:00] main.INFO: Add of item with id Magento_InventoryAdminUi::stock was processed [] []
[2024-01-17T11:54:13.382850+00:00] main.INFO: Add of item with id Magento_Reports::report was processed [] []
[2024-01-17T11:54:13.384132+00:00] main.INFO: Add of item with id Magento_Reports::report_marketing was processed [] []
[2024-01-17T11:54:13.384584+00:00] main.INFO: Add of item with id Magento_Reports::report_salesroot was processed [] []
[2024-01-17T11:54:13.385317+00:00] main.INFO: Add of item with id Magento_Reports::report_salesroot_sales was processed [] []
[2024-01-17T11:54:13.385847+00:00] main.INFO: Add of item with id Magento_Reports::report_salesroot_tax was processed [] []
[2024-01-17T11:54:13.386316+00:00] main.INFO: Add of item with id Magento_Reports::report_salesroot_invoiced was processed [] []
[2024-01-17T11:54:13.386766+00:00] main.INFO: Add of item with id Magento_Reports::report_salesroot_shipping was processed [] []
[2024-01-17T11:54:13.387214+00:00] main.INFO: Add of item with id Magento_Reports::report_salesroot_refunded was processed [] []
[2024-01-17T11:54:13.387662+00:00] main.INFO: Add of item with id Magento_Reports::report_salesroot_coupons was processed [] []
[2024-01-17T11:54:13.388122+00:00] main.INFO: Add of item with id Magento_Reports::report_shopcart_product was processed [] []
[2024-01-17T11:54:13.389162+00:00] main.INFO: Add of item with id Magento_Reports::report_shopcart_abandoned was processed [] []
[2024-01-17T11:54:13.390042+00:00] main.INFO: Add of item with id Magento_Reports::report_products was processed [] []
[2024-01-17T11:54:13.390555+00:00] main.INFO: Add of item with id Magento_Reports::report_products_bestsellers was processed [] []
[2024-01-17T11:54:13.391005+00:00] main.INFO: Add of item with id Magento_Reports::report_products_sold was processed [] []
[2024-01-17T11:54:13.391450+00:00] main.INFO: Add of item with id Magento_Reports::report_products_viewed was processed [] []
[2024-01-17T11:54:13.391908+00:00] main.INFO: Add of item with id Magento_Reports::report_products_lowstock was processed [] []
[2024-01-17T11:54:13.392420+00:00] main.INFO: Add of item with id Magento_Reports::report_customers was processed [] []
[2024-01-17T11:54:13.392892+00:00] main.INFO: Add of item with id Magento_Reports::report_customers_accounts was processed [] []
[2024-01-17T11:54:13.393344+00:00] main.INFO: Add of item with id Magento_Reports::report_customers_totals was processed [] []
[2024-01-17T11:54:13.393787+00:00] main.INFO: Add of item with id Magento_Reports::report_customers_orders was processed [] []
[2024-01-17T11:54:13.394231+00:00] main.INFO: Add of item with id Magento_Reports::report_statistics was processed [] []
[2024-01-17T11:54:13.394687+00:00] main.INFO: Add of item with id Magento_Reports::report_statistics_refresh was processed [] []
[2024-01-17T11:54:13.395149+00:00] main.INFO: Add of item with id Magento_Search::report_search_term was processed [] []
[2024-01-17T11:54:13.395595+00:00] main.INFO: Add of item with id Magento_LoginAsCustomerLog::login_log was processed [] []
[2024-01-17T11:54:13.396037+00:00] main.INFO: Add of item with id Magento_Marketplace::partners was processed [] []
[2024-01-17T11:54:13.396483+00:00] main.INFO: Add of item with id Magento_Newsletter::newsletter_template was processed [] []
[2024-01-17T11:54:13.396927+00:00] main.INFO: Add of item with id Magento_Newsletter::newsletter_queue was processed [] []
[2024-01-17T11:54:13.397370+00:00] main.INFO: Add of item with id Magento_Newsletter::newsletter_subscriber was processed [] []
[2024-01-17T11:54:13.397814+00:00] main.INFO: Add of item with id Magento_Newsletter::newsletter_problem was processed [] []
[2024-01-17T11:54:13.398261+00:00] main.INFO: Add of item with id Magento_SalesRule::promo_quote was processed [] []
[2024-01-17T11:54:13.398702+00:00] main.INFO: Add of item with id Magento_Sitemap::catalog_sitemap was processed [] []
[2024-01-17T11:54:13.399225+00:00] main.INFO: Add of item with id Magento_PageBuilder::templates was processed [] []
[2024-01-17T11:54:13.399677+00:00] main.INFO: Add of item with id Magento_Paypal::report_salesroot_paypal_settlement_reports was processed [] []
[2024-01-17T11:54:13.400127+00:00] main.INFO: Add of item with id Magento_Paypal::paypal_billing_agreement was processed [] []
[2024-01-17T11:54:13.400681+00:00] main.INFO: Add of item with id Magento_CheckoutAgreements::sales_checkoutagreement was processed [] []
[2024-01-17T11:54:13.401141+00:00] main.INFO: Add of item with id Magento_Review::catalog_reviews_ratings_ratings was processed [] []
[2024-01-17T11:54:13.401609+00:00] main.INFO: Add of item with id Magento_Review::catalog_reviews_ratings_pending was processed [] []
[2024-01-17T11:54:13.402059+00:00] main.INFO: Add of item with id Magento_Review::catalog_reviews_ratings_reviews_all was processed [] []
[2024-01-17T11:54:13.402515+00:00] main.INFO: Add of item with id Magento_Review::report_review was processed [] []
[2024-01-17T11:54:13.403025+00:00] main.INFO: Add of item with id Magento_Review::report_review_customer was processed [] []
[2024-01-17T11:54:13.403484+00:00] main.INFO: Add of item with id Magento_Review::report_review_product was processed [] []
[2024-01-17T11:54:13.403931+00:00] main.INFO: Add of item with id Magento_UrlRewrite::urlrewrite was processed [] []
[2024-01-17T11:54:13.404375+00:00] main.INFO: Add of item with id Magento_Tax::sales_tax was processed [] []
[2024-01-17T11:54:13.404848+00:00] main.INFO: Add of item with id Magento_Tax::sales_tax_rules was processed [] []
[2024-01-17T11:54:13.405548+00:00] main.INFO: Add of item with id Magento_Tax::sales_tax_rates was processed [] []
[2024-01-17T11:54:13.406627+00:00] main.INFO: Add of item with id Magento_TaxImportExport::system_convert_tax was processed [] []
[2024-01-17T11:54:13.407110+00:00] main.INFO: Add of item with id Magento_AsynchronousOperations::system_magento_logging was processed [] []
[2024-01-17T11:54:13.407598+00:00] main.INFO: Add of item with id Magento_AsynchronousOperations::system_magento_logging_bulk_operations was processed [] []
[2024-01-17T11:54:13.408065+00:00] main.INFO: Add of item with id Magento_CurrencySymbol::system_currency was processed [] []
[2024-01-17T11:54:13.408525+00:00] main.INFO: Add of item with id Magento_CurrencySymbol::system_currency_rates was processed [] []
[2024-01-17T11:54:13.408990+00:00] main.INFO: Add of item with id Magento_CurrencySymbol::system_currency_symbols was processed [] []
[2024-01-17T11:54:13.409440+00:00] main.INFO: Add of item with id PayPal_Braintree::settlement_report was processed [] []
[2024-01-17T11:54:13.409885+00:00] main.INFO: Add of item with id PayPal_Braintree::virtual_terminal was processed [] []
[2024-01-17T11:54:22.646282+00:00] main.INFO: Broken reference: the 'notification.messages' tries to reorder itself towards 'user', but their parents are different: 'header.inner.right' and 'header' respectively. [] []
[2024-01-17T11:54:41.703362+00:00] main.INFO: Broken reference: the 'notification.messages' tries to reorder itself towards 'user', but their parents are different: 'header.inner.right' and 'header' respectively. [] []
[2024-01-17T11:54:41.738824+00:00] main.INFO: Item Magento_Backend::system_currency was removed [] []
[2024-01-17T11:54:41.743280+00:00] main.INFO: Add of item with id Magento_Config::system_config was processed [] []
[2024-01-17T11:54:41.743822+00:00] main.INFO: Add of item with id Magento_AdminNotification::system_adminnotification was processed [] []
[2024-01-17T11:54:41.744292+00:00] main.INFO: Add of item with id Magento_Theme::design_config was processed [] []
[2024-01-17T11:54:41.744882+00:00] main.INFO: Add of item with id Magento_Theme::system_design_theme was processed [] []
[2024-01-17T11:54:41.745379+00:00] main.INFO: Add of item with id Magento_Backend::system_design_schedule was processed [] []
[2024-01-17T11:54:41.745833+00:00] main.INFO: Add of item with id Magento_Backend::system_store was processed [] []
[2024-01-17T11:54:41.746280+00:00] main.INFO: Add of item with id Magento_Backend::dashboard was processed [] []
[2024-01-17T11:54:41.746725+00:00] main.INFO: Add of item with id Magento_Backend::system was processed [] []
[2024-01-17T11:54:41.747216+00:00] main.INFO: Add of item with id Magento_Backend::system_tools was processed [] []
[2024-01-17T11:54:41.747705+00:00] main.INFO: Add of item with id Magento_Backend::system_design was processed [] []
[2024-01-17T11:54:41.748200+00:00] main.INFO: Add of item with id Magento_Backend::system_convert was processed [] []
[2024-01-17T11:54:41.748655+00:00] main.INFO: Add of item with id Magento_Backend::system_cache was processed [] []
[2024-01-17T11:54:41.749178+00:00] main.INFO: Add of item with id Magento_Backend::marketing was processed [] []
[2024-01-17T11:54:41.749641+00:00] main.INFO: Add of item with id Magento_Backend::marketing_communications was processed [] []
[2024-01-17T11:54:41.750090+00:00] main.INFO: Add of item with id Magento_Backend::marketing_seo was processed [] []
[2024-01-17T11:54:41.750534+00:00] main.INFO: Add of item with id Magento_Backend::marketing_user_content was processed [] []
[2024-01-17T11:54:41.750978+00:00] main.INFO: Add of item with id Magento_Backend::content was processed [] []
[2024-01-17T11:54:41.751441+00:00] main.INFO: Add of item with id Magento_Backend::content_elements was processed [] []
[2024-01-17T11:54:41.751896+00:00] main.INFO: Add of item with id Magento_Backend::stores was processed [] []
[2024-01-17T11:54:41.752358+00:00] main.INFO: Add of item with id Magento_Backend::stores_settings was processed [] []
[2024-01-17T11:54:41.752805+00:00] main.INFO: Add of item with id Magento_Backend::stores_attributes was processed [] []
[2024-01-17T11:54:41.753246+00:00] main.INFO: Add of item with id Magento_Backend::other_settings was processed [] []
[2024-01-17T11:54:41.754112+00:00] main.INFO: Add of item with id Magento_Backend::system_other_settings was processed [] []
[2024-01-17T11:54:41.754657+00:00] main.INFO: Add of item with id Magento_User::system_acl was processed [] []
[2024-01-17T11:54:41.755941+00:00] main.INFO: Add of item with id Magento_User::system_acl_users was processed [] []
[2024-01-17T11:54:41.756895+00:00] main.INFO: Add of item with id Magento_User::system_acl_roles was processed [] []
[2024-01-17T11:54:41.757561+00:00] main.INFO: Add of item with id Magento_User::system_acl_locks was processed [] []
[2024-01-17T11:54:41.758201+00:00] main.INFO: Add of item with id Magento_Customer::customer was processed [] []
[2024-01-17T11:54:41.758698+00:00] main.INFO: Add of item with id Magento_Customer::customer_manage was processed [] []
[2024-01-17T11:54:41.759241+00:00] main.INFO: Add of item with id Magento_Customer::customer_online was processed [] []
[2024-01-17T11:54:41.759697+00:00] main.INFO: Add of item with id Magento_Customer::customer_group was processed [] []
[2024-01-17T11:54:41.760145+00:00] main.INFO: Add of item with id Magento_Backup::system_tools_backup was processed [] []
[2024-01-17T11:54:41.760592+00:00] main.INFO: Add of item with id Magento_Indexer::system_index was processed [] []
[2024-01-17T11:54:41.761038+00:00] main.INFO: Add of item with id Magento_Variable::system_variable was processed [] []
[2024-01-17T11:54:41.761500+00:00] main.INFO: Add of item with id Magento_Cms::cms_page was processed [] []
[2024-01-17T11:54:41.761956+00:00] main.INFO: Add of item with id Magento_Cms::cms_block was processed [] []
[2024-01-17T11:54:41.762449+00:00] main.INFO: Add of item with id Magento_Search::search_terms was processed [] []
[2024-01-17T11:54:41.762941+00:00] main.INFO: Add of item with id Magento_Search::search_synonyms was processed [] []
[2024-01-17T11:54:41.763401+00:00] main.INFO: Add of item with id Magento_Catalog::catalog was processed [] []
[2024-01-17T11:54:41.763972+00:00] main.INFO: Add of item with id Magento_Catalog::catalog_products was processed [] []
[2024-01-17T11:54:41.764428+00:00] main.INFO: Add of item with id Magento_Catalog::catalog_categories was processed [] []
[2024-01-17T11:54:41.764883+00:00] main.INFO: Add of item with id Magento_Catalog::catalog_attributes_attributes was processed [] []
[2024-01-17T11:54:41.765331+00:00] main.INFO: Add of item with id Magento_Catalog::catalog_attributes_sets was processed [] []
[2024-01-17T11:54:41.765787+00:00] main.INFO: Add of item with id Magento_Catalog::inventory was processed [] []
[2024-01-17T11:54:41.766235+00:00] main.INFO: Add of item with id Magento_CatalogRule::promo was processed [] []
[2024-01-17T11:54:41.766699+00:00] main.INFO: Add of item with id Magento_CatalogRule::promo_catalog was processed [] []
[2024-01-17T11:54:41.767147+00:00] main.INFO: Add of item with id Magento_MediaGalleryUi::media was processed [] []
[2024-01-17T11:54:41.767602+00:00] main.INFO: Add of item with id Magento_MediaGalleryUi::media_gallery was processed [] []
[2024-01-17T11:54:41.768050+00:00] main.INFO: Add of item with id Magento_Integration::system_extensions was processed [] []
[2024-01-17T11:54:41.768503+00:00] main.INFO: Add of item with id Magento_Integration::system_integrations was processed [] []
[2024-01-17T11:54:41.768982+00:00] main.INFO: Add of item with id Magento_Sales::sales was processed [] []
[2024-01-17T11:54:41.769517+00:00] main.INFO: Add of item with id Magento_Sales::sales_operation was processed [] []
[2024-01-17T11:54:41.770122+00:00] main.INFO: Add of item with id Magento_Sales::sales_order was processed [] []
[2024-01-17T11:54:41.770577+00:00] main.INFO: Add of item with id Magento_Sales::sales_invoice was processed [] []
[2024-01-17T11:54:41.771031+00:00] main.INFO: Add of item with id Magento_Sales::sales_shipment was processed [] []
[2024-01-17T11:54:41.771474+00:00] main.INFO: Add of item with id Magento_Sales::sales_creditmemo was processed [] []
[2024-01-17T11:54:41.772302+00:00] main.INFO: Add of item with id Magento_Sales::sales_transactions was processed [] []
[2024-01-17T11:54:41.773092+00:00] main.INFO: Add of item with id Magento_Sales::system_order_statuses was processed [] []
[2024-01-17T11:54:41.773729+00:00] main.INFO: Add of item with id Magento_Widget::cms_widget_instance was processed [] []
[2024-01-17T11:54:41.774253+00:00] main.INFO: Add of item with id Magento_Analytics::business_intelligence was processed [] []
[2024-01-17T11:54:41.774818+00:00] main.INFO: Add of item with id Magento_Analytics::advanced_reporting was processed [] []
[2024-01-17T11:54:41.775286+00:00] main.INFO: Add of item with id Magento_Analytics::bi_essentials was processed [] []
[2024-01-17T11:54:41.775749+00:00] main.INFO: Add of item with id Magento_Downloadable::report_products_downloads was processed [] []
[2024-01-17T11:54:41.776288+00:00] main.INFO: Add of item with id Magento_ImportExport::system_convert_import was processed [] []
[2024-01-17T11:54:41.776745+00:00] main.INFO: Add of item with id Magento_ImportExport::system_convert_export was processed [] []
[2024-01-17T11:54:41.777194+00:00] main.INFO: Add of item with id Magento_ImportExport::system_convert_history was processed [] []
[2024-01-17T11:54:41.777653+00:00] main.INFO: Add of item with id Magento_Email::template was processed [] []
[2024-01-17T11:54:41.778110+00:00] main.INFO: Add of item with id Magento_EncryptionKey::system_crypt_key was processed [] []
[2024-01-17T11:54:41.778556+00:00] main.INFO: Add of item with id Magento_InventoryAdminUi::inventory was processed [] []
[2024-01-17T11:54:41.779138+00:00] main.INFO: Add of item with id Magento_InventoryAdminUi::source was processed [] []
[2024-01-17T11:54:41.779603+00:00] main.INFO: Add of item with id Magento_InventoryAdminUi::stock was processed [] []
[2024-01-17T11:54:41.780048+00:00] main.INFO: Add of item with id Magento_Reports::report was processed [] []
[2024-01-17T11:54:41.780496+00:00] main.INFO: Add of item with id Magento_Reports::report_marketing was processed [] []
[2024-01-17T11:54:41.780943+00:00] main.INFO: Add of item with id Magento_Reports::report_salesroot was processed [] []
[2024-01-17T11:54:41.781426+00:00] main.INFO: Add of item with id Magento_Reports::report_salesroot_sales was processed [] []
[2024-01-17T11:54:41.781941+00:00] main.INFO: Add of item with id Magento_Reports::report_salesroot_tax was processed [] []
[2024-01-17T11:54:41.782395+00:00] main.INFO: Add of item with id Magento_Reports::report_salesroot_invoiced was processed [] []
[2024-01-17T11:54:41.782842+00:00] main.INFO: Add of item with id Magento_Reports::report_salesroot_shipping was processed [] []
[2024-01-17T11:54:41.783484+00:00] main.INFO: Add of item with id Magento_Reports::report_salesroot_refunded was processed [] []
[2024-01-17T11:54:41.783929+00:00] main.INFO: Add of item with id Magento_Reports::report_salesroot_coupons was processed [] []
[2024-01-17T11:54:41.784386+00:00] main.INFO: Add of item with id Magento_Reports::report_shopcart_product was processed [] []
[2024-01-17T11:54:41.784834+00:00] main.INFO: Add of item with id Magento_Reports::report_shopcart_abandoned was processed [] []
[2024-01-17T11:54:41.785280+00:00] main.INFO: Add of item with id Magento_Reports::report_products was processed [] []
[2024-01-17T11:54:41.785726+00:00] main.INFO: Add of item with id Magento_Reports::report_products_bestsellers was processed [] []
[2024-01-17T11:54:41.786269+00:00] main.INFO: Add of item with id Magento_Reports::report_products_sold was processed [] []
[2024-01-17T11:54:41.786728+00:00] main.INFO: Add of item with id Magento_Reports::report_products_viewed was processed [] []
[2024-01-17T11:54:41.787175+00:00] main.INFO: Add of item with id Magento_Reports::report_products_lowstock was processed [] []
[2024-01-17T11:54:41.787630+00:00] main.INFO: Add of item with id Magento_Reports::report_customers was processed [] []
[2024-01-17T11:54:41.788089+00:00] main.INFO: Add of item with id Magento_Reports::report_customers_accounts was processed [] []
[2024-01-17T11:54:41.788536+00:00] main.INFO: Add of item with id Magento_Reports::report_customers_totals was processed [] []
[2024-01-17T11:54:41.789133+00:00] main.INFO: Add of item with id Magento_Reports::report_customers_orders was processed [] []
[2024-01-17T11:54:41.790485+00:00] main.INFO: Add of item with id Magento_Reports::report_statistics was processed [] []
[2024-01-17T11:54:41.791099+00:00] main.INFO: Add of item with id Magento_Reports::report_statistics_refresh was processed [] []
[2024-01-17T11:54:41.791772+00:00] main.INFO: Add of item with id Magento_Search::report_search_term was processed [] []
[2024-01-17T11:54:41.792287+00:00] main.INFO: Add of item with id Magento_LoginAsCustomerLog::login_log was processed [] []
[2024-01-17T11:54:41.792756+00:00] main.INFO: Add of item with id Magento_Marketplace::partners was processed [] []
[2024-01-17T11:54:41.793221+00:00] main.INFO: Add of item with id Magento_Newsletter::newsletter_template was processed [] []
[2024-01-17T11:54:41.793681+00:00] main.INFO: Add of item with id Magento_Newsletter::newsletter_queue was processed [] []
[2024-01-17T11:54:41.794203+00:00] main.INFO: Add of item with id Magento_Newsletter::newsletter_subscriber was processed [] []
[2024-01-17T11:54:41.794681+00:00] main.INFO: Add of item with id Magento_Newsletter::newsletter_problem was processed [] []
[2024-01-17T11:54:41.795134+00:00] main.INFO: Add of item with id Magento_SalesRule::promo_quote was processed [] []
[2024-01-17T11:54:41.795583+00:00] main.INFO: Add of item with id Magento_Sitemap::catalog_sitemap was processed [] []
[2024-01-17T11:54:41.796030+00:00] main.INFO: Add of item with id Magento_PageBuilder::templates was processed [] []
[2024-01-17T11:54:41.796483+00:00] main.INFO: Add of item with id Magento_Paypal::report_salesroot_paypal_settlement_reports was processed [] []
[2024-01-17T11:54:41.796930+00:00] main.INFO: Add of item with id Magento_Paypal::paypal_billing_agreement was processed [] []
[2024-01-17T11:54:41.797394+00:00] main.INFO: Add of item with id Magento_CheckoutAgreements::sales_checkoutagreement was processed [] []
[2024-01-17T11:54:41.797869+00:00] main.INFO: Add of item with id Magento_Review::catalog_reviews_ratings_ratings was processed [] []
[2024-01-17T11:54:41.798335+00:00] main.INFO: Add of item with id Magento_Review::catalog_reviews_ratings_pending was processed [] []
[2024-01-17T11:54:41.798809+00:00] main.INFO: Add of item with id Magento_Review::catalog_reviews_ratings_reviews_all was processed [] []
[2024-01-17T11:54:41.799281+00:00] main.INFO: Add of item with id Magento_Review::report_review was processed [] []
[2024-01-17T11:54:41.799751+00:00] main.INFO: Add of item with id Magento_Review::report_review_customer was processed [] []
[2024-01-17T11:54:41.800212+00:00] main.INFO: Add of item with id Magento_Review::report_review_product was processed [] []
[2024-01-17T11:54:41.800659+00:00] main.INFO: Add of item with id Magento_UrlRewrite::urlrewrite was processed [] []
[2024-01-17T11:54:41.801102+00:00] main.INFO: Add of item with id Magento_Tax::sales_tax was processed [] []
[2024-01-17T11:54:41.801557+00:00] main.INFO: Add of item with id Magento_Tax::sales_tax_rules was processed [] []
[2024-01-17T11:54:41.802010+00:00] main.INFO: Add of item with id Magento_Tax::sales_tax_rates was processed [] []
[2024-01-17T11:54:41.802456+00:00] main.INFO: Add of item with id Magento_TaxImportExport::system_convert_tax was processed [] []
[2024-01-17T11:54:41.802901+00:00] main.INFO: Add of item with id Magento_AsynchronousOperations::system_magento_logging was processed [] []
[2024-01-17T11:54:41.803354+00:00] main.INFO: Add of item with id Magento_AsynchronousOperations::system_magento_logging_bulk_operations was processed [] []
[2024-01-17T11:54:41.803809+00:00] main.INFO: Add of item with id Magento_CurrencySymbol::system_currency was processed [] []
[2024-01-17T11:54:41.804376+00:00] main.INFO: Add of item with id Magento_CurrencySymbol::system_currency_rates was processed [] []
[2024-01-17T11:54:41.804842+00:00] main.INFO: Add of item with id Magento_CurrencySymbol::system_currency_symbols was processed [] []
[2024-01-17T11:54:41.805577+00:00] main.INFO: Add of item with id PayPal_Braintree::settlement_report was processed [] []
[2024-01-17T11:54:41.806061+00:00] main.INFO: Add of item with id PayPal_Braintree::virtual_terminal was processed [] []
[2024-01-17T11:54:55.800758+00:00] main.INFO: Broken reference: the 'notification.messages' tries to reorder itself towards 'user', but their parents are different: 'header.inner.right' and 'header' respectively. [] []
[2024-01-17T11:55:24.052318+00:00] main.INFO: Broken reference: the 'notification.messages' tries to reorder itself towards 'user', but their parents are different: 'header.inner.right' and 'header' respectively. [] []
[2024-01-17T11:58:46.245924+00:00] main.INFO: Broken reference: the 'notification.messages' tries to reorder itself towards 'user', but their parents are different: 'header.inner.right' and 'header' respectively. [] []
[2024-01-17T12:01:03.350092+00:00] main.INFO: Broken reference: the 'notification.messages' tries to reorder itself towards 'user', but their parents are different: 'header.inner.right' and 'header' respectively. [] []
[2024-01-17T12:01:19.577665+00:00] main.INFO: Broken reference: the 'notification.messages' tries to reorder itself towards 'user', but their parents are different: 'header.inner.right' and 'header' respectively. [] []
[2024-01-17T12:03:00.897194+00:00] main.INFO: Broken reference: the 'notification.messages' tries to reorder itself towards 'user', but their parents are different: 'header.inner.right' and 'header' respectively. [] []
[2024-01-17T12:03:37.601064+00:00] main.INFO: Broken reference: the 'notification.messages' tries to reorder itself towards 'user', but their parents are different: 'header.inner.right' and 'header' respectively. [] []
[2024-02-01T13:21:47.071925+00:00] main.INFO: Broken reference: the 'catalog.compare.sidebar' element cannot be added as child to 'sidebar.additional', because the latter doesn't exist [] []
[2024-02-01T13:21:47.074632+00:00] main.INFO: Broken reference: the 'sale.reorder.sidebar' element cannot be added as child to 'sidebar.additional', because the latter doesn't exist [] []
[2024-02-01T13:21:47.075344+00:00] main.INFO: Broken reference: the 'wishlist_sidebar' element cannot be added as child to 'sidebar.additional', because the latter doesn't exist [] []
[2024-02-01T13:21:47.075862+00:00] main.INFO: Broken reference: the 'paypal.partner.right.logo' element cannot be added as child to 'sidebar.additional', because the latter doesn't exist [] []
[2024-02-01T13:21:47.076323+00:00] main.INFO: Broken reference: the 'bml.right.logo' element cannot be added as child to 'sidebar.additional', because the latter doesn't exist [] []
[2024-02-01T13:21:47.076772+00:00] main.INFO: Broken reference: the 'sidebar.container.paylater' element cannot be added as child to 'sidebar.additional', because the latter doesn't exist [] []
[2024-02-01T13:27:11.956423+00:00] main.INFO: Broken reference: the 'tracking' element cannot be added as child to 'header', because the latter doesn't exist [] []
[2024-02-01T13:27:11.957335+00:00] main.INFO: Broken reference: the 'notification_area' element cannot be added as child to 'notifications', because the latter doesn't exist [] []
[2024-02-01T13:27:11.958134+00:00] main.INFO: Broken reference: the 'unread_system_messages' element cannot be added as child to 'notifications', because the latter doesn't exist [] []
[2024-02-01T13:27:11.959137+00:00] main.INFO: Broken reference: the 'notification_window' element cannot be added as child to 'notifications', because the latter doesn't exist [] []
[2024-02-01T13:27:11.960133+00:00] main.INFO: Broken reference: the 'notification.messages' element cannot be added as child to 'header', because the latter doesn't exist [] []
[2024-02-01T13:27:11.961187+00:00] main.INFO: Broken reference: the 'global_notices' element cannot be added as child to 'global.notices', because the latter doesn't exist [] []
[2024-02-01T13:27:11.962170+00:00] main.INFO: Broken reference: the 'logo' element cannot be added as child to 'header', because the latter doesn't exist [] []
[2024-02-01T13:27:11.963172+00:00] main.INFO: Broken reference: the 'global.search' element cannot be added as child to 'header', because the latter doesn't exist [] []
[2024-02-01T13:27:11.964200+00:00] main.INFO: Broken reference: the 'user' element cannot be added as child to 'header', because the latter doesn't exist [] []
[2024-02-01T13:27:11.965238+00:00] main.INFO: Broken reference: the 'menu' element cannot be added as child to 'page.menu', because the latter doesn't exist [] []
[2024-02-01T13:27:11.965924+00:00] main.INFO: Broken reference: the 'breadcrumbs' element cannot be added as child to 'page.breadcrumbs', because the latter doesn't exist [] []
[2024-02-01T13:27:11.966914+00:00] main.INFO: Broken reference: the 'formkey' element cannot be added as child to 'page.formkey', because the latter doesn't exist [] []
[2024-02-01T13:27:11.967965+00:00] main.INFO: Broken reference: the 'page.title' element cannot be added as child to 'main.top', because the latter doesn't exist [] []
[2024-02-01T13:27:11.970605+00:00] main.INFO: Broken reference: the 'messages' element cannot be added as child to 'page.messages', because the latter doesn't exist [] []
[2024-02-01T13:27:11.972088+00:00] main.INFO: Broken reference: the 'page.actions.toolbar' element cannot be added as child to 'page.main.actions', because the latter doesn't exist [] []
[2024-02-01T13:27:11.973385+00:00] main.INFO: Broken reference: the 'legal' element cannot be added as child to 'footer', because the latter doesn't exist [] []
[2024-02-01T13:27:11.974590+00:00] main.INFO: Broken reference: the 'header.inner.left' element cannot be added as child to 'header', because the latter doesn't exist [] []
[2024-02-01T13:27:11.975567+00:00] main.INFO: Broken reference: the 'header.inner.right' element cannot be added as child to 'header', because the latter doesn't exist [] []
[2024-02-01T13:27:11.976685+00:00] main.INFO: Broken reference: the 'user' tries to reorder itself towards '', but their parents are different: 'header' and '' respectively. [] []
[2024-02-01T13:27:11.977566+00:00] main.INFO: Broken reference: the 'notification.messages' tries to reorder itself towards 'user', but their parents are different: 'header' and '' respectively. [] []
[2024-02-01T13:27:11.979019+00:00] main.INFO: Broken reference: the 'logo' tries to reorder itself towards '', but their parents are different: 'header' and '' respectively. [] []
[2024-02-01T13:27:11.980348+00:00] main.INFO: Broken reference: the 'global.search' tries to reorder itself towards 'logo', but their parents are different: 'header' and '' respectively. [] []
[2024-02-01T13:27:11.981099+00:00] main.INFO: Broken reference: the 'page.actions.toolbar' tries to reorder itself towards '', but their parents are different: 'page.main.actions' and '' respectively. [] []
[2024-02-01T13:27:11.981776+00:00] main.INFO: Broken reference: the 'header.inner.left' tries to reorder itself towards '', but their parents are different: 'header' and '' respectively. [] []
[2024-02-01T13:27:11.982790+00:00] main.INFO: Broken reference: the 'header.inner.right' tries to reorder itself towards 'header.inner.left', but their parents are different: 'header' and '' respectively. [] []
[2024-02-01T13:27:11.983585+00:00] main.INFO: Broken reference: the 'notification.messages' tries to reorder itself towards 'user', but their parents are different: 'header.inner.right' and '' respectively. [] []
[2024-02-01T13:27:28.058822+00:00] main.INFO: Broken reference: the 'notification.messages' tries to reorder itself towards 'user', but their parents are different: 'header.inner.right' and 'header' respectively. [] []
[2024-02-01T14:01:22.865952+00:00] main.ERROR: Warning: Undefined property: Dcw\BestSellerSort\Controller\Index\Index\Interceptor::$orderCollectionFactory in /var/www/html/magento2/app/code/Dcw/BestSellerSort/Controller/Index/Index.php on line 20 [] []
[2024-02-01T14:01:54.526499+00:00] main.ERROR: Warning: Undefined property: Dcw\BestSellerSort\Controller\Index\Index\Interceptor::$orderCollectionFactory in /var/www/html/magento2/app/code/Dcw/BestSellerSort/Controller/Index/Index.php on line 20 [] []
[2024-02-01T14:01:58.306185+00:00] main.ERROR: Warning: Undefined property: Dcw\BestSellerSort\Controller\Index\Index\Interceptor::$orderCollectionFactory in /var/www/html/magento2/app/code/Dcw/BestSellerSort/Controller/Index/Index.php on line 20 [] []
[2024-02-01T14:18:29.161823+00:00] main.ERROR: Warning: Undefined variable $attributeSet in /var/www/html/magento2/app/code/Dcw/BestSellerSort/Controller/Index/Index.php on line 20 [] []
[2024-02-01T14:22:27.886761+00:00] main.ERROR: Warning: Undefined variable $attributeSet in /var/www/html/magento2/app/code/Dcw/BestSellerSort/Controller/Index/Index.php on line 32 [] []
[2024-02-01T14:25:04.319011+00:00] main.INFO: Broken reference: the 'tracking' element cannot be added as child to 'header', because the latter doesn't exist [] []
[2024-02-01T14:25:04.319911+00:00] main.INFO: Broken reference: the 'notification_area' element cannot be added as child to 'notifications', because the latter doesn't exist [] []
[2024-02-01T14:25:04.320604+00:00] main.INFO: Broken reference: the 'unread_system_messages' element cannot be added as child to 'notifications', because the latter doesn't exist [] []
[2024-02-01T14:25:04.321311+00:00] main.INFO: Broken reference: the 'notification_window' element cannot be added as child to 'notifications', because the latter doesn't exist [] []
[2024-02-01T14:25:04.321935+00:00] main.INFO: Broken reference: the 'notification.messages' element cannot be added as child to 'header', because the latter doesn't exist [] []
[2024-02-01T14:25:04.322577+00:00] main.INFO: Broken reference: the 'global_notices' element cannot be added as child to 'global.notices', because the latter doesn't exist [] []
[2024-02-01T14:25:04.323198+00:00] main.INFO: Broken reference: the 'logo' element cannot be added as child to 'header', because the latter doesn't exist [] []
[2024-02-01T14:25:04.323823+00:00] main.INFO: Broken reference: the 'global.search' element cannot be added as child to 'header', because the latter doesn't exist [] []
[2024-02-01T14:25:04.324485+00:00] main.INFO: Broken reference: the 'user' element cannot be added as child to 'header', because the latter doesn't exist [] []
[2024-02-01T14:25:04.325106+00:00] main.INFO: Broken reference: the 'menu' element cannot be added as child to 'page.menu', because the latter doesn't exist [] []
[2024-02-01T14:25:04.325725+00:00] main.INFO: Broken reference: the 'breadcrumbs' element cannot be added as child to 'page.breadcrumbs', because the latter doesn't exist [] []
[2024-02-01T14:25:04.326377+00:00] main.INFO: Broken reference: the 'formkey' element cannot be added as child to 'page.formkey', because the latter doesn't exist [] []
[2024-02-01T14:25:04.326999+00:00] main.INFO: Broken reference: the 'page.title' element cannot be added as child to 'main.top', because the latter doesn't exist [] []
[2024-02-01T14:25:04.327612+00:00] main.INFO: Broken reference: the 'messages' element cannot be added as child to 'page.messages', because the latter doesn't exist [] []
[2024-02-01T14:25:04.328229+00:00] main.INFO: Broken reference: the 'page.actions.toolbar' element cannot be added as child to 'page.main.actions', because the latter doesn't exist [] []
[2024-02-01T14:25:04.328845+00:00] main.INFO: Broken reference: the 'legal' element cannot be added as child to 'footer', because the latter doesn't exist [] []
[2024-02-01T14:25:04.329572+00:00] main.INFO: Broken reference: the 'header.inner.left' element cannot be added as child to 'header', because the latter doesn't exist [] []
[2024-02-01T14:25:04.330208+00:00] main.INFO: Broken reference: the 'header.inner.right' element cannot be added as child to 'header', because the latter doesn't exist [] []
[2024-02-01T14:25:04.330963+00:00] main.INFO: Broken reference: the 'user' tries to reorder itself towards '', but their parents are different: 'header' and '' respectively. [] []
[2024-02-01T14:25:04.332091+00:00] main.INFO: Broken reference: the 'notification.messages' tries to reorder itself towards 'user', but their parents are different: 'header' and '' respectively. [] []
[2024-02-01T14:25:04.332788+00:00] main.INFO: Broken reference: the 'logo' tries to reorder itself towards '', but their parents are different: 'header' and '' respectively. [] []
[2024-02-01T14:25:04.333420+00:00] main.INFO: Broken reference: the 'global.search' tries to reorder itself towards 'logo', but their parents are different: 'header' and '' respectively. [] []
[2024-02-01T14:25:04.334058+00:00] main.INFO: Broken reference: the 'page.actions.toolbar' tries to reorder itself towards '', but their parents are different: 'page.main.actions' and '' respectively. [] []
[2024-02-01T14:25:04.334732+00:00] main.INFO: Broken reference: the 'header.inner.left' tries to reorder itself towards '', but their parents are different: 'header' and '' respectively. [] []
[2024-02-01T14:25:04.335361+00:00] main.INFO: Broken reference: the 'header.inner.right' tries to reorder itself towards 'header.inner.left', but their parents are different: 'header' and '' respectively. [] []
[2024-02-01T14:25:04.335994+00:00] main.INFO: Broken reference: the 'notification.messages' tries to reorder itself towards 'user', but their parents are different: 'header.inner.right' and '' respectively. [] []
[2024-02-01T14:25:21.029829+00:00] main.INFO: Item Magento_Backend::system_currency was removed [] []
[2024-02-01T14:25:21.040171+00:00] main.INFO: Add of item with id Magento_Config::system_config was processed [] []
[2024-02-01T14:25:21.040955+00:00] main.INFO: Add of item with id Magento_AdminNotification::system_adminnotification was processed [] []
[2024-02-01T14:25:21.041606+00:00] main.INFO: Add of item with id Magento_Theme::design_config was processed [] []
[2024-02-01T14:25:21.042230+00:00] main.INFO: Add of item with id Magento_Theme::system_design_theme was processed [] []
[2024-02-01T14:25:21.042846+00:00] main.INFO: Add of item with id Magento_Backend::system_design_schedule was processed [] []
[2024-02-01T14:25:21.043503+00:00] main.INFO: Add of item with id Magento_Backend::system_store was processed [] []
[2024-02-01T14:25:21.044178+00:00] main.INFO: Add of item with id Magento_Backend::dashboard was processed [] []
[2024-02-01T14:25:21.044800+00:00] main.INFO: Add of item with id Magento_Backend::system was processed [] []
[2024-02-01T14:25:21.045445+00:00] main.INFO: Add of item with id Magento_Backend::system_tools was processed [] []
[2024-02-01T14:25:21.046074+00:00] main.INFO: Add of item with id Magento_Backend::system_design was processed [] []
[2024-02-01T14:25:21.046686+00:00] main.INFO: Add of item with id Magento_Backend::system_convert was processed [] []
[2024-02-01T14:25:21.047308+00:00] main.INFO: Add of item with id Magento_Backend::system_cache was processed [] []
[2024-02-01T14:25:21.047920+00:00] main.INFO: Add of item with id Magento_Backend::marketing was processed [] []
[2024-02-01T14:25:21.048626+00:00] main.INFO: Add of item with id Magento_Backend::marketing_communications was processed [] []
[2024-02-01T14:25:21.049548+00:00] main.INFO: Add of item with id Magento_Backend::marketing_seo was processed [] []
[2024-02-01T14:25:21.054724+00:00] main.INFO: Add of item with id Magento_Backend::marketing_user_content was processed [] []
[2024-02-01T14:25:21.055972+00:00] main.INFO: Add of item with id Magento_Backend::content was processed [] []
[2024-02-01T14:25:21.057662+00:00] main.INFO: Add of item with id Magento_Backend::content_elements was processed [] []
[2024-02-01T14:25:21.058427+00:00] main.INFO: Add of item with id Magento_Backend::stores was processed [] []
[2024-02-01T14:25:21.059144+00:00] main.INFO: Add of item with id Magento_Backend::stores_settings was processed [] []
[2024-02-01T14:25:21.059872+00:00] main.INFO: Add of item with id Magento_Backend::stores_attributes was processed [] []
[2024-02-01T14:25:21.060547+00:00] main.INFO: Add of item with id Magento_Backend::other_settings was processed [] []
[2024-02-01T14:25:21.061216+00:00] main.INFO: Add of item with id Magento_Backend::system_other_settings was processed [] []
[2024-02-01T14:25:21.061850+00:00] main.INFO: Add of item with id Magento_User::system_acl was processed [] []
[2024-02-01T14:25:21.062491+00:00] main.INFO: Add of item with id Magento_User::system_acl_users was processed [] []
[2024-02-01T14:25:21.063111+00:00] main.INFO: Add of item with id Magento_User::system_acl_roles was processed [] []
[2024-02-01T14:25:21.063727+00:00] main.INFO: Add of item with id Magento_User::system_acl_locks was processed [] []
[2024-02-01T14:25:21.064425+00:00] main.INFO: Add of item with id Magento_Customer::customer was processed [] []
[2024-02-01T14:25:21.065061+00:00] main.INFO: Add of item with id Magento_Customer::customer_manage was processed [] []
[2024-02-01T14:25:21.065684+00:00] main.INFO: Add of item with id Magento_Customer::customer_online was processed [] []
[2024-02-01T14:25:21.066299+00:00] main.INFO: Add of item with id Magento_Customer::customer_group was processed [] []
[2024-02-01T14:25:21.066925+00:00] main.INFO: Add of item with id Magento_Backup::system_tools_backup was processed [] []
[2024-02-01T14:25:21.067542+00:00] main.INFO: Add of item with id Magento_Indexer::system_index was processed [] []
[2024-02-01T14:25:21.068159+00:00] main.INFO: Add of item with id Magento_Variable::system_variable was processed [] []
[2024-02-01T14:25:21.069093+00:00] main.INFO: Add of item with id Magento_Cms::cms_page was processed [] []
[2024-02-01T14:25:21.069906+00:00] main.INFO: Add of item with id Magento_Cms::cms_block was processed [] []
[2024-02-01T14:25:21.070556+00:00] main.INFO: Add of item with id Magento_Search::search_terms was processed [] []
[2024-02-01T14:25:21.071179+00:00] main.INFO: Add of item with id Magento_Search::search_synonyms was processed [] []
[2024-02-01T14:25:21.071793+00:00] main.INFO: Add of item with id Magento_Catalog::catalog was processed [] []
[2024-02-01T14:25:21.072476+00:00] main.INFO: Add of item with id Magento_Catalog::catalog_products was processed [] []
[2024-02-01T14:25:21.073137+00:00] main.INFO: Add of item with id Magento_Catalog::catalog_categories was processed [] []
[2024-02-01T14:25:21.073801+00:00] main.INFO: Add of item with id Magento_Catalog::catalog_attributes_attributes was processed [] []
[2024-02-01T14:25:21.074673+00:00] main.INFO: Add of item with id Magento_Catalog::catalog_attributes_sets was processed [] []
[2024-02-01T14:25:21.075355+00:00] main.INFO: Add of item with id Magento_Catalog::inventory was processed [] []
[2024-02-01T14:25:21.076009+00:00] main.INFO: Add of item with id Magento_CatalogRule::promo was processed [] []
[2024-02-01T14:25:21.076669+00:00] main.INFO: Add of item with id Magento_CatalogRule::promo_catalog was processed [] []
[2024-02-01T14:25:21.077325+00:00] main.INFO: Add of item with id Magento_MediaGalleryUi::media was processed [] []
[2024-02-01T14:25:21.077981+00:00] main.INFO: Add of item with id Magento_MediaGalleryUi::media_gallery was processed [] []
[2024-02-01T14:25:21.078621+00:00] main.INFO: Add of item with id Magento_Integration::system_extensions was processed [] []
[2024-02-01T14:25:21.079353+00:00] main.INFO: Add of item with id Magento_Integration::system_integrations was processed [] []
[2024-02-01T14:25:21.080000+00:00] main.INFO: Add of item with id Magento_Sales::sales was processed [] []
[2024-02-01T14:25:21.080654+00:00] main.INFO: Add of item with id Magento_Sales::sales_operation was processed [] []
[2024-02-01T14:25:21.081312+00:00] main.INFO: Add of item with id Magento_Sales::sales_order was processed [] []
[2024-02-01T14:25:21.081953+00:00] main.INFO: Add of item with id Magento_Sales::sales_invoice was processed [] []
[2024-02-01T14:25:21.082600+00:00] main.INFO: Add of item with id Magento_Sales::sales_shipment was processed [] []
[2024-02-01T14:25:21.083240+00:00] main.INFO: Add of item with id Magento_Sales::sales_creditmemo was processed [] []
[2024-02-01T14:25:21.083966+00:00] main.INFO: Add of item with id Magento_Sales::sales_transactions was processed [] []
[2024-02-01T14:25:21.084596+00:00] main.INFO: Add of item with id Magento_Sales::system_order_statuses was processed [] []
[2024-02-01T14:25:21.085227+00:00] main.INFO: Add of item with id Magento_Widget::cms_widget_instance was processed [] []
[2024-02-01T14:25:21.085857+00:00] main.INFO: Add of item with id Magento_Analytics::business_intelligence was processed [] []
[2024-02-01T14:25:21.086668+00:00] main.INFO: Add of item with id Magento_Analytics::advanced_reporting was processed [] []
[2024-02-01T14:25:21.087562+00:00] main.INFO: Add of item with id Magento_Analytics::bi_essentials was processed [] []
[2024-02-01T14:25:21.088492+00:00] main.INFO: Add of item with id Magento_Downloadable::report_products_downloads was processed [] []
[2024-02-01T14:25:21.089284+00:00] main.INFO: Add of item with id Magento_ImportExport::system_convert_import was processed [] []
[2024-02-01T14:25:21.090805+00:00] main.INFO: Add of item with id Magento_ImportExport::system_convert_export was processed [] []
[2024-02-01T14:25:21.092131+00:00] main.INFO: Add of item with id Magento_ImportExport::system_convert_history was processed [] []
[2024-02-01T14:25:21.092808+00:00] main.INFO: Add of item with id Magento_Email::template was processed [] []
[2024-02-01T14:25:21.093458+00:00] main.INFO: Add of item with id Magento_EncryptionKey::system_crypt_key was processed [] []
[2024-02-01T14:25:21.094162+00:00] main.INFO: Add of item with id Magento_InventoryAdminUi::inventory was processed [] []
[2024-02-01T14:25:21.094827+00:00] main.INFO: Add of item with id Magento_InventoryAdminUi::source was processed [] []
[2024-02-01T14:25:21.095474+00:00] main.INFO: Add of item with id Magento_InventoryAdminUi::stock was processed [] []
[2024-02-01T14:25:21.096116+00:00] main.INFO: Add of item with id Magento_Reports::report was processed [] []
[2024-02-01T14:25:21.096758+00:00] main.INFO: Add of item with id Magento_Reports::report_marketing was processed [] []
[2024-02-01T14:25:21.097400+00:00] main.INFO: Add of item with id Magento_Reports::report_salesroot was processed [] []
[2024-02-01T14:25:21.098051+00:00] main.INFO: Add of item with id Magento_Reports::report_salesroot_sales was processed [] []
[2024-02-01T14:25:21.098726+00:00] main.INFO: Add of item with id Magento_Reports::report_salesroot_tax was processed [] []
[2024-02-01T14:25:21.099367+00:00] main.INFO: Add of item with id Magento_Reports::report_salesroot_invoiced was processed [] []
[2024-02-01T14:25:21.100013+00:00] main.INFO: Add of item with id Magento_Reports::report_salesroot_shipping was processed [] []
[2024-02-01T14:25:21.100652+00:00] main.INFO: Add of item with id Magento_Reports::report_salesroot_refunded was processed [] []
[2024-02-01T14:25:21.101287+00:00] main.INFO: Add of item with id Magento_Reports::report_salesroot_coupons was processed [] []
[2024-02-01T14:25:21.101995+00:00] main.INFO: Add of item with id Magento_Reports::report_shopcart_product was processed [] []
[2024-02-01T14:25:21.102642+00:00] main.INFO: Add of item with id Magento_Reports::report_shopcart_abandoned was processed [] []
[2024-02-01T14:25:21.103303+00:00] main.INFO: Add of item with id Magento_Reports::report_products was processed [] []
[2024-02-01T14:25:21.104084+00:00] main.INFO: Add of item with id Magento_Reports::report_products_bestsellers was processed [] []
[2024-02-01T14:25:21.104875+00:00] main.INFO: Add of item with id Magento_Reports::report_products_sold was processed [] []
[2024-02-01T14:25:21.105695+00:00] main.INFO: Add of item with id Magento_Reports::report_products_viewed was processed [] []
[2024-02-01T14:25:21.106340+00:00] main.INFO: Add of item with id Magento_Reports::report_products_lowstock was processed [] []
[2024-02-01T14:25:21.106987+00:00] main.INFO: Add of item with id Magento_Reports::report_customers was processed [] []
[2024-02-01T14:25:21.107645+00:00] main.INFO: Add of item with id Magento_Reports::report_customers_accounts was processed [] []
[2024-02-01T14:25:21.108295+00:00] main.INFO: Add of item with id Magento_Reports::report_customers_totals was processed [] []
[2024-02-01T14:25:21.108916+00:00] main.INFO: Add of item with id Magento_Reports::report_customers_orders was processed [] []
[2024-02-01T14:25:21.109532+00:00] main.INFO: Add of item with id Magento_Reports::report_statistics was processed [] []
[2024-02-01T14:25:21.110164+00:00] main.INFO: Add of item with id Magento_Reports::report_statistics_refresh was processed [] []
[2024-02-01T14:25:21.110805+00:00] main.INFO: Add of item with id Magento_Search::report_search_term was processed [] []
[2024-02-01T14:25:21.111475+00:00] main.INFO: Add of item with id Magento_LoginAsCustomerLog::login_log was processed [] []
[2024-02-01T14:25:21.112130+00:00] main.INFO: Add of item with id Magento_Marketplace::partners was processed [] []
[2024-02-01T14:25:21.112777+00:00] main.INFO: Add of item with id Magento_Newsletter::newsletter_template was processed [] []
[2024-02-01T14:25:21.113426+00:00] main.INFO: Add of item with id Magento_Newsletter::newsletter_queue was processed [] []
[2024-02-01T14:25:21.114090+00:00] main.INFO: Add of item with id Magento_Newsletter::newsletter_subscriber was processed [] []
[2024-02-01T14:25:21.114737+00:00] main.INFO: Add of item with id Magento_Newsletter::newsletter_problem was processed [] []
[2024-02-01T14:25:21.115382+00:00] main.INFO: Add of item with id Magento_SalesRule::promo_quote was processed [] []
[2024-02-01T14:25:21.116027+00:00] main.INFO: Add of item with id Magento_Sitemap::catalog_sitemap was processed [] []
[2024-02-01T14:25:21.116670+00:00] main.INFO: Add of item with id Magento_PageBuilder::templates was processed [] []
[2024-02-01T14:25:21.117314+00:00] main.INFO: Add of item with id Magento_Paypal::report_salesroot_paypal_settlement_reports was processed [] []
[2024-02-01T14:25:21.117959+00:00] main.INFO: Add of item with id Magento_Paypal::paypal_billing_agreement was processed [] []
[2024-02-01T14:25:21.118601+00:00] main.INFO: Add of item with id Magento_CheckoutAgreements::sales_checkoutagreement was processed [] []
[2024-02-01T14:25:21.119248+00:00] main.INFO: Add of item with id Magento_Review::catalog_reviews_ratings_ratings was processed [] []
[2024-02-01T14:25:21.119908+00:00] main.INFO: Add of item with id Magento_Review::catalog_reviews_ratings_pending was processed [] []
[2024-02-01T14:25:21.120970+00:00] main.INFO: Add of item with id Magento_Review::catalog_reviews_ratings_reviews_all was processed [] []
[2024-02-01T14:25:21.121697+00:00] main.INFO: Add of item with id Magento_Review::report_review was processed [] []
[2024-02-01T14:25:21.122371+00:00] main.INFO: Add of item with id Magento_Review::report_review_customer was processed [] []
[2024-02-01T14:25:21.123568+00:00] main.INFO: Add of item with id Magento_Review::report_review_product was processed [] []
[2024-02-01T14:25:21.124536+00:00] main.INFO: Add of item with id Magento_UrlRewrite::urlrewrite was processed [] []
[2024-02-01T14:25:21.125265+00:00] main.INFO: Add of item with id Magento_Tax::sales_tax was processed [] []
[2024-02-01T14:25:21.125972+00:00] main.INFO: Add of item with id Magento_Tax::sales_tax_rules was processed [] []
[2024-02-01T14:25:21.126674+00:00] main.INFO: Add of item with id Magento_Tax::sales_tax_rates was processed [] []
[2024-02-01T14:25:21.127359+00:00] main.INFO: Add of item with id Magento_TaxImportExport::system_convert_tax was processed [] []
[2024-02-01T14:25:21.128042+00:00] main.INFO: Add of item with id Magento_AsynchronousOperations::system_magento_logging was processed [] []
[2024-02-01T14:25:21.128737+00:00] main.INFO: Add of item with id Magento_AsynchronousOperations::system_magento_logging_bulk_operations was processed [] []
[2024-02-01T14:25:21.129443+00:00] main.INFO: Add of item with id Magento_CurrencySymbol::system_currency was processed [] []
[2024-02-01T14:25:21.130150+00:00] main.INFO: Add of item with id Magento_CurrencySymbol::system_currency_rates was processed [] []
[2024-02-01T14:25:21.130829+00:00] main.INFO: Add of item with id Magento_CurrencySymbol::system_currency_symbols was processed [] []
[2024-02-01T14:25:21.131507+00:00] main.INFO: Add of item with id PayPal_Braintree::settlement_report was processed [] []
[2024-02-01T14:25:21.132184+00:00] main.INFO: Add of item with id PayPal_Braintree::virtual_terminal was processed [] []
[2024-02-01T14:25:23.302461+00:00] main.INFO: Broken reference: the 'notification.messages' tries to reorder itself towards 'user', but their parents are different: 'header.inner.right' and 'header' respectively. [] []
[2024-02-01T14:25:33.321594+00:00] main.INFO: Broken reference: the 'notification.messages' tries to reorder itself towards 'user', but their parents are different: 'header.inner.right' and 'header' respectively. [] []
[2024-02-01T14:25:45.652055+00:00] main.INFO: Broken reference: the 'product.reviews' element cannot be added as child to 'product_tabs', because the latter doesn't exist [] []
[2024-02-01T14:25:45.653065+00:00] main.INFO: Broken reference: the 'notification.messages' tries to reorder itself towards 'user', but their parents are different: 'header.inner.right' and 'header' respectively. [] []
[2024-02-01T14:25:58.875562+00:00] main.INFO: Broken reference: the 'notification.messages' tries to reorder itself towards 'user', but their parents are different: 'header.inner.right' and 'header' respectively. [] []
[2024-02-01T14:26:18.079345+00:00] main.INFO: Broken reference: the 'notification.messages' tries to reorder itself towards 'user', but their parents are different: 'header.inner.right' and 'header' respectively. [] []
[2024-02-01T14:27:03.453411+00:00] main.INFO: Broken reference: the 'notification.messages' tries to reorder itself towards 'user', but their parents are different: 'header.inner.right' and 'header' respectively. [] []
[2024-02-01T14:27:06.202074+00:00] main.INFO: Broken reference: the 'notification.messages' tries to reorder itself towards 'user', but their parents are different: 'header.inner.right' and 'header' respectively. [] []
[2024-02-01T14:27:13.673988+00:00] main.INFO: Broken reference: the 'notification.messages' tries to reorder itself towards 'user', but their parents are different: 'header.inner.right' and 'header' respectively. [] []
[2024-02-01T14:27:18.637188+00:00] main.INFO: Broken reference: the 'notification.messages' tries to reorder itself towards 'user', but their parents are different: 'header.inner.right' and 'header' respectively. [] []
[2024-02-01T14:27:25.624754+00:00] main.INFO: Broken reference: the 'notification.messages' tries to reorder itself towards 'user', but their parents are different: 'header.inner.right' and 'header' respectively. [] []
[2024-02-01T14:28:07.113692+00:00] main.INFO: Broken reference: the 'product.reviews' element cannot be added as child to 'product_tabs', because the latter doesn't exist [] []
[2024-02-01T14:28:07.114761+00:00] main.INFO: Broken reference: the 'notification.messages' tries to reorder itself towards 'user', but their parents are different: 'header.inner.right' and 'header' respectively. [] []
[2024-02-01T14:28:19.074172+00:00] main.INFO: Broken reference: the 'product.reviews' element cannot be added as child to 'product_tabs', because the latter doesn't exist [] []
[2024-02-01T14:28:19.075162+00:00] main.INFO: Broken reference: the 'notification.messages' tries to reorder itself towards 'user', but their parents are different: 'header.inner.right' and 'header' respectively. [] []
[2024-02-01T14:29:22.489271+00:00] main.ERROR: Unable to resolve the source file for 'adminhtml/Magento/backend/en_US/Magento_PageBuilder/js/stage-builder.js.map' [] []
[2024-02-01T14:29:22.489271+00:00] main.ERROR: Unable to resolve the source file for 'adminhtml/Magento/backend/en_US/Magento_PageBuilder/js/config.js.map' [] []
[2024-02-01T14:29:22.490236+00:00] main.ERROR: Unable to resolve the source file for 'adminhtml/Magento/backend/en_US/Magento_PageBuilder/js/content-type-factory.js.map' [] []
[2024-02-01T14:29:22.490384+00:00] main.CRITICAL: Unable to resolve the source file for 'adminhtml/Magento/backend/en_US/Magento_PageBuilder/js/config.js.map' [] []
[2024-02-01T14:29:22.490434+00:00] main.CRITICAL: Unable to resolve the source file for 'adminhtml/Magento/backend/en_US/Magento_PageBuilder/js/stage-builder.js.map' [] []
[2024-02-01T14:29:22.492329+00:00] main.CRITICAL: Unable to resolve the source file for 'adminhtml/Magento/backend/en_US/Magento_PageBuilder/js/content-type-factory.js.map' [] []
[2024-02-01T14:29:22.527309+00:00] main.ERROR: Unable to resolve the source file for 'adminhtml/Magento/backend/en_US/Magento_PageBuilder/js/content-type-collection.js.map' [] []
[2024-02-01T14:29:22.528551+00:00] main.CRITICAL: Unable to resolve the source file for 'adminhtml/Magento/backend/en_US/Magento_PageBuilder/js/content-type-collection.js.map' [] []
[2024-02-01T14:29:22.534529+00:00] main.ERROR: Unable to resolve the source file for 'adminhtml/Magento/backend/en_US/Magento_PageBuilder/js/content-type/style-registry.js.map' [] []
[2024-02-01T14:29:22.534690+00:00] main.ERROR: Unable to resolve the source file for 'adminhtml/Magento/backend/en_US/Magento_PageBuilder/js/content-type/appearance-config.js.map' [] []
[2024-02-01T14:29:22.535325+00:00] main.CRITICAL: Unable to resolve the source file for 'adminhtml/Magento/backend/en_US/Magento_PageBuilder/js/content-type/style-registry.js.map' [] []
[2024-02-01T14:29:22.535769+00:00] main.CRITICAL: Unable to resolve the source file for 'adminhtml/Magento/backend/en_US/Magento_PageBuilder/js/content-type/appearance-config.js.map' [] []
[2024-02-01T14:29:22.566515+00:00] main.ERROR: Unable to resolve the source file for 'adminhtml/Magento/backend/en_US/Magento_PageBuilder/js/master-format/validator.js.map' [] []
[2024-02-01T14:29:22.567657+00:00] main.CRITICAL: Unable to resolve the source file for 'adminhtml/Magento/backend/en_US/Magento_PageBuilder/js/master-format/validator.js.map' [] []
[2024-02-01T14:29:22.569932+00:00] main.ERROR: Unable to resolve the source file for 'adminhtml/Magento/backend/en_US/Magento_PageBuilder/js/utils/directives.js.map' [] []
[2024-02-01T14:29:22.571683+00:00] main.CRITICAL: Unable to resolve the source file for 'adminhtml/Magento/backend/en_US/Magento_PageBuilder/js/utils/directives.js.map' [] []
[2024-02-01T14:29:22.573332+00:00] main.ERROR: Unable to resolve the source file for 'adminhtml/Magento/backend/en_US/Magento_PageBuilder/js/utils/loader.js.map' [] []
[2024-02-01T14:29:22.574613+00:00] main.CRITICAL: Unable to resolve the source file for 'adminhtml/Magento/backend/en_US/Magento_PageBuilder/js/utils/loader.js.map' [] []
[2024-02-01T14:29:22.625667+00:00] main.ERROR: Unable to resolve the source file for 'adminhtml/Magento/backend/en_US/Magento_PageBuilder/js/page-builder.js.map' [] []
[2024-02-01T14:29:22.628143+00:00] main.ERROR: Unable to resolve the source file for 'adminhtml/Magento/backend/en_US/Magento_PageBuilder/js/utils/object.js.map' [] []
[2024-02-01T14:29:22.636923+00:00] main.ERROR: Unable to resolve the source file for 'adminhtml/Magento/backend/en_US/Magento_PageBuilder/js/collection.js.map' [] []
[2024-02-01T14:29:22.663629+00:00] main.ERROR: Unable to resolve the source file for 'adminhtml/Magento/backend/en_US/Magento_PageBuilder/js/content-type.js.map' [] []
[2024-02-01T14:29:22.806488+00:00] main.CRITICAL: Unable to resolve the source file for 'adminhtml/Magento/backend/en_US/Magento_PageBuilder/js/collection.js.map' [] []
[2024-02-01T14:29:22.806488+00:00] main.CRITICAL: Unable to resolve the source file for 'adminhtml/Magento/backend/en_US/Magento_PageBuilder/js/utils/object.js.map' [] []
[2024-02-01T14:29:22.806493+00:00] main.CRITICAL: Unable to resolve the source file for 'adminhtml/Magento/backend/en_US/Magento_PageBuilder/js/content-type.js.map' [] []
[2024-02-01T14:29:22.806545+00:00] main.CRITICAL: Unable to resolve the source file for 'adminhtml/Magento/backend/en_US/Magento_PageBuilder/js/page-builder.js.map' [] []
[2024-02-01T14:29:22.852484+00:00] main.ERROR: Unable to resolve the source file for 'adminhtml/Magento/backend/en_US/Magento_PageBuilder/js/content-type/master-factory.js.map' [] []
[2024-02-01T14:29:22.854066+00:00] main.CRITICAL: Unable to resolve the source file for 'adminhtml/Magento/backend/en_US/Magento_PageBuilder/js/content-type/master-factory.js.map' [] []
[2024-02-01T14:29:22.872062+00:00] main.ERROR: Unable to resolve the source file for 'adminhtml/Magento/backend/en_US/Magento_PageBuilder/js/content-type/preview-factory.js.map' [] []
[2024-02-01T14:29:22.873058+00:00] main.CRITICAL: Unable to resolve the source file for 'adminhtml/Magento/backend/en_US/Magento_PageBuilder/js/content-type/preview-factory.js.map' [] []
[2024-02-01T14:29:22.888195+00:00] main.ERROR: Unable to resolve the source file for 'adminhtml/Magento/backend/en_US/Magento_PageBuilder/js/acl.js.map' [] []
[2024-02-01T14:29:22.889407+00:00] main.CRITICAL: Unable to resolve the source file for 'adminhtml/Magento/backend/en_US/Magento_PageBuilder/js/acl.js.map' [] []
[2024-02-01T14:29:22.898430+00:00] main.ERROR: Unable to resolve the source file for 'adminhtml/Magento/backend/en_US/Magento_PageBuilder/js/panel.js.map' [] []
[2024-02-01T14:29:22.899706+00:00] main.CRITICAL: Unable to resolve the source file for 'adminhtml/Magento/backend/en_US/Magento_PageBuilder/js/panel.js.map' [] []
[2024-02-01T14:29:22.919723+00:00] main.ERROR: Unable to resolve the source file for 'adminhtml/Magento/backend/en_US/Magento_PageBuilder/js/binding/style.js.map' [] []
[2024-02-01T14:29:22.923795+00:00] main.CRITICAL: Unable to resolve the source file for 'adminhtml/Magento/backend/en_US/Magento_PageBuilder/js/binding/style.js.map' [] []
[2024-02-01T14:29:22.935567+00:00] main.ERROR: Unable to resolve the source file for 'adminhtml/Magento/backend/en_US/Magento_PageBuilder/js/utils/string.js.map' [] []
[2024-02-01T14:29:22.937260+00:00] main.CRITICAL: Unable to resolve the source file for 'adminhtml/Magento/backend/en_US/Magento_PageBuilder/js/utils/string.js.map' [] []
[2024-02-01T14:29:22.951686+00:00] main.ERROR: Unable to resolve the source file for 'adminhtml/Magento/backend/en_US/Magento_PageBuilder/js/stage.js.map' [] []
[2024-02-01T14:29:22.952598+00:00] main.CRITICAL: Unable to resolve the source file for 'adminhtml/Magento/backend/en_US/Magento_PageBuilder/js/stage.js.map' [] []
[2024-02-01T14:29:22.960244+00:00] main.ERROR: Unable to resolve the source file for 'adminhtml/Magento/backend/en_US/Magento_PageBuilder/js/utils/array.js.map' [] []
[2024-02-01T14:29:22.961751+00:00] main.CRITICAL: Unable to resolve the source file for 'adminhtml/Magento/backend/en_US/Magento_PageBuilder/js/utils/array.js.map' [] []
[2024-02-01T14:29:22.969993+00:00] main.ERROR: Unable to resolve the source file for 'adminhtml/Magento/backend/en_US/Magento_PageBuilder/js/template-manager.js.map' [] []
[2024-02-01T14:29:22.971386+00:00] main.CRITICAL: Unable to resolve the source file for 'adminhtml/Magento/backend/en_US/Magento_PageBuilder/js/template-manager.js.map' [] []
[2024-02-01T14:29:22.980389+00:00] main.ERROR: Unable to resolve the source file for 'adminhtml/Magento/backend/en_US/Magento_PageBuilder/js/data-store.js.map' [] []
[2024-02-01T14:29:22.981997+00:00] main.CRITICAL: Unable to resolve the source file for 'adminhtml/Magento/backend/en_US/Magento_PageBuilder/js/data-store.js.map' [] []
[2024-02-01T14:29:22.996075+00:00] main.ERROR: Unable to resolve the source file for 'adminhtml/Magento/backend/en_US/Magento_PageBuilder/js/content-type/converter-resolver.js.map' [] []
[2024-02-01T14:29:22.997746+00:00] main.CRITICAL: Unable to resolve the source file for 'adminhtml/Magento/backend/en_US/Magento_PageBuilder/js/content-type/converter-resolver.js.map' [] []
[2024-02-01T14:29:23.006175+00:00] main.ERROR: Unable to resolve the source file for 'adminhtml/Magento/backend/en_US/Magento_PageBuilder/js/content-type/observable-updater-factory.js.map' [] []
[2024-02-01T14:29:23.007875+00:00] main.CRITICAL: Unable to resolve the source file for 'adminhtml/Magento/backend/en_US/Magento_PageBuilder/js/content-type/observable-updater-factory.js.map' [] []
[2024-02-01T14:29:23.016314+00:00] main.ERROR: Unable to resolve the source file for 'adminhtml/Magento/backend/en_US/Magento_PageBuilder/js/content-type/preview-converter-resolver.js.map' [] []
[2024-02-01T14:29:23.018843+00:00] main.CRITICAL: Unable to resolve the source file for 'adminhtml/Magento/backend/en_US/Magento_PageBuilder/js/content-type/preview-converter-resolver.js.map' [] []
[2024-02-01T14:29:23.031208+00:00] main.ERROR: Unable to resolve the source file for 'adminhtml/Magento/backend/en_US/Magento_PageBuilder/js/drag-drop/drop-indicators.js.map' [] []
[2024-02-01T14:29:23.033319+00:00] main.CRITICAL: Unable to resolve the source file for 'adminhtml/Magento/backend/en_US/Magento_PageBuilder/js/drag-drop/drop-indicators.js.map' [] []
[2024-02-01T14:29:23.044755+00:00] main.ERROR: Unable to resolve the source file for 'adminhtml/Magento/backend/en_US/Magento_PageBuilder/js/binding/draggable.js.map' [] []
[2024-02-01T14:29:23.045849+00:00] main.CRITICAL: Unable to resolve the source file for 'adminhtml/Magento/backend/en_US/Magento_PageBuilder/js/binding/draggable.js.map' [] []
[2024-02-01T14:29:23.056494+00:00] main.ERROR: Unable to resolve the source file for 'adminhtml/Magento/backend/en_US/Magento_PageBuilder/js/drag-drop/registry.js.map' [] []
[2024-02-01T14:29:23.057472+00:00] main.CRITICAL: Unable to resolve the source file for 'adminhtml/Magento/backend/en_US/Magento_PageBuilder/js/drag-drop/registry.js.map' [] []
[2024-02-01T14:29:23.058891+00:00] main.ERROR: Unable to resolve the source file for 'adminhtml/Magento/backend/en_US/Magento_PageBuilder/js/panel/menu.js.map' [] []
[2024-02-01T14:29:23.060361+00:00] main.CRITICAL: Unable to resolve the source file for 'adminhtml/Magento/backend/en_US/Magento_PageBuilder/js/panel/menu.js.map' [] []
[2024-02-01T14:29:23.070030+00:00] main.ERROR: Unable to resolve the source file for 'adminhtml/Magento/backend/en_US/Magento_PageBuilder/js/panel/menu/content-type.js.map' [] []
[2024-02-01T14:29:23.070833+00:00] main.CRITICAL: Unable to resolve the source file for 'adminhtml/Magento/backend/en_US/Magento_PageBuilder/js/panel/menu/content-type.js.map' [] []
[2024-02-01T14:29:23.085725+00:00] main.ERROR: Unable to resolve the source file for 'adminhtml/Magento/backend/en_US/Magento_PageBuilder/js/utils/position-sticky.js.map' [] []
[2024-02-01T14:29:23.087321+00:00] main.CRITICAL: Unable to resolve the source file for 'adminhtml/Magento/backend/en_US/Magento_PageBuilder/js/utils/position-sticky.js.map' [] []
[2024-02-01T14:29:23.092176+00:00] main.ERROR: Unable to resolve the source file for 'adminhtml/Magento/backend/en_US/Magento_PageBuilder/js/binding/sortable.js.map' [] []
[2024-02-01T14:29:23.094004+00:00] main.CRITICAL: Unable to resolve the source file for 'adminhtml/Magento/backend/en_US/Magento_PageBuilder/js/binding/sortable.js.map' [] []
[2024-02-01T14:29:23.100800+00:00] main.ERROR: Unable to resolve the source file for 'adminhtml/Magento/backend/en_US/Magento_PageBuilder/js/drag-drop/matrix.js.map' [] []
[2024-02-01T14:29:23.102232+00:00] main.CRITICAL: Unable to resolve the source file for 'adminhtml/Magento/backend/en_US/Magento_PageBuilder/js/drag-drop/matrix.js.map' [] []
[2024-02-01T14:29:23.103011+00:00] main.ERROR: Unable to resolve the source file for 'adminhtml/Magento/backend/en_US/Magento_PageBuilder/js/master-format/render.js.map' [] []
[2024-02-01T14:29:23.104626+00:00] main.CRITICAL: Unable to resolve the source file for 'adminhtml/Magento/backend/en_US/Magento_PageBuilder/js/master-format/render.js.map' [] []
[2024-02-01T14:29:23.122874+00:00] main.ERROR: Unable to resolve the source file for 'adminhtml/Magento/backend/en_US/Magento_PageBuilder/js/utils/promise-deferred.js.map' [] []
[2024-02-01T14:29:23.124237+00:00] main.CRITICAL: Unable to resolve the source file for 'adminhtml/Magento/backend/en_US/Magento_PageBuilder/js/utils/promise-deferred.js.map' [] []
[2024-02-01T14:29:23.134716+00:00] main.ERROR: Unable to resolve the source file for 'adminhtml/Magento/backend/en_US/Magento_PageBuilder/js/utils/editor.js.map' [] []
[2024-02-01T14:29:23.136473+00:00] main.CRITICAL: Unable to resolve the source file for 'adminhtml/Magento/backend/en_US/Magento_PageBuilder/js/utils/editor.js.map' [] []
[2024-02-01T14:29:23.141010+00:00] main.ERROR: Unable to resolve the source file for 'adminhtml/Magento/backend/en_US/Magento_PageBuilder/js/converter/converter-pool-factory.js.map' [] []
[2024-02-01T14:29:23.142392+00:00] main.ERROR: Unable to resolve the source file for 'adminhtml/Magento/backend/en_US/Magento_PageBuilder/js/mass-converter/converter-pool-factory.js.map' [] []
[2024-02-01T14:29:23.143159+00:00] main.CRITICAL: Unable to resolve the source file for 'adminhtml/Magento/backend/en_US/Magento_PageBuilder/js/converter/converter-pool-factory.js.map' [] []
[2024-02-01T14:29:23.144205+00:00] main.CRITICAL: Unable to resolve the source file for 'adminhtml/Magento/backend/en_US/Magento_PageBuilder/js/mass-converter/converter-pool-factory.js.map' [] []
[2024-02-01T14:29:23.165848+00:00] main.ERROR: Unable to resolve the source file for 'adminhtml/Magento/backend/en_US/Magento_PageBuilder/js/content-type/observable-updater.js.map' [] []
[2024-02-01T14:29:23.167303+00:00] main.CRITICAL: Unable to resolve the source file for 'adminhtml/Magento/backend/en_US/Magento_PageBuilder/js/content-type/observable-updater.js.map' [] []
[2024-02-01T14:29:23.181666+00:00] main.ERROR: Unable to resolve the source file for 'adminhtml/Magento/backend/en_US/Magento_PageBuilder/js/utils/create-stylesheet.js.map' [] []
[2024-02-01T14:29:23.183278+00:00] main.CRITICAL: Unable to resolve the source file for 'adminhtml/Magento/backend/en_US/Magento_PageBuilder/js/utils/create-stylesheet.js.map' [] []
[2024-02-01T14:29:23.186901+00:00] main.ERROR: Unable to resolve the source file for 'adminhtml/Magento/backend/en_US/Magento_PageBuilder/js/master-format/render/serialize.js.map' [] []
[2024-02-01T14:29:23.187750+00:00] main.CRITICAL: Unable to resolve the source file for 'adminhtml/Magento/backend/en_US/Magento_PageBuilder/js/master-format/render/serialize.js.map' [] []
[2024-02-01T14:29:23.191739+00:00] main.ERROR: Unable to resolve the source file for 'adminhtml/Magento/backend/en_US/Magento_PageBuilder/js/mass-converter/converter-pool.js.map' [] []
[2024-02-01T14:29:23.192457+00:00] main.CRITICAL: Unable to resolve the source file for 'adminhtml/Magento/backend/en_US/Magento_PageBuilder/js/mass-converter/converter-pool.js.map' [] []
[2024-02-01T14:29:23.199950+00:00] main.ERROR: Unable to resolve the source file for 'adminhtml/Magento/backend/en_US/Magento_PageBuilder/js/converter/converter-pool.js.map' [] []
[2024-02-01T14:29:23.200685+00:00] main.CRITICAL: Unable to resolve the source file for 'adminhtml/Magento/backend/en_US/Magento_PageBuilder/js/converter/converter-pool.js.map' [] []
[2024-02-01T14:29:23.210600+00:00] main.ERROR: Unable to resolve the source file for 'adminhtml/Magento/backend/en_US/Magento_PageBuilder/js/content-type/observable-updater/attributes.js.map' [] []
[2024-02-01T14:29:23.214576+00:00] main.CRITICAL: Unable to resolve the source file for 'adminhtml/Magento/backend/en_US/Magento_PageBuilder/js/content-type/observable-updater/attributes.js.map' [] []
[2024-02-01T14:29:23.239949+00:00] main.ERROR: Unable to resolve the source file for 'adminhtml/Magento/backend/en_US/Magento_PageBuilder/js/content-type/observable-updater/css.js.map' [] []
[2024-02-01T14:29:23.239979+00:00] main.ERROR: Unable to resolve the source file for 'adminhtml/Magento/backend/en_US/Magento_PageBuilder/js/content-type/observable-updater/html.js.map' [] []
[2024-02-01T14:29:23.240659+00:00] main.CRITICAL: Unable to resolve the source file for 'adminhtml/Magento/backend/en_US/Magento_PageBuilder/js/content-type/observable-updater/css.js.map' [] []
[2024-02-01T14:29:23.240706+00:00] main.CRITICAL: Unable to resolve the source file for 'adminhtml/Magento/backend/en_US/Magento_PageBuilder/js/content-type/observable-updater/html.js.map' [] []
[2024-02-01T14:29:23.245229+00:00] main.ERROR: Unable to resolve the source file for 'adminhtml/Magento/backend/en_US/Magento_PageBuilder/js/content-type/observable-updater/style.js.map' [] []
[2024-02-01T14:29:23.246556+00:00] main.CRITICAL: Unable to resolve the source file for 'adminhtml/Magento/backend/en_US/Magento_PageBuilder/js/content-type/observable-updater/style.js.map' [] []
[2024-02-01T14:29:23.254558+00:00] main.ERROR: Unable to resolve the source file for 'adminhtml/Magento/backend/en_US/Magento_PageBuilder/js/content-type/root-container/content-type-collection.js.map' [] []
[2024-02-01T14:29:23.255761+00:00] main.CRITICAL: Unable to resolve the source file for 'adminhtml/Magento/backend/en_US/Magento_PageBuilder/js/content-type/root-container/content-type-collection.js.map' [] []
[2024-02-01T14:29:23.269741+00:00] main.ERROR: Unable to resolve the source file for 'adminhtml/Magento/backend/en_US/Magento_PageBuilder/js/content-type/preview.js.map' [] []
[2024-02-01T14:29:23.270498+00:00] main.CRITICAL: Unable to resolve the source file for 'adminhtml/Magento/backend/en_US/Magento_PageBuilder/js/content-type/preview.js.map' [] []
[2024-02-01T14:29:23.274018+00:00] main.ERROR: Unable to resolve the source file for 'adminhtml/Magento/backend/en_US/Magento_PageBuilder/js/binding/sortable-children.js.map' [] []
[2024-02-01T14:29:23.275492+00:00] main.CRITICAL: Unable to resolve the source file for 'adminhtml/Magento/backend/en_US/Magento_PageBuilder/js/binding/sortable-children.js.map' [] []
[2024-02-01T14:29:23.281397+00:00] main.ERROR: Unable to resolve the source file for 'adminhtml/Magento/backend/en_US/Magento_PageBuilder/js/content-type-menu.js.map' [] []
[2024-02-01T14:29:23.282859+00:00] main.CRITICAL: Unable to resolve the source file for 'adminhtml/Magento/backend/en_US/Magento_PageBuilder/js/content-type-menu.js.map' [] []
[2024-02-01T14:29:23.284852+00:00] main.ERROR: Unable to resolve the source file for 'adminhtml/Magento/backend/en_US/Magento_PageBuilder/js/binding/live-edit.js.map' [] []
[2024-02-01T14:29:23.285642+00:00] main.CRITICAL: Unable to resolve the source file for 'adminhtml/Magento/backend/en_US/Magento_PageBuilder/js/binding/live-edit.js.map' [] []
[2024-02-01T14:29:23.301616+00:00] main.ERROR: Unable to resolve the source file for 'adminhtml/Magento/backend/en_US/Magento_PageBuilder/js/content-type-menu/title-option.js.map' [] []
[2024-02-01T14:29:23.302458+00:00] main.CRITICAL: Unable to resolve the source file for 'adminhtml/Magento/backend/en_US/Magento_PageBuilder/js/content-type-menu/title-option.js.map' [] []
[2024-02-01T14:29:23.306618+00:00] main.ERROR: Unable to resolve the source file for 'adminhtml/Magento/backend/en_US/Magento_PageBuilder/js/content-type-menu/edit.js.map' [] []
[2024-02-01T14:29:23.308511+00:00] main.CRITICAL: Unable to resolve the source file for 'adminhtml/Magento/backend/en_US/Magento_PageBuilder/js/content-type-menu/edit.js.map' [] []
[2024-02-01T14:29:23.311688+00:00] main.ERROR: Unable to resolve the source file for 'adminhtml/Magento/backend/en_US/Magento_PageBuilder/js/content-type-menu/option.js.map' [] []
[2024-02-01T14:29:23.312572+00:00] main.CRITICAL: Unable to resolve the source file for 'adminhtml/Magento/backend/en_US/Magento_PageBuilder/js/content-type-menu/option.js.map' [] []
[2024-02-01T14:29:23.319268+00:00] main.ERROR: Unable to resolve the source file for 'adminhtml/Magento/backend/en_US/Magento_PageBuilder/js/drag-drop/sortable.js.map' [] []
[2024-02-01T14:29:23.320185+00:00] main.CRITICAL: Unable to resolve the source file for 'adminhtml/Magento/backend/en_US/Magento_PageBuilder/js/drag-drop/sortable.js.map' [] []
[2024-02-01T14:29:23.332152+00:00] main.ERROR: Unable to resolve the source file for 'adminhtml/Magento/backend/en_US/Magento_PageBuilder/js/utils/check-stage-full-screen.js.map' [] []
[2024-02-01T14:29:23.332909+00:00] main.CRITICAL: Unable to resolve the source file for 'adminhtml/Magento/backend/en_US/Magento_PageBuilder/js/utils/check-stage-full-screen.js.map' [] []
[2024-02-01T14:29:23.334673+00:00] main.ERROR: Unable to resolve the source file for 'adminhtml/Magento/backend/en_US/Magento_PageBuilder/js/drag-drop/move-content-type.js.map' [] []
[2024-02-01T14:29:23.335379+00:00] main.CRITICAL: Unable to resolve the source file for 'adminhtml/Magento/backend/en_US/Magento_PageBuilder/js/drag-drop/move-content-type.js.map' [] []
[2024-02-02T11:27:21.460317+00:00] main.INFO: Broken reference: the 'tracking' element cannot be added as child to 'header', because the latter doesn't exist [] []
[2024-02-02T11:27:21.464667+00:00] main.INFO: Broken reference: the 'notification_area' element cannot be added as child to 'notifications', because the latter doesn't exist [] []
[2024-02-02T11:27:21.465228+00:00] main.INFO: Broken reference: the 'unread_system_messages' element cannot be added as child to 'notifications', because the latter doesn't exist [] []
[2024-02-02T11:27:21.465708+00:00] main.INFO: Broken reference: the 'notification_window' element cannot be added as child to 'notifications', because the latter doesn't exist [] []
[2024-02-02T11:27:21.466181+00:00] main.INFO: Broken reference: the 'notification.messages' element cannot be added as child to 'header', because the latter doesn't exist [] []
[2024-02-02T11:27:21.466725+00:00] main.INFO: Broken reference: the 'global_notices' element cannot be added as child to 'global.notices', because the latter doesn't exist [] []
[2024-02-02T11:27:21.467231+00:00] main.INFO: Broken reference: the 'logo' element cannot be added as child to 'header', because the latter doesn't exist [] []
[2024-02-02T11:27:21.467856+00:00] main.INFO: Broken reference: the 'global.search' element cannot be added as child to 'header', because the latter doesn't exist [] []
[2024-02-02T11:27:21.468321+00:00] main.INFO: Broken reference: the 'user' element cannot be added as child to 'header', because the latter doesn't exist [] []
[2024-02-02T11:27:21.468772+00:00] main.INFO: Broken reference: the 'menu' element cannot be added as child to 'page.menu', because the latter doesn't exist [] []
[2024-02-02T11:27:21.469309+00:00] main.INFO: Broken reference: the 'breadcrumbs' element cannot be added as child to 'page.breadcrumbs', because the latter doesn't exist [] []
[2024-02-02T11:27:21.469773+00:00] main.INFO: Broken reference: the 'formkey' element cannot be added as child to 'page.formkey', because the latter doesn't exist [] []
[2024-02-02T11:27:21.470221+00:00] main.INFO: Broken reference: the 'page.title' element cannot be added as child to 'main.top', because the latter doesn't exist [] []
[2024-02-02T11:27:21.470668+00:00] main.INFO: Broken reference: the 'messages' element cannot be added as child to 'page.messages', because the latter doesn't exist [] []
[2024-02-02T11:27:21.471116+00:00] main.INFO: Broken reference: the 'page.actions.toolbar' element cannot be added as child to 'page.main.actions', because the latter doesn't exist [] []
[2024-02-02T11:27:21.471831+00:00] main.INFO: Broken reference: the 'legal' element cannot be added as child to 'footer', because the latter doesn't exist [] []
[2024-02-02T11:27:21.473198+00:00] main.INFO: Broken reference: the 'header.inner.left' element cannot be added as child to 'header', because the latter doesn't exist [] []
[2024-02-02T11:27:21.474659+00:00] main.INFO: Broken reference: the 'header.inner.right' element cannot be added as child to 'header', because the latter doesn't exist [] []
[2024-02-02T11:27:21.475555+00:00] main.INFO: Broken reference: the 'user' tries to reorder itself towards '', but their parents are different: 'header' and '' respectively. [] []
[2024-02-02T11:27:21.476065+00:00] main.INFO: Broken reference: the 'notification.messages' tries to reorder itself towards 'user', but their parents are different: 'header' and '' respectively. [] []
[2024-02-02T11:27:21.476525+00:00] main.INFO: Broken reference: the 'logo' tries to reorder itself towards '', but their parents are different: 'header' and '' respectively. [] []
[2024-02-02T11:27:21.476981+00:00] main.INFO: Broken reference: the 'global.search' tries to reorder itself towards 'logo', but their parents are different: 'header' and '' respectively. [] []
[2024-02-02T11:27:21.477466+00:00] main.INFO: Broken reference: the 'page.actions.toolbar' tries to reorder itself towards '', but their parents are different: 'page.main.actions' and '' respectively. [] []
[2024-02-02T11:27:21.477949+00:00] main.INFO: Broken reference: the 'header.inner.left' tries to reorder itself towards '', but their parents are different: 'header' and '' respectively. [] []
[2024-02-02T11:27:21.478407+00:00] main.INFO: Broken reference: the 'header.inner.right' tries to reorder itself towards 'header.inner.left', but their parents are different: 'header' and '' respectively. [] []
[2024-02-02T11:27:21.478871+00:00] main.INFO: Broken reference: the 'notification.messages' tries to reorder itself towards 'user', but their parents are different: 'header.inner.right' and '' respectively. [] []
[2024-02-02T11:27:30.624015+00:00] main.INFO: Broken reference: the 'notification.messages' tries to reorder itself towards 'user', but their parents are different: 'header.inner.right' and 'header' respectively. [] []
[2024-02-02T11:27:36.009044+00:00] main.INFO: Broken reference: the 'notification.messages' tries to reorder itself towards 'user', but their parents are different: 'header.inner.right' and 'header' respectively. [] []
[2024-02-02T11:27:40.938720+00:00] main.INFO: Broken reference: the 'notification.messages' tries to reorder itself towards 'user', but their parents are different: 'header.inner.right' and 'header' respectively. [] []
[2024-02-02T11:27:44.390307+00:00] main.INFO: Broken reference: the 'notification.messages' tries to reorder itself towards 'user', but their parents are different: 'header.inner.right' and 'header' respectively. [] []
[2024-02-02T11:27:53.818691+00:00] main.INFO: Broken reference: the 'notification.messages' tries to reorder itself towards 'user', but their parents are different: 'header.inner.right' and 'header' respectively. [] []
[2024-02-02T11:27:58.476897+00:00] main.INFO: Broken reference: the 'notification.messages' tries to reorder itself towards 'user', but their parents are different: 'header.inner.right' and 'header' respectively. [] []
[2024-02-02T11:29:50.462589+00:00] main.INFO: Broken reference: the 'notification.messages' tries to reorder itself towards 'user', but their parents are different: 'header.inner.right' and 'header' respectively. [] []
[2024-02-02T11:29:53.883436+00:00] main.INFO: Broken reference: the 'notification.messages' tries to reorder itself towards 'user', but their parents are different: 'header.inner.right' and 'header' respectively. [] []
[2024-02-02T11:30:00.291829+00:00] main.INFO: Broken reference: the 'notification.messages' tries to reorder itself towards 'user', but their parents are different: 'header.inner.right' and 'header' respectively. [] []
[2024-02-02T11:30:05.986114+00:00] main.INFO: Broken reference: the 'notification.messages' tries to reorder itself towards 'user', but their parents are different: 'header.inner.right' and 'header' respectively. [] []
[2024-02-02T11:30:51.824840+00:00] main.INFO: Broken reference: the 'notification.messages' tries to reorder itself towards 'user', but their parents are different: 'header.inner.right' and 'header' respectively. [] []
[2024-02-02T11:31:04.823204+00:00] main.INFO: Broken reference: the 'notification.messages' tries to reorder itself towards 'user', but their parents are different: 'header.inner.right' and 'header' respectively. [] []
[2024-02-02T11:31:20.482044+00:00] main.INFO: Broken reference: the 'notification.messages' tries to reorder itself towards 'user', but their parents are different: 'header.inner.right' and 'header' respectively. [] []
[2024-02-02T11:31:25.431930+00:00] main.INFO: Broken reference: the 'notification.messages' tries to reorder itself towards 'user', but their parents are different: 'header.inner.right' and 'header' respectively. [] []
[2024-02-02T11:31:28.939227+00:00] main.INFO: Broken reference: the 'notification.messages' tries to reorder itself towards 'user', but their parents are different: 'header.inner.right' and 'header' respectively. [] []
[2024-02-02T11:31:33.946541+00:00] main.INFO: Broken reference: the 'notification.messages' tries to reorder itself towards 'user', but their parents are different: 'header.inner.right' and 'header' respectively. [] []
[2024-02-02T11:31:39.855860+00:00] main.INFO: Broken reference: the 'notification.messages' tries to reorder itself towards 'user', but their parents are different: 'header.inner.right' and 'header' respectively. [] []
[2024-02-02T11:31:44.856208+00:00] main.INFO: Broken reference: the 'notification.messages' tries to reorder itself towards 'user', but their parents are different: 'header.inner.right' and 'header' respectively. [] []
[2024-02-02T11:31:48.985969+00:00] main.INFO: Broken reference: the 'notification.messages' tries to reorder itself towards 'user', but their parents are different: 'header.inner.right' and 'header' respectively. [] []
[2024-02-02T11:32:12.853303+00:00] main.INFO: Broken reference: the 'notification.messages' tries to reorder itself towards 'user', but their parents are different: 'header.inner.right' and 'header' respectively. [] []
[2024-02-02T11:32:15.563144+00:00] main.INFO: Broken reference: the 'notification.messages' tries to reorder itself towards 'user', but their parents are different: 'header.inner.right' and 'header' respectively. [] []
[2024-02-02T11:33:05.133043+00:00] main.INFO: Broken reference: the 'notification.messages' tries to reorder itself towards 'user', but their parents are different: 'header.inner.right' and 'header' respectively. [] []
[2024-02-02T11:33:15.184797+00:00] main.INFO: Broken reference: the 'notification.messages' tries to reorder itself towards 'user', but their parents are different: 'header.inner.right' and 'header' respectively. [] []
[2024-02-02T11:42:31.792955+00:00] main.INFO: Broken reference: the 'tracking' element cannot be added as child to 'header', because the latter doesn't exist [] []
[2024-02-02T11:42:31.793879+00:00] main.INFO: Broken reference: the 'notification_area' element cannot be added as child to 'notifications', because the latter doesn't exist [] []
[2024-02-02T11:42:31.794909+00:00] main.INFO: Broken reference: the 'unread_system_messages' element cannot be added as child to 'notifications', because the latter doesn't exist [] []
[2024-02-02T11:42:31.795804+00:00] main.INFO: Broken reference: the 'notification_window' element cannot be added as child to 'notifications', because the latter doesn't exist [] []
[2024-02-02T11:42:31.796378+00:00] main.INFO: Broken reference: the 'notification.messages' element cannot be added as child to 'header', because the latter doesn't exist [] []
[2024-02-02T11:42:31.796899+00:00] main.INFO: Broken reference: the 'global_notices' element cannot be added as child to 'global.notices', because the latter doesn't exist [] []
[2024-02-02T11:42:31.797403+00:00] main.INFO: Broken reference: the 'logo' element cannot be added as child to 'header', because the latter doesn't exist [] []
[2024-02-02T11:42:31.797909+00:00] main.INFO: Broken reference: the 'global.search' element cannot be added as child to 'header', because the latter doesn't exist [] []
[2024-02-02T11:42:31.798409+00:00] main.INFO: Broken reference: the 'user' element cannot be added as child to 'header', because the latter doesn't exist [] []
[2024-02-02T11:42:31.799159+00:00] main.INFO: Broken reference: the 'menu' element cannot be added as child to 'page.menu', because the latter doesn't exist [] []
[2024-02-02T11:42:31.799741+00:00] main.INFO: Broken reference: the 'breadcrumbs' element cannot be added as child to 'page.breadcrumbs', because the latter doesn't exist [] []
[2024-02-02T11:42:31.800248+00:00] main.INFO: Broken reference: the 'formkey' element cannot be added as child to 'page.formkey', because the latter doesn't exist [] []
[2024-02-02T11:42:31.800923+00:00] main.INFO: Broken reference: the 'page.title' element cannot be added as child to 'main.top', because the latter doesn't exist [] []
[2024-02-02T11:42:31.801819+00:00] main.INFO: Broken reference: the 'messages' element cannot be added as child to 'page.messages', because the latter doesn't exist [] []
[2024-02-02T11:42:31.802549+00:00] main.INFO: Broken reference: the 'page.actions.toolbar' element cannot be added as child to 'page.main.actions', because the latter doesn't exist [] []
[2024-02-02T11:42:31.803071+00:00] main.INFO: Broken reference: the 'legal' element cannot be added as child to 'footer', because the latter doesn't exist [] []
[2024-02-02T11:42:31.803679+00:00] main.INFO: Broken reference: the 'header.inner.left' element cannot be added as child to 'header', because the latter doesn't exist [] []
[2024-02-02T11:42:31.804236+00:00] main.INFO: Broken reference: the 'header.inner.right' element cannot be added as child to 'header', because the latter doesn't exist [] []
[2024-02-02T11:42:31.804868+00:00] main.INFO: Broken reference: the 'user' tries to reorder itself towards '', but their parents are different: 'header' and '' respectively. [] []
[2024-02-02T11:42:31.805409+00:00] main.INFO: Broken reference: the 'notification.messages' tries to reorder itself towards 'user', but their parents are different: 'header' and '' respectively. [] []
[2024-02-02T11:42:31.805915+00:00] main.INFO: Broken reference: the 'logo' tries to reorder itself towards '', but their parents are different: 'header' and '' respectively. [] []
[2024-02-02T11:42:31.806403+00:00] main.INFO: Broken reference: the 'global.search' tries to reorder itself towards 'logo', but their parents are different: 'header' and '' respectively. [] []
[2024-02-02T11:42:31.806890+00:00] main.INFO: Broken reference: the 'page.actions.toolbar' tries to reorder itself towards '', but their parents are different: 'page.main.actions' and '' respectively. [] []
[2024-02-02T11:42:31.807402+00:00] main.INFO: Broken reference: the 'header.inner.left' tries to reorder itself towards '', but their parents are different: 'header' and '' respectively. [] []
[2024-02-02T11:42:31.807960+00:00] main.INFO: Broken reference: the 'header.inner.right' tries to reorder itself towards 'header.inner.left', but their parents are different: 'header' and '' respectively. [] []
[2024-02-02T11:42:31.808632+00:00] main.INFO: Broken reference: the 'notification.messages' tries to reorder itself towards 'user', but their parents are different: 'header.inner.right' and '' respectively. [] []
[2024-02-02T11:42:39.500762+00:00] main.INFO: Broken reference: the 'notification.messages' tries to reorder itself towards 'user', but their parents are different: 'header.inner.right' and 'header' respectively. [] []
[2024-02-02T11:42:45.708360+00:00] main.INFO: Broken reference: the 'notification.messages' tries to reorder itself towards 'user', but their parents are different: 'header.inner.right' and 'header' respectively. [] []
[2024-02-02T11:43:14.260747+00:00] main.INFO: Broken reference: the 'notification.messages' tries to reorder itself towards 'user', but their parents are different: 'header.inner.right' and 'header' respectively. [] []
[2024-02-02T11:43:18.250294+00:00] main.INFO: Broken reference: the 'notification.messages' tries to reorder itself towards 'user', but their parents are different: 'header.inner.right' and 'header' respectively. [] []
[2024-02-02T11:43:31.626003+00:00] main.INFO: Broken reference: the 'notification.messages' tries to reorder itself towards 'user', but their parents are different: 'header.inner.right' and 'header' respectively. [] []
[2024-02-02T11:43:35.812544+00:00] main.INFO: Broken reference: the 'notification.messages' tries to reorder itself towards 'user', but their parents are different: 'header.inner.right' and 'header' respectively. [] []
[2024-02-02T11:43:43.396753+00:00] main.INFO: Broken reference: the 'notification.messages' tries to reorder itself towards 'user', but their parents are different: 'header.inner.right' and 'header' respectively. [] []
[2024-02-02T11:48:28.316943+00:00] main.INFO: Broken reference: the 'catalog.compare.sidebar' element cannot be added as child to 'sidebar.additional', because the latter doesn't exist [] []
[2024-02-02T11:48:28.317677+00:00] main.INFO: Broken reference: the 'sale.reorder.sidebar' element cannot be added as child to 'sidebar.additional', because the latter doesn't exist [] []
[2024-02-02T11:48:28.318662+00:00] main.INFO: Broken reference: the 'wishlist_sidebar' element cannot be added as child to 'sidebar.additional', because the latter doesn't exist [] []
[2024-02-02T11:48:28.319220+00:00] main.INFO: Broken reference: the 'paypal.partner.right.logo' element cannot be added as child to 'sidebar.additional', because the latter doesn't exist [] []
[2024-02-02T11:48:28.319718+00:00] main.INFO: Broken reference: the 'bml.right.logo' element cannot be added as child to 'sidebar.additional', because the latter doesn't exist [] []
[2024-02-02T11:48:28.320210+00:00] main.INFO: Broken reference: the 'sidebar.container.paylater' element cannot be added as child to 'sidebar.additional', because the latter doesn't exist [] []
[2024-02-02T11:48:40.054514+00:00] main.INFO: Broken reference: the 'catalog.compare.sidebar' element cannot be added as child to 'sidebar.additional', because the latter doesn't exist [] []
[2024-02-02T11:48:40.055273+00:00] main.INFO: Broken reference: the 'sale.reorder.sidebar' element cannot be added as child to 'sidebar.additional', because the latter doesn't exist [] []
[2024-02-02T11:48:40.056076+00:00] main.INFO: Broken reference: the 'wishlist_sidebar' element cannot be added as child to 'sidebar.additional', because the latter doesn't exist [] []
[2024-02-09T18:35:03.240137+00:00] main.INFO: Broken reference: the 'catalog.compare.sidebar' element cannot be added as child to 'sidebar.additional', because the latter doesn't exist [] []
[2024-02-09T18:35:03.243685+00:00] main.INFO: Broken reference: the 'sale.reorder.sidebar' element cannot be added as child to 'sidebar.additional', because the latter doesn't exist [] []
[2024-02-09T18:35:03.244652+00:00] main.INFO: Broken reference: the 'wishlist_sidebar' element cannot be added as child to 'sidebar.additional', because the latter doesn't exist [] []
[2024-02-09T18:35:03.245575+00:00] main.INFO: Broken reference: the 'paypal.partner.right.logo' element cannot be added as child to 'sidebar.additional', because the latter doesn't exist [] []
[2024-02-09T18:35:03.246385+00:00] main.INFO: Broken reference: the 'bml.right.logo' element cannot be added as child to 'sidebar.additional', because the latter doesn't exist [] []
[2024-02-09T18:35:03.247193+00:00] main.INFO: Broken reference: the 'sidebar.container.paylater' element cannot be added as child to 'sidebar.additional', because the latter doesn't exist [] []
[2024-02-09T18:38:31.067084+00:00] main.INFO: Broken reference: the 'tracking' element cannot be added as child to 'header', because the latter doesn't exist [] []
[2024-02-09T18:38:31.068258+00:00] main.INFO: Broken reference: the 'notification_area' element cannot be added as child to 'notifications', because the latter doesn't exist [] []
[2024-02-09T18:38:31.069160+00:00] main.INFO: Broken reference: the 'unread_system_messages' element cannot be added as child to 'notifications', because the latter doesn't exist [] []
[2024-02-09T18:38:31.070014+00:00] main.INFO: Broken reference: the 'notification_window' element cannot be added as child to 'notifications', because the latter doesn't exist [] []
[2024-02-09T18:38:31.070728+00:00] main.INFO: Broken reference: the 'notification.messages' element cannot be added as child to 'header', because the latter doesn't exist [] []
[2024-02-09T18:38:31.071470+00:00] main.INFO: Broken reference: the 'global_notices' element cannot be added as child to 'global.notices', because the latter doesn't exist [] []
[2024-02-09T18:38:31.072327+00:00] main.INFO: Broken reference: the 'logo' element cannot be added as child to 'header', because the latter doesn't exist [] []
[2024-02-09T18:38:31.072865+00:00] main.INFO: Broken reference: the 'global.search' element cannot be added as child to 'header', because the latter doesn't exist [] []
[2024-02-09T18:38:31.073343+00:00] main.INFO: Broken reference: the 'user' element cannot be added as child to 'header', because the latter doesn't exist [] []
[2024-02-09T18:38:31.073841+00:00] main.INFO: Broken reference: the 'menu' element cannot be added as child to 'page.menu', because the latter doesn't exist [] []
[2024-02-09T18:38:31.074691+00:00] main.INFO: Broken reference: the 'breadcrumbs' element cannot be added as child to 'page.breadcrumbs', because the latter doesn't exist [] []
[2024-02-09T18:38:31.075322+00:00] main.INFO: Broken reference: the 'formkey' element cannot be added as child to 'page.formkey', because the latter doesn't exist [] []
[2024-02-09T18:38:31.075859+00:00] main.INFO: Broken reference: the 'page.title' element cannot be added as child to 'main.top', because the latter doesn't exist [] []
[2024-02-09T18:38:31.076383+00:00] main.INFO: Broken reference: the 'messages' element cannot be added as child to 'page.messages', because the latter doesn't exist [] []
[2024-02-09T18:38:31.076884+00:00] main.INFO: Broken reference: the 'page.actions.toolbar' element cannot be added as child to 'page.main.actions', because the latter doesn't exist [] []
[2024-02-09T18:38:31.077395+00:00] main.INFO: Broken reference: the 'legal' element cannot be added as child to 'footer', because the latter doesn't exist [] []
[2024-02-09T18:38:31.077984+00:00] main.INFO: Broken reference: the 'header.inner.left' element cannot be added as child to 'header', because the latter doesn't exist [] []
[2024-02-09T18:38:31.078454+00:00] main.INFO: Broken reference: the 'header.inner.right' element cannot be added as child to 'header', because the latter doesn't exist [] []
[2024-02-09T18:38:31.079015+00:00] main.INFO: Broken reference: the 'user' tries to reorder itself towards '', but their parents are different: 'header' and '' respectively. [] []
[2024-02-09T18:38:31.079550+00:00] main.INFO: Broken reference: the 'notification.messages' tries to reorder itself towards 'user', but their parents are different: 'header' and '' respectively. [] []
[2024-02-09T18:38:31.080030+00:00] main.INFO: Broken reference: the 'logo' tries to reorder itself towards '', but their parents are different: 'header' and '' respectively. [] []
[2024-02-09T18:38:31.080491+00:00] main.INFO: Broken reference: the 'global.search' tries to reorder itself towards 'logo', but their parents are different: 'header' and '' respectively. [] []
[2024-02-09T18:38:31.080962+00:00] main.INFO: Broken reference: the 'page.actions.toolbar' tries to reorder itself towards '', but their parents are different: 'page.main.actions' and '' respectively. [] []
[2024-02-09T18:38:31.081469+00:00] main.INFO: Broken reference: the 'header.inner.left' tries to reorder itself towards '', but their parents are different: 'header' and '' respectively. [] []
[2024-02-09T18:38:31.082439+00:00] main.INFO: Broken reference: the 'header.inner.right' tries to reorder itself towards 'header.inner.left', but their parents are different: 'header' and '' respectively. [] []
[2024-02-09T18:38:31.083435+00:00] main.INFO: Broken reference: the 'notification.messages' tries to reorder itself towards 'user', but their parents are different: 'header.inner.right' and '' respectively. [] []
[2024-02-09T18:38:39.471700+00:00] main.INFO: Broken reference: the 'notification.messages' tries to reorder itself towards 'user', but their parents are different: 'header.inner.right' and 'header' respectively. [] []
[2024-02-09T18:39:16.318710+00:00] main.INFO: Broken reference: the 'notification.messages' tries to reorder itself towards 'user', but their parents are different: 'header.inner.right' and 'header' respectively. [] []
[2024-02-09T18:39:23.771446+00:00] main.INFO: Broken reference: the 'notification.messages' tries to reorder itself towards 'user', but their parents are different: 'header.inner.right' and 'header' respectively. [] []
[2024-02-09T18:39:30.142457+00:00] main.INFO: Broken reference: the 'notification.messages' tries to reorder itself towards 'user', but their parents are different: 'header.inner.right' and 'header' respectively. [] []
[2024-02-09T18:39:45.908818+00:00] main.INFO: Broken reference: the 'notification.messages' tries to reorder itself towards 'user', but their parents are different: 'header.inner.right' and 'header' respectively. [] []
[2024-02-09T18:40:09.895700+00:00] main.INFO: Broken reference: the 'notification.messages' tries to reorder itself towards 'user', but their parents are different: 'header.inner.right' and 'header' respectively. [] []
[2024-02-09T18:40:15.119086+00:00] main.INFO: Broken reference: the 'notification.messages' tries to reorder itself towards 'user', but their parents are different: 'header.inner.right' and 'header' respectively. [] []
[2024-02-09T18:40:24.135713+00:00] main.INFO: Broken reference: the 'notification.messages' tries to reorder itself towards 'user', but their parents are different: 'header.inner.right' and 'header' respectively. [] []
[2024-02-09T18:40:30.486891+00:00] main.INFO: Broken reference: the 'notification.messages' tries to reorder itself towards 'user', but their parents are different: 'header.inner.right' and 'header' respectively. [] []
[2024-02-09T18:40:32.946931+00:00] main.INFO: Broken reference: the 'notification.messages' tries to reorder itself towards 'user', but their parents are different: 'header.inner.right' and 'header' respectively. [] []
[2024-02-29T08:13:46.314032+00:00] main.INFO: Broken reference: the 'tracking' element cannot be added as child to 'header', because the latter doesn't exist [] []
[2024-02-29T08:13:46.317847+00:00] main.INFO: Broken reference: the 'notification_area' element cannot be added as child to 'notifications', because the latter doesn't exist [] []
[2024-02-29T08:13:46.318351+00:00] main.INFO: Broken reference: the 'unread_system_messages' element cannot be added as child to 'notifications', because the latter doesn't exist [] []
[2024-02-29T08:13:46.318809+00:00] main.INFO: Broken reference: the 'notification_window' element cannot be added as child to 'notifications', because the latter doesn't exist [] []
[2024-02-29T08:13:46.319264+00:00] main.INFO: Broken reference: the 'notification.messages' element cannot be added as child to 'header', because the latter doesn't exist [] []
[2024-02-29T08:13:46.319722+00:00] main.INFO: Broken reference: the 'global_notices' element cannot be added as child to 'global.notices', because the latter doesn't exist [] []
[2024-02-29T08:13:46.320170+00:00] main.INFO: Broken reference: the 'logo' element cannot be added as child to 'header', because the latter doesn't exist [] []
[2024-02-29T08:13:46.320620+00:00] main.INFO: Broken reference: the 'global.search' element cannot be added as child to 'header', because the latter doesn't exist [] []
[2024-02-29T08:13:46.321065+00:00] main.INFO: Broken reference: the 'user' element cannot be added as child to 'header', because the latter doesn't exist [] []
[2024-02-29T08:13:46.321508+00:00] main.INFO: Broken reference: the 'menu' element cannot be added as child to 'page.menu', because the latter doesn't exist [] []
[2024-02-29T08:13:46.321955+00:00] main.INFO: Broken reference: the 'breadcrumbs' element cannot be added as child to 'page.breadcrumbs', because the latter doesn't exist [] []
[2024-02-29T08:13:46.322401+00:00] main.INFO: Broken reference: the 'formkey' element cannot be added as child to 'page.formkey', because the latter doesn't exist [] []
[2024-02-29T08:13:46.322846+00:00] main.INFO: Broken reference: the 'page.title' element cannot be added as child to 'main.top', because the latter doesn't exist [] []
[2024-02-29T08:13:46.323293+00:00] main.INFO: Broken reference: the 'messages' element cannot be added as child to 'page.messages', because the latter doesn't exist [] []
[2024-02-29T08:13:46.323737+00:00] main.INFO: Broken reference: the 'page.actions.toolbar' element cannot be added as child to 'page.main.actions', because the latter doesn't exist [] []
[2024-02-29T08:13:46.326217+00:00] main.INFO: Broken reference: the 'legal' element cannot be added as child to 'footer', because the latter doesn't exist [] []
[2024-02-29T08:13:46.326992+00:00] main.INFO: Broken reference: the 'header.inner.left' element cannot be added as child to 'header', because the latter doesn't exist [] []
[2024-02-29T08:13:46.327552+00:00] main.INFO: Broken reference: the 'header.inner.right' element cannot be added as child to 'header', because the latter doesn't exist [] []
[2024-02-29T08:13:46.328233+00:00] main.INFO: Broken reference: the 'user' tries to reorder itself towards '', but their parents are different: 'header' and '' respectively. [] []
[2024-02-29T08:13:46.328804+00:00] main.INFO: Broken reference: the 'notification.messages' tries to reorder itself towards 'user', but their parents are different: 'header' and '' respectively. [] []
[2024-02-29T08:13:46.329440+00:00] main.INFO: Broken reference: the 'logo' tries to reorder itself towards '', but their parents are different: 'header' and '' respectively. [] []
[2024-02-29T08:13:46.330069+00:00] main.INFO: Broken reference: the 'global.search' tries to reorder itself towards 'logo', but their parents are different: 'header' and '' respectively. [] []
[2024-02-29T08:13:46.330657+00:00] main.INFO: Broken reference: the 'page.actions.toolbar' tries to reorder itself towards '', but their parents are different: 'page.main.actions' and '' respectively. [] []
[2024-02-29T08:13:46.331231+00:00] main.INFO: Broken reference: the 'header.inner.left' tries to reorder itself towards '', but their parents are different: 'header' and '' respectively. [] []
[2024-02-29T08:13:46.331764+00:00] main.INFO: Broken reference: the 'header.inner.right' tries to reorder itself towards 'header.inner.left', but their parents are different: 'header' and '' respectively. [] []
[2024-02-29T08:13:46.332304+00:00] main.INFO: Broken reference: the 'notification.messages' tries to reorder itself towards 'user', but their parents are different: 'header.inner.right' and '' respectively. [] []
[2024-02-29T08:13:54.467204+00:00] main.INFO: Broken reference: the 'notification.messages' tries to reorder itself towards 'user', but their parents are different: 'header.inner.right' and 'header' respectively. [] []
[2024-02-29T08:14:01.547464+00:00] main.INFO: Broken reference: the 'notification.messages' tries to reorder itself towards 'user', but their parents are different: 'header.inner.right' and 'header' respectively. [] []
[2024-02-29T08:14:21.683903+00:00] main.INFO: Broken reference: the 'notification.messages' tries to reorder itself towards 'user', but their parents are different: 'header.inner.right' and 'header' respectively. [] []
[2024-02-29T08:14:59.795419+00:00] main.INFO: Broken reference: the 'notification.messages' tries to reorder itself towards 'user', but their parents are different: 'header.inner.right' and 'header' respectively. [] []
[2024-02-29T08:15:30.141296+00:00] main.INFO: Broken reference: the 'notification.messages' tries to reorder itself towards 'user', but their parents are different: 'header.inner.right' and 'header' respectively. [] []
[2024-02-29T08:15:37.545744+00:00] main.INFO: Broken reference: the 'notification.messages' tries to reorder itself towards 'user', but their parents are different: 'header.inner.right' and 'header' respectively. [] []
[2024-02-29T08:15:37.771177+00:00] main.INFO: Item Magento_Backend::system_currency was removed [] []
[2024-02-29T08:15:37.775821+00:00] main.INFO: Add of item with id Magento_Config::system_config was processed [] []
[2024-02-29T08:15:37.776403+00:00] main.INFO: Add of item with id Magento_AdminNotification::system_adminnotification was processed [] []
[2024-02-29T08:15:37.776976+00:00] main.INFO: Add of item with id Magento_Theme::design_config was processed [] []
[2024-02-29T08:15:37.777476+00:00] main.INFO: Add of item with id Magento_Theme::system_design_theme was processed [] []
[2024-02-29T08:15:37.777967+00:00] main.INFO: Add of item with id Magento_Backend::system_design_schedule was processed [] []
[2024-02-29T08:15:37.778453+00:00] main.INFO: Add of item with id Magento_Backend::system_store was processed [] []
[2024-02-29T08:15:37.778944+00:00] main.INFO: Add of item with id Magento_Backend::dashboard was processed [] []
[2024-02-29T08:15:37.779517+00:00] main.INFO: Add of item with id Magento_Backend::system was processed [] []
[2024-02-29T08:15:37.780021+00:00] main.INFO: Add of item with id Magento_Backend::system_tools was processed [] []
[2024-02-29T08:15:37.780611+00:00] main.INFO: Add of item with id Magento_Backend::system_design was processed [] []
[2024-02-29T08:15:37.781198+00:00] main.INFO: Add of item with id Magento_Backend::system_convert was processed [] []
[2024-02-29T08:15:37.781748+00:00] main.INFO: Add of item with id Magento_Backend::system_cache was processed [] []
[2024-02-29T08:15:37.782238+00:00] main.INFO: Add of item with id Magento_Backend::marketing was processed [] []
[2024-02-29T08:15:37.782999+00:00] main.INFO: Add of item with id Magento_Backend::marketing_communications was processed [] []
[2024-02-29T08:15:37.783520+00:00] main.INFO: Add of item with id Magento_Backend::marketing_seo was processed [] []
[2024-02-29T08:15:37.784012+00:00] main.INFO: Add of item with id Magento_Backend::marketing_user_content was processed [] []
[2024-02-29T08:15:37.784785+00:00] main.INFO: Add of item with id Magento_Backend::content was processed [] []
[2024-02-29T08:15:37.785882+00:00] main.INFO: Add of item with id Magento_Backend::content_elements was processed [] []
[2024-02-29T08:15:37.786620+00:00] main.INFO: Add of item with id Magento_Backend::stores was processed [] []
[2024-02-29T08:15:37.787706+00:00] main.INFO: Add of item with id Magento_Backend::stores_settings was processed [] []
[2024-02-29T08:15:37.788324+00:00] main.INFO: Add of item with id Magento_Backend::stores_attributes was processed [] []
[2024-02-29T08:15:37.788893+00:00] main.INFO: Add of item with id Magento_Backend::other_settings was processed [] []
[2024-02-29T08:15:37.789469+00:00] main.INFO: Add of item with id Magento_Backend::system_other_settings was processed [] []
[2024-02-29T08:15:37.789972+00:00] main.INFO: Add of item with id Magento_User::system_acl was processed [] []
[2024-02-29T08:15:37.790480+00:00] main.INFO: Add of item with id Magento_User::system_acl_users was processed [] []
[2024-02-29T08:15:37.791050+00:00] main.INFO: Add of item with id Magento_User::system_acl_roles was processed [] []
[2024-02-29T08:15:37.791544+00:00] main.INFO: Add of item with id Magento_User::system_acl_locks was processed [] []
[2024-02-29T08:15:37.792092+00:00] main.INFO: Add of item with id Magento_Customer::customer was processed [] []
[2024-02-29T08:15:37.792656+00:00] main.INFO: Add of item with id Magento_Customer::customer_manage was processed [] []
[2024-02-29T08:15:37.793267+00:00] main.INFO: Add of item with id Magento_Customer::customer_online was processed [] []
[2024-02-29T08:15:37.793852+00:00] main.INFO: Add of item with id Magento_Customer::customer_group was processed [] []
[2024-02-29T08:15:37.794487+00:00] main.INFO: Add of item with id Magento_Backup::system_tools_backup was processed [] []
[2024-02-29T08:15:37.794981+00:00] main.INFO: Add of item with id Magento_Indexer::system_index was processed [] []
[2024-02-29T08:15:37.795582+00:00] main.INFO: Add of item with id Magento_Variable::system_variable was processed [] []
[2024-02-29T08:15:37.796241+00:00] main.INFO: Add of item with id Magento_Cms::cms_page was processed [] []
[2024-02-29T08:15:37.796799+00:00] main.INFO: Add of item with id Magento_Cms::cms_block was processed [] []
[2024-02-29T08:15:37.797397+00:00] main.INFO: Add of item with id Magento_Search::search_terms was processed [] []
[2024-02-29T08:15:37.797890+00:00] main.INFO: Add of item with id Magento_Search::search_synonyms was processed [] []
[2024-02-29T08:15:37.798507+00:00] main.INFO: Add of item with id Magento_Catalog::catalog was processed [] []
[2024-02-29T08:15:37.799076+00:00] main.INFO: Add of item with id Magento_Catalog::catalog_products was processed [] []
[2024-02-29T08:15:37.799591+00:00] main.INFO: Add of item with id Magento_Catalog::catalog_categories was processed [] []
[2024-02-29T08:15:37.800136+00:00] main.INFO: Add of item with id Magento_Catalog::catalog_attributes_attributes was processed [] []
[2024-02-29T08:15:37.800699+00:00] main.INFO: Add of item with id Magento_Catalog::catalog_attributes_sets was processed [] []
[2024-02-29T08:15:37.801212+00:00] main.INFO: Add of item with id Magento_Catalog::inventory was processed [] []
[2024-02-29T08:15:37.801702+00:00] main.INFO: Add of item with id Magento_CatalogRule::promo was processed [] []
[2024-02-29T08:15:37.802199+00:00] main.INFO: Add of item with id Magento_CatalogRule::promo_catalog was processed [] []
[2024-02-29T08:15:37.802877+00:00] main.INFO: Add of item with id Magento_MediaGalleryUi::media was processed [] []
[2024-02-29T08:15:37.803505+00:00] main.INFO: Add of item with id Magento_MediaGalleryUi::media_gallery was processed [] []
[2024-02-29T08:15:37.803997+00:00] main.INFO: Add of item with id Magento_Integration::system_extensions was processed [] []
[2024-02-29T08:15:37.804491+00:00] main.INFO: Add of item with id Magento_Integration::system_integrations was processed [] []
[2024-02-29T08:15:37.805060+00:00] main.INFO: Add of item with id Magento_Sales::sales was processed [] []
[2024-02-29T08:15:37.805656+00:00] main.INFO: Add of item with id Magento_Sales::sales_operation was processed [] []
[2024-02-29T08:15:37.806159+00:00] main.INFO: Add of item with id Magento_Sales::sales_order was processed [] []
[2024-02-29T08:15:37.806648+00:00] main.INFO: Add of item with id Magento_Sales::sales_invoice was processed [] []
[2024-02-29T08:15:37.807131+00:00] main.INFO: Add of item with id Magento_Sales::sales_shipment was processed [] []
[2024-02-29T08:15:37.807663+00:00] main.INFO: Add of item with id Magento_Sales::sales_creditmemo was processed [] []
[2024-02-29T08:15:37.808166+00:00] main.INFO: Add of item with id Magento_Sales::sales_transactions was processed [] []
[2024-02-29T08:15:37.808649+00:00] main.INFO: Add of item with id Magento_Sales::system_order_statuses was processed [] []
[2024-02-29T08:15:37.809130+00:00] main.INFO: Add of item with id Magento_Widget::cms_widget_instance was processed [] []
[2024-02-29T08:15:37.809735+00:00] main.INFO: Add of item with id Magento_Analytics::business_intelligence was processed [] []
[2024-02-29T08:15:37.810281+00:00] main.INFO: Add of item with id Magento_Analytics::advanced_reporting was processed [] []
[2024-02-29T08:15:37.810788+00:00] main.INFO: Add of item with id Magento_Analytics::bi_essentials was processed [] []
[2024-02-29T08:15:37.811315+00:00] main.INFO: Add of item with id Magento_Downloadable::report_products_downloads was processed [] []
[2024-02-29T08:15:37.811815+00:00] main.INFO: Add of item with id Magento_ImportExport::system_convert_import was processed [] []
[2024-02-29T08:15:37.812304+00:00] main.INFO: Add of item with id Magento_ImportExport::system_convert_export was processed [] []
[2024-02-29T08:15:37.812812+00:00] main.INFO: Add of item with id Magento_ImportExport::system_convert_history was processed [] []
[2024-02-29T08:15:37.813317+00:00] main.INFO: Add of item with id Magento_Email::template was processed [] []
[2024-02-29T08:15:37.813824+00:00] main.INFO: Add of item with id Magento_EncryptionKey::system_crypt_key was processed [] []
[2024-02-29T08:15:37.814313+00:00] main.INFO: Add of item with id Magento_InventoryAdminUi::inventory was processed [] []
[2024-02-29T08:15:37.814985+00:00] main.INFO: Add of item with id Magento_InventoryAdminUi::source was processed [] []
[2024-02-29T08:15:37.815538+00:00] main.INFO: Add of item with id Magento_InventoryAdminUi::stock was processed [] []
[2024-02-29T08:15:37.816035+00:00] main.INFO: Add of item with id Magento_Reports::report was processed [] []
[2024-02-29T08:15:37.816542+00:00] main.INFO: Add of item with id Magento_Reports::report_marketing was processed [] []
[2024-02-29T08:15:37.817040+00:00] main.INFO: Add of item with id Magento_Reports::report_salesroot was processed [] []
[2024-02-29T08:15:37.817541+00:00] main.INFO: Add of item with id Magento_Reports::report_salesroot_sales was processed [] []
[2024-02-29T08:15:37.818035+00:00] main.INFO: Add of item with id Magento_Reports::report_salesroot_tax was processed [] []
[2024-02-29T08:15:37.818522+00:00] main.INFO: Add of item with id Magento_Reports::report_salesroot_invoiced was processed [] []
[2024-02-29T08:15:37.819005+00:00] main.INFO: Add of item with id Magento_Reports::report_salesroot_shipping was processed [] []
[2024-02-29T08:15:37.819486+00:00] main.INFO: Add of item with id Magento_Reports::report_salesroot_refunded was processed [] []
[2024-02-29T08:15:37.820047+00:00] main.INFO: Add of item with id Magento_Reports::report_salesroot_coupons was processed [] []
[2024-02-29T08:15:37.820607+00:00] main.INFO: Add of item with id Magento_Reports::report_shopcart_product was processed [] []
[2024-02-29T08:15:37.821437+00:00] main.INFO: Add of item with id Magento_Reports::report_shopcart_abandoned was processed [] []
[2024-02-29T08:15:37.822767+00:00] main.INFO: Add of item with id Magento_Reports::report_products was processed [] []
[2024-02-29T08:15:37.823365+00:00] main.INFO: Add of item with id Magento_Reports::report_products_bestsellers was processed [] []
[2024-02-29T08:15:37.823870+00:00] main.INFO: Add of item with id Magento_Reports::report_products_sold was processed [] []
[2024-02-29T08:15:37.824360+00:00] main.INFO: Add of item with id Magento_Reports::report_products_viewed was processed [] []
[2024-02-29T08:15:37.825091+00:00] main.INFO: Add of item with id Magento_Reports::report_products_lowstock was processed [] []
[2024-02-29T08:15:37.825775+00:00] main.INFO: Add of item with id Magento_Reports::report_customers was processed [] []
[2024-02-29T08:15:37.826366+00:00] main.INFO: Add of item with id Magento_Reports::report_customers_accounts was processed [] []
[2024-02-29T08:15:37.827004+00:00] main.INFO: Add of item with id Magento_Reports::report_customers_totals was processed [] []
[2024-02-29T08:15:37.827656+00:00] main.INFO: Add of item with id Magento_Reports::report_customers_orders was processed [] []
[2024-02-29T08:15:37.828204+00:00] main.INFO: Add of item with id Magento_Reports::report_statistics was processed [] []
[2024-02-29T08:15:37.828791+00:00] main.INFO: Add of item with id Magento_Reports::report_statistics_refresh was processed [] []
[2024-02-29T08:15:37.829301+00:00] main.INFO: Add of item with id Magento_Search::report_search_term was processed [] []
[2024-02-29T08:15:37.829864+00:00] main.INFO: Add of item with id Magento_LoginAsCustomerLog::login_log was processed [] []
[2024-02-29T08:15:37.830435+00:00] main.INFO: Add of item with id Magento_Marketplace::partners was processed [] []
[2024-02-29T08:15:37.830938+00:00] main.INFO: Add of item with id Magento_Newsletter::newsletter_template was processed [] []
[2024-02-29T08:15:37.831426+00:00] main.INFO: Add of item with id Magento_Newsletter::newsletter_queue was processed [] []
[2024-02-29T08:15:37.832020+00:00] main.INFO: Add of item with id Magento_Newsletter::newsletter_subscriber was processed [] []
[2024-02-29T08:15:37.832661+00:00] main.INFO: Add of item with id Magento_Newsletter::newsletter_problem was processed [] []
[2024-02-29T08:15:37.833162+00:00] main.INFO: Add of item with id Magento_SalesRule::promo_quote was processed [] []
[2024-02-29T08:15:37.833744+00:00] main.INFO: Add of item with id Magento_Sitemap::catalog_sitemap was processed [] []
[2024-02-29T08:15:37.834314+00:00] main.INFO: Add of item with id Magento_PageBuilder::templates was processed [] []
[2024-02-29T08:15:37.834805+00:00] main.INFO: Add of item with id Magento_Paypal::report_salesroot_paypal_settlement_reports was processed [] []
[2024-02-29T08:15:37.835352+00:00] main.INFO: Add of item with id Magento_Paypal::paypal_billing_agreement was processed [] []
[2024-02-29T08:15:37.835844+00:00] main.INFO: Add of item with id Magento_CheckoutAgreements::sales_checkoutagreement was processed [] []
[2024-02-29T08:15:37.836332+00:00] main.INFO: Add of item with id Magento_Review::catalog_reviews_ratings_ratings was processed [] []
[2024-02-29T08:15:37.836836+00:00] main.INFO: Add of item with id Magento_Review::catalog_reviews_ratings_pending was processed [] []
[2024-02-29T08:15:37.837335+00:00] main.INFO: Add of item with id Magento_Review::catalog_reviews_ratings_reviews_all was processed [] []
[2024-02-29T08:15:37.837852+00:00] main.INFO: Add of item with id Magento_Review::report_review was processed [] []
[2024-02-29T08:15:37.838356+00:00] main.INFO: Add of item with id Magento_Review::report_review_customer was processed [] []
[2024-02-29T08:15:37.839008+00:00] main.INFO: Add of item with id Magento_Review::report_review_product was processed [] []
[2024-02-29T08:15:37.839662+00:00] main.INFO: Add of item with id Magento_UrlRewrite::urlrewrite was processed [] []
[2024-02-29T08:15:37.840169+00:00] main.INFO: Add of item with id Magento_Tax::sales_tax was processed [] []
[2024-02-29T08:15:37.840766+00:00] main.INFO: Add of item with id Magento_Tax::sales_tax_rules was processed [] []
[2024-02-29T08:15:37.841310+00:00] main.INFO: Add of item with id Magento_Tax::sales_tax_rates was processed [] []
[2024-02-29T08:15:37.841875+00:00] main.INFO: Add of item with id Magento_TaxImportExport::system_convert_tax was processed [] []
[2024-02-29T08:15:37.842366+00:00] main.INFO: Add of item with id Magento_AsynchronousOperations::system_magento_logging was processed [] []
[2024-02-29T08:15:37.842930+00:00] main.INFO: Add of item with id Magento_AsynchronousOperations::system_magento_logging_bulk_operations was processed [] []
[2024-02-29T08:15:37.843426+00:00] main.INFO: Add of item with id Magento_CurrencySymbol::system_currency was processed [] []
[2024-02-29T08:15:37.844016+00:00] main.INFO: Add of item with id Magento_CurrencySymbol::system_currency_rates was processed [] []
[2024-02-29T08:15:37.844616+00:00] main.INFO: Add of item with id Magento_CurrencySymbol::system_currency_symbols was processed [] []
[2024-02-29T08:15:37.845224+00:00] main.INFO: Add of item with id PayPal_Braintree::settlement_report was processed [] []
[2024-02-29T08:15:37.845896+00:00] main.INFO: Add of item with id PayPal_Braintree::virtual_terminal was processed [] []
[2024-02-29T09:04:40.511521+00:00] main.INFO: Broken reference: the 'catalog.compare.sidebar' element cannot be added as child to 'sidebar.additional', because the latter doesn't exist [] []
[2024-02-29T09:04:40.512257+00:00] main.INFO: Broken reference: the 'sale.reorder.sidebar' element cannot be added as child to 'sidebar.additional', because the latter doesn't exist [] []
[2024-02-29T09:04:40.513158+00:00] main.INFO: Broken reference: the 'wishlist_sidebar' element cannot be added as child to 'sidebar.additional', because the latter doesn't exist [] []
[2024-02-29T09:04:40.514750+00:00] main.INFO: Broken reference: the 'skip_gallery_before' tries to reorder itself towards 'product.info.media.image', but their parents are different: 'skip_gallery_before.wrapper' and 'product.info.media' respectively. [] []
[2024-02-29T09:04:40.515320+00:00] main.INFO: Broken reference: the 'skip_gallery_after' tries to reorder itself towards 'product.info.media.image', but their parents are different: 'skip_gallery_after.wrapper' and 'product.info.media' respectively. [] []
[2024-02-29T09:05:38.277844+00:00] main.INFO: Broken reference: the 'catalog.compare.sidebar' element cannot be added as child to 'sidebar.additional', because the latter doesn't exist [] []
[2024-02-29T09:05:38.278576+00:00] main.INFO: Broken reference: the 'sale.reorder.sidebar' element cannot be added as child to 'sidebar.additional', because the latter doesn't exist [] []
[2024-02-29T09:05:38.279300+00:00] main.INFO: Broken reference: the 'wishlist_sidebar' element cannot be added as child to 'sidebar.additional', because the latter doesn't exist [] []
[2024-02-29T09:05:38.280835+00:00] main.INFO: Broken reference: the 'skip_gallery_before' tries to reorder itself towards 'product.info.media.image', but their parents are different: 'skip_gallery_before.wrapper' and 'product.info.media' respectively. [] []
[2024-02-29T09:05:38.281349+00:00] main.INFO: Broken reference: the 'skip_gallery_after' tries to reorder itself towards 'product.info.media.image', but their parents are different: 'skip_gallery_after.wrapper' and 'product.info.media' respectively. [] []
[2024-03-05T11:37:08.222345+00:00] main.INFO: Broken reference: the 'catalog.compare.sidebar' element cannot be added as child to 'sidebar.additional', because the latter doesn't exist [] []
[2024-03-05T11:37:08.227456+00:00] main.INFO: Broken reference: the 'sale.reorder.sidebar' element cannot be added as child to 'sidebar.additional', because the latter doesn't exist [] []
[2024-03-05T11:37:08.228236+00:00] main.INFO: Broken reference: the 'wishlist_sidebar' element cannot be added as child to 'sidebar.additional', because the latter doesn't exist [] []
[2024-03-05T11:37:22.750828+00:00] main.INFO: Broken reference: the 'catalog.compare.sidebar' element cannot be added as child to 'sidebar.additional', because the latter doesn't exist [] []
[2024-03-05T11:37:22.751474+00:00] main.INFO: Broken reference: the 'sale.reorder.sidebar' element cannot be added as child to 'sidebar.additional', because the latter doesn't exist [] []
[2024-03-05T11:37:22.752193+00:00] main.INFO: Broken reference: the 'wishlist_sidebar' element cannot be added as child to 'sidebar.additional', because the latter doesn't exist [] []
[2024-03-07T16:19:57.879884+00:00] main.INFO: Broken reference: the 'tracking' element cannot be added as child to 'header', because the latter doesn't exist [] []
[2024-03-07T16:19:57.883408+00:00] main.INFO: Broken reference: the 'notification_area' element cannot be added as child to 'notifications', because the latter doesn't exist [] []
[2024-03-07T16:19:57.883937+00:00] main.INFO: Broken reference: the 'unread_system_messages' element cannot be added as child to 'notifications', because the latter doesn't exist [] []
[2024-03-07T16:19:57.884458+00:00] main.INFO: Broken reference: the 'notification_window' element cannot be added as child to 'notifications', because the latter doesn't exist [] []
[2024-03-07T16:19:57.885168+00:00] main.INFO: Broken reference: the 'notification.messages' element cannot be added as child to 'header', because the latter doesn't exist [] []
[2024-03-07T16:19:57.885874+00:00] main.INFO: Broken reference: the 'global_notices' element cannot be added as child to 'global.notices', because the latter doesn't exist [] []
[2024-03-07T16:19:57.886536+00:00] main.INFO: Broken reference: the 'logo' element cannot be added as child to 'header', because the latter doesn't exist [] []
[2024-03-07T16:19:57.887091+00:00] main.INFO: Broken reference: the 'global.search' element cannot be added as child to 'header', because the latter doesn't exist [] []
[2024-03-07T16:19:57.887575+00:00] main.INFO: Broken reference: the 'user' element cannot be added as child to 'header', because the latter doesn't exist [] []
[2024-03-07T16:19:57.888043+00:00] main.INFO: Broken reference: the 'menu' element cannot be added as child to 'page.menu', because the latter doesn't exist [] []
[2024-03-07T16:19:57.888497+00:00] main.INFO: Broken reference: the 'breadcrumbs' element cannot be added as child to 'page.breadcrumbs', because the latter doesn't exist [] []
[2024-03-07T16:19:57.888949+00:00] main.INFO: Broken reference: the 'formkey' element cannot be added as child to 'page.formkey', because the latter doesn't exist [] []
[2024-03-07T16:19:57.889452+00:00] main.INFO: Broken reference: the 'page.title' element cannot be added as child to 'main.top', because the latter doesn't exist [] []
[2024-03-07T16:19:57.889914+00:00] main.INFO: Broken reference: the 'messages' element cannot be added as child to 'page.messages', because the latter doesn't exist [] []
[2024-03-07T16:19:57.890364+00:00] main.INFO: Broken reference: the 'page.actions.toolbar' element cannot be added as child to 'page.main.actions', because the latter doesn't exist [] []
[2024-03-07T16:19:57.890816+00:00] main.INFO: Broken reference: the 'legal' element cannot be added as child to 'footer', because the latter doesn't exist [] []
[2024-03-07T16:19:57.891367+00:00] main.INFO: Broken reference: the 'header.inner.left' element cannot be added as child to 'header', because the latter doesn't exist [] []
[2024-03-07T16:19:57.891826+00:00] main.INFO: Broken reference: the 'header.inner.right' element cannot be added as child to 'header', because the latter doesn't exist [] []
[2024-03-07T16:19:57.892340+00:00] main.INFO: Broken reference: the 'user' tries to reorder itself towards '', but their parents are different: 'header' and '' respectively. [] []
[2024-03-07T16:19:57.892792+00:00] main.INFO: Broken reference: the 'notification.messages' tries to reorder itself towards 'user', but their parents are different: 'header' and '' respectively. [] []
[2024-03-07T16:19:57.893242+00:00] main.INFO: Broken reference: the 'logo' tries to reorder itself towards '', but their parents are different: 'header' and '' respectively. [] []
[2024-03-07T16:19:57.893690+00:00] main.INFO: Broken reference: the 'global.search' tries to reorder itself towards 'logo', but their parents are different: 'header' and '' respectively. [] []
[2024-03-07T16:19:57.894136+00:00] main.INFO: Broken reference: the 'page.actions.toolbar' tries to reorder itself towards '', but their parents are different: 'page.main.actions' and '' respectively. [] []
[2024-03-07T16:19:57.894641+00:00] main.INFO: Broken reference: the 'header.inner.left' tries to reorder itself towards '', but their parents are different: 'header' and '' respectively. [] []
[2024-03-07T16:19:57.895106+00:00] main.INFO: Broken reference: the 'header.inner.right' tries to reorder itself towards 'header.inner.left', but their parents are different: 'header' and '' respectively. [] []
[2024-03-07T16:19:57.895569+00:00] main.INFO: Broken reference: the 'notification.messages' tries to reorder itself towards 'user', but their parents are different: 'header.inner.right' and '' respectively. [] []
[2024-03-07T16:20:08.047162+00:00] main.INFO: Broken reference: the 'notification.messages' tries to reorder itself towards 'user', but their parents are different: 'header.inner.right' and 'header' respectively. [] []
[2024-03-07T16:20:31.808574+00:00] main.INFO: Broken reference: the 'notification.messages' tries to reorder itself towards 'user', but their parents are different: 'header.inner.right' and 'header' respectively. [] []
[2024-03-07T16:20:56.891397+00:00] main.INFO: Broken reference: the 'notification.messages' tries to reorder itself towards 'user', but their parents are different: 'header.inner.right' and 'header' respectively. [] []
[2024-03-08T11:49:28.296187+00:00] main.INFO: Broken reference: the 'tracking' element cannot be added as child to 'header', because the latter doesn't exist [] []
[2024-03-08T11:49:28.298912+00:00] main.INFO: Broken reference: the 'notification_area' element cannot be added as child to 'notifications', because the latter doesn't exist [] []
[2024-03-08T11:49:28.299408+00:00] main.INFO: Broken reference: the 'unread_system_messages' element cannot be added as child to 'notifications', because the latter doesn't exist [] []
[2024-03-08T11:49:28.299974+00:00] main.INFO: Broken reference: the 'notification_window' element cannot be added as child to 'notifications', because the latter doesn't exist [] []
[2024-03-08T11:49:28.300503+00:00] main.INFO: Broken reference: the 'notification.messages' element cannot be added as child to 'header', because the latter doesn't exist [] []
[2024-03-08T11:49:28.300966+00:00] main.INFO: Broken reference: the 'global_notices' element cannot be added as child to 'global.notices', because the latter doesn't exist [] []
[2024-03-08T11:49:28.301412+00:00] main.INFO: Broken reference: the 'logo' element cannot be added as child to 'header', because the latter doesn't exist [] []
[2024-03-08T11:49:28.301861+00:00] main.INFO: Broken reference: the 'global.search' element cannot be added as child to 'header', because the latter doesn't exist [] []
[2024-03-08T11:49:28.302308+00:00] main.INFO: Broken reference: the 'user' element cannot be added as child to 'header', because the latter doesn't exist [] []
[2024-03-08T11:49:28.302756+00:00] main.INFO: Broken reference: the 'menu' element cannot be added as child to 'page.menu', because the latter doesn't exist [] []
[2024-03-08T11:49:28.303213+00:00] main.INFO: Broken reference: the 'breadcrumbs' element cannot be added as child to 'page.breadcrumbs', because the latter doesn't exist [] []
[2024-03-08T11:49:28.303686+00:00] main.INFO: Broken reference: the 'formkey' element cannot be added as child to 'page.formkey', because the latter doesn't exist [] []
[2024-03-08T11:49:28.304142+00:00] main.INFO: Broken reference: the 'page.title' element cannot be added as child to 'main.top', because the latter doesn't exist [] []
[2024-03-08T11:49:28.304590+00:00] main.INFO: Broken reference: the 'messages' element cannot be added as child to 'page.messages', because the latter doesn't exist [] []
[2024-03-08T11:49:28.305035+00:00] main.INFO: Broken reference: the 'page.actions.toolbar' element cannot be added as child to 'page.main.actions', because the latter doesn't exist [] []
[2024-03-08T11:49:28.305484+00:00] main.INFO: Broken reference: the 'legal' element cannot be added as child to 'footer', because the latter doesn't exist [] []
[2024-03-08T11:49:28.306032+00:00] main.INFO: Broken reference: the 'header.inner.left' element cannot be added as child to 'header', because the latter doesn't exist [] []
[2024-03-08T11:49:28.306490+00:00] main.INFO: Broken reference: the 'header.inner.right' element cannot be added as child to 'header', because the latter doesn't exist [] []
[2024-03-08T11:49:28.307186+00:00] main.INFO: Broken reference: the 'user' tries to reorder itself towards '', but their parents are different: 'header' and '' respectively. [] []
[2024-03-08T11:49:28.307811+00:00] main.INFO: Broken reference: the 'notification.messages' tries to reorder itself towards 'user', but their parents are different: 'header' and '' respectively. [] []
[2024-03-08T11:49:28.308283+00:00] main.INFO: Broken reference: the 'logo' tries to reorder itself towards '', but their parents are different: 'header' and '' respectively. [] []
[2024-03-08T11:49:28.308733+00:00] main.INFO: Broken reference: the 'global.search' tries to reorder itself towards 'logo', but their parents are different: 'header' and '' respectively. [] []
[2024-03-08T11:49:28.309271+00:00] main.INFO: Broken reference: the 'page.actions.toolbar' tries to reorder itself towards '', but their parents are different: 'page.main.actions' and '' respectively. [] []
[2024-03-08T11:49:28.309763+00:00] main.INFO: Broken reference: the 'header.inner.left' tries to reorder itself towards '', but their parents are different: 'header' and '' respectively. [] []
[2024-03-08T11:49:28.310633+00:00] main.INFO: Broken reference: the 'header.inner.right' tries to reorder itself towards 'header.inner.left', but their parents are different: 'header' and '' respectively. [] []
[2024-03-08T11:49:28.311248+00:00] main.INFO: Broken reference: the 'notification.messages' tries to reorder itself towards 'user', but their parents are different: 'header.inner.right' and '' respectively. [] []
[2024-03-08T11:49:37.138109+00:00] main.INFO: Broken reference: the 'notification.messages' tries to reorder itself towards 'user', but their parents are different: 'header.inner.right' and 'header' respectively. [] []
[2024-03-08T11:49:44.888024+00:00] main.INFO: Broken reference: the 'notification.messages' tries to reorder itself towards 'user', but their parents are different: 'header.inner.right' and 'header' respectively. [] []
[2024-03-08T11:49:47.971051+00:00] main.INFO: Broken reference: the 'notification.messages' tries to reorder itself towards 'user', but their parents are different: 'header.inner.right' and 'header' respectively. [] []
[2024-03-14T15:56:41.939833+00:00] main.INFO: Broken reference: the 'tracking' element cannot be added as child to 'header', because the latter doesn't exist [] []
[2024-03-14T15:56:41.942307+00:00] main.INFO: Broken reference: the 'notification_area' element cannot be added as child to 'notifications', because the latter doesn't exist [] []
[2024-03-14T15:56:41.942707+00:00] main.INFO: Broken reference: the 'unread_system_messages' element cannot be added as child to 'notifications', because the latter doesn't exist [] []
[2024-03-14T15:56:41.943096+00:00] main.INFO: Broken reference: the 'notification_window' element cannot be added as child to 'notifications', because the latter doesn't exist [] []
[2024-03-14T15:56:41.943500+00:00] main.INFO: Broken reference: the 'notification.messages' element cannot be added as child to 'header', because the latter doesn't exist [] []
[2024-03-14T15:56:41.943870+00:00] main.INFO: Broken reference: the 'global_notices' element cannot be added as child to 'global.notices', because the latter doesn't exist [] []
[2024-03-14T15:56:41.944233+00:00] main.INFO: Broken reference: the 'logo' element cannot be added as child to 'header', because the latter doesn't exist [] []
[2024-03-14T15:56:41.944621+00:00] main.INFO: Broken reference: the 'global.search' element cannot be added as child to 'header', because the latter doesn't exist [] []
[2024-03-14T15:56:41.944983+00:00] main.INFO: Broken reference: the 'user' element cannot be added as child to 'header', because the latter doesn't exist [] []
[2024-03-14T15:56:41.945345+00:00] main.INFO: Broken reference: the 'menu' element cannot be added as child to 'page.menu', because the latter doesn't exist [] []
[2024-03-14T15:56:41.945705+00:00] main.INFO: Broken reference: the 'breadcrumbs' element cannot be added as child to 'page.breadcrumbs', because the latter doesn't exist [] []
[2024-03-14T15:56:41.946092+00:00] main.INFO: Broken reference: the 'formkey' element cannot be added as child to 'page.formkey', because the latter doesn't exist [] []
[2024-03-14T15:56:41.946454+00:00] main.INFO: Broken reference: the 'page.title' element cannot be added as child to 'main.top', because the latter doesn't exist [] []
[2024-03-14T15:56:41.946834+00:00] main.INFO: Broken reference: the 'messages' element cannot be added as child to 'page.messages', because the latter doesn't exist [] []
[2024-03-14T15:56:41.947200+00:00] main.INFO: Broken reference: the 'page.actions.toolbar' element cannot be added as child to 'page.main.actions', because the latter doesn't exist [] []
[2024-03-14T15:56:41.947573+00:00] main.INFO: Broken reference: the 'legal' element cannot be added as child to 'footer', because the latter doesn't exist [] []
[2024-03-14T15:56:41.948067+00:00] main.INFO: Broken reference: the 'header.inner.left' element cannot be added as child to 'header', because the latter doesn't exist [] []
[2024-03-14T15:56:41.948444+00:00] main.INFO: Broken reference: the 'header.inner.right' element cannot be added as child to 'header', because the latter doesn't exist [] []
[2024-03-14T15:56:41.948875+00:00] main.INFO: Broken reference: the 'user' tries to reorder itself towards '', but their parents are different: 'header' and '' respectively. [] []
[2024-03-14T15:56:41.949263+00:00] main.INFO: Broken reference: the 'notification.messages' tries to reorder itself towards 'user', but their parents are different: 'header' and '' respectively. [] []
[2024-03-14T15:56:41.949631+00:00] main.INFO: Broken reference: the 'logo' tries to reorder itself towards '', but their parents are different: 'header' and '' respectively. [] []
[2024-03-14T15:56:41.950015+00:00] main.INFO: Broken reference: the 'global.search' tries to reorder itself towards 'logo', but their parents are different: 'header' and '' respectively. [] []
[2024-03-14T15:56:41.950378+00:00] main.INFO: Broken reference: the 'page.actions.toolbar' tries to reorder itself towards '', but their parents are different: 'page.main.actions' and '' respectively. [] []
[2024-03-14T15:56:41.950812+00:00] main.INFO: Broken reference: the 'header.inner.left' tries to reorder itself towards '', but their parents are different: 'header' and '' respectively. [] []
[2024-03-14T15:56:41.951184+00:00] main.INFO: Broken reference: the 'header.inner.right' tries to reorder itself towards 'header.inner.left', but their parents are different: 'header' and '' respectively. [] []
[2024-03-14T15:56:41.951574+00:00] main.INFO: Broken reference: the 'notification.messages' tries to reorder itself towards 'user', but their parents are different: 'header.inner.right' and '' respectively. [] []
[2024-03-14T15:56:57.748856+00:00] main.INFO: Broken reference: the 'notification.messages' tries to reorder itself towards 'user', but their parents are different: 'header.inner.right' and 'header' respectively. [] []
[2024-03-14T15:57:03.681177+00:00] main.INFO: Broken reference: the 'notification.messages' tries to reorder itself towards 'user', but their parents are different: 'header.inner.right' and 'header' respectively. [] []
[2024-03-14T15:57:28.514988+00:00] main.INFO: Broken reference: the 'notification.messages' tries to reorder itself towards 'user', but their parents are different: 'header.inner.right' and 'header' respectively. [] []
[2024-03-14T15:59:29.634480+00:00] main.INFO: Broken reference: the 'notification.messages' tries to reorder itself towards 'user', but their parents are different: 'header.inner.right' and 'header' respectively. [] []
[2024-03-16T15:37:36.501094+00:00] main.INFO: Broken reference: the 'tracking' element cannot be added as child to 'header', because the latter doesn't exist [] []
[2024-03-16T15:37:36.505292+00:00] main.INFO: Broken reference: the 'notification_area' element cannot be added as child to 'notifications', because the latter doesn't exist [] []
[2024-03-16T15:37:36.506213+00:00] main.INFO: Broken reference: the 'unread_system_messages' element cannot be added as child to 'notifications', because the latter doesn't exist [] []
[2024-03-16T15:37:36.507099+00:00] main.INFO: Broken reference: the 'notification_window' element cannot be added as child to 'notifications', because the latter doesn't exist [] []
[2024-03-16T15:37:36.507982+00:00] main.INFO: Broken reference: the 'notification.messages' element cannot be added as child to 'header', because the latter doesn't exist [] []
[2024-03-16T15:37:36.508846+00:00] main.INFO: Broken reference: the 'global_notices' element cannot be added as child to 'global.notices', because the latter doesn't exist [] []
[2024-03-16T15:37:36.510248+00:00] main.INFO: Broken reference: the 'logo' element cannot be added as child to 'header', because the latter doesn't exist [] []
[2024-03-16T15:37:36.511564+00:00] main.INFO: Broken reference: the 'global.search' element cannot be added as child to 'header', because the latter doesn't exist [] []
[2024-03-16T15:37:36.512532+00:00] main.INFO: Broken reference: the 'user' element cannot be added as child to 'header', because the latter doesn't exist [] []
[2024-03-16T15:37:36.514703+00:00] main.INFO: Broken reference: the 'menu' element cannot be added as child to 'page.menu', because the latter doesn't exist [] []
[2024-03-16T15:37:36.516098+00:00] main.INFO: Broken reference: the 'breadcrumbs' element cannot be added as child to 'page.breadcrumbs', because the latter doesn't exist [] []
[2024-03-16T15:37:36.517489+00:00] main.INFO: Broken reference: the 'formkey' element cannot be added as child to 'page.formkey', because the latter doesn't exist [] []
[2024-03-16T15:37:36.518494+00:00] main.INFO: Broken reference: the 'page.title' element cannot be added as child to 'main.top', because the latter doesn't exist [] []
[2024-03-16T15:37:36.519364+00:00] main.INFO: Broken reference: the 'messages' element cannot be added as child to 'page.messages', because the latter doesn't exist [] []
[2024-03-16T15:37:36.520458+00:00] main.INFO: Broken reference: the 'page.actions.toolbar' element cannot be added as child to 'page.main.actions', because the latter doesn't exist [] []
[2024-03-16T15:37:36.521504+00:00] main.INFO: Broken reference: the 'legal' element cannot be added as child to 'footer', because the latter doesn't exist [] []
[2024-03-16T15:37:36.522569+00:00] main.INFO: Broken reference: the 'header.inner.left' element cannot be added as child to 'header', because the latter doesn't exist [] []
[2024-03-16T15:37:36.523511+00:00] main.INFO: Broken reference: the 'header.inner.right' element cannot be added as child to 'header', because the latter doesn't exist [] []
[2024-03-16T15:37:36.524588+00:00] main.INFO: Broken reference: the 'user' tries to reorder itself towards '', but their parents are different: 'header' and '' respectively. [] []
[2024-03-16T15:37:36.525573+00:00] main.INFO: Broken reference: the 'notification.messages' tries to reorder itself towards 'user', but their parents are different: 'header' and '' respectively. [] []
[2024-03-16T15:37:36.526534+00:00] main.INFO: Broken reference: the 'logo' tries to reorder itself towards '', but their parents are different: 'header' and '' respectively. [] []
[2024-03-16T15:37:36.527471+00:00] main.INFO: Broken reference: the 'global.search' tries to reorder itself towards 'logo', but their parents are different: 'header' and '' respectively. [] []
[2024-03-16T15:37:36.528386+00:00] main.INFO: Broken reference: the 'page.actions.toolbar' tries to reorder itself towards '', but their parents are different: 'page.main.actions' and '' respectively. [] []
[2024-03-16T15:37:36.529487+00:00] main.INFO: Broken reference: the 'header.inner.left' tries to reorder itself towards '', but their parents are different: 'header' and '' respectively. [] []
[2024-03-16T15:37:36.530474+00:00] main.INFO: Broken reference: the 'header.inner.right' tries to reorder itself towards 'header.inner.left', but their parents are different: 'header' and '' respectively. [] []
[2024-03-16T15:37:36.531403+00:00] main.INFO: Broken reference: the 'notification.messages' tries to reorder itself towards 'user', but their parents are different: 'header.inner.right' and '' respectively. [] []
[2024-03-25T17:16:40.576165+00:00] main.INFO: Broken reference: the 'catalog.compare.sidebar' element cannot be added as child to 'sidebar.additional', because the latter doesn't exist [] []
[2024-03-25T17:16:40.579116+00:00] main.INFO: Broken reference: the 'sale.reorder.sidebar' element cannot be added as child to 'sidebar.additional', because the latter doesn't exist [] []
[2024-03-25T17:16:40.579981+00:00] main.INFO: Broken reference: the 'wishlist_sidebar' element cannot be added as child to 'sidebar.additional', because the latter doesn't exist [] []
[2024-03-25T17:16:40.580557+00:00] main.INFO: Broken reference: the 'paypal.partner.right.logo' element cannot be added as child to 'sidebar.additional', because the latter doesn't exist [] []
[2024-03-25T17:16:40.581018+00:00] main.INFO: Broken reference: the 'bml.right.logo' element cannot be added as child to 'sidebar.additional', because the latter doesn't exist [] []
[2024-03-25T17:16:40.581468+00:00] main.INFO: Broken reference: the 'sidebar.container.paylater' element cannot be added as child to 'sidebar.additional', because the latter doesn't exist [] []
[2024-03-25T17:16:48.727187+00:00] main.INFO: Broken reference: the 'tracking' element cannot be added as child to 'header', because the latter doesn't exist [] []
[2024-03-25T17:16:48.727847+00:00] main.INFO: Broken reference: the 'notification_area' element cannot be added as child to 'notifications', because the latter doesn't exist [] []
[2024-03-25T17:16:48.728671+00:00] main.INFO: Broken reference: the 'unread_system_messages' element cannot be added as child to 'notifications', because the latter doesn't exist [] []
[2024-03-25T17:16:48.729411+00:00] main.INFO: Broken reference: the 'notification_window' element cannot be added as child to 'notifications', because the latter doesn't exist [] []
[2024-03-25T17:16:48.729883+00:00] main.INFO: Broken reference: the 'notification.messages' element cannot be added as child to 'header', because the latter doesn't exist [] []
[2024-03-25T17:16:48.730373+00:00] main.INFO: Broken reference: the 'global_notices' element cannot be added as child to 'global.notices', because the latter doesn't exist [] []
[2024-03-25T17:16:48.730886+00:00] main.INFO: Broken reference: the 'logo' element cannot be added as child to 'header', because the latter doesn't exist [] []
[2024-03-25T17:16:48.731379+00:00] main.INFO: Broken reference: the 'global.search' element cannot be added as child to 'header', because the latter doesn't exist [] []
[2024-03-25T17:16:48.732225+00:00] main.INFO: Broken reference: the 'user' element cannot be added as child to 'header', because the latter doesn't exist [] []
[2024-03-25T17:16:48.732754+00:00] main.INFO: Broken reference: the 'menu' element cannot be added as child to 'page.menu', because the latter doesn't exist [] []
[2024-03-25T17:16:48.733305+00:00] main.INFO: Broken reference: the 'breadcrumbs' element cannot be added as child to 'page.breadcrumbs', because the latter doesn't exist [] []
[2024-03-25T17:16:48.734196+00:00] main.INFO: Broken reference: the 'formkey' element cannot be added as child to 'page.formkey', because the latter doesn't exist [] []
[2024-03-25T17:16:48.735011+00:00] main.INFO: Broken reference: the 'page.title' element cannot be added as child to 'main.top', because the latter doesn't exist [] []
[2024-03-25T17:16:48.735763+00:00] main.INFO: Broken reference: the 'messages' element cannot be added as child to 'page.messages', because the latter doesn't exist [] []
[2024-03-25T17:16:48.736499+00:00] main.INFO: Broken reference: the 'page.actions.toolbar' element cannot be added as child to 'page.main.actions', because the latter doesn't exist [] []
[2024-03-25T17:16:48.737267+00:00] main.INFO: Broken reference: the 'legal' element cannot be added as child to 'footer', because the latter doesn't exist [] []
[2024-03-25T17:16:48.738155+00:00] main.INFO: Broken reference: the 'header.inner.left' element cannot be added as child to 'header', because the latter doesn't exist [] []
[2024-03-25T17:16:48.738907+00:00] main.INFO: Broken reference: the 'header.inner.right' element cannot be added as child to 'header', because the latter doesn't exist [] []
[2024-03-25T17:16:48.739741+00:00] main.INFO: Broken reference: the 'user' tries to reorder itself towards '', but their parents are different: 'header' and '' respectively. [] []
[2024-03-25T17:16:48.740444+00:00] main.INFO: Broken reference: the 'notification.messages' tries to reorder itself towards 'user', but their parents are different: 'header' and '' respectively. [] []
[2024-03-25T17:16:48.741148+00:00] main.INFO: Broken reference: the 'logo' tries to reorder itself towards '', but their parents are different: 'header' and '' respectively. [] []
[2024-03-25T17:16:48.741859+00:00] main.INFO: Broken reference: the 'global.search' tries to reorder itself towards 'logo', but their parents are different: 'header' and '' respectively. [] []
[2024-03-25T17:16:48.742577+00:00] main.INFO: Broken reference: the 'page.actions.toolbar' tries to reorder itself towards '', but their parents are different: 'page.main.actions' and '' respectively. [] []
[2024-03-25T17:16:48.743318+00:00] main.INFO: Broken reference: the 'header.inner.left' tries to reorder itself towards '', but their parents are different: 'header' and '' respectively. [] []
[2024-03-25T17:16:48.744058+00:00] main.INFO: Broken reference: the 'header.inner.right' tries to reorder itself towards 'header.inner.left', but their parents are different: 'header' and '' respectively. [] []
[2024-03-25T17:16:48.744721+00:00] main.INFO: Broken reference: the 'notification.messages' tries to reorder itself towards 'user', but their parents are different: 'header.inner.right' and '' respectively. [] []
[2024-03-25T17:18:02.340532+00:00] main.INFO: Broken reference: the 'notification.messages' tries to reorder itself towards 'user', but their parents are different: 'header.inner.right' and 'header' respectively. [] []
[2024-03-25T17:18:28.867765+00:00] main.INFO: Broken reference: the 'notification.messages' tries to reorder itself towards 'user', but their parents are different: 'header.inner.right' and 'header' respectively. [] []
[2024-03-25T17:18:42.923619+00:00] main.INFO: Broken reference: the 'catalog.compare.sidebar' element cannot be added as child to 'sidebar.additional', because the latter doesn't exist [] []
[2024-03-25T17:18:42.924255+00:00] main.INFO: Broken reference: the 'sale.reorder.sidebar' element cannot be added as child to 'sidebar.additional', because the latter doesn't exist [] []
[2024-03-25T17:18:42.925004+00:00] main.INFO: Broken reference: the 'wishlist_sidebar' element cannot be added as child to 'sidebar.additional', because the latter doesn't exist [] []
[2024-03-25T17:18:42.925595+00:00] main.INFO: Broken reference: the 'paypal.partner.right.logo' element cannot be added as child to 'sidebar.additional', because the latter doesn't exist [] []
[2024-03-25T17:18:42.926164+00:00] main.INFO: Broken reference: the 'bml.right.logo' element cannot be added as child to 'sidebar.additional', because the latter doesn't exist [] []
[2024-03-25T17:18:42.926817+00:00] main.INFO: Broken reference: the 'sidebar.container.paylater' element cannot be added as child to 'sidebar.additional', because the latter doesn't exist [] []
[2024-03-25T17:19:00.479585+00:00] main.INFO: Broken reference: the 'catalog.compare.sidebar' element cannot be added as child to 'sidebar.additional', because the latter doesn't exist [] []
[2024-03-25T17:19:00.480193+00:00] main.INFO: Broken reference: the 'sale.reorder.sidebar' element cannot be added as child to 'sidebar.additional', because the latter doesn't exist [] []
[2024-03-25T17:19:00.480961+00:00] main.INFO: Broken reference: the 'wishlist_sidebar' element cannot be added as child to 'sidebar.additional', because the latter doesn't exist [] []
[2024-03-25T17:19:16.282946+00:00] main.INFO: Broken reference: the 'catalog.compare.sidebar' element cannot be added as child to 'sidebar.additional', because the latter doesn't exist [] []
[2024-03-25T17:19:16.283763+00:00] main.INFO: Broken reference: the 'sale.reorder.sidebar' element cannot be added as child to 'sidebar.additional', because the latter doesn't exist [] []
[2024-03-25T17:19:16.284472+00:00] main.INFO: Broken reference: the 'wishlist_sidebar' element cannot be added as child to 'sidebar.additional', because the latter doesn't exist [] []
[2024-03-25T17:20:14.952938+00:00] main.INFO: Broken reference: the 'catalog.compare.sidebar' element cannot be added as child to 'sidebar.additional', because the latter doesn't exist [] []
[2024-03-25T17:20:14.953530+00:00] main.INFO: Broken reference: the 'sale.reorder.sidebar' element cannot be added as child to 'sidebar.additional', because the latter doesn't exist [] []
[2024-03-25T17:20:14.954184+00:00] main.INFO: Broken reference: the 'wishlist_sidebar' element cannot be added as child to 'sidebar.additional', because the latter doesn't exist [] []
[2024-03-25T17:20:56.097834+00:00] main.INFO: Broken reference: the 'catalog.compare.sidebar' element cannot be added as child to 'sidebar.additional', because the latter doesn't exist [] []
[2024-03-25T17:20:56.098841+00:00] main.INFO: Broken reference: the 'sale.reorder.sidebar' element cannot be added as child to 'sidebar.additional', because the latter doesn't exist [] []
[2024-03-25T17:20:56.099924+00:00] main.INFO: Broken reference: the 'wishlist_sidebar' element cannot be added as child to 'sidebar.additional', because the latter doesn't exist [] []
[2024-03-25T17:22:00.976022+00:00] main.INFO: Broken reference: the 'header.panel.wrapper' element cannot be added as child to 'header.container', because the latter doesn't exist [] []
[2024-03-25T17:22:00.976807+00:00] main.INFO: Broken reference: the 'header-wrapper' element cannot be added as child to 'header.container', because the latter doesn't exist [] []
[2024-03-25T17:22:00.977360+00:00] main.INFO: Broken reference: the 'navigation.sections' element cannot be added as child to 'page.top', because the latter doesn't exist [] []
[2024-03-25T17:22:00.977858+00:00] main.INFO: Broken reference: the 'top.container' element cannot be added as child to 'page.top', because the latter doesn't exist [] []
[2024-03-25T17:22:00.978314+00:00] main.INFO: Broken reference: the 'breadcrumbs' element cannot be added as child to 'page.top', because the latter doesn't exist [] []
[2024-03-25T17:22:00.978837+00:00] main.INFO: Broken reference: the 'footer' element cannot be added as child to 'footer-container', because the latter doesn't exist [] []
[2024-03-25T17:22:00.979421+00:00] main.INFO: Broken reference: the 'catalog.compare.sidebar' element cannot be added as child to 'sidebar.additional', because the latter doesn't exist [] []
[2024-03-25T17:22:00.979899+00:00] main.INFO: Broken reference: the 'sale.reorder.sidebar' element cannot be added as child to 'sidebar.additional', because the latter doesn't exist [] []
[2024-03-25T17:22:00.980558+00:00] main.INFO: Broken reference: the 'wishlist_sidebar' element cannot be added as child to 'sidebar.additional', because the latter doesn't exist [] []
[2024-03-25T17:22:00.981140+00:00] main.INFO: Broken reference: the 'header.panel.wrapper' tries to reorder itself towards '', but their parents are different: 'header.container' and '' respectively. [] []
[2024-03-25T17:22:00.981636+00:00] main.INFO: Broken reference: the 'navigation.sections' tries to reorder itself towards '', but their parents are different: 'page.top' and '' respectively. [] []
[2024-03-25T17:22:23.971869+00:00] main.INFO: Broken reference: the 'catalog.compare.sidebar' element cannot be added as child to 'sidebar.additional', because the latter doesn't exist [] []
[2024-03-25T17:22:23.972538+00:00] main.INFO: Broken reference: the 'sale.reorder.sidebar' element cannot be added as child to 'sidebar.additional', because the latter doesn't exist [] []
[2024-03-25T17:22:23.973552+00:00] main.INFO: Broken reference: the 'wishlist_sidebar' element cannot be added as child to 'sidebar.additional', because the latter doesn't exist [] []
[2024-03-25T17:22:23.974400+00:00] main.INFO: Broken reference: the 'checkout.cart.item.renderers.gift-card.actions.gift_options' element cannot be added as child to 'checkout.cart.item.renderers.gift-card.actions', because the latter doesn't exist [] []
[2024-03-25T17:22:23.975454+00:00] main.INFO: Broken reference: the 'checkout.cart.item.renderers.gift-card.actions.gift_options' tries to reorder itself towards '', but their parents are different: 'checkout.cart.item.renderers.gift-card.actions' and '' respectively. [] []
[2024-03-25T17:22:50.779794+00:00] main.INFO: Broken reference: the 'catalog.compare.sidebar' element cannot be added as child to 'sidebar.additional', because the latter doesn't exist [] []
[2024-03-25T17:22:50.780409+00:00] main.INFO: Broken reference: the 'sale.reorder.sidebar' element cannot be added as child to 'sidebar.additional', because the latter doesn't exist [] []
[2024-03-25T17:22:50.781084+00:00] main.INFO: Broken reference: the 'wishlist_sidebar' element cannot be added as child to 'sidebar.additional', because the latter doesn't exist [] []
[2024-03-25T17:22:50.781930+00:00] main.INFO: Broken reference: the 'checkout.cart.item.renderers.gift-card.actions.gift_options' element cannot be added as child to 'checkout.cart.item.renderers.gift-card.actions', because the latter doesn't exist [] []
[2024-03-25T17:22:50.783200+00:00] main.INFO: Broken reference: the 'checkout.cart.item.renderers.gift-card.actions.gift_options' tries to reorder itself towards '', but their parents are different: 'checkout.cart.item.renderers.gift-card.actions' and '' respectively. [] []
[2024-03-25T17:23:31.030963+00:00] main.INFO: Broken reference: the 'header.panel.wrapper' element cannot be added as child to 'header.container', because the latter doesn't exist [] []
[2024-03-25T17:23:31.031688+00:00] main.INFO: Broken reference: the 'header-wrapper' element cannot be added as child to 'header.container', because the latter doesn't exist [] []
[2024-03-25T17:23:31.033011+00:00] main.INFO: Broken reference: the 'navigation.sections' element cannot be added as child to 'page.top', because the latter doesn't exist [] []
[2024-03-25T17:23:31.034167+00:00] main.INFO: Broken reference: the 'top.container' element cannot be added as child to 'page.top', because the latter doesn't exist [] []
[2024-03-25T17:23:31.034693+00:00] main.INFO: Broken reference: the 'breadcrumbs' element cannot be added as child to 'page.top', because the latter doesn't exist [] []
[2024-03-25T17:23:31.035348+00:00] main.INFO: Broken reference: the 'footer' element cannot be added as child to 'footer-container', because the latter doesn't exist [] []
[2024-03-25T17:23:31.035974+00:00] main.INFO: Broken reference: the 'catalog.compare.sidebar' element cannot be added as child to 'sidebar.additional', because the latter doesn't exist [] []
[2024-03-25T17:23:31.036475+00:00] main.INFO: Broken reference: the 'sale.reorder.sidebar' element cannot be added as child to 'sidebar.additional', because the latter doesn't exist [] []
[2024-03-25T17:23:31.037123+00:00] main.INFO: Broken reference: the 'wishlist_sidebar' element cannot be added as child to 'sidebar.additional', because the latter doesn't exist [] []
[2024-03-25T17:23:31.037672+00:00] main.INFO: Broken reference: the 'header.panel.wrapper' tries to reorder itself towards '', but their parents are different: 'header.container' and '' respectively. [] []
[2024-03-25T17:23:31.038160+00:00] main.INFO: Broken reference: the 'navigation.sections' tries to reorder itself towards '', but their parents are different: 'page.top' and '' respectively. [] []
[2024-03-25T17:25:25.866068+00:00] main.ERROR: Unable to send mail. Please try again later. [] []
[2024-03-25T17:25:26.497651+00:00] main.INFO: Broken reference: the 'catalog.compare.sidebar' element cannot be added as child to 'sidebar.additional', because the latter doesn't exist [] []
[2024-03-25T17:25:26.498711+00:00] main.INFO: Broken reference: the 'sale.reorder.sidebar' element cannot be added as child to 'sidebar.additional', because the latter doesn't exist [] []
[2024-03-25T17:25:26.500048+00:00] main.INFO: Broken reference: the 'wishlist_sidebar' element cannot be added as child to 'sidebar.additional', because the latter doesn't exist [] []
[2024-03-25T17:25:38.614770+00:00] main.INFO: Broken reference: the 'notification.messages' tries to reorder itself towards 'user', but their parents are different: 'header.inner.right' and 'header' respectively. [] []
[2024-03-25T17:25:49.191515+00:00] main.INFO: Broken reference: the 'notification.messages' tries to reorder itself towards 'user', but their parents are different: 'header.inner.right' and 'header' respectively. [] []
[2024-03-28T10:47:46.284884+00:00] main.INFO: Broken reference: the 'tracking' element cannot be added as child to 'header', because the latter doesn't exist [] []
[2024-03-28T10:47:46.289375+00:00] main.INFO: Broken reference: the 'notification_area' element cannot be added as child to 'notifications', because the latter doesn't exist [] []
[2024-03-28T10:47:46.289896+00:00] main.INFO: Broken reference: the 'unread_system_messages' element cannot be added as child to 'notifications', because the latter doesn't exist [] []
[2024-03-28T10:47:46.290368+00:00] main.INFO: Broken reference: the 'notification_window' element cannot be added as child to 'notifications', because the latter doesn't exist [] []
[2024-03-28T10:47:46.290832+00:00] main.INFO: Broken reference: the 'notification.messages' element cannot be added as child to 'header', because the latter doesn't exist [] []
[2024-03-28T10:47:46.291300+00:00] main.INFO: Broken reference: the 'global_notices' element cannot be added as child to 'global.notices', because the latter doesn't exist [] []
[2024-03-28T10:47:46.291758+00:00] main.INFO: Broken reference: the 'logo' element cannot be added as child to 'header', because the latter doesn't exist [] []
[2024-03-28T10:47:46.292287+00:00] main.INFO: Broken reference: the 'global.search' element cannot be added as child to 'header', because the latter doesn't exist [] []
[2024-03-28T10:47:46.292755+00:00] main.INFO: Broken reference: the 'user' element cannot be added as child to 'header', because the latter doesn't exist [] []
[2024-03-28T10:47:46.293263+00:00] main.INFO: Broken reference: the 'menu' element cannot be added as child to 'page.menu', because the latter doesn't exist [] []
[2024-03-28T10:47:46.293747+00:00] main.INFO: Broken reference: the 'breadcrumbs' element cannot be added as child to 'page.breadcrumbs', because the latter doesn't exist [] []
[2024-03-28T10:47:46.294205+00:00] main.INFO: Broken reference: the 'formkey' element cannot be added as child to 'page.formkey', because the latter doesn't exist [] []
[2024-03-28T10:47:46.294650+00:00] main.INFO: Broken reference: the 'page.title' element cannot be added as child to 'main.top', because the latter doesn't exist [] []
[2024-03-28T10:47:46.295094+00:00] main.INFO: Broken reference: the 'messages' element cannot be added as child to 'page.messages', because the latter doesn't exist [] []
[2024-03-28T10:47:46.295545+00:00] main.INFO: Broken reference: the 'page.actions.toolbar' element cannot be added as child to 'page.main.actions', because the latter doesn't exist [] []
[2024-03-28T10:47:46.295991+00:00] main.INFO: Broken reference: the 'legal' element cannot be added as child to 'footer', because the latter doesn't exist [] []
[2024-03-28T10:47:46.296542+00:00] main.INFO: Broken reference: the 'header.inner.left' element cannot be added as child to 'header', because the latter doesn't exist [] []
[2024-03-28T10:47:46.296998+00:00] main.INFO: Broken reference: the 'header.inner.right' element cannot be added as child to 'header', because the latter doesn't exist [] []
[2024-03-28T10:47:46.297507+00:00] main.INFO: Broken reference: the 'user' tries to reorder itself towards '', but their parents are different: 'header' and '' respectively. [] []
[2024-03-28T10:47:46.297955+00:00] main.INFO: Broken reference: the 'notification.messages' tries to reorder itself towards 'user', but their parents are different: 'header' and '' respectively. [] []
[2024-03-28T10:47:46.298436+00:00] main.INFO: Broken reference: the 'logo' tries to reorder itself towards '', but their parents are different: 'header' and '' respectively. [] []
[2024-03-28T10:47:46.298883+00:00] main.INFO: Broken reference: the 'global.search' tries to reorder itself towards 'logo', but their parents are different: 'header' and '' respectively. [] []
[2024-03-28T10:47:46.299332+00:00] main.INFO: Broken reference: the 'page.actions.toolbar' tries to reorder itself towards '', but their parents are different: 'page.main.actions' and '' respectively. [] []
[2024-03-28T10:47:46.299819+00:00] main.INFO: Broken reference: the 'header.inner.left' tries to reorder itself towards '', but their parents are different: 'header' and '' respectively. [] []
[2024-03-28T10:47:46.300267+00:00] main.INFO: Broken reference: the 'header.inner.right' tries to reorder itself towards 'header.inner.left', but their parents are different: 'header' and '' respectively. [] []
[2024-03-28T10:47:46.300725+00:00] main.INFO: Broken reference: the 'notification.messages' tries to reorder itself towards 'user', but their parents are different: 'header.inner.right' and '' respectively. [] []
[2024-03-28T10:47:55.172485+00:00] main.INFO: Broken reference: the 'notification.messages' tries to reorder itself towards 'user', but their parents are different: 'header.inner.right' and 'header' respectively. [] []
[2024-05-17T04:33:24.746961+00:00] main.ERROR: Command "c:s" is ambiguous.
Did you mean one of these?
    config:set           Change system configuration
    config:show          Shows configuration value for given path. If path is not specified, all saved values will be shown
    cache:status         Checks cache status
    config:sensitive:set Set sensitive configuration values.
#0 /var/www/html/magento2/vendor/symfony/console/Application.php(259): Symfony\Component\Console\Application->find()
#1 /var/www/html/magento2/vendor/magento/framework/Console/Cli.php(116): Symfony\Component\Console\Application->doRun()
#2 /var/www/html/magento2/vendor/symfony/console/Application.php(171): Magento\Framework\Console\Cli->doRun()
#3 /var/www/html/magento2/bin/magento(23): Symfony\Component\Console\Application->run()
#4 {main} [] []
[2024-05-18T07:23:31.820589+00:00] main.INFO: Broken reference: the 'catalog.compare.sidebar' element cannot be added as child to 'sidebar.additional', because the latter doesn't exist [] []
[2024-05-18T07:23:31.822484+00:00] main.INFO: Broken reference: the 'sale.reorder.sidebar' element cannot be added as child to 'sidebar.additional', because the latter doesn't exist [] []
[2024-05-18T07:23:31.823166+00:00] main.INFO: Broken reference: the 'wishlist_sidebar' element cannot be added as child to 'sidebar.additional', because the latter doesn't exist [] []
[2024-05-18T07:23:31.823669+00:00] main.INFO: Broken reference: the 'paypal.partner.right.logo' element cannot be added as child to 'sidebar.additional', because the latter doesn't exist [] []
[2024-05-18T07:23:31.824124+00:00] main.INFO: Broken reference: the 'bml.right.logo' element cannot be added as child to 'sidebar.additional', because the latter doesn't exist [] []
[2024-05-18T07:23:31.824570+00:00] main.INFO: Broken reference: the 'sidebar.container.paylater' element cannot be added as child to 'sidebar.additional', because the latter doesn't exist [] []
[2024-05-18T07:34:34.638942+00:00] main.INFO: Broken reference: the 'tracking' element cannot be added as child to 'header', because the latter doesn't exist [] []
[2024-05-18T07:34:34.639542+00:00] main.INFO: Broken reference: the 'notification_area' element cannot be added as child to 'notifications', because the latter doesn't exist [] []
[2024-05-18T07:34:34.640097+00:00] main.INFO: Broken reference: the 'unread_system_messages' element cannot be added as child to 'notifications', because the latter doesn't exist [] []
[2024-05-18T07:34:34.640885+00:00] main.INFO: Broken reference: the 'notification_window' element cannot be added as child to 'notifications', because the latter doesn't exist [] []
[2024-05-18T07:34:34.641605+00:00] main.INFO: Broken reference: the 'notification.messages' element cannot be added as child to 'header', because the latter doesn't exist [] []
[2024-05-18T07:34:34.642549+00:00] main.INFO: Broken reference: the 'global_notices' element cannot be added as child to 'global.notices', because the latter doesn't exist [] []
[2024-05-18T07:34:34.643343+00:00] main.INFO: Broken reference: the 'logo' element cannot be added as child to 'header', because the latter doesn't exist [] []
[2024-05-18T07:34:34.644026+00:00] main.INFO: Broken reference: the 'global.search' element cannot be added as child to 'header', because the latter doesn't exist [] []
[2024-05-18T07:34:34.645111+00:00] main.INFO: Broken reference: the 'user' element cannot be added as child to 'header', because the latter doesn't exist [] []
[2024-05-18T07:34:34.645594+00:00] main.INFO: Broken reference: the 'menu' element cannot be added as child to 'page.menu', because the latter doesn't exist [] []
[2024-05-18T07:34:34.646046+00:00] main.INFO: Broken reference: the 'breadcrumbs' element cannot be added as child to 'page.breadcrumbs', because the latter doesn't exist [] []
[2024-05-18T07:34:34.646492+00:00] main.INFO: Broken reference: the 'formkey' element cannot be added as child to 'page.formkey', because the latter doesn't exist [] []
[2024-05-18T07:34:34.646935+00:00] main.INFO: Broken reference: the 'page.title' element cannot be added as child to 'main.top', because the latter doesn't exist [] []
[2024-05-18T07:34:34.647384+00:00] main.INFO: Broken reference: the 'messages' element cannot be added as child to 'page.messages', because the latter doesn't exist [] []
[2024-05-18T07:34:34.647828+00:00] main.INFO: Broken reference: the 'page.actions.toolbar' element cannot be added as child to 'page.main.actions', because the latter doesn't exist [] []
[2024-05-18T07:34:34.648607+00:00] main.INFO: Broken reference: the 'legal' element cannot be added as child to 'footer', because the latter doesn't exist [] []
[2024-05-18T07:34:34.649178+00:00] main.INFO: Broken reference: the 'header.inner.left' element cannot be added as child to 'header', because the latter doesn't exist [] []
[2024-05-18T07:34:34.649634+00:00] main.INFO: Broken reference: the 'header.inner.right' element cannot be added as child to 'header', because the latter doesn't exist [] []
[2024-05-18T07:34:34.650157+00:00] main.INFO: Broken reference: the 'user' tries to reorder itself towards '', but their parents are different: 'header' and '' respectively. [] []
[2024-05-18T07:34:34.650630+00:00] main.INFO: Broken reference: the 'notification.messages' tries to reorder itself towards 'user', but their parents are different: 'header' and '' respectively. [] []
[2024-05-18T07:34:34.651078+00:00] main.INFO: Broken reference: the 'logo' tries to reorder itself towards '', but their parents are different: 'header' and '' respectively. [] []
[2024-05-18T07:34:34.651593+00:00] main.INFO: Broken reference: the 'global.search' tries to reorder itself towards 'logo', but their parents are different: 'header' and '' respectively. [] []
[2024-05-18T07:34:34.652093+00:00] main.INFO: Broken reference: the 'page.actions.toolbar' tries to reorder itself towards '', but their parents are different: 'page.main.actions' and '' respectively. [] []
[2024-05-18T07:34:34.652574+00:00] main.INFO: Broken reference: the 'header.inner.left' tries to reorder itself towards '', but their parents are different: 'header' and '' respectively. [] []
[2024-05-18T07:34:34.653023+00:00] main.INFO: Broken reference: the 'header.inner.right' tries to reorder itself towards 'header.inner.left', but their parents are different: 'header' and '' respectively. [] []
[2024-05-18T07:34:34.653479+00:00] main.INFO: Broken reference: the 'notification.messages' tries to reorder itself towards 'user', but their parents are different: 'header.inner.right' and '' respectively. [] []
[2024-05-18T07:34:41.702599+00:00] main.INFO: Broken reference: the 'tracking' element cannot be added as child to 'header', because the latter doesn't exist [] []
[2024-05-18T07:34:41.703233+00:00] main.INFO: Broken reference: the 'notification_area' element cannot be added as child to 'notifications', because the latter doesn't exist [] []
[2024-05-18T07:34:41.703756+00:00] main.INFO: Broken reference: the 'unread_system_messages' element cannot be added as child to 'notifications', because the latter doesn't exist [] []
[2024-05-18T07:34:41.704302+00:00] main.INFO: Broken reference: the 'notification_window' element cannot be added as child to 'notifications', because the latter doesn't exist [] []
[2024-05-18T07:34:41.704871+00:00] main.INFO: Broken reference: the 'notification.messages' element cannot be added as child to 'header', because the latter doesn't exist [] []
[2024-05-18T07:34:41.705471+00:00] main.INFO: Broken reference: the 'global_notices' element cannot be added as child to 'global.notices', because the latter doesn't exist [] []
[2024-05-18T07:34:41.706068+00:00] main.INFO: Broken reference: the 'logo' element cannot be added as child to 'header', because the latter doesn't exist [] []
[2024-05-18T07:34:41.706731+00:00] main.INFO: Broken reference: the 'global.search' element cannot be added as child to 'header', because the latter doesn't exist [] []
[2024-05-18T07:34:41.707312+00:00] main.INFO: Broken reference: the 'user' element cannot be added as child to 'header', because the latter doesn't exist [] []
[2024-05-18T07:34:41.707922+00:00] main.INFO: Broken reference: the 'menu' element cannot be added as child to 'page.menu', because the latter doesn't exist [] []
[2024-05-18T07:34:41.708464+00:00] main.INFO: Broken reference: the 'breadcrumbs' element cannot be added as child to 'page.breadcrumbs', because the latter doesn't exist [] []
[2024-05-18T07:34:41.708974+00:00] main.INFO: Broken reference: the 'formkey' element cannot be added as child to 'page.formkey', because the latter doesn't exist [] []
[2024-05-18T07:34:41.709458+00:00] main.INFO: Broken reference: the 'page.title' element cannot be added as child to 'main.top', because the latter doesn't exist [] []
[2024-05-18T07:34:41.709931+00:00] main.INFO: Broken reference: the 'messages' element cannot be added as child to 'page.messages', because the latter doesn't exist [] []
[2024-05-18T07:34:41.710400+00:00] main.INFO: Broken reference: the 'page.actions.toolbar' element cannot be added as child to 'page.main.actions', because the latter doesn't exist [] []
[2024-05-18T07:34:41.710866+00:00] main.INFO: Broken reference: the 'legal' element cannot be added as child to 'footer', because the latter doesn't exist [] []
[2024-05-18T07:34:41.711413+00:00] main.INFO: Broken reference: the 'header.inner.left' element cannot be added as child to 'header', because the latter doesn't exist [] []
[2024-05-18T07:34:41.711866+00:00] main.INFO: Broken reference: the 'header.inner.right' element cannot be added as child to 'header', because the latter doesn't exist [] []
[2024-05-18T07:34:41.712375+00:00] main.INFO: Broken reference: the 'user' tries to reorder itself towards '', but their parents are different: 'header' and '' respectively. [] []
[2024-05-18T07:34:41.712829+00:00] main.INFO: Broken reference: the 'notification.messages' tries to reorder itself towards 'user', but their parents are different: 'header' and '' respectively. [] []
[2024-05-18T07:34:41.713278+00:00] main.INFO: Broken reference: the 'logo' tries to reorder itself towards '', but their parents are different: 'header' and '' respectively. [] []
[2024-05-18T07:34:41.713722+00:00] main.INFO: Broken reference: the 'global.search' tries to reorder itself towards 'logo', but their parents are different: 'header' and '' respectively. [] []
[2024-05-18T07:34:41.714179+00:00] main.INFO: Broken reference: the 'page.actions.toolbar' tries to reorder itself towards '', but their parents are different: 'page.main.actions' and '' respectively. [] []
[2024-05-18T07:34:41.714673+00:00] main.INFO: Broken reference: the 'header.inner.left' tries to reorder itself towards '', but their parents are different: 'header' and '' respectively. [] []
[2024-05-18T07:34:41.715123+00:00] main.INFO: Broken reference: the 'header.inner.right' tries to reorder itself towards 'header.inner.left', but their parents are different: 'header' and '' respectively. [] []
[2024-05-18T07:34:41.715608+00:00] main.INFO: Broken reference: the 'notification.messages' tries to reorder itself towards 'user', but their parents are different: 'header.inner.right' and '' respectively. [] []
[2024-05-18T07:34:52.779547+00:00] main.INFO: Broken reference: the 'notification.messages' tries to reorder itself towards 'user', but their parents are different: 'header.inner.right' and 'header' respectively. [] []
[2024-05-18T07:35:23.185955+00:00] main.INFO: Broken reference: the 'notification.messages' tries to reorder itself towards 'user', but their parents are different: 'header.inner.right' and 'header' respectively. [] []
[2024-05-18T07:35:31.544840+00:00] main.INFO: Broken reference: the 'notification.messages' tries to reorder itself towards 'user', but their parents are different: 'header.inner.right' and 'header' respectively. [] []
[2024-05-18T07:35:37.470165+00:00] main.INFO: Broken reference: the 'notification.messages' tries to reorder itself towards 'user', but their parents are different: 'header.inner.right' and 'header' respectively. [] []
[2024-05-18T07:35:37.685969+00:00] main.INFO: Item Magento_Backend::system_currency was removed [] []
[2024-05-18T07:35:37.691393+00:00] main.INFO: Add of item with id Magento_Config::system_config was processed [] []
[2024-05-18T07:35:37.692293+00:00] main.INFO: Add of item with id Magento_AdminNotification::system_adminnotification was processed [] []
[2024-05-18T07:35:37.692805+00:00] main.INFO: Add of item with id Magento_Theme::design_config was processed [] []
[2024-05-18T07:35:37.693264+00:00] main.INFO: Add of item with id Magento_Theme::system_design_theme was processed [] []
[2024-05-18T07:35:37.693712+00:00] main.INFO: Add of item with id Magento_Backend::system_design_schedule was processed [] []
[2024-05-18T07:35:37.694209+00:00] main.INFO: Add of item with id Magento_Backend::system_store was processed [] []
[2024-05-18T07:35:37.694659+00:00] main.INFO: Add of item with id Magento_Backend::dashboard was processed [] []
[2024-05-18T07:35:37.695938+00:00] main.INFO: Add of item with id Magento_Backend::system was processed [] []
[2024-05-18T07:35:37.696459+00:00] main.INFO: Add of item with id Magento_Backend::system_tools was processed [] []
[2024-05-18T07:35:37.697669+00:00] main.INFO: Add of item with id Magento_Backend::system_design was processed [] []
[2024-05-18T07:35:37.698139+00:00] main.INFO: Add of item with id Magento_Backend::system_convert was processed [] []
[2024-05-18T07:35:37.698646+00:00] main.INFO: Add of item with id Magento_Backend::system_cache was processed [] []
[2024-05-18T07:35:37.699097+00:00] main.INFO: Add of item with id Magento_Backend::marketing was processed [] []
[2024-05-18T07:35:37.699551+00:00] main.INFO: Add of item with id Magento_Backend::marketing_communications was processed [] []
[2024-05-18T07:35:37.699996+00:00] main.INFO: Add of item with id Magento_Backend::marketing_seo was processed [] []
[2024-05-18T07:35:37.700440+00:00] main.INFO: Add of item with id Magento_Backend::marketing_user_content was processed [] []
[2024-05-18T07:35:37.700884+00:00] main.INFO: Add of item with id Magento_Backend::content was processed [] []
[2024-05-18T07:35:37.701436+00:00] main.INFO: Add of item with id Magento_Backend::content_elements was processed [] []
[2024-05-18T07:35:37.702723+00:00] main.INFO: Add of item with id Magento_Backend::stores was processed [] []
[2024-05-18T07:35:37.703205+00:00] main.INFO: Add of item with id Magento_Backend::stores_settings was processed [] []
[2024-05-18T07:35:37.704170+00:00] main.INFO: Add of item with id Magento_Backend::stores_attributes was processed [] []
[2024-05-18T07:35:37.704652+00:00] main.INFO: Add of item with id Magento_Backend::other_settings was processed [] []
[2024-05-18T07:35:37.705097+00:00] main.INFO: Add of item with id Magento_Backend::system_other_settings was processed [] []
[2024-05-18T07:35:37.705544+00:00] main.INFO: Add of item with id Magento_User::system_acl was processed [] []
[2024-05-18T07:35:37.706002+00:00] main.INFO: Add of item with id Magento_User::system_acl_users was processed [] []
[2024-05-18T07:35:37.706448+00:00] main.INFO: Add of item with id Magento_User::system_acl_roles was processed [] []
[2024-05-18T07:35:37.707239+00:00] main.INFO: Add of item with id Magento_User::system_acl_locks was processed [] []
[2024-05-18T07:35:37.707968+00:00] main.INFO: Add of item with id Magento_Customer::customer was processed [] []
[2024-05-18T07:35:37.709712+00:00] main.INFO: Add of item with id Magento_Customer::customer_manage was processed [] []
[2024-05-18T07:35:37.710476+00:00] main.INFO: Add of item with id Magento_Customer::customer_online was processed [] []
[2024-05-18T07:35:37.711505+00:00] main.INFO: Add of item with id Magento_Customer::customer_group was processed [] []
[2024-05-18T07:35:37.712034+00:00] main.INFO: Add of item with id Magento_Backup::system_tools_backup was processed [] []
[2024-05-18T07:35:37.712557+00:00] main.INFO: Add of item with id Magento_Indexer::system_index was processed [] []
[2024-05-18T07:35:37.713074+00:00] main.INFO: Add of item with id Magento_Variable::system_variable was processed [] []
[2024-05-18T07:35:37.713610+00:00] main.INFO: Add of item with id Magento_Cms::cms_page was processed [] []
[2024-05-18T07:35:37.714135+00:00] main.INFO: Add of item with id Magento_Cms::cms_block was processed [] []
[2024-05-18T07:35:37.714664+00:00] main.INFO: Add of item with id Magento_Search::search_terms was processed [] []
[2024-05-18T07:35:37.715188+00:00] main.INFO: Add of item with id Magento_Search::search_synonyms was processed [] []
[2024-05-18T07:35:37.715703+00:00] main.INFO: Add of item with id Magento_Catalog::catalog was processed [] []
[2024-05-18T07:35:37.718782+00:00] main.INFO: Add of item with id Magento_Catalog::catalog_products was processed [] []
[2024-05-18T07:35:37.719254+00:00] main.INFO: Add of item with id Magento_Catalog::catalog_categories was processed [] []
[2024-05-18T07:35:37.719712+00:00] main.INFO: Add of item with id Magento_Catalog::catalog_attributes_attributes was processed [] []
[2024-05-18T07:35:37.720159+00:00] main.INFO: Add of item with id Magento_Catalog::catalog_attributes_sets was processed [] []
[2024-05-18T07:35:37.720612+00:00] main.INFO: Add of item with id Magento_Catalog::inventory was processed [] []
[2024-05-18T07:35:37.721069+00:00] main.INFO: Add of item with id Magento_CatalogRule::promo was processed [] []
[2024-05-18T07:35:37.721523+00:00] main.INFO: Add of item with id Magento_CatalogRule::promo_catalog was processed [] []
[2024-05-18T07:35:37.721965+00:00] main.INFO: Add of item with id Magento_MediaGalleryUi::media was processed [] []
[2024-05-18T07:35:37.722415+00:00] main.INFO: Add of item with id Magento_MediaGalleryUi::media_gallery was processed [] []
[2024-05-18T07:35:37.725105+00:00] main.INFO: Add of item with id Magento_Integration::system_extensions was processed [] []
[2024-05-18T07:35:37.725908+00:00] main.INFO: Add of item with id Magento_Integration::system_integrations was processed [] []
[2024-05-18T07:35:37.726710+00:00] main.INFO: Add of item with id Magento_Sales::sales was processed [] []
[2024-05-18T07:35:37.727534+00:00] main.INFO: Add of item with id Magento_Sales::sales_operation was processed [] []
[2024-05-18T07:35:37.728239+00:00] main.INFO: Add of item with id Magento_Sales::sales_order was processed [] []
[2024-05-18T07:35:37.728807+00:00] main.INFO: Add of item with id Magento_Sales::sales_invoice was processed [] []
[2024-05-18T07:35:37.729329+00:00] main.INFO: Add of item with id Magento_Sales::sales_shipment was processed [] []
[2024-05-18T07:35:37.730659+00:00] main.INFO: Add of item with id Magento_Sales::sales_creditmemo was processed [] []
[2024-05-18T07:35:37.731225+00:00] main.INFO: Add of item with id Magento_Sales::sales_transactions was processed [] []
[2024-05-18T07:35:37.732154+00:00] main.INFO: Add of item with id Magento_Sales::system_order_statuses was processed [] []
[2024-05-18T07:35:37.732708+00:00] main.INFO: Add of item with id Magento_Widget::cms_widget_instance was processed [] []
[2024-05-18T07:35:37.733302+00:00] main.INFO: Add of item with id Magento_Analytics::business_intelligence was processed [] []
[2024-05-18T07:35:37.733853+00:00] main.INFO: Add of item with id Magento_Analytics::advanced_reporting was processed [] []
[2024-05-18T07:35:37.734374+00:00] main.INFO: Add of item with id Magento_Analytics::bi_essentials was processed [] []
[2024-05-18T07:35:37.734905+00:00] main.INFO: Add of item with id Magento_Downloadable::report_products_downloads was processed [] []
[2024-05-18T07:35:37.735451+00:00] main.INFO: Add of item with id Magento_ImportExport::system_convert_import was processed [] []
[2024-05-18T07:35:37.735971+00:00] main.INFO: Add of item with id Magento_ImportExport::system_convert_export was processed [] []
[2024-05-18T07:35:37.736487+00:00] main.INFO: Add of item with id Magento_ImportExport::system_convert_history was processed [] []
[2024-05-18T07:35:37.738947+00:00] main.INFO: Add of item with id Magento_Email::template was processed [] []
[2024-05-18T07:35:37.740518+00:00] main.INFO: Add of item with id Magento_EncryptionKey::system_crypt_key was processed [] []
[2024-05-18T07:35:37.741283+00:00] main.INFO: Add of item with id Magento_InventoryAdminUi::inventory was processed [] []
[2024-05-18T07:35:37.742048+00:00] main.INFO: Add of item with id Magento_InventoryAdminUi::source was processed [] []
[2024-05-18T07:35:37.742513+00:00] main.INFO: Add of item with id Magento_InventoryAdminUi::stock was processed [] []
[2024-05-18T07:35:37.742963+00:00] main.INFO: Add of item with id Magento_Reports::report was processed [] []
[2024-05-18T07:35:37.743409+00:00] main.INFO: Add of item with id Magento_Reports::report_marketing was processed [] []
[2024-05-18T07:35:37.744755+00:00] main.INFO: Add of item with id Magento_Reports::report_salesroot was processed [] []
[2024-05-18T07:35:37.745234+00:00] main.INFO: Add of item with id Magento_Reports::report_salesroot_sales was processed [] []
[2024-05-18T07:35:37.746117+00:00] main.INFO: Add of item with id Magento_Reports::report_salesroot_tax was processed [] []
[2024-05-18T07:35:37.747354+00:00] main.INFO: Add of item with id Magento_Reports::report_salesroot_invoiced was processed [] []
[2024-05-18T07:35:37.747843+00:00] main.INFO: Add of item with id Magento_Reports::report_salesroot_shipping was processed [] []
[2024-05-18T07:35:37.748295+00:00] main.INFO: Add of item with id Magento_Reports::report_salesroot_refunded was processed [] []
[2024-05-18T07:35:37.748759+00:00] main.INFO: Add of item with id Magento_Reports::report_salesroot_coupons was processed [] []
[2024-05-18T07:35:37.749314+00:00] main.INFO: Add of item with id Magento_Reports::report_shopcart_product was processed [] []
[2024-05-18T07:35:37.749767+00:00] main.INFO: Add of item with id Magento_Reports::report_shopcart_abandoned was processed [] []
[2024-05-18T07:35:37.750209+00:00] main.INFO: Add of item with id Magento_Reports::report_products was processed [] []
[2024-05-18T07:35:37.750654+00:00] main.INFO: Add of item with id Magento_Reports::report_products_bestsellers was processed [] []
[2024-05-18T07:35:37.751988+00:00] main.INFO: Add of item with id Magento_Reports::report_products_sold was processed [] []
[2024-05-18T07:35:37.753051+00:00] main.INFO: Add of item with id Magento_Reports::report_products_viewed was processed [] []
[2024-05-18T07:35:37.753899+00:00] main.INFO: Add of item with id Magento_Reports::report_products_lowstock was processed [] []
[2024-05-18T07:35:37.754673+00:00] main.INFO: Add of item with id Magento_Reports::report_customers was processed [] []
[2024-05-18T07:35:37.755490+00:00] main.INFO: Add of item with id Magento_Reports::report_customers_accounts was processed [] []
[2024-05-18T07:35:37.756273+00:00] main.INFO: Add of item with id Magento_Reports::report_customers_totals was processed [] []
[2024-05-18T07:35:37.757040+00:00] main.INFO: Add of item with id Magento_Reports::report_customers_orders was processed [] []
[2024-05-18T07:35:37.757798+00:00] main.INFO: Add of item with id Magento_Reports::report_statistics was processed [] []
[2024-05-18T07:35:37.761910+00:00] main.INFO: Add of item with id Magento_Reports::report_statistics_refresh was processed [] []
[2024-05-18T07:35:37.762537+00:00] main.INFO: Add of item with id Magento_Search::report_search_term was processed [] []
[2024-05-18T07:35:37.763067+00:00] main.INFO: Add of item with id Magento_LoginAsCustomerLog::login_log was processed [] []
[2024-05-18T07:35:37.763593+00:00] main.INFO: Add of item with id Magento_Marketplace::partners was processed [] []
[2024-05-18T07:35:37.764124+00:00] main.INFO: Add of item with id Magento_Newsletter::newsletter_template was processed [] []
[2024-05-18T07:35:37.766052+00:00] main.INFO: Add of item with id Magento_Newsletter::newsletter_queue was processed [] []
[2024-05-18T07:35:37.766667+00:00] main.INFO: Add of item with id Magento_Newsletter::newsletter_subscriber was processed [] []
[2024-05-18T07:35:37.767943+00:00] main.INFO: Add of item with id Magento_Newsletter::newsletter_problem was processed [] []
[2024-05-18T07:35:37.768528+00:00] main.INFO: Add of item with id Magento_SalesRule::promo_quote was processed [] []
[2024-05-18T07:35:37.769000+00:00] main.INFO: Add of item with id Magento_Sitemap::catalog_sitemap was processed [] []
[2024-05-18T07:35:37.769474+00:00] main.INFO: Add of item with id Magento_PageBuilder::templates was processed [] []
[2024-05-18T07:35:37.769930+00:00] main.INFO: Add of item with id Magento_Paypal::report_salesroot_paypal_settlement_reports was processed [] []
[2024-05-18T07:35:37.770378+00:00] main.INFO: Add of item with id Magento_Paypal::paypal_billing_agreement was processed [] []
[2024-05-18T07:35:37.770824+00:00] main.INFO: Add of item with id Magento_CheckoutAgreements::sales_checkoutagreement was processed [] []
[2024-05-18T07:35:37.771269+00:00] main.INFO: Add of item with id Magento_Review::catalog_reviews_ratings_ratings was processed [] []
[2024-05-18T07:35:37.771737+00:00] main.INFO: Add of item with id Magento_Review::catalog_reviews_ratings_pending was processed [] []
[2024-05-18T07:35:37.773078+00:00] main.INFO: Add of item with id Magento_Review::catalog_reviews_ratings_reviews_all was processed [] []
[2024-05-18T07:35:37.774091+00:00] main.INFO: Add of item with id Magento_Review::report_review was processed [] []
[2024-05-18T07:35:37.774850+00:00] main.INFO: Add of item with id Magento_Review::report_review_customer was processed [] []
[2024-05-18T07:35:37.775589+00:00] main.INFO: Add of item with id Magento_Review::report_review_product was processed [] []
[2024-05-18T07:35:37.776337+00:00] main.INFO: Add of item with id Magento_UrlRewrite::urlrewrite was processed [] []
[2024-05-18T07:35:37.777078+00:00] main.INFO: Add of item with id Magento_Tax::sales_tax was processed [] []
[2024-05-18T07:35:37.777690+00:00] main.INFO: Add of item with id Magento_Tax::sales_tax_rules was processed [] []
[2024-05-18T07:35:37.778144+00:00] main.INFO: Add of item with id Magento_Tax::sales_tax_rates was processed [] []
[2024-05-18T07:35:37.778716+00:00] main.INFO: Add of item with id Magento_TaxImportExport::system_convert_tax was processed [] []
[2024-05-18T07:35:37.780032+00:00] main.INFO: Add of item with id Magento_AsynchronousOperations::system_magento_logging was processed [] []
[2024-05-18T07:35:37.780635+00:00] main.INFO: Add of item with id Magento_AsynchronousOperations::system_magento_logging_bulk_operations was processed [] []
[2024-05-18T07:35:37.781829+00:00] main.INFO: Add of item with id Magento_CurrencySymbol::system_currency was processed [] []
[2024-05-18T07:35:37.782311+00:00] main.INFO: Add of item with id Magento_CurrencySymbol::system_currency_rates was processed [] []
[2024-05-18T07:35:37.782762+00:00] main.INFO: Add of item with id Magento_CurrencySymbol::system_currency_symbols was processed [] []
[2024-05-18T07:35:37.783207+00:00] main.INFO: Add of item with id PayPal_Braintree::settlement_report was processed [] []
[2024-05-18T07:35:37.783652+00:00] main.INFO: Add of item with id PayPal_Braintree::virtual_terminal was processed [] []
[2024-05-18T07:35:40.625502+00:00] main.INFO: Broken reference: the 'notification.messages' tries to reorder itself towards 'user', but their parents are different: 'header.inner.right' and 'header' respectively. [] []
[2024-05-18T07:35:45.689321+00:00] main.INFO: Broken reference: the 'notification.messages' tries to reorder itself towards 'user', but their parents are different: 'header.inner.right' and 'header' respectively. [] []
[2024-05-18T08:06:24.742866+00:00] main.INFO: Broken reference: the 'tracking' element cannot be added as child to 'header', because the latter doesn't exist [] []
[2024-05-18T08:06:24.743548+00:00] main.INFO: Broken reference: the 'notification_area' element cannot be added as child to 'notifications', because the latter doesn't exist [] []
[2024-05-18T08:06:24.744271+00:00] main.INFO: Broken reference: the 'unread_system_messages' element cannot be added as child to 'notifications', because the latter doesn't exist [] []
[2024-05-18T08:06:24.745181+00:00] main.INFO: Broken reference: the 'notification_window' element cannot be added as child to 'notifications', because the latter doesn't exist [] []
[2024-05-18T08:06:24.745816+00:00] main.INFO: Broken reference: the 'notification.messages' element cannot be added as child to 'header', because the latter doesn't exist [] []
[2024-05-18T08:06:24.746420+00:00] main.INFO: Broken reference: the 'global_notices' element cannot be added as child to 'global.notices', because the latter doesn't exist [] []
[2024-05-18T08:06:24.747125+00:00] main.INFO: Broken reference: the 'logo' element cannot be added as child to 'header', because the latter doesn't exist [] []
[2024-05-18T08:06:24.747798+00:00] main.INFO: Broken reference: the 'global.search' element cannot be added as child to 'header', because the latter doesn't exist [] []
[2024-05-18T08:06:24.748262+00:00] main.INFO: Broken reference: the 'user' element cannot be added as child to 'header', because the latter doesn't exist [] []
[2024-05-18T08:06:24.748715+00:00] main.INFO: Broken reference: the 'menu' element cannot be added as child to 'page.menu', because the latter doesn't exist [] []
[2024-05-18T08:06:24.749184+00:00] main.INFO: Broken reference: the 'breadcrumbs' element cannot be added as child to 'page.breadcrumbs', because the latter doesn't exist [] []
[2024-05-18T08:06:24.749648+00:00] main.INFO: Broken reference: the 'formkey' element cannot be added as child to 'page.formkey', because the latter doesn't exist [] []
[2024-05-18T08:06:24.750096+00:00] main.INFO: Broken reference: the 'page.title' element cannot be added as child to 'main.top', because the latter doesn't exist [] []
[2024-05-18T08:06:24.750542+00:00] main.INFO: Broken reference: the 'messages' element cannot be added as child to 'page.messages', because the latter doesn't exist [] []
[2024-05-18T08:06:24.750986+00:00] main.INFO: Broken reference: the 'page.actions.toolbar' element cannot be added as child to 'page.main.actions', because the latter doesn't exist [] []
[2024-05-18T08:06:24.751430+00:00] main.INFO: Broken reference: the 'legal' element cannot be added as child to 'footer', because the latter doesn't exist [] []
[2024-05-18T08:06:24.751973+00:00] main.INFO: Broken reference: the 'header.inner.left' element cannot be added as child to 'header', because the latter doesn't exist [] []
[2024-05-18T08:06:24.752456+00:00] main.INFO: Broken reference: the 'header.inner.right' element cannot be added as child to 'header', because the latter doesn't exist [] []
[2024-05-18T08:06:24.753496+00:00] main.INFO: Broken reference: the 'user' tries to reorder itself towards '', but their parents are different: 'header' and '' respectively. [] []
[2024-05-18T08:06:24.753951+00:00] main.INFO: Broken reference: the 'notification.messages' tries to reorder itself towards 'user', but their parents are different: 'header' and '' respectively. [] []
[2024-05-18T08:06:24.754400+00:00] main.INFO: Broken reference: the 'logo' tries to reorder itself towards '', but their parents are different: 'header' and '' respectively. [] []
[2024-05-18T08:06:24.754879+00:00] main.INFO: Broken reference: the 'global.search' tries to reorder itself towards 'logo', but their parents are different: 'header' and '' respectively. [] []
[2024-05-18T08:06:24.755328+00:00] main.INFO: Broken reference: the 'page.actions.toolbar' tries to reorder itself towards '', but their parents are different: 'page.main.actions' and '' respectively. [] []
[2024-05-18T08:06:24.757415+00:00] main.INFO: Broken reference: the 'header.inner.left' tries to reorder itself towards '', but their parents are different: 'header' and '' respectively. [] []
[2024-05-18T08:06:24.758068+00:00] main.INFO: Broken reference: the 'header.inner.right' tries to reorder itself towards 'header.inner.left', but their parents are different: 'header' and '' respectively. [] []
[2024-05-18T08:06:24.758646+00:00] main.INFO: Broken reference: the 'notification.messages' tries to reorder itself towards 'user', but their parents are different: 'header.inner.right' and '' respectively. [] []
[2024-05-18T08:06:38.725730+00:00] main.INFO: Broken reference: the 'notification.messages' tries to reorder itself towards 'user', but their parents are different: 'header.inner.right' and 'header' respectively. [] []
[2024-05-18T08:06:52.559084+00:00] main.INFO: Broken reference: the 'notification.messages' tries to reorder itself towards 'user', but their parents are different: 'header.inner.right' and 'header' respectively. [] []
[2024-05-18T08:12:07.315476+00:00] main.INFO: Broken reference: the 'notification.messages' tries to reorder itself towards 'user', but their parents are different: 'header.inner.right' and 'header' respectively. [] []
[2024-05-18T08:12:12.753049+00:00] main.INFO: Broken reference: the 'notification.messages' tries to reorder itself towards 'user', but their parents are different: 'header.inner.right' and 'header' respectively. [] []
[2024-05-18T08:12:22.611978+00:00] main.INFO: Broken reference: the 'notification.messages' tries to reorder itself towards 'user', but their parents are different: 'header.inner.right' and 'header' respectively. [] []
[2024-05-18T08:12:35.826919+00:00] main.INFO: Broken reference: the 'notification.messages' tries to reorder itself towards 'user', but their parents are different: 'header.inner.right' and 'header' respectively. [] []
[2024-05-18T08:12:53.657941+00:00] main.INFO: Broken reference: the 'notification.messages' tries to reorder itself towards 'user', but their parents are different: 'header.inner.right' and 'header' respectively. [] []
[2024-05-18T08:30:43.430765+00:00] main.INFO: Broken reference: the 'tracking' element cannot be added as child to 'header', because the latter doesn't exist [] []
[2024-05-18T08:30:43.431415+00:00] main.INFO: Broken reference: the 'notification_area' element cannot be added as child to 'notifications', because the latter doesn't exist [] []
[2024-05-18T08:30:43.431893+00:00] main.INFO: Broken reference: the 'unread_system_messages' element cannot be added as child to 'notifications', because the latter doesn't exist [] []
[2024-05-18T08:30:43.432369+00:00] main.INFO: Broken reference: the 'notification_window' element cannot be added as child to 'notifications', because the latter doesn't exist [] []
[2024-05-18T08:30:43.432864+00:00] main.INFO: Broken reference: the 'notification.messages' element cannot be added as child to 'header', because the latter doesn't exist [] []
[2024-05-18T08:30:43.433376+00:00] main.INFO: Broken reference: the 'global_notices' element cannot be added as child to 'global.notices', because the latter doesn't exist [] []
[2024-05-18T08:30:43.433847+00:00] main.INFO: Broken reference: the 'logo' element cannot be added as child to 'header', because the latter doesn't exist [] []
[2024-05-18T08:30:43.434297+00:00] main.INFO: Broken reference: the 'global.search' element cannot be added as child to 'header', because the latter doesn't exist [] []
[2024-05-18T08:30:43.434744+00:00] main.INFO: Broken reference: the 'user' element cannot be added as child to 'header', because the latter doesn't exist [] []
[2024-05-18T08:30:43.435187+00:00] main.INFO: Broken reference: the 'menu' element cannot be added as child to 'page.menu', because the latter doesn't exist [] []
[2024-05-18T08:30:43.435782+00:00] main.INFO: Broken reference: the 'breadcrumbs' element cannot be added as child to 'page.breadcrumbs', because the latter doesn't exist [] []
[2024-05-18T08:30:43.436554+00:00] main.INFO: Broken reference: the 'formkey' element cannot be added as child to 'page.formkey', because the latter doesn't exist [] []
[2024-05-18T08:30:43.437037+00:00] main.INFO: Broken reference: the 'page.title' element cannot be added as child to 'main.top', because the latter doesn't exist [] []
[2024-05-18T08:30:43.437484+00:00] main.INFO: Broken reference: the 'messages' element cannot be added as child to 'page.messages', because the latter doesn't exist [] []
[2024-05-18T08:30:43.438101+00:00] main.INFO: Broken reference: the 'page.actions.toolbar' element cannot be added as child to 'page.main.actions', because the latter doesn't exist [] []
[2024-05-18T08:30:43.438738+00:00] main.INFO: Broken reference: the 'legal' element cannot be added as child to 'footer', because the latter doesn't exist [] []
[2024-05-18T08:30:43.439360+00:00] main.INFO: Broken reference: the 'header.inner.left' element cannot be added as child to 'header', because the latter doesn't exist [] []
[2024-05-18T08:30:43.439832+00:00] main.INFO: Broken reference: the 'header.inner.right' element cannot be added as child to 'header', because the latter doesn't exist [] []
[2024-05-18T08:30:43.440523+00:00] main.INFO: Broken reference: the 'user' tries to reorder itself towards '', but their parents are different: 'header' and '' respectively. [] []
[2024-05-18T08:30:43.441408+00:00] main.INFO: Broken reference: the 'notification.messages' tries to reorder itself towards 'user', but their parents are different: 'header' and '' respectively. [] []
[2024-05-18T08:30:43.442029+00:00] main.INFO: Broken reference: the 'logo' tries to reorder itself towards '', but their parents are different: 'header' and '' respectively. [] []
[2024-05-18T08:30:43.442601+00:00] main.INFO: Broken reference: the 'global.search' tries to reorder itself towards 'logo', but their parents are different: 'header' and '' respectively. [] []
[2024-05-18T08:30:43.443096+00:00] main.INFO: Broken reference: the 'page.actions.toolbar' tries to reorder itself towards '', but their parents are different: 'page.main.actions' and '' respectively. [] []
[2024-05-18T08:30:43.443585+00:00] main.INFO: Broken reference: the 'header.inner.left' tries to reorder itself towards '', but their parents are different: 'header' and '' respectively. [] []
[2024-05-18T08:30:43.444047+00:00] main.INFO: Broken reference: the 'header.inner.right' tries to reorder itself towards 'header.inner.left', but their parents are different: 'header' and '' respectively. [] []
[2024-05-18T08:30:43.444517+00:00] main.INFO: Broken reference: the 'notification.messages' tries to reorder itself towards 'user', but their parents are different: 'header.inner.right' and '' respectively. [] []
[2024-05-18T08:30:48.774620+00:00] main.INFO: Broken reference: the 'notification.messages' tries to reorder itself towards 'user', but their parents are different: 'header.inner.right' and 'header' respectively. [] []
[2024-05-18T08:30:52.938476+00:00] main.INFO: Broken reference: the 'notification.messages' tries to reorder itself towards 'user', but their parents are different: 'header.inner.right' and 'header' respectively. [] []
[2024-05-18T08:32:14.636786+00:00] main.INFO: Broken reference: the 'notification.messages' tries to reorder itself towards 'user', but their parents are different: 'header.inner.right' and 'header' respectively. [] []
[2024-05-18T08:32:20.485041+00:00] main.INFO: Broken reference: the 'notification.messages' tries to reorder itself towards 'user', but their parents are different: 'header.inner.right' and 'header' respectively. [] []
[2024-05-18T08:32:20.523743+00:00] main.INFO: Item Magento_Backend::system_currency was removed [] []
[2024-05-18T08:32:20.528254+00:00] main.INFO: Add of item with id Magento_Config::system_config was processed [] []
[2024-05-18T08:32:20.528781+00:00] main.INFO: Add of item with id Magento_AdminNotification::system_adminnotification was processed [] []
[2024-05-18T08:32:20.529473+00:00] main.INFO: Add of item with id Magento_Theme::design_config was processed [] []
[2024-05-18T08:32:20.530132+00:00] main.INFO: Add of item with id Magento_Theme::system_design_theme was processed [] []
[2024-05-18T08:32:20.530776+00:00] main.INFO: Add of item with id Magento_Backend::system_design_schedule was processed [] []
[2024-05-18T08:32:20.531240+00:00] main.INFO: Add of item with id Magento_Backend::system_store was processed [] []
[2024-05-18T08:32:20.531741+00:00] main.INFO: Add of item with id Magento_Backend::dashboard was processed [] []
[2024-05-18T08:32:20.532200+00:00] main.INFO: Add of item with id Magento_Backend::system was processed [] []
[2024-05-18T08:32:20.532673+00:00] main.INFO: Add of item with id Magento_Backend::system_tools was processed [] []
[2024-05-18T08:32:20.533156+00:00] main.INFO: Add of item with id Magento_Backend::system_design was processed [] []
[2024-05-18T08:32:20.533613+00:00] main.INFO: Add of item with id Magento_Backend::system_convert was processed [] []
[2024-05-18T08:32:20.534074+00:00] main.INFO: Add of item with id Magento_Backend::system_cache was processed [] []
[2024-05-18T08:32:20.534514+00:00] main.INFO: Add of item with id Magento_Backend::marketing was processed [] []
[2024-05-18T08:32:20.534965+00:00] main.INFO: Add of item with id Magento_Backend::marketing_communications was processed [] []
[2024-05-18T08:32:20.535712+00:00] main.INFO: Add of item with id Magento_Backend::marketing_seo was processed [] []
[2024-05-18T08:32:20.536519+00:00] main.INFO: Add of item with id Magento_Backend::marketing_user_content was processed [] []
[2024-05-18T08:32:20.537551+00:00] main.INFO: Add of item with id Magento_Backend::content was processed [] []
[2024-05-18T08:32:20.538028+00:00] main.INFO: Add of item with id Magento_Backend::content_elements was processed [] []
[2024-05-18T08:32:20.538476+00:00] main.INFO: Add of item with id Magento_Backend::stores was processed [] []
[2024-05-18T08:32:20.539276+00:00] main.INFO: Add of item with id Magento_Backend::stores_settings was processed [] []
[2024-05-18T08:32:20.539737+00:00] main.INFO: Add of item with id Magento_Backend::stores_attributes was processed [] []
[2024-05-18T08:32:20.540183+00:00] main.INFO: Add of item with id Magento_Backend::other_settings was processed [] []
[2024-05-18T08:32:20.540628+00:00] main.INFO: Add of item with id Magento_Backend::system_other_settings was processed [] []
[2024-05-18T08:32:20.541071+00:00] main.INFO: Add of item with id Magento_User::system_acl was processed [] []
[2024-05-18T08:32:20.541525+00:00] main.INFO: Add of item with id Magento_User::system_acl_users was processed [] []
[2024-05-18T08:32:20.541971+00:00] main.INFO: Add of item with id Magento_User::system_acl_roles was processed [] []
[2024-05-18T08:32:20.542426+00:00] main.INFO: Add of item with id Magento_User::system_acl_locks was processed [] []
[2024-05-18T08:32:20.542865+00:00] main.INFO: Add of item with id Magento_Customer::customer was processed [] []
[2024-05-18T08:32:20.543407+00:00] main.INFO: Add of item with id Magento_Customer::customer_manage was processed [] []
[2024-05-18T08:32:20.543857+00:00] main.INFO: Add of item with id Magento_Customer::customer_online was processed [] []
[2024-05-18T08:32:20.544296+00:00] main.INFO: Add of item with id Magento_Customer::customer_group was processed [] []
[2024-05-18T08:32:20.544761+00:00] main.INFO: Add of item with id Magento_Backup::system_tools_backup was processed [] []
[2024-05-18T08:32:20.545207+00:00] main.INFO: Add of item with id Magento_Indexer::system_index was processed [] []
[2024-05-18T08:32:20.545649+00:00] main.INFO: Add of item with id Magento_Variable::system_variable was processed [] []
[2024-05-18T08:32:20.546101+00:00] main.INFO: Add of item with id Magento_Cms::cms_page was processed [] []
[2024-05-18T08:32:20.546615+00:00] main.INFO: Add of item with id Magento_Cms::cms_block was processed [] []
[2024-05-18T08:32:20.547071+00:00] main.INFO: Add of item with id Magento_Search::search_terms was processed [] []
[2024-05-18T08:32:20.547513+00:00] main.INFO: Add of item with id Magento_Search::search_synonyms was processed [] []
[2024-05-18T08:32:20.547954+00:00] main.INFO: Add of item with id Magento_Catalog::catalog was processed [] []
[2024-05-18T08:32:20.548402+00:00] main.INFO: Add of item with id Magento_Catalog::catalog_products was processed [] []
[2024-05-18T08:32:20.549026+00:00] main.INFO: Add of item with id Magento_Catalog::catalog_categories was processed [] []
[2024-05-18T08:32:20.549530+00:00] main.INFO: Add of item with id Magento_Catalog::catalog_attributes_attributes was processed [] []
[2024-05-18T08:32:20.549980+00:00] main.INFO: Add of item with id Magento_Catalog::catalog_attributes_sets was processed [] []
[2024-05-18T08:32:20.550430+00:00] main.INFO: Add of item with id Magento_Catalog::inventory was processed [] []
[2024-05-18T08:32:20.550879+00:00] main.INFO: Add of item with id Magento_CatalogRule::promo was processed [] []
[2024-05-18T08:32:20.551327+00:00] main.INFO: Add of item with id Magento_CatalogRule::promo_catalog was processed [] []
[2024-05-18T08:32:20.551856+00:00] main.INFO: Add of item with id Magento_MediaGalleryUi::media was processed [] []
[2024-05-18T08:32:20.552630+00:00] main.INFO: Add of item with id Magento_MediaGalleryUi::media_gallery was processed [] []
[2024-05-18T08:32:20.553464+00:00] main.INFO: Add of item with id Magento_Integration::system_extensions was processed [] []
[2024-05-18T08:32:20.554180+00:00] main.INFO: Add of item with id Magento_Integration::system_integrations was processed [] []
[2024-05-18T08:32:20.554684+00:00] main.INFO: Add of item with id Magento_Sales::sales was processed [] []
[2024-05-18T08:32:20.555145+00:00] main.INFO: Add of item with id Magento_Sales::sales_operation was processed [] []
[2024-05-18T08:32:20.555600+00:00] main.INFO: Add of item with id Magento_Sales::sales_order was processed [] []
[2024-05-18T08:32:20.556043+00:00] main.INFO: Add of item with id Magento_Sales::sales_invoice was processed [] []
[2024-05-18T08:32:20.556495+00:00] main.INFO: Add of item with id Magento_Sales::sales_shipment was processed [] []
[2024-05-18T08:32:20.556936+00:00] main.INFO: Add of item with id Magento_Sales::sales_creditmemo was processed [] []
[2024-05-18T08:32:20.557374+00:00] main.INFO: Add of item with id Magento_Sales::sales_transactions was processed [] []
[2024-05-18T08:32:20.557816+00:00] main.INFO: Add of item with id Magento_Sales::system_order_statuses was processed [] []
[2024-05-18T08:32:20.558334+00:00] main.INFO: Add of item with id Magento_Widget::cms_widget_instance was processed [] []
[2024-05-18T08:32:20.559294+00:00] main.INFO: Add of item with id Magento_Analytics::business_intelligence was processed [] []
[2024-05-18T08:32:20.559770+00:00] main.INFO: Add of item with id Magento_Analytics::advanced_reporting was processed [] []
[2024-05-18T08:32:20.560217+00:00] main.INFO: Add of item with id Magento_Analytics::bi_essentials was processed [] []
[2024-05-18T08:32:20.560671+00:00] main.INFO: Add of item with id Magento_Downloadable::report_products_downloads was processed [] []
[2024-05-18T08:32:20.561123+00:00] main.INFO: Add of item with id Magento_ImportExport::system_convert_import was processed [] []
[2024-05-18T08:32:20.561567+00:00] main.INFO: Add of item with id Magento_ImportExport::system_convert_export was processed [] []
[2024-05-18T08:32:20.562005+00:00] main.INFO: Add of item with id Magento_ImportExport::system_convert_history was processed [] []
[2024-05-18T08:32:20.562452+00:00] main.INFO: Add of item with id Magento_Email::template was processed [] []
[2024-05-18T08:32:20.562895+00:00] main.INFO: Add of item with id Magento_EncryptionKey::system_crypt_key was processed [] []
[2024-05-18T08:32:20.563334+00:00] main.INFO: Add of item with id Magento_InventoryAdminUi::inventory was processed [] []
[2024-05-18T08:32:20.563780+00:00] main.INFO: Add of item with id Magento_InventoryAdminUi::source was processed [] []
[2024-05-18T08:32:20.564223+00:00] main.INFO: Add of item with id Magento_InventoryAdminUi::stock was processed [] []
[2024-05-18T08:32:20.564682+00:00] main.INFO: Add of item with id Magento_Reports::report was processed [] []
[2024-05-18T08:32:20.565134+00:00] main.INFO: Add of item with id Magento_Reports::report_marketing was processed [] []
[2024-05-18T08:32:20.565576+00:00] main.INFO: Add of item with id Magento_Reports::report_salesroot was processed [] []
[2024-05-18T08:32:20.566026+00:00] main.INFO: Add of item with id Magento_Reports::report_salesroot_sales was processed [] []
[2024-05-18T08:32:20.566467+00:00] main.INFO: Add of item with id Magento_Reports::report_salesroot_tax was processed [] []
[2024-05-18T08:32:20.566906+00:00] main.INFO: Add of item with id Magento_Reports::report_salesroot_invoiced was processed [] []
[2024-05-18T08:32:20.567346+00:00] main.INFO: Add of item with id Magento_Reports::report_salesroot_shipping was processed [] []
[2024-05-18T08:32:20.567791+00:00] main.INFO: Add of item with id Magento_Reports::report_salesroot_refunded was processed [] []
[2024-05-18T08:32:20.568229+00:00] main.INFO: Add of item with id Magento_Reports::report_salesroot_coupons was processed [] []
[2024-05-18T08:32:20.569214+00:00] main.INFO: Add of item with id Magento_Reports::report_shopcart_product was processed [] []
[2024-05-18T08:32:20.570067+00:00] main.INFO: Add of item with id Magento_Reports::report_shopcart_abandoned was processed [] []
[2024-05-18T08:32:20.570576+00:00] main.INFO: Add of item with id Magento_Reports::report_products was processed [] []
[2024-05-18T08:32:20.571052+00:00] main.INFO: Add of item with id Magento_Reports::report_products_bestsellers was processed [] []
[2024-05-18T08:32:20.571496+00:00] main.INFO: Add of item with id Magento_Reports::report_products_sold was processed [] []
[2024-05-18T08:32:20.571940+00:00] main.INFO: Add of item with id Magento_Reports::report_products_viewed was processed [] []
[2024-05-18T08:32:20.572383+00:00] main.INFO: Add of item with id Magento_Reports::report_products_lowstock was processed [] []
[2024-05-18T08:32:20.572844+00:00] main.INFO: Add of item with id Magento_Reports::report_customers was processed [] []
[2024-05-18T08:32:20.573304+00:00] main.INFO: Add of item with id Magento_Reports::report_customers_accounts was processed [] []
[2024-05-18T08:32:20.573750+00:00] main.INFO: Add of item with id Magento_Reports::report_customers_totals was processed [] []
[2024-05-18T08:32:20.574287+00:00] main.INFO: Add of item with id Magento_Reports::report_customers_orders was processed [] []
[2024-05-18T08:32:20.574752+00:00] main.INFO: Add of item with id Magento_Reports::report_statistics was processed [] []
[2024-05-18T08:32:20.575212+00:00] main.INFO: Add of item with id Magento_Reports::report_statistics_refresh was processed [] []
[2024-05-18T08:32:20.575656+00:00] main.INFO: Add of item with id Magento_Search::report_search_term was processed [] []
[2024-05-18T08:32:20.576097+00:00] main.INFO: Add of item with id Magento_LoginAsCustomerLog::login_log was processed [] []
[2024-05-18T08:32:20.576568+00:00] main.INFO: Add of item with id Magento_Marketplace::partners was processed [] []
[2024-05-18T08:32:20.577021+00:00] main.INFO: Add of item with id Magento_Newsletter::newsletter_template was processed [] []
[2024-05-18T08:32:20.577466+00:00] main.INFO: Add of item with id Magento_Newsletter::newsletter_queue was processed [] []
[2024-05-18T08:32:20.577907+00:00] main.INFO: Add of item with id Magento_Newsletter::newsletter_subscriber was processed [] []
[2024-05-18T08:32:20.578383+00:00] main.INFO: Add of item with id Magento_Newsletter::newsletter_problem was processed [] []
[2024-05-18T08:32:20.579037+00:00] main.INFO: Add of item with id Magento_SalesRule::promo_quote was processed [] []
[2024-05-18T08:32:20.579514+00:00] main.INFO: Add of item with id Magento_Sitemap::catalog_sitemap was processed [] []
[2024-05-18T08:32:20.579960+00:00] main.INFO: Add of item with id Magento_PageBuilder::templates was processed [] []
[2024-05-18T08:32:20.580403+00:00] main.INFO: Add of item with id Magento_Paypal::report_salesroot_paypal_settlement_reports was processed [] []
[2024-05-18T08:32:20.580845+00:00] main.INFO: Add of item with id Magento_Paypal::paypal_billing_agreement was processed [] []
[2024-05-18T08:32:20.581286+00:00] main.INFO: Add of item with id Magento_CheckoutAgreements::sales_checkoutagreement was processed [] []
[2024-05-18T08:32:20.581726+00:00] main.INFO: Add of item with id Magento_Review::catalog_reviews_ratings_ratings was processed [] []
[2024-05-18T08:32:20.582197+00:00] main.INFO: Add of item with id Magento_Review::catalog_reviews_ratings_pending was processed [] []
[2024-05-18T08:32:20.582650+00:00] main.INFO: Add of item with id Magento_Review::catalog_reviews_ratings_reviews_all was processed [] []
[2024-05-18T08:32:20.583095+00:00] main.INFO: Add of item with id Magento_Review::report_review was processed [] []
[2024-05-18T08:32:20.583554+00:00] main.INFO: Add of item with id Magento_Review::report_review_customer was processed [] []
[2024-05-18T08:32:20.583999+00:00] main.INFO: Add of item with id Magento_Review::report_review_product was processed [] []
[2024-05-18T08:32:20.584472+00:00] main.INFO: Add of item with id Magento_UrlRewrite::urlrewrite was processed [] []
[2024-05-18T08:32:20.584917+00:00] main.INFO: Add of item with id Magento_Tax::sales_tax was processed [] []
[2024-05-18T08:32:20.585931+00:00] main.INFO: Add of item with id Magento_Tax::sales_tax_rules was processed [] []
[2024-05-18T08:32:20.586388+00:00] main.INFO: Add of item with id Magento_Tax::sales_tax_rates was processed [] []
[2024-05-18T08:32:20.586832+00:00] main.INFO: Add of item with id Magento_TaxImportExport::system_convert_tax was processed [] []
[2024-05-18T08:32:20.587273+00:00] main.INFO: Add of item with id Magento_AsynchronousOperations::system_magento_logging was processed [] []
[2024-05-18T08:32:20.587725+00:00] main.INFO: Add of item with id Magento_AsynchronousOperations::system_magento_logging_bulk_operations was processed [] []
[2024-05-18T08:32:20.588172+00:00] main.INFO: Add of item with id Magento_CurrencySymbol::system_currency was processed [] []
[2024-05-18T08:32:20.588829+00:00] main.INFO: Add of item with id Magento_CurrencySymbol::system_currency_rates was processed [] []
[2024-05-18T08:32:20.589303+00:00] main.INFO: Add of item with id Magento_CurrencySymbol::system_currency_symbols was processed [] []
[2024-05-18T08:32:20.589768+00:00] main.INFO: Add of item with id PayPal_Braintree::settlement_report was processed [] []
[2024-05-18T08:32:20.590255+00:00] main.INFO: Add of item with id PayPal_Braintree::virtual_terminal was processed [] []
[2024-05-18T08:32:30.443267+00:00] main.INFO: Broken reference: the 'notification.messages' tries to reorder itself towards 'user', but their parents are different: 'header.inner.right' and 'header' respectively. [] []
[2024-05-18T08:32:41.562107+00:00] main.INFO: Broken reference: the 'notification.messages' tries to reorder itself towards 'user', but their parents are different: 'header.inner.right' and 'header' respectively. [] []
[2024-05-18T08:39:22.411887+00:00] main.INFO: Broken reference: the 'notification.messages' tries to reorder itself towards 'user', but their parents are different: 'header.inner.right' and 'header' respectively. [] []
[2024-05-18T08:39:27.132086+00:00] main.INFO: Broken reference: the 'notification.messages' tries to reorder itself towards 'user', but their parents are different: 'header.inner.right' and 'header' respectively. [] []
[2024-05-18T08:39:27.174862+00:00] main.INFO: Item Magento_Backend::system_currency was removed [] []
[2024-05-18T08:39:27.179792+00:00] main.INFO: Add of item with id Magento_Config::system_config was processed [] []
[2024-05-18T08:39:27.180378+00:00] main.INFO: Add of item with id Magento_AdminNotification::system_adminnotification was processed [] []
[2024-05-18T08:39:27.180886+00:00] main.INFO: Add of item with id Magento_Theme::design_config was processed [] []
[2024-05-18T08:39:27.181344+00:00] main.INFO: Add of item with id Magento_Theme::system_design_theme was processed [] []
[2024-05-18T08:39:27.181816+00:00] main.INFO: Add of item with id Magento_Backend::system_design_schedule was processed [] []
[2024-05-18T08:39:27.182292+00:00] main.INFO: Add of item with id Magento_Backend::system_store was processed [] []
[2024-05-18T08:39:27.182776+00:00] main.INFO: Add of item with id Magento_Backend::dashboard was processed [] []
[2024-05-18T08:39:27.183243+00:00] main.INFO: Add of item with id Magento_Backend::system was processed [] []
[2024-05-18T08:39:27.183709+00:00] main.INFO: Add of item with id Magento_Backend::system_tools was processed [] []
[2024-05-18T08:39:27.184247+00:00] main.INFO: Add of item with id Magento_Backend::system_design was processed [] []
[2024-05-18T08:39:27.185022+00:00] main.INFO: Add of item with id Magento_Backend::system_convert was processed [] []
[2024-05-18T08:39:27.185798+00:00] main.INFO: Add of item with id Magento_Backend::system_cache was processed [] []
[2024-05-18T08:39:27.186607+00:00] main.INFO: Add of item with id Magento_Backend::marketing was processed [] []
[2024-05-18T08:39:27.187422+00:00] main.INFO: Add of item with id Magento_Backend::marketing_communications was processed [] []
[2024-05-18T08:39:27.187948+00:00] main.INFO: Add of item with id Magento_Backend::marketing_seo was processed [] []
[2024-05-18T08:39:27.188397+00:00] main.INFO: Add of item with id Magento_Backend::marketing_user_content was processed [] []
[2024-05-18T08:39:27.188861+00:00] main.INFO: Add of item with id Magento_Backend::content was processed [] []
[2024-05-18T08:39:27.189400+00:00] main.INFO: Add of item with id Magento_Backend::content_elements was processed [] []
[2024-05-18T08:39:27.189910+00:00] main.INFO: Add of item with id Magento_Backend::stores was processed [] []
[2024-05-18T08:39:27.190381+00:00] main.INFO: Add of item with id Magento_Backend::stores_settings was processed [] []
[2024-05-18T08:39:27.190828+00:00] main.INFO: Add of item with id Magento_Backend::stores_attributes was processed [] []
[2024-05-18T08:39:27.191300+00:00] main.INFO: Add of item with id Magento_Backend::other_settings was processed [] []
[2024-05-18T08:39:27.192041+00:00] main.INFO: Add of item with id Magento_Backend::system_other_settings was processed [] []
[2024-05-18T08:39:27.192651+00:00] main.INFO: Add of item with id Magento_User::system_acl was processed [] []
[2024-05-18T08:39:27.193303+00:00] main.INFO: Add of item with id Magento_User::system_acl_users was processed [] []
[2024-05-18T08:39:27.194089+00:00] main.INFO: Add of item with id Magento_User::system_acl_roles was processed [] []
[2024-05-18T08:39:27.194786+00:00] main.INFO: Add of item with id Magento_User::system_acl_locks was processed [] []
[2024-05-18T08:39:27.195270+00:00] main.INFO: Add of item with id Magento_Customer::customer was processed [] []
[2024-05-18T08:39:27.195743+00:00] main.INFO: Add of item with id Magento_Customer::customer_manage was processed [] []
[2024-05-18T08:39:27.196190+00:00] main.INFO: Add of item with id Magento_Customer::customer_online was processed [] []
[2024-05-18T08:39:27.196964+00:00] main.INFO: Add of item with id Magento_Customer::customer_group was processed [] []
[2024-05-18T08:39:27.197716+00:00] main.INFO: Add of item with id Magento_Backup::system_tools_backup was processed [] []
[2024-05-18T08:39:27.198522+00:00] main.INFO: Add of item with id Magento_Indexer::system_index was processed [] []
[2024-05-18T08:39:27.198988+00:00] main.INFO: Add of item with id Magento_Variable::system_variable was processed [] []
[2024-05-18T08:39:27.199683+00:00] main.INFO: Add of item with id Magento_Cms::cms_page was processed [] []
[2024-05-18T08:39:27.200218+00:00] main.INFO: Add of item with id Magento_Cms::cms_block was processed [] []
[2024-05-18T08:39:27.201115+00:00] main.INFO: Add of item with id Magento_Search::search_terms was processed [] []
[2024-05-18T08:39:27.202172+00:00] main.INFO: Add of item with id Magento_Search::search_synonyms was processed [] []
[2024-05-18T08:39:27.203691+00:00] main.INFO: Add of item with id Magento_Catalog::catalog was processed [] []
[2024-05-18T08:39:27.204481+00:00] main.INFO: Add of item with id Magento_Catalog::catalog_products was processed [] []
[2024-05-18T08:39:27.205215+00:00] main.INFO: Add of item with id Magento_Catalog::catalog_categories was processed [] []
[2024-05-18T08:39:27.205688+00:00] main.INFO: Add of item with id Magento_Catalog::catalog_attributes_attributes was processed [] []
[2024-05-18T08:39:27.206205+00:00] main.INFO: Add of item with id Magento_Catalog::catalog_attributes_sets was processed [] []
[2024-05-18T08:39:27.206967+00:00] main.INFO: Add of item with id Magento_Catalog::inventory was processed [] []
[2024-05-18T08:39:27.207623+00:00] main.INFO: Add of item with id Magento_CatalogRule::promo was processed [] []
[2024-05-18T08:39:27.208177+00:00] main.INFO: Add of item with id Magento_CatalogRule::promo_catalog was processed [] []
[2024-05-18T08:39:27.208654+00:00] main.INFO: Add of item with id Magento_MediaGalleryUi::media was processed [] []
[2024-05-18T08:39:27.209164+00:00] main.INFO: Add of item with id Magento_MediaGalleryUi::media_gallery was processed [] []
[2024-05-18T08:39:27.209703+00:00] main.INFO: Add of item with id Magento_Integration::system_extensions was processed [] []
[2024-05-18T08:39:27.210212+00:00] main.INFO: Add of item with id Magento_Integration::system_integrations was processed [] []
[2024-05-18T08:39:27.210676+00:00] main.INFO: Add of item with id Magento_Sales::sales was processed [] []
[2024-05-18T08:39:27.211172+00:00] main.INFO: Add of item with id Magento_Sales::sales_operation was processed [] []
[2024-05-18T08:39:27.211636+00:00] main.INFO: Add of item with id Magento_Sales::sales_order was processed [] []
[2024-05-18T08:39:27.212108+00:00] main.INFO: Add of item with id Magento_Sales::sales_invoice was processed [] []
[2024-05-18T08:39:27.212556+00:00] main.INFO: Add of item with id Magento_Sales::sales_shipment was processed [] []
[2024-05-18T08:39:27.213030+00:00] main.INFO: Add of item with id Magento_Sales::sales_creditmemo was processed [] []
[2024-05-18T08:39:27.213521+00:00] main.INFO: Add of item with id Magento_Sales::sales_transactions was processed [] []
[2024-05-18T08:39:27.213991+00:00] main.INFO: Add of item with id Magento_Sales::system_order_statuses was processed [] []
[2024-05-18T08:39:27.214455+00:00] main.INFO: Add of item with id Magento_Widget::cms_widget_instance was processed [] []
[2024-05-18T08:39:27.214934+00:00] main.INFO: Add of item with id Magento_Analytics::business_intelligence was processed [] []
[2024-05-18T08:39:27.215398+00:00] main.INFO: Add of item with id Magento_Analytics::advanced_reporting was processed [] []
[2024-05-18T08:39:27.215872+00:00] main.INFO: Add of item with id Magento_Analytics::bi_essentials was processed [] []
[2024-05-18T08:39:27.216357+00:00] main.INFO: Add of item with id Magento_Downloadable::report_products_downloads was processed [] []
[2024-05-18T08:39:27.216818+00:00] main.INFO: Add of item with id Magento_ImportExport::system_convert_import was processed [] []
[2024-05-18T08:39:27.217263+00:00] main.INFO: Add of item with id Magento_ImportExport::system_convert_export was processed [] []
[2024-05-18T08:39:27.218198+00:00] main.INFO: Add of item with id Magento_ImportExport::system_convert_history was processed [] []
[2024-05-18T08:39:27.219093+00:00] main.INFO: Add of item with id Magento_Email::template was processed [] []
[2024-05-18T08:39:27.219643+00:00] main.INFO: Add of item with id Magento_EncryptionKey::system_crypt_key was processed [] []
[2024-05-18T08:39:27.220131+00:00] main.INFO: Add of item with id Magento_InventoryAdminUi::inventory was processed [] []
[2024-05-18T08:39:27.220593+00:00] main.INFO: Add of item with id Magento_InventoryAdminUi::source was processed [] []
[2024-05-18T08:39:27.221052+00:00] main.INFO: Add of item with id Magento_InventoryAdminUi::stock was processed [] []
[2024-05-18T08:39:27.221495+00:00] main.INFO: Add of item with id Magento_Reports::report was processed [] []
[2024-05-18T08:39:27.221933+00:00] main.INFO: Add of item with id Magento_Reports::report_marketing was processed [] []
[2024-05-18T08:39:27.222524+00:00] main.INFO: Add of item with id Magento_Reports::report_salesroot was processed [] []
[2024-05-18T08:39:27.223307+00:00] main.INFO: Add of item with id Magento_Reports::report_salesroot_sales was processed [] []
[2024-05-18T08:39:27.223934+00:00] main.INFO: Add of item with id Magento_Reports::report_salesroot_tax was processed [] []
[2024-05-18T08:39:27.225140+00:00] main.INFO: Add of item with id Magento_Reports::report_salesroot_invoiced was processed [] []
[2024-05-18T08:39:27.225589+00:00] main.INFO: Add of item with id Magento_Reports::report_salesroot_shipping was processed [] []
[2024-05-18T08:39:27.226224+00:00] main.INFO: Add of item with id Magento_Reports::report_salesroot_refunded was processed [] []
[2024-05-18T08:39:27.226669+00:00] main.INFO: Add of item with id Magento_Reports::report_salesroot_coupons was processed [] []
[2024-05-18T08:39:27.227243+00:00] main.INFO: Add of item with id Magento_Reports::report_shopcart_product was processed [] []
[2024-05-18T08:39:27.227702+00:00] main.INFO: Add of item with id Magento_Reports::report_shopcart_abandoned was processed [] []
[2024-05-18T08:39:27.228252+00:00] main.INFO: Add of item with id Magento_Reports::report_products was processed [] []
[2024-05-18T08:39:27.228710+00:00] main.INFO: Add of item with id Magento_Reports::report_products_bestsellers was processed [] []
[2024-05-18T08:39:27.229213+00:00] main.INFO: Add of item with id Magento_Reports::report_products_sold was processed [] []
[2024-05-18T08:39:27.229676+00:00] main.INFO: Add of item with id Magento_Reports::report_products_viewed was processed [] []
[2024-05-18T08:39:27.230118+00:00] main.INFO: Add of item with id Magento_Reports::report_products_lowstock was processed [] []
[2024-05-18T08:39:27.230562+00:00] main.INFO: Add of item with id Magento_Reports::report_customers was processed [] []
[2024-05-18T08:39:27.231592+00:00] main.INFO: Add of item with id Magento_Reports::report_customers_accounts was processed [] []
[2024-05-18T08:39:27.232050+00:00] main.INFO: Add of item with id Magento_Reports::report_customers_totals was processed [] []
[2024-05-18T08:39:27.232578+00:00] main.INFO: Add of item with id Magento_Reports::report_customers_orders was processed [] []
[2024-05-18T08:39:27.233031+00:00] main.INFO: Add of item with id Magento_Reports::report_statistics was processed [] []
[2024-05-18T08:39:27.233514+00:00] main.INFO: Add of item with id Magento_Reports::report_statistics_refresh was processed [] []
[2024-05-18T08:39:27.233990+00:00] main.INFO: Add of item with id Magento_Search::report_search_term was processed [] []
[2024-05-18T08:39:27.235172+00:00] main.INFO: Add of item with id Magento_LoginAsCustomerLog::login_log was processed [] []
[2024-05-18T08:39:27.235632+00:00] main.INFO: Add of item with id Magento_Marketplace::partners was processed [] []
[2024-05-18T08:39:27.236146+00:00] main.INFO: Add of item with id Magento_Newsletter::newsletter_template was processed [] []
[2024-05-18T08:39:27.236599+00:00] main.INFO: Add of item with id Magento_Newsletter::newsletter_queue was processed [] []
[2024-05-18T08:39:27.237187+00:00] main.INFO: Add of item with id Magento_Newsletter::newsletter_subscriber was processed [] []
[2024-05-18T08:39:27.237731+00:00] main.INFO: Add of item with id Magento_Newsletter::newsletter_problem was processed [] []
[2024-05-18T08:39:27.238732+00:00] main.INFO: Add of item with id Magento_SalesRule::promo_quote was processed [] []
[2024-05-18T08:39:27.239263+00:00] main.INFO: Add of item with id Magento_Sitemap::catalog_sitemap was processed [] []
[2024-05-18T08:39:27.239865+00:00] main.INFO: Add of item with id Magento_PageBuilder::templates was processed [] []
[2024-05-18T08:39:27.240367+00:00] main.INFO: Add of item with id Magento_Paypal::report_salesroot_paypal_settlement_reports was processed [] []
[2024-05-18T08:39:27.240829+00:00] main.INFO: Add of item with id Magento_Paypal::paypal_billing_agreement was processed [] []
[2024-05-18T08:39:27.241274+00:00] main.INFO: Add of item with id Magento_CheckoutAgreements::sales_checkoutagreement was processed [] []
[2024-05-18T08:39:27.241734+00:00] main.INFO: Add of item with id Magento_Review::catalog_reviews_ratings_ratings was processed [] []
[2024-05-18T08:39:27.242207+00:00] main.INFO: Add of item with id Magento_Review::catalog_reviews_ratings_pending was processed [] []
[2024-05-18T08:39:27.242654+00:00] main.INFO: Add of item with id Magento_Review::catalog_reviews_ratings_reviews_all was processed [] []
[2024-05-18T08:39:27.243098+00:00] main.INFO: Add of item with id Magento_Review::report_review was processed [] []
[2024-05-18T08:39:27.243549+00:00] main.INFO: Add of item with id Magento_Review::report_review_customer was processed [] []
[2024-05-18T08:39:27.244113+00:00] main.INFO: Add of item with id Magento_Review::report_review_product was processed [] []
[2024-05-18T08:39:27.244570+00:00] main.INFO: Add of item with id Magento_UrlRewrite::urlrewrite was processed [] []
[2024-05-18T08:39:27.245625+00:00] main.INFO: Add of item with id Magento_Tax::sales_tax was processed [] []
[2024-05-18T08:39:27.246090+00:00] main.INFO: Add of item with id Magento_Tax::sales_tax_rules was processed [] []
[2024-05-18T08:39:27.246683+00:00] main.INFO: Add of item with id Magento_Tax::sales_tax_rates was processed [] []
[2024-05-18T08:39:27.247284+00:00] main.INFO: Add of item with id Magento_TaxImportExport::system_convert_tax was processed [] []
[2024-05-18T08:39:27.247729+00:00] main.INFO: Add of item with id Magento_AsynchronousOperations::system_magento_logging was processed [] []
[2024-05-18T08:39:27.248184+00:00] main.INFO: Add of item with id Magento_AsynchronousOperations::system_magento_logging_bulk_operations was processed [] []
[2024-05-18T08:39:27.248630+00:00] main.INFO: Add of item with id Magento_CurrencySymbol::system_currency was processed [] []
[2024-05-18T08:39:27.249079+00:00] main.INFO: Add of item with id Magento_CurrencySymbol::system_currency_rates was processed [] []
[2024-05-18T08:39:27.249550+00:00] main.INFO: Add of item with id Magento_CurrencySymbol::system_currency_symbols was processed [] []
[2024-05-18T08:39:27.250014+00:00] main.INFO: Add of item with id PayPal_Braintree::settlement_report was processed [] []
[2024-05-18T08:39:27.250455+00:00] main.INFO: Add of item with id PayPal_Braintree::virtual_terminal was processed [] []
[2024-05-18T08:39:37.193024+00:00] main.ERROR: The XML in file "/var/www/html/magento2/vendor/magento/module-sales/view/adminhtml/ui_component/sales_order_grid.xml" is invalid:
Element 'block': This element is not expected. Expected is ( settings ).
Line: 47

Verify the XML and try again. [] []
[2024-05-18T08:40:52.801452+00:00] main.INFO: Broken reference: the 'notification.messages' tries to reorder itself towards 'user', but their parents are different: 'header.inner.right' and 'header' respectively. [] []
[2024-05-18T08:40:52.852578+00:00] main.INFO: Item Magento_Backend::system_currency was removed [] []
[2024-05-18T08:40:52.857607+00:00] main.INFO: Add of item with id Magento_Config::system_config was processed [] []
[2024-05-18T08:40:52.858206+00:00] main.INFO: Add of item with id Magento_AdminNotification::system_adminnotification was processed [] []
[2024-05-18T08:40:52.858684+00:00] main.INFO: Add of item with id Magento_Theme::design_config was processed [] []
[2024-05-18T08:40:52.859136+00:00] main.INFO: Add of item with id Magento_Theme::system_design_theme was processed [] []
[2024-05-18T08:40:52.859641+00:00] main.INFO: Add of item with id Magento_Backend::system_design_schedule was processed [] []
[2024-05-18T08:40:52.860088+00:00] main.INFO: Add of item with id Magento_Backend::system_store was processed [] []
[2024-05-18T08:40:52.860540+00:00] main.INFO: Add of item with id Magento_Backend::dashboard was processed [] []
[2024-05-18T08:40:52.860992+00:00] main.INFO: Add of item with id Magento_Backend::system was processed [] []
[2024-05-18T08:40:52.861446+00:00] main.INFO: Add of item with id Magento_Backend::system_tools was processed [] []
[2024-05-18T08:40:52.861902+00:00] main.INFO: Add of item with id Magento_Backend::system_design was processed [] []
[2024-05-18T08:40:52.862350+00:00] main.INFO: Add of item with id Magento_Backend::system_convert was processed [] []
[2024-05-18T08:40:52.862834+00:00] main.INFO: Add of item with id Magento_Backend::system_cache was processed [] []
[2024-05-18T08:40:52.863290+00:00] main.INFO: Add of item with id Magento_Backend::marketing was processed [] []
[2024-05-18T08:40:52.863745+00:00] main.INFO: Add of item with id Magento_Backend::marketing_communications was processed [] []
[2024-05-18T08:40:52.864204+00:00] main.INFO: Add of item with id Magento_Backend::marketing_seo was processed [] []
[2024-05-18T08:40:52.864645+00:00] main.INFO: Add of item with id Magento_Backend::marketing_user_content was processed [] []
[2024-05-18T08:40:52.865086+00:00] main.INFO: Add of item with id Magento_Backend::content was processed [] []
[2024-05-18T08:40:52.865539+00:00] main.INFO: Add of item with id Magento_Backend::content_elements was processed [] []
[2024-05-18T08:40:52.865981+00:00] main.INFO: Add of item with id Magento_Backend::stores was processed [] []
[2024-05-18T08:40:52.866437+00:00] main.INFO: Add of item with id Magento_Backend::stores_settings was processed [] []
[2024-05-18T08:40:52.866881+00:00] main.INFO: Add of item with id Magento_Backend::stores_attributes was processed [] []
[2024-05-18T08:40:52.867756+00:00] main.INFO: Add of item with id Magento_Backend::other_settings was processed [] []
[2024-05-18T08:40:52.869303+00:00] main.INFO: Add of item with id Magento_Backend::system_other_settings was processed [] []
[2024-05-18T08:40:52.870548+00:00] main.INFO: Add of item with id Magento_User::system_acl was processed [] []
[2024-05-18T08:40:52.871719+00:00] main.INFO: Add of item with id Magento_User::system_acl_users was processed [] []
[2024-05-18T08:40:52.872391+00:00] main.INFO: Add of item with id Magento_User::system_acl_roles was processed [] []
[2024-05-18T08:40:52.872915+00:00] main.INFO: Add of item with id Magento_User::system_acl_locks was processed [] []
[2024-05-18T08:40:52.873439+00:00] main.INFO: Add of item with id Magento_Customer::customer was processed [] []
[2024-05-18T08:40:52.874066+00:00] main.INFO: Add of item with id Magento_Customer::customer_manage was processed [] []
[2024-05-18T08:40:52.874542+00:00] main.INFO: Add of item with id Magento_Customer::customer_online was processed [] []
[2024-05-18T08:40:52.874987+00:00] main.INFO: Add of item with id Magento_Customer::customer_group was processed [] []
[2024-05-18T08:40:52.875457+00:00] main.INFO: Add of item with id Magento_Backup::system_tools_backup was processed [] []
[2024-05-18T08:40:52.875935+00:00] main.INFO: Add of item with id Magento_Indexer::system_index was processed [] []
[2024-05-18T08:40:52.876401+00:00] main.INFO: Add of item with id Magento_Variable::system_variable was processed [] []
[2024-05-18T08:40:52.876919+00:00] main.INFO: Add of item with id Magento_Cms::cms_page was processed [] []
[2024-05-18T08:40:52.877381+00:00] main.INFO: Add of item with id Magento_Cms::cms_block was processed [] []
[2024-05-18T08:40:52.877866+00:00] main.INFO: Add of item with id Magento_Search::search_terms was processed [] []
[2024-05-18T08:40:52.878311+00:00] main.INFO: Add of item with id Magento_Search::search_synonyms was processed [] []
[2024-05-18T08:40:52.878779+00:00] main.INFO: Add of item with id Magento_Catalog::catalog was processed [] []
[2024-05-18T08:40:52.879282+00:00] main.INFO: Add of item with id Magento_Catalog::catalog_products was processed [] []
[2024-05-18T08:40:52.879770+00:00] main.INFO: Add of item with id Magento_Catalog::catalog_categories was processed [] []
[2024-05-18T08:40:52.880229+00:00] main.INFO: Add of item with id Magento_Catalog::catalog_attributes_attributes was processed [] []
[2024-05-18T08:40:52.880707+00:00] main.INFO: Add of item with id Magento_Catalog::catalog_attributes_sets was processed [] []
[2024-05-18T08:40:52.881163+00:00] main.INFO: Add of item with id Magento_Catalog::inventory was processed [] []
[2024-05-18T08:40:52.881626+00:00] main.INFO: Add of item with id Magento_CatalogRule::promo was processed [] []
[2024-05-18T08:40:52.882088+00:00] main.INFO: Add of item with id Magento_CatalogRule::promo_catalog was processed [] []
[2024-05-18T08:40:52.882555+00:00] main.INFO: Add of item with id Magento_MediaGalleryUi::media was processed [] []
[2024-05-18T08:40:52.883035+00:00] main.INFO: Add of item with id Magento_MediaGalleryUi::media_gallery was processed [] []
[2024-05-18T08:40:52.883508+00:00] main.INFO: Add of item with id Magento_Integration::system_extensions was processed [] []
[2024-05-18T08:40:52.884379+00:00] main.INFO: Add of item with id Magento_Integration::system_integrations was processed [] []
[2024-05-18T08:40:52.886873+00:00] main.INFO: Add of item with id Magento_Sales::sales was processed [] []
[2024-05-18T08:40:52.887512+00:00] main.INFO: Add of item with id Magento_Sales::sales_operation was processed [] []
[2024-05-18T08:40:52.888756+00:00] main.INFO: Add of item with id Magento_Sales::sales_order was processed [] []
[2024-05-18T08:40:52.889765+00:00] main.INFO: Add of item with id Magento_Sales::sales_invoice was processed [] []
[2024-05-18T08:40:52.890261+00:00] main.INFO: Add of item with id Magento_Sales::sales_shipment was processed [] []
[2024-05-18T08:40:52.890748+00:00] main.INFO: Add of item with id Magento_Sales::sales_creditmemo was processed [] []
[2024-05-18T08:40:52.891224+00:00] main.INFO: Add of item with id Magento_Sales::sales_transactions was processed [] []
[2024-05-18T08:40:52.891711+00:00] main.INFO: Add of item with id Magento_Sales::system_order_statuses was processed [] []
[2024-05-18T08:40:52.892212+00:00] main.INFO: Add of item with id Magento_Widget::cms_widget_instance was processed [] []
[2024-05-18T08:40:52.892695+00:00] main.INFO: Add of item with id Magento_Analytics::business_intelligence was processed [] []
[2024-05-18T08:40:52.893174+00:00] main.INFO: Add of item with id Magento_Analytics::advanced_reporting was processed [] []
[2024-05-18T08:40:52.893636+00:00] main.INFO: Add of item with id Magento_Analytics::bi_essentials was processed [] []
[2024-05-18T08:40:52.894169+00:00] main.INFO: Add of item with id Magento_Downloadable::report_products_downloads was processed [] []
[2024-05-18T08:40:52.894630+00:00] main.INFO: Add of item with id Magento_ImportExport::system_convert_import was processed [] []
[2024-05-18T08:40:52.895077+00:00] main.INFO: Add of item with id Magento_ImportExport::system_convert_export was processed [] []
[2024-05-18T08:40:52.895520+00:00] main.INFO: Add of item with id Magento_ImportExport::system_convert_history was processed [] []
[2024-05-18T08:40:52.895974+00:00] main.INFO: Add of item with id Magento_Email::template was processed [] []
[2024-05-18T08:40:52.896501+00:00] main.INFO: Add of item with id Magento_EncryptionKey::system_crypt_key was processed [] []
[2024-05-18T08:40:52.897017+00:00] main.INFO: Add of item with id Magento_InventoryAdminUi::inventory was processed [] []
[2024-05-18T08:40:52.897510+00:00] main.INFO: Add of item with id Magento_InventoryAdminUi::source was processed [] []
[2024-05-18T08:40:52.897969+00:00] main.INFO: Add of item with id Magento_InventoryAdminUi::stock was processed [] []
[2024-05-18T08:40:52.898416+00:00] main.INFO: Add of item with id Magento_Reports::report was processed [] []
[2024-05-18T08:40:52.898860+00:00] main.INFO: Add of item with id Magento_Reports::report_marketing was processed [] []
[2024-05-18T08:40:52.899370+00:00] main.INFO: Add of item with id Magento_Reports::report_salesroot was processed [] []
[2024-05-18T08:40:52.899842+00:00] main.INFO: Add of item with id Magento_Reports::report_salesroot_sales was processed [] []
[2024-05-18T08:40:52.900332+00:00] main.INFO: Add of item with id Magento_Reports::report_salesroot_tax was processed [] []
[2024-05-18T08:40:52.901116+00:00] main.INFO: Add of item with id Magento_Reports::report_salesroot_invoiced was processed [] []
[2024-05-18T08:40:52.901886+00:00] main.INFO: Add of item with id Magento_Reports::report_salesroot_shipping was processed [] []
[2024-05-18T08:40:52.902597+00:00] main.INFO: Add of item with id Magento_Reports::report_salesroot_refunded was processed [] []
[2024-05-18T08:40:52.903342+00:00] main.INFO: Add of item with id Magento_Reports::report_salesroot_coupons was processed [] []
[2024-05-18T08:40:52.904243+00:00] main.INFO: Add of item with id Magento_Reports::report_shopcart_product was processed [] []
[2024-05-18T08:40:52.905056+00:00] main.INFO: Add of item with id Magento_Reports::report_shopcart_abandoned was processed [] []
[2024-05-18T08:40:52.905834+00:00] main.INFO: Add of item with id Magento_Reports::report_products was processed [] []
[2024-05-18T08:40:52.906636+00:00] main.INFO: Add of item with id Magento_Reports::report_products_bestsellers was processed [] []
[2024-05-18T08:40:52.907229+00:00] main.INFO: Add of item with id Magento_Reports::report_products_sold was processed [] []
[2024-05-18T08:40:52.907708+00:00] main.INFO: Add of item with id Magento_Reports::report_products_viewed was processed [] []
[2024-05-18T08:40:52.908196+00:00] main.INFO: Add of item with id Magento_Reports::report_products_lowstock was processed [] []
[2024-05-18T08:40:52.908640+00:00] main.INFO: Add of item with id Magento_Reports::report_customers was processed [] []
[2024-05-18T08:40:52.909108+00:00] main.INFO: Add of item with id Magento_Reports::report_customers_accounts was processed [] []
[2024-05-18T08:40:52.909771+00:00] main.INFO: Add of item with id Magento_Reports::report_customers_totals was processed [] []
[2024-05-18T08:40:52.910252+00:00] main.INFO: Add of item with id Magento_Reports::report_customers_orders was processed [] []
[2024-05-18T08:40:52.910708+00:00] main.INFO: Add of item with id Magento_Reports::report_statistics was processed [] []
[2024-05-18T08:40:52.911187+00:00] main.INFO: Add of item with id Magento_Reports::report_statistics_refresh was processed [] []
[2024-05-18T08:40:52.911640+00:00] main.INFO: Add of item with id Magento_Search::report_search_term was processed [] []
[2024-05-18T08:40:52.912097+00:00] main.INFO: Add of item with id Magento_LoginAsCustomerLog::login_log was processed [] []
[2024-05-18T08:40:52.912538+00:00] main.INFO: Add of item with id Magento_Marketplace::partners was processed [] []
[2024-05-18T08:40:52.912981+00:00] main.INFO: Add of item with id Magento_Newsletter::newsletter_template was processed [] []
[2024-05-18T08:40:52.913432+00:00] main.INFO: Add of item with id Magento_Newsletter::newsletter_queue was processed [] []
[2024-05-18T08:40:52.913874+00:00] main.INFO: Add of item with id Magento_Newsletter::newsletter_subscriber was processed [] []
[2024-05-18T08:40:52.914333+00:00] main.INFO: Add of item with id Magento_Newsletter::newsletter_problem was processed [] []
[2024-05-18T08:40:52.914775+00:00] main.INFO: Add of item with id Magento_SalesRule::promo_quote was processed [] []
[2024-05-18T08:40:52.915216+00:00] main.INFO: Add of item with id Magento_Sitemap::catalog_sitemap was processed [] []
[2024-05-18T08:40:52.915678+00:00] main.INFO: Add of item with id Magento_PageBuilder::templates was processed [] []
[2024-05-18T08:40:52.916359+00:00] main.INFO: Add of item with id Magento_Paypal::report_salesroot_paypal_settlement_reports was processed [] []
[2024-05-18T08:40:52.916981+00:00] main.INFO: Add of item with id Magento_Paypal::paypal_billing_agreement was processed [] []
[2024-05-18T08:40:52.917565+00:00] main.INFO: Add of item with id Magento_CheckoutAgreements::sales_checkoutagreement was processed [] []
[2024-05-18T08:40:52.918110+00:00] main.INFO: Add of item with id Magento_Review::catalog_reviews_ratings_ratings was processed [] []
[2024-05-18T08:40:52.918759+00:00] main.INFO: Add of item with id Magento_Review::catalog_reviews_ratings_pending was processed [] []
[2024-05-18T08:40:52.919407+00:00] main.INFO: Add of item with id Magento_Review::catalog_reviews_ratings_reviews_all was processed [] []
[2024-05-18T08:40:52.920084+00:00] main.INFO: Add of item with id Magento_Review::report_review was processed [] []
[2024-05-18T08:40:52.920659+00:00] main.INFO: Add of item with id Magento_Review::report_review_customer was processed [] []
[2024-05-18T08:40:52.921133+00:00] main.INFO: Add of item with id Magento_Review::report_review_product was processed [] []
[2024-05-18T08:40:52.921580+00:00] main.INFO: Add of item with id Magento_UrlRewrite::urlrewrite was processed [] []
[2024-05-18T08:40:52.922026+00:00] main.INFO: Add of item with id Magento_Tax::sales_tax was processed [] []
[2024-05-18T08:40:52.922485+00:00] main.INFO: Add of item with id Magento_Tax::sales_tax_rules was processed [] []
[2024-05-18T08:40:52.922983+00:00] main.INFO: Add of item with id Magento_Tax::sales_tax_rates was processed [] []
[2024-05-18T08:40:52.923430+00:00] main.INFO: Add of item with id Magento_TaxImportExport::system_convert_tax was processed [] []
[2024-05-18T08:40:52.923984+00:00] main.INFO: Add of item with id Magento_AsynchronousOperations::system_magento_logging was processed [] []
[2024-05-18T08:40:52.924470+00:00] main.INFO: Add of item with id Magento_AsynchronousOperations::system_magento_logging_bulk_operations was processed [] []
[2024-05-18T08:40:52.924924+00:00] main.INFO: Add of item with id Magento_CurrencySymbol::system_currency was processed [] []
[2024-05-18T08:40:52.925378+00:00] main.INFO: Add of item with id Magento_CurrencySymbol::system_currency_rates was processed [] []
[2024-05-18T08:40:52.925827+00:00] main.INFO: Add of item with id Magento_CurrencySymbol::system_currency_symbols was processed [] []
[2024-05-18T08:40:52.926274+00:00] main.INFO: Add of item with id PayPal_Braintree::settlement_report was processed [] []
[2024-05-18T08:40:52.926720+00:00] main.INFO: Add of item with id PayPal_Braintree::virtual_terminal was processed [] []
[2024-05-18T08:40:54.091741+00:00] main.INFO: Broken reference: the 'notification.messages' tries to reorder itself towards 'user', but their parents are different: 'header.inner.right' and 'header' respectively. [] []
[2024-05-18T09:01:23.305966+00:00] main.INFO: Broken reference: the 'tracking' element cannot be added as child to 'header', because the latter doesn't exist [] []
[2024-05-18T09:01:23.306711+00:00] main.INFO: Broken reference: the 'notification_area' element cannot be added as child to 'notifications', because the latter doesn't exist [] []
[2024-05-18T09:01:23.307358+00:00] main.INFO: Broken reference: the 'unread_system_messages' element cannot be added as child to 'notifications', because the latter doesn't exist [] []
[2024-05-18T09:01:23.307829+00:00] main.INFO: Broken reference: the 'notification_window' element cannot be added as child to 'notifications', because the latter doesn't exist [] []
[2024-05-18T09:01:23.308599+00:00] main.INFO: Broken reference: the 'notification.messages' element cannot be added as child to 'header', because the latter doesn't exist [] []
[2024-05-18T09:01:23.310246+00:00] main.INFO: Broken reference: the 'global_notices' element cannot be added as child to 'global.notices', because the latter doesn't exist [] []
[2024-05-18T09:01:23.310921+00:00] main.INFO: Broken reference: the 'logo' element cannot be added as child to 'header', because the latter doesn't exist [] []
[2024-05-18T09:01:23.311410+00:00] main.INFO: Broken reference: the 'global.search' element cannot be added as child to 'header', because the latter doesn't exist [] []
[2024-05-18T09:01:23.311874+00:00] main.INFO: Broken reference: the 'user' element cannot be added as child to 'header', because the latter doesn't exist [] []
[2024-05-18T09:01:23.312334+00:00] main.INFO: Broken reference: the 'menu' element cannot be added as child to 'page.menu', because the latter doesn't exist [] []
[2024-05-18T09:01:23.312790+00:00] main.INFO: Broken reference: the 'breadcrumbs' element cannot be added as child to 'page.breadcrumbs', because the latter doesn't exist [] []
[2024-05-18T09:01:23.313247+00:00] main.INFO: Broken reference: the 'formkey' element cannot be added as child to 'page.formkey', because the latter doesn't exist [] []
[2024-05-18T09:01:23.313703+00:00] main.INFO: Broken reference: the 'page.title' element cannot be added as child to 'main.top', because the latter doesn't exist [] []
[2024-05-18T09:01:23.314171+00:00] main.INFO: Broken reference: the 'messages' element cannot be added as child to 'page.messages', because the latter doesn't exist [] []
[2024-05-18T09:01:23.314622+00:00] main.INFO: Broken reference: the 'page.actions.toolbar' element cannot be added as child to 'page.main.actions', because the latter doesn't exist [] []
[2024-05-18T09:01:23.315065+00:00] main.INFO: Broken reference: the 'legal' element cannot be added as child to 'footer', because the latter doesn't exist [] []
[2024-05-18T09:01:23.315607+00:00] main.INFO: Broken reference: the 'header.inner.left' element cannot be added as child to 'header', because the latter doesn't exist [] []
[2024-05-18T09:01:23.316057+00:00] main.INFO: Broken reference: the 'header.inner.right' element cannot be added as child to 'header', because the latter doesn't exist [] []
[2024-05-18T09:01:23.316562+00:00] main.INFO: Broken reference: the 'user' tries to reorder itself towards '', but their parents are different: 'header' and '' respectively. [] []
[2024-05-18T09:01:23.317011+00:00] main.INFO: Broken reference: the 'notification.messages' tries to reorder itself towards 'user', but their parents are different: 'header' and '' respectively. [] []
[2024-05-18T09:01:23.317457+00:00] main.INFO: Broken reference: the 'logo' tries to reorder itself towards '', but their parents are different: 'header' and '' respectively. [] []
[2024-05-18T09:01:23.317901+00:00] main.INFO: Broken reference: the 'global.search' tries to reorder itself towards 'logo', but their parents are different: 'header' and '' respectively. [] []
[2024-05-18T09:01:23.318343+00:00] main.INFO: Broken reference: the 'page.actions.toolbar' tries to reorder itself towards '', but their parents are different: 'page.main.actions' and '' respectively. [] []
[2024-05-18T09:01:23.318806+00:00] main.INFO: Broken reference: the 'header.inner.left' tries to reorder itself towards '', but their parents are different: 'header' and '' respectively. [] []
[2024-05-18T09:01:23.319326+00:00] main.INFO: Broken reference: the 'header.inner.right' tries to reorder itself towards 'header.inner.left', but their parents are different: 'header' and '' respectively. [] []
[2024-05-18T09:01:23.319794+00:00] main.INFO: Broken reference: the 'notification.messages' tries to reorder itself towards 'user', but their parents are different: 'header.inner.right' and '' respectively. [] []
[2024-05-18T09:01:29.709940+00:00] main.INFO: Broken reference: the 'notification.messages' tries to reorder itself towards 'user', but their parents are different: 'header.inner.right' and 'header' respectively. [] []
[2024-05-18T09:03:06.406522+00:00] main.INFO: Broken reference: the 'notification.messages' tries to reorder itself towards 'user', but their parents are different: 'header.inner.right' and 'header' respectively. [] []
[2024-05-18T09:03:10.957245+00:00] main.INFO: Broken reference: the 'notification.messages' tries to reorder itself towards 'user', but their parents are different: 'header.inner.right' and 'header' respectively. [] []
[2024-05-18T09:03:10.995358+00:00] main.INFO: Item Magento_Backend::system_currency was removed [] []
[2024-05-18T09:03:10.999607+00:00] main.INFO: Add of item with id Magento_Config::system_config was processed [] []
[2024-05-18T09:03:11.000136+00:00] main.INFO: Add of item with id Magento_AdminNotification::system_adminnotification was processed [] []
[2024-05-18T09:03:11.000603+00:00] main.INFO: Add of item with id Magento_Theme::design_config was processed [] []
[2024-05-18T09:03:11.001054+00:00] main.INFO: Add of item with id Magento_Theme::system_design_theme was processed [] []
[2024-05-18T09:03:11.001503+00:00] main.INFO: Add of item with id Magento_Backend::system_design_schedule was processed [] []
[2024-05-18T09:03:11.001947+00:00] main.INFO: Add of item with id Magento_Backend::system_store was processed [] []
[2024-05-18T09:03:11.002387+00:00] main.INFO: Add of item with id Magento_Backend::dashboard was processed [] []
[2024-05-18T09:03:11.002854+00:00] main.INFO: Add of item with id Magento_Backend::system was processed [] []
[2024-05-18T09:03:11.003374+00:00] main.INFO: Add of item with id Magento_Backend::system_tools was processed [] []
[2024-05-18T09:03:11.003846+00:00] main.INFO: Add of item with id Magento_Backend::system_design was processed [] []
[2024-05-18T09:03:11.004291+00:00] main.INFO: Add of item with id Magento_Backend::system_convert was processed [] []
[2024-05-18T09:03:11.004741+00:00] main.INFO: Add of item with id Magento_Backend::system_cache was processed [] []
[2024-05-18T09:03:11.005186+00:00] main.INFO: Add of item with id Magento_Backend::marketing was processed [] []
[2024-05-18T09:03:11.005637+00:00] main.INFO: Add of item with id Magento_Backend::marketing_communications was processed [] []
[2024-05-18T09:03:11.006081+00:00] main.INFO: Add of item with id Magento_Backend::marketing_seo was processed [] []
[2024-05-18T09:03:11.006535+00:00] main.INFO: Add of item with id Magento_Backend::marketing_user_content was processed [] []
[2024-05-18T09:03:11.006976+00:00] main.INFO: Add of item with id Magento_Backend::content was processed [] []
[2024-05-18T09:03:11.007416+00:00] main.INFO: Add of item with id Magento_Backend::content_elements was processed [] []
[2024-05-18T09:03:11.007932+00:00] main.INFO: Add of item with id Magento_Backend::stores was processed [] []
[2024-05-18T09:03:11.008434+00:00] main.INFO: Add of item with id Magento_Backend::stores_settings was processed [] []
[2024-05-18T09:03:11.008915+00:00] main.INFO: Add of item with id Magento_Backend::stores_attributes was processed [] []
[2024-05-18T09:03:11.009414+00:00] main.INFO: Add of item with id Magento_Backend::other_settings was processed [] []
[2024-05-18T09:03:11.010152+00:00] main.INFO: Add of item with id Magento_Backend::system_other_settings was processed [] []
[2024-05-18T09:03:11.010886+00:00] main.INFO: Add of item with id Magento_User::system_acl was processed [] []
[2024-05-18T09:03:11.011411+00:00] main.INFO: Add of item with id Magento_User::system_acl_users was processed [] []
[2024-05-18T09:03:11.011882+00:00] main.INFO: Add of item with id Magento_User::system_acl_roles was processed [] []
[2024-05-18T09:03:11.012345+00:00] main.INFO: Add of item with id Magento_User::system_acl_locks was processed [] []
[2024-05-18T09:03:11.012821+00:00] main.INFO: Add of item with id Magento_Customer::customer was processed [] []
[2024-05-18T09:03:11.013298+00:00] main.INFO: Add of item with id Magento_Customer::customer_manage was processed [] []
[2024-05-18T09:03:11.013769+00:00] main.INFO: Add of item with id Magento_Customer::customer_online was processed [] []
[2024-05-18T09:03:11.014225+00:00] main.INFO: Add of item with id Magento_Customer::customer_group was processed [] []
[2024-05-18T09:03:11.014667+00:00] main.INFO: Add of item with id Magento_Backup::system_tools_backup was processed [] []
[2024-05-18T09:03:11.015106+00:00] main.INFO: Add of item with id Magento_Indexer::system_index was processed [] []
[2024-05-18T09:03:11.015546+00:00] main.INFO: Add of item with id Magento_Variable::system_variable was processed [] []
[2024-05-18T09:03:11.016001+00:00] main.INFO: Add of item with id Magento_Cms::cms_page was processed [] []
[2024-05-18T09:03:11.016447+00:00] main.INFO: Add of item with id Magento_Cms::cms_block was processed [] []
[2024-05-18T09:03:11.016924+00:00] main.INFO: Add of item with id Magento_Search::search_terms was processed [] []
[2024-05-18T09:03:11.017378+00:00] main.INFO: Add of item with id Magento_Search::search_synonyms was processed [] []
[2024-05-18T09:03:11.017892+00:00] main.INFO: Add of item with id Magento_Catalog::catalog was processed [] []
[2024-05-18T09:03:11.018372+00:00] main.INFO: Add of item with id Magento_Catalog::catalog_products was processed [] []
[2024-05-18T09:03:11.018831+00:00] main.INFO: Add of item with id Magento_Catalog::catalog_categories was processed [] []
[2024-05-18T09:03:11.019338+00:00] main.INFO: Add of item with id Magento_Catalog::catalog_attributes_attributes was processed [] []
[2024-05-18T09:03:11.019793+00:00] main.INFO: Add of item with id Magento_Catalog::catalog_attributes_sets was processed [] []
[2024-05-18T09:03:11.020248+00:00] main.INFO: Add of item with id Magento_Catalog::inventory was processed [] []
[2024-05-18T09:03:11.020695+00:00] main.INFO: Add of item with id Magento_CatalogRule::promo was processed [] []
[2024-05-18T09:03:11.021146+00:00] main.INFO: Add of item with id Magento_CatalogRule::promo_catalog was processed [] []
[2024-05-18T09:03:11.021592+00:00] main.INFO: Add of item with id Magento_MediaGalleryUi::media was processed [] []
[2024-05-18T09:03:11.022044+00:00] main.INFO: Add of item with id Magento_MediaGalleryUi::media_gallery was processed [] []
[2024-05-18T09:03:11.022487+00:00] main.INFO: Add of item with id Magento_Integration::system_extensions was processed [] []
[2024-05-18T09:03:11.022985+00:00] main.INFO: Add of item with id Magento_Integration::system_integrations was processed [] []
[2024-05-18T09:03:11.023537+00:00] main.INFO: Add of item with id Magento_Sales::sales was processed [] []
[2024-05-18T09:03:11.024000+00:00] main.INFO: Add of item with id Magento_Sales::sales_operation was processed [] []
[2024-05-18T09:03:11.024456+00:00] main.INFO: Add of item with id Magento_Sales::sales_order was processed [] []
[2024-05-18T09:03:11.025138+00:00] main.INFO: Add of item with id Magento_Sales::sales_invoice was processed [] []
[2024-05-18T09:03:11.025729+00:00] main.INFO: Add of item with id Magento_Sales::sales_shipment was processed [] []
[2024-05-18T09:03:11.026213+00:00] main.INFO: Add of item with id Magento_Sales::sales_creditmemo was processed [] []
[2024-05-18T09:03:11.026662+00:00] main.INFO: Add of item with id Magento_Sales::sales_transactions was processed [] []
[2024-05-18T09:03:11.027105+00:00] main.INFO: Add of item with id Magento_Sales::system_order_statuses was processed [] []
[2024-05-18T09:03:11.027548+00:00] main.INFO: Add of item with id Magento_Widget::cms_widget_instance was processed [] []
[2024-05-18T09:03:11.028013+00:00] main.INFO: Add of item with id Magento_Analytics::business_intelligence was processed [] []
[2024-05-18T09:03:11.028472+00:00] main.INFO: Add of item with id Magento_Analytics::advanced_reporting was processed [] []
[2024-05-18T09:03:11.028916+00:00] main.INFO: Add of item with id Magento_Analytics::bi_essentials was processed [] []
[2024-05-18T09:03:11.029484+00:00] main.INFO: Add of item with id Magento_Downloadable::report_products_downloads was processed [] []
[2024-05-18T09:03:11.029956+00:00] main.INFO: Add of item with id Magento_ImportExport::system_convert_import was processed [] []
[2024-05-18T09:03:11.030403+00:00] main.INFO: Add of item with id Magento_ImportExport::system_convert_export was processed [] []
[2024-05-18T09:03:11.030847+00:00] main.INFO: Add of item with id Magento_ImportExport::system_convert_history was processed [] []
[2024-05-18T09:03:11.031300+00:00] main.INFO: Add of item with id Magento_Email::template was processed [] []
[2024-05-18T09:03:11.031744+00:00] main.INFO: Add of item with id Magento_EncryptionKey::system_crypt_key was processed [] []
[2024-05-18T09:03:11.032185+00:00] main.INFO: Add of item with id Magento_InventoryAdminUi::inventory was processed [] []
[2024-05-18T09:03:11.032686+00:00] main.INFO: Add of item with id Magento_InventoryAdminUi::source was processed [] []
[2024-05-18T09:03:11.033138+00:00] main.INFO: Add of item with id Magento_InventoryAdminUi::stock was processed [] []
[2024-05-18T09:03:11.033583+00:00] main.INFO: Add of item with id Magento_Reports::report was processed [] []
[2024-05-18T09:03:11.034026+00:00] main.INFO: Add of item with id Magento_Reports::report_marketing was processed [] []
[2024-05-18T09:03:11.034486+00:00] main.INFO: Add of item with id Magento_Reports::report_salesroot was processed [] []
[2024-05-18T09:03:11.034938+00:00] main.INFO: Add of item with id Magento_Reports::report_salesroot_sales was processed [] []
[2024-05-18T09:03:11.035384+00:00] main.INFO: Add of item with id Magento_Reports::report_salesroot_tax was processed [] []
[2024-05-18T09:03:11.035829+00:00] main.INFO: Add of item with id Magento_Reports::report_salesroot_invoiced was processed [] []
[2024-05-18T09:03:11.036270+00:00] main.INFO: Add of item with id Magento_Reports::report_salesroot_shipping was processed [] []
[2024-05-18T09:03:11.036711+00:00] main.INFO: Add of item with id Magento_Reports::report_salesroot_refunded was processed [] []
[2024-05-18T09:03:11.037151+00:00] main.INFO: Add of item with id Magento_Reports::report_salesroot_coupons was processed [] []
[2024-05-18T09:03:11.037597+00:00] main.INFO: Add of item with id Magento_Reports::report_shopcart_product was processed [] []
[2024-05-18T09:03:11.038046+00:00] main.INFO: Add of item with id Magento_Reports::report_shopcart_abandoned was processed [] []
[2024-05-18T09:03:11.038488+00:00] main.INFO: Add of item with id Magento_Reports::report_products was processed [] []
[2024-05-18T09:03:11.039085+00:00] main.INFO: Add of item with id Magento_Reports::report_products_bestsellers was processed [] []
[2024-05-18T09:03:11.039611+00:00] main.INFO: Add of item with id Magento_Reports::report_products_sold was processed [] []
[2024-05-18T09:03:11.040057+00:00] main.INFO: Add of item with id Magento_Reports::report_products_viewed was processed [] []
[2024-05-18T09:03:11.040508+00:00] main.INFO: Add of item with id Magento_Reports::report_products_lowstock was processed [] []
[2024-05-18T09:03:11.040952+00:00] main.INFO: Add of item with id Magento_Reports::report_customers was processed [] []
[2024-05-18T09:03:11.041481+00:00] main.INFO: Add of item with id Magento_Reports::report_customers_accounts was processed [] []
[2024-05-18T09:03:11.042275+00:00] main.INFO: Add of item with id Magento_Reports::report_customers_totals was processed [] []
[2024-05-18T09:03:11.042808+00:00] main.INFO: Add of item with id Magento_Reports::report_customers_orders was processed [] []
[2024-05-18T09:03:11.043272+00:00] main.INFO: Add of item with id Magento_Reports::report_statistics was processed [] []
[2024-05-18T09:03:11.043755+00:00] main.INFO: Add of item with id Magento_Reports::report_statistics_refresh was processed [] []
[2024-05-18T09:03:11.044201+00:00] main.INFO: Add of item with id Magento_Search::report_search_term was processed [] []
[2024-05-18T09:03:11.044645+00:00] main.INFO: Add of item with id Magento_LoginAsCustomerLog::login_log was processed [] []
[2024-05-18T09:03:11.045087+00:00] main.INFO: Add of item with id Magento_Marketplace::partners was processed [] []
[2024-05-18T09:03:11.045529+00:00] main.INFO: Add of item with id Magento_Newsletter::newsletter_template was processed [] []
[2024-05-18T09:03:11.045969+00:00] main.INFO: Add of item with id Magento_Newsletter::newsletter_queue was processed [] []
[2024-05-18T09:03:11.046441+00:00] main.INFO: Add of item with id Magento_Newsletter::newsletter_subscriber was processed [] []
[2024-05-18T09:03:11.046885+00:00] main.INFO: Add of item with id Magento_Newsletter::newsletter_problem was processed [] []
[2024-05-18T09:03:11.047331+00:00] main.INFO: Add of item with id Magento_SalesRule::promo_quote was processed [] []
[2024-05-18T09:03:11.047772+00:00] main.INFO: Add of item with id Magento_Sitemap::catalog_sitemap was processed [] []
[2024-05-18T09:03:11.048293+00:00] main.INFO: Add of item with id Magento_PageBuilder::templates was processed [] []
[2024-05-18T09:03:11.048738+00:00] main.INFO: Add of item with id Magento_Paypal::report_salesroot_paypal_settlement_reports was processed [] []
[2024-05-18T09:03:11.049194+00:00] main.INFO: Add of item with id Magento_Paypal::paypal_billing_agreement was processed [] []
[2024-05-18T09:03:11.049641+00:00] main.INFO: Add of item with id Magento_CheckoutAgreements::sales_checkoutagreement was processed [] []
[2024-05-18T09:03:11.050083+00:00] main.INFO: Add of item with id Magento_Review::catalog_reviews_ratings_ratings was processed [] []
[2024-05-18T09:03:11.050538+00:00] main.INFO: Add of item with id Magento_Review::catalog_reviews_ratings_pending was processed [] []
[2024-05-18T09:03:11.050982+00:00] main.INFO: Add of item with id Magento_Review::catalog_reviews_ratings_reviews_all was processed [] []
[2024-05-18T09:03:11.051426+00:00] main.INFO: Add of item with id Magento_Review::report_review was processed [] []
[2024-05-18T09:03:11.051876+00:00] main.INFO: Add of item with id Magento_Review::report_review_customer was processed [] []
[2024-05-18T09:03:11.052351+00:00] main.INFO: Add of item with id Magento_Review::report_review_product was processed [] []
[2024-05-18T09:03:11.052799+00:00] main.INFO: Add of item with id Magento_UrlRewrite::urlrewrite was processed [] []
[2024-05-18T09:03:11.053258+00:00] main.INFO: Add of item with id Magento_Tax::sales_tax was processed [] []
[2024-05-18T09:03:11.053713+00:00] main.INFO: Add of item with id Magento_Tax::sales_tax_rules was processed [] []
[2024-05-18T09:03:11.054168+00:00] main.INFO: Add of item with id Magento_Tax::sales_tax_rates was processed [] []
[2024-05-18T09:03:11.054798+00:00] main.INFO: Add of item with id Magento_TaxImportExport::system_convert_tax was processed [] []
[2024-05-18T09:03:11.055277+00:00] main.INFO: Add of item with id Magento_AsynchronousOperations::system_magento_logging was processed [] []
[2024-05-18T09:03:11.055740+00:00] main.INFO: Add of item with id Magento_AsynchronousOperations::system_magento_logging_bulk_operations was processed [] []
[2024-05-18T09:03:11.056190+00:00] main.INFO: Add of item with id Magento_CurrencySymbol::system_currency was processed [] []
[2024-05-18T09:03:11.056640+00:00] main.INFO: Add of item with id Magento_CurrencySymbol::system_currency_rates was processed [] []
[2024-05-18T09:03:11.057085+00:00] main.INFO: Add of item with id Magento_CurrencySymbol::system_currency_symbols was processed [] []
[2024-05-18T09:03:11.057561+00:00] main.INFO: Add of item with id PayPal_Braintree::settlement_report was processed [] []
[2024-05-18T09:03:11.060031+00:00] main.INFO: Add of item with id PayPal_Braintree::virtual_terminal was processed [] []
[2024-05-18T09:03:16.380649+00:00] main.INFO: Broken reference: the 'notification.messages' tries to reorder itself towards 'user', but their parents are different: 'header.inner.right' and 'header' respectively. [] []
[2024-05-18T09:03:25.418322+00:00] main.INFO: Broken reference: the 'notification.messages' tries to reorder itself towards 'user', but their parents are different: 'header.inner.right' and 'header' respectively. [] []
[2024-05-18T09:03:29.292884+00:00] main.INFO: Broken reference: the 'notification.messages' tries to reorder itself towards 'user', but their parents are different: 'header.inner.right' and 'header' respectively. [] []
[2024-05-18T09:03:36.312261+00:00] main.INFO: Broken reference: the 'notification.messages' tries to reorder itself towards 'user', but their parents are different: 'header.inner.right' and 'header' respectively. [] []
[2024-05-18T09:03:43.537016+00:00] main.INFO: Broken reference: the 'notification.messages' tries to reorder itself towards 'user', but their parents are different: 'header.inner.right' and 'header' respectively. [] []
[2024-05-18T09:03:52.646870+00:00] main.INFO: Broken reference: the 'notification.messages' tries to reorder itself towards 'user', but their parents are different: 'header.inner.right' and 'header' respectively. [] []
[2024-05-18T09:07:35.197882+00:00] main.INFO: Broken reference: the 'notification.messages' tries to reorder itself towards 'user', but their parents are different: 'header.inner.right' and 'header' respectively. [] []
[2024-05-18T09:07:35.246992+00:00] main.INFO: Item Magento_Backend::system_currency was removed [] []
[2024-05-18T09:07:35.252009+00:00] main.INFO: Add of item with id Magento_Config::system_config was processed [] []
[2024-05-18T09:07:35.252737+00:00] main.INFO: Add of item with id Magento_AdminNotification::system_adminnotification was processed [] []
[2024-05-18T09:07:35.253240+00:00] main.INFO: Add of item with id Magento_Theme::design_config was processed [] []
[2024-05-18T09:07:35.253706+00:00] main.INFO: Add of item with id Magento_Theme::system_design_theme was processed [] []
[2024-05-18T09:07:35.254152+00:00] main.INFO: Add of item with id Magento_Backend::system_design_schedule was processed [] []
[2024-05-18T09:07:35.254596+00:00] main.INFO: Add of item with id Magento_Backend::system_store was processed [] []
[2024-05-18T09:07:35.255037+00:00] main.INFO: Add of item with id Magento_Backend::dashboard was processed [] []
[2024-05-18T09:07:35.255476+00:00] main.INFO: Add of item with id Magento_Backend::system was processed [] []
[2024-05-18T09:07:35.255930+00:00] main.INFO: Add of item with id Magento_Backend::system_tools was processed [] []
[2024-05-18T09:07:35.256382+00:00] main.INFO: Add of item with id Magento_Backend::system_design was processed [] []
[2024-05-18T09:07:35.256825+00:00] main.INFO: Add of item with id Magento_Backend::system_convert was processed [] []
[2024-05-18T09:07:35.257409+00:00] main.INFO: Add of item with id Magento_Backend::system_cache was processed [] []
[2024-05-18T09:07:35.258394+00:00] main.INFO: Add of item with id Magento_Backend::marketing was processed [] []
[2024-05-18T09:07:35.259182+00:00] main.INFO: Add of item with id Magento_Backend::marketing_communications was processed [] []
[2024-05-18T09:07:35.260102+00:00] main.INFO: Add of item with id Magento_Backend::marketing_seo was processed [] []
[2024-05-18T09:07:35.260974+00:00] main.INFO: Add of item with id Magento_Backend::marketing_user_content was processed [] []
[2024-05-18T09:07:35.261485+00:00] main.INFO: Add of item with id Magento_Backend::content was processed [] []
[2024-05-18T09:07:35.261937+00:00] main.INFO: Add of item with id Magento_Backend::content_elements was processed [] []
[2024-05-18T09:07:35.262489+00:00] main.INFO: Add of item with id Magento_Backend::stores was processed [] []
[2024-05-18T09:07:35.262972+00:00] main.INFO: Add of item with id Magento_Backend::stores_settings was processed [] []
[2024-05-18T09:07:35.263448+00:00] main.INFO: Add of item with id Magento_Backend::stores_attributes was processed [] []
[2024-05-18T09:07:35.263936+00:00] main.INFO: Add of item with id Magento_Backend::other_settings was processed [] []
[2024-05-18T09:07:35.264390+00:00] main.INFO: Add of item with id Magento_Backend::system_other_settings was processed [] []
[2024-05-18T09:07:35.264834+00:00] main.INFO: Add of item with id Magento_User::system_acl was processed [] []
[2024-05-18T09:07:35.265294+00:00] main.INFO: Add of item with id Magento_User::system_acl_users was processed [] []
[2024-05-18T09:07:35.265739+00:00] main.INFO: Add of item with id Magento_User::system_acl_roles was processed [] []
[2024-05-18T09:07:35.266182+00:00] main.INFO: Add of item with id Magento_User::system_acl_locks was processed [] []
[2024-05-18T09:07:35.266621+00:00] main.INFO: Add of item with id Magento_Customer::customer was processed [] []
[2024-05-18T09:07:35.267074+00:00] main.INFO: Add of item with id Magento_Customer::customer_manage was processed [] []
[2024-05-18T09:07:35.267517+00:00] main.INFO: Add of item with id Magento_Customer::customer_online was processed [] []
[2024-05-18T09:07:35.267958+00:00] main.INFO: Add of item with id Magento_Customer::customer_group was processed [] []
[2024-05-18T09:07:35.268404+00:00] main.INFO: Add of item with id Magento_Backup::system_tools_backup was processed [] []
[2024-05-18T09:07:35.268846+00:00] main.INFO: Add of item with id Magento_Indexer::system_index was processed [] []
[2024-05-18T09:07:35.269318+00:00] main.INFO: Add of item with id Magento_Variable::system_variable was processed [] []
[2024-05-18T09:07:35.269780+00:00] main.INFO: Add of item with id Magento_Cms::cms_page was processed [] []
[2024-05-18T09:07:35.270253+00:00] main.INFO: Add of item with id Magento_Cms::cms_block was processed [] []
[2024-05-18T09:07:35.270710+00:00] main.INFO: Add of item with id Magento_Search::search_terms was processed [] []
[2024-05-18T09:07:35.271155+00:00] main.INFO: Add of item with id Magento_Search::search_synonyms was processed [] []
[2024-05-18T09:07:35.271598+00:00] main.INFO: Add of item with id Magento_Catalog::catalog was processed [] []
[2024-05-18T09:07:35.272047+00:00] main.INFO: Add of item with id Magento_Catalog::catalog_products was processed [] []
[2024-05-18T09:07:35.272575+00:00] main.INFO: Add of item with id Magento_Catalog::catalog_categories was processed [] []
[2024-05-18T09:07:35.273058+00:00] main.INFO: Add of item with id Magento_Catalog::catalog_attributes_attributes was processed [] []
[2024-05-18T09:07:35.273508+00:00] main.INFO: Add of item with id Magento_Catalog::catalog_attributes_sets was processed [] []
[2024-05-18T09:07:35.274097+00:00] main.INFO: Add of item with id Magento_Catalog::inventory was processed [] []
[2024-05-18T09:07:35.274989+00:00] main.INFO: Add of item with id Magento_CatalogRule::promo was processed [] []
[2024-05-18T09:07:35.275721+00:00] main.INFO: Add of item with id Magento_CatalogRule::promo_catalog was processed [] []
[2024-05-18T09:07:35.276511+00:00] main.INFO: Add of item with id Magento_MediaGalleryUi::media was processed [] []
[2024-05-18T09:07:35.277279+00:00] main.INFO: Add of item with id Magento_MediaGalleryUi::media_gallery was processed [] []
[2024-05-18T09:07:35.278132+00:00] main.INFO: Add of item with id Magento_Integration::system_extensions was processed [] []
[2024-05-18T09:07:35.278656+00:00] main.INFO: Add of item with id Magento_Integration::system_integrations was processed [] []
[2024-05-18T09:07:35.279103+00:00] main.INFO: Add of item with id Magento_Sales::sales was processed [] []
[2024-05-18T09:07:35.279588+00:00] main.INFO: Add of item with id Magento_Sales::sales_operation was processed [] []
[2024-05-18T09:07:35.280045+00:00] main.INFO: Add of item with id Magento_Sales::sales_order was processed [] []
[2024-05-18T09:07:35.280489+00:00] main.INFO: Add of item with id Magento_Sales::sales_invoice was processed [] []
[2024-05-18T09:07:35.280931+00:00] main.INFO: Add of item with id Magento_Sales::sales_shipment was processed [] []
[2024-05-18T09:07:35.281375+00:00] main.INFO: Add of item with id Magento_Sales::sales_creditmemo was processed [] []
[2024-05-18T09:07:35.281871+00:00] main.INFO: Add of item with id Magento_Sales::sales_transactions was processed [] []
[2024-05-18T09:07:35.282318+00:00] main.INFO: Add of item with id Magento_Sales::system_order_statuses was processed [] []
[2024-05-18T09:07:35.282875+00:00] main.INFO: Add of item with id Magento_Widget::cms_widget_instance was processed [] []
[2024-05-18T09:07:35.283356+00:00] main.INFO: Add of item with id Magento_Analytics::business_intelligence was processed [] []
[2024-05-18T09:07:35.283814+00:00] main.INFO: Add of item with id Magento_Analytics::advanced_reporting was processed [] []
[2024-05-18T09:07:35.284258+00:00] main.INFO: Add of item with id Magento_Analytics::bi_essentials was processed [] []
[2024-05-18T09:07:35.284709+00:00] main.INFO: Add of item with id Magento_Downloadable::report_products_downloads was processed [] []
[2024-05-18T09:07:35.285164+00:00] main.INFO: Add of item with id Magento_ImportExport::system_convert_import was processed [] []
[2024-05-18T09:07:35.285607+00:00] main.INFO: Add of item with id Magento_ImportExport::system_convert_export was processed [] []
[2024-05-18T09:07:35.286057+00:00] main.INFO: Add of item with id Magento_ImportExport::system_convert_history was processed [] []
[2024-05-18T09:07:35.286508+00:00] main.INFO: Add of item with id Magento_Email::template was processed [] []
[2024-05-18T09:07:35.286973+00:00] main.INFO: Add of item with id Magento_EncryptionKey::system_crypt_key was processed [] []
[2024-05-18T09:07:35.287426+00:00] main.INFO: Add of item with id Magento_InventoryAdminUi::inventory was processed [] []
[2024-05-18T09:07:35.287880+00:00] main.INFO: Add of item with id Magento_InventoryAdminUi::source was processed [] []
[2024-05-18T09:07:35.288327+00:00] main.INFO: Add of item with id Magento_InventoryAdminUi::stock was processed [] []
[2024-05-18T09:07:35.288770+00:00] main.INFO: Add of item with id Magento_Reports::report was processed [] []
[2024-05-18T09:07:35.289240+00:00] main.INFO: Add of item with id Magento_Reports::report_marketing was processed [] []
[2024-05-18T09:07:35.289690+00:00] main.INFO: Add of item with id Magento_Reports::report_salesroot was processed [] []
[2024-05-18T09:07:35.290142+00:00] main.INFO: Add of item with id Magento_Reports::report_salesroot_sales was processed [] []
[2024-05-18T09:07:35.291362+00:00] main.INFO: Add of item with id Magento_Reports::report_salesroot_tax was processed [] []
[2024-05-18T09:07:35.292643+00:00] main.INFO: Add of item with id Magento_Reports::report_salesroot_invoiced was processed [] []
[2024-05-18T09:07:35.293184+00:00] main.INFO: Add of item with id Magento_Reports::report_salesroot_shipping was processed [] []
[2024-05-18T09:07:35.293704+00:00] main.INFO: Add of item with id Magento_Reports::report_salesroot_refunded was processed [] []
[2024-05-18T09:07:35.294209+00:00] main.INFO: Add of item with id Magento_Reports::report_salesroot_coupons was processed [] []
[2024-05-18T09:07:35.294711+00:00] main.INFO: Add of item with id Magento_Reports::report_shopcart_product was processed [] []
[2024-05-18T09:07:35.295239+00:00] main.INFO: Add of item with id Magento_Reports::report_shopcart_abandoned was processed [] []
[2024-05-18T09:07:35.295709+00:00] main.INFO: Add of item with id Magento_Reports::report_products was processed [] []
[2024-05-18T09:07:35.296168+00:00] main.INFO: Add of item with id Magento_Reports::report_products_bestsellers was processed [] []
[2024-05-18T09:07:35.296652+00:00] main.INFO: Add of item with id Magento_Reports::report_products_sold was processed [] []
[2024-05-18T09:07:35.297119+00:00] main.INFO: Add of item with id Magento_Reports::report_products_viewed was processed [] []
[2024-05-18T09:07:35.297579+00:00] main.INFO: Add of item with id Magento_Reports::report_products_lowstock was processed [] []
[2024-05-18T09:07:35.298036+00:00] main.INFO: Add of item with id Magento_Reports::report_customers was processed [] []
[2024-05-18T09:07:35.298506+00:00] main.INFO: Add of item with id Magento_Reports::report_customers_accounts was processed [] []
[2024-05-18T09:07:35.298981+00:00] main.INFO: Add of item with id Magento_Reports::report_customers_totals was processed [] []
[2024-05-18T09:07:35.299447+00:00] main.INFO: Add of item with id Magento_Reports::report_customers_orders was processed [] []
[2024-05-18T09:07:35.299926+00:00] main.INFO: Add of item with id Magento_Reports::report_statistics was processed [] []
[2024-05-18T09:07:35.300385+00:00] main.INFO: Add of item with id Magento_Reports::report_statistics_refresh was processed [] []
[2024-05-18T09:07:35.300831+00:00] main.INFO: Add of item with id Magento_Search::report_search_term was processed [] []
[2024-05-18T09:07:35.301275+00:00] main.INFO: Add of item with id Magento_LoginAsCustomerLog::login_log was processed [] []
[2024-05-18T09:07:35.301773+00:00] main.INFO: Add of item with id Magento_Marketplace::partners was processed [] []
[2024-05-18T09:07:35.302251+00:00] main.INFO: Add of item with id Magento_Newsletter::newsletter_template was processed [] []
[2024-05-18T09:07:35.302797+00:00] main.INFO: Add of item with id Magento_Newsletter::newsletter_queue was processed [] []
[2024-05-18T09:07:35.303554+00:00] main.INFO: Add of item with id Magento_Newsletter::newsletter_subscriber was processed [] []
[2024-05-18T09:07:35.304062+00:00] main.INFO: Add of item with id Magento_Newsletter::newsletter_problem was processed [] []
[2024-05-18T09:07:35.304550+00:00] main.INFO: Add of item with id Magento_SalesRule::promo_quote was processed [] []
[2024-05-18T09:07:35.305022+00:00] main.INFO: Add of item with id Magento_Sitemap::catalog_sitemap was processed [] []
[2024-05-18T09:07:35.305492+00:00] main.INFO: Add of item with id Magento_PageBuilder::templates was processed [] []
[2024-05-18T09:07:35.305985+00:00] main.INFO: Add of item with id Magento_Paypal::report_salesroot_paypal_settlement_reports was processed [] []
[2024-05-18T09:07:35.306458+00:00] main.INFO: Add of item with id Magento_Paypal::paypal_billing_agreement was processed [] []
[2024-05-18T09:07:35.307017+00:00] main.INFO: Add of item with id Magento_CheckoutAgreements::sales_checkoutagreement was processed [] []
[2024-05-18T09:07:35.308488+00:00] main.INFO: Add of item with id Magento_Review::catalog_reviews_ratings_ratings was processed [] []
[2024-05-18T09:07:35.309384+00:00] main.INFO: Add of item with id Magento_Review::catalog_reviews_ratings_pending was processed [] []
[2024-05-18T09:07:35.310145+00:00] main.INFO: Add of item with id Magento_Review::catalog_reviews_ratings_reviews_all was processed [] []
[2024-05-18T09:07:35.310900+00:00] main.INFO: Add of item with id Magento_Review::report_review was processed [] []
[2024-05-18T09:07:35.311672+00:00] main.INFO: Add of item with id Magento_Review::report_review_customer was processed [] []
[2024-05-18T09:07:35.312409+00:00] main.INFO: Add of item with id Magento_Review::report_review_product was processed [] []
[2024-05-18T09:07:35.313204+00:00] main.INFO: Add of item with id Magento_UrlRewrite::urlrewrite was processed [] []
[2024-05-18T09:07:35.314064+00:00] main.INFO: Add of item with id Magento_Tax::sales_tax was processed [] []
[2024-05-18T09:07:35.314776+00:00] main.INFO: Add of item with id Magento_Tax::sales_tax_rules was processed [] []
[2024-05-18T09:07:35.315368+00:00] main.INFO: Add of item with id Magento_Tax::sales_tax_rates was processed [] []
[2024-05-18T09:07:35.315833+00:00] main.INFO: Add of item with id Magento_TaxImportExport::system_convert_tax was processed [] []
[2024-05-18T09:07:35.316289+00:00] main.INFO: Add of item with id Magento_AsynchronousOperations::system_magento_logging was processed [] []
[2024-05-18T09:07:35.316748+00:00] main.INFO: Add of item with id Magento_AsynchronousOperations::system_magento_logging_bulk_operations was processed [] []
[2024-05-18T09:07:35.317201+00:00] main.INFO: Add of item with id Magento_CurrencySymbol::system_currency was processed [] []
[2024-05-18T09:07:35.317653+00:00] main.INFO: Add of item with id Magento_CurrencySymbol::system_currency_rates was processed [] []
[2024-05-18T09:07:35.318106+00:00] main.INFO: Add of item with id Magento_CurrencySymbol::system_currency_symbols was processed [] []
[2024-05-18T09:07:35.318547+00:00] main.INFO: Add of item with id PayPal_Braintree::settlement_report was processed [] []
[2024-05-18T09:07:35.318991+00:00] main.INFO: Add of item with id PayPal_Braintree::virtual_terminal was processed [] []
[2024-05-18T09:07:36.600094+00:00] main.INFO: Broken reference: the 'notification.messages' tries to reorder itself towards 'user', but their parents are different: 'header.inner.right' and 'header' respectively. [] []
[2024-05-18T09:07:44.287747+00:00] main.INFO: Broken reference: the 'notification.messages' tries to reorder itself towards 'user', but their parents are different: 'header.inner.right' and 'header' respectively. [] []
[2024-05-18T09:09:40.038266+00:00] main.INFO: Broken reference: the 'notification.messages' tries to reorder itself towards 'user', but their parents are different: 'header.inner.right' and 'header' respectively. [] []
[2024-05-18T09:09:40.076735+00:00] main.INFO: Item Magento_Backend::system_currency was removed [] []
[2024-05-18T09:09:40.082844+00:00] main.INFO: Add of item with id Magento_Config::system_config was processed [] []
[2024-05-18T09:09:40.083401+00:00] main.INFO: Add of item with id Magento_AdminNotification::system_adminnotification was processed [] []
[2024-05-18T09:09:40.083880+00:00] main.INFO: Add of item with id Magento_Theme::design_config was processed [] []
[2024-05-18T09:09:40.084334+00:00] main.INFO: Add of item with id Magento_Theme::system_design_theme was processed [] []
[2024-05-18T09:09:40.084802+00:00] main.INFO: Add of item with id Magento_Backend::system_design_schedule was processed [] []
[2024-05-18T09:09:40.085261+00:00] main.INFO: Add of item with id Magento_Backend::system_store was processed [] []
[2024-05-18T09:09:40.085707+00:00] main.INFO: Add of item with id Magento_Backend::dashboard was processed [] []
[2024-05-18T09:09:40.086187+00:00] main.INFO: Add of item with id Magento_Backend::system was processed [] []
[2024-05-18T09:09:40.086647+00:00] main.INFO: Add of item with id Magento_Backend::system_tools was processed [] []
[2024-05-18T09:09:40.087106+00:00] main.INFO: Add of item with id Magento_Backend::system_design was processed [] []
[2024-05-18T09:09:40.087552+00:00] main.INFO: Add of item with id Magento_Backend::system_convert was processed [] []
[2024-05-18T09:09:40.088005+00:00] main.INFO: Add of item with id Magento_Backend::system_cache was processed [] []
[2024-05-18T09:09:40.088452+00:00] main.INFO: Add of item with id Magento_Backend::marketing was processed [] []
[2024-05-18T09:09:40.088903+00:00] main.INFO: Add of item with id Magento_Backend::marketing_communications was processed [] []
[2024-05-18T09:09:40.089448+00:00] main.INFO: Add of item with id Magento_Backend::marketing_seo was processed [] []
[2024-05-18T09:09:40.090003+00:00] main.INFO: Add of item with id Magento_Backend::marketing_user_content was processed [] []
[2024-05-18T09:09:40.090671+00:00] main.INFO: Add of item with id Magento_Backend::content was processed [] []
[2024-05-18T09:09:40.091463+00:00] main.INFO: Add of item with id Magento_Backend::content_elements was processed [] []
[2024-05-18T09:09:40.092496+00:00] main.INFO: Add of item with id Magento_Backend::stores was processed [] []
[2024-05-18T09:09:40.093126+00:00] main.INFO: Add of item with id Magento_Backend::stores_settings was processed [] []
[2024-05-18T09:09:40.093582+00:00] main.INFO: Add of item with id Magento_Backend::stores_attributes was processed [] []
[2024-05-18T09:09:40.094027+00:00] main.INFO: Add of item with id Magento_Backend::other_settings was processed [] []
[2024-05-18T09:09:40.094531+00:00] main.INFO: Add of item with id Magento_Backend::system_other_settings was processed [] []
[2024-05-18T09:09:40.095305+00:00] main.INFO: Add of item with id Magento_User::system_acl was processed [] []
[2024-05-18T09:09:40.096098+00:00] main.INFO: Add of item with id Magento_User::system_acl_users was processed [] []
[2024-05-18T09:09:40.096681+00:00] main.INFO: Add of item with id Magento_User::system_acl_roles was processed [] []
[2024-05-18T09:09:40.097210+00:00] main.INFO: Add of item with id Magento_User::system_acl_locks was processed [] []
[2024-05-18T09:09:40.097729+00:00] main.INFO: Add of item with id Magento_Customer::customer was processed [] []
[2024-05-18T09:09:40.098262+00:00] main.INFO: Add of item with id Magento_Customer::customer_manage was processed [] []
[2024-05-18T09:09:40.098784+00:00] main.INFO: Add of item with id Magento_Customer::customer_online was processed [] []
[2024-05-18T09:09:40.099336+00:00] main.INFO: Add of item with id Magento_Customer::customer_group was processed [] []
[2024-05-18T09:09:40.099861+00:00] main.INFO: Add of item with id Magento_Backup::system_tools_backup was processed [] []
[2024-05-18T09:09:40.100381+00:00] main.INFO: Add of item with id Magento_Indexer::system_index was processed [] []
[2024-05-18T09:09:40.100899+00:00] main.INFO: Add of item with id Magento_Variable::system_variable was processed [] []
[2024-05-18T09:09:40.101445+00:00] main.INFO: Add of item with id Magento_Cms::cms_page was processed [] []
[2024-05-18T09:09:40.103255+00:00] main.INFO: Add of item with id Magento_Cms::cms_block was processed [] []
[2024-05-18T09:09:40.103745+00:00] main.INFO: Add of item with id Magento_Search::search_terms was processed [] []
[2024-05-18T09:09:40.104200+00:00] main.INFO: Add of item with id Magento_Search::search_synonyms was processed [] []
[2024-05-18T09:09:40.104649+00:00] main.INFO: Add of item with id Magento_Catalog::catalog was processed [] []
[2024-05-18T09:09:40.105110+00:00] main.INFO: Add of item with id Magento_Catalog::catalog_products was processed [] []
[2024-05-18T09:09:40.105560+00:00] main.INFO: Add of item with id Magento_Catalog::catalog_categories was processed [] []
[2024-05-18T09:09:40.106019+00:00] main.INFO: Add of item with id Magento_Catalog::catalog_attributes_attributes was processed [] []
[2024-05-18T09:09:40.106504+00:00] main.INFO: Add of item with id Magento_Catalog::catalog_attributes_sets was processed [] []
[2024-05-18T09:09:40.107497+00:00] main.INFO: Add of item with id Magento_Catalog::inventory was processed [] []
[2024-05-18T09:09:40.108263+00:00] main.INFO: Add of item with id Magento_CatalogRule::promo was processed [] []
[2024-05-18T09:09:40.109064+00:00] main.INFO: Add of item with id Magento_CatalogRule::promo_catalog was processed [] []
[2024-05-18T09:09:40.109598+00:00] main.INFO: Add of item with id Magento_MediaGalleryUi::media was processed [] []
[2024-05-18T09:09:40.110069+00:00] main.INFO: Add of item with id Magento_MediaGalleryUi::media_gallery was processed [] []
[2024-05-18T09:09:40.110518+00:00] main.INFO: Add of item with id Magento_Integration::system_extensions was processed [] []
[2024-05-18T09:09:40.111119+00:00] main.INFO: Add of item with id Magento_Integration::system_integrations was processed [] []
[2024-05-18T09:09:40.111577+00:00] main.INFO: Add of item with id Magento_Sales::sales was processed [] []
[2024-05-18T09:09:40.112262+00:00] main.INFO: Add of item with id Magento_Sales::sales_operation was processed [] []
[2024-05-18T09:09:40.112819+00:00] main.INFO: Add of item with id Magento_Sales::sales_order was processed [] []
[2024-05-18T09:09:40.113286+00:00] main.INFO: Add of item with id Magento_Sales::sales_invoice was processed [] []
[2024-05-18T09:09:40.113733+00:00] main.INFO: Add of item with id Magento_Sales::sales_shipment was processed [] []
[2024-05-18T09:09:40.114206+00:00] main.INFO: Add of item with id Magento_Sales::sales_creditmemo was processed [] []
[2024-05-18T09:09:40.114652+00:00] main.INFO: Add of item with id Magento_Sales::sales_transactions was processed [] []
[2024-05-18T09:09:40.115096+00:00] main.INFO: Add of item with id Magento_Sales::system_order_statuses was processed [] []
[2024-05-18T09:09:40.115540+00:00] main.INFO: Add of item with id Magento_Widget::cms_widget_instance was processed [] []
[2024-05-18T09:09:40.115995+00:00] main.INFO: Add of item with id Magento_Analytics::business_intelligence was processed [] []
[2024-05-18T09:09:40.116501+00:00] main.INFO: Add of item with id Magento_Analytics::advanced_reporting was processed [] []
[2024-05-18T09:09:40.116952+00:00] main.INFO: Add of item with id Magento_Analytics::bi_essentials was processed [] []
[2024-05-18T09:09:40.117405+00:00] main.INFO: Add of item with id Magento_Downloadable::report_products_downloads was processed [] []
[2024-05-18T09:09:40.117858+00:00] main.INFO: Add of item with id Magento_ImportExport::system_convert_import was processed [] []
[2024-05-18T09:09:40.118304+00:00] main.INFO: Add of item with id Magento_ImportExport::system_convert_export was processed [] []
[2024-05-18T09:09:40.118747+00:00] main.INFO: Add of item with id Magento_ImportExport::system_convert_history was processed [] []
[2024-05-18T09:09:40.119263+00:00] main.INFO: Add of item with id Magento_Email::template was processed [] []
[2024-05-18T09:09:40.119719+00:00] main.INFO: Add of item with id Magento_EncryptionKey::system_crypt_key was processed [] []
[2024-05-18T09:09:40.120166+00:00] main.INFO: Add of item with id Magento_InventoryAdminUi::inventory was processed [] []
[2024-05-18T09:09:40.120618+00:00] main.INFO: Add of item with id Magento_InventoryAdminUi::source was processed [] []
[2024-05-18T09:09:40.121061+00:00] main.INFO: Add of item with id Magento_InventoryAdminUi::stock was processed [] []
[2024-05-18T09:09:40.121599+00:00] main.INFO: Add of item with id Magento_Reports::report was processed [] []
[2024-05-18T09:09:40.122282+00:00] main.INFO: Add of item with id Magento_Reports::report_marketing was processed [] []
[2024-05-18T09:09:40.122913+00:00] main.INFO: Add of item with id Magento_Reports::report_salesroot was processed [] []
[2024-05-18T09:09:40.123384+00:00] main.INFO: Add of item with id Magento_Reports::report_salesroot_sales was processed [] []
[2024-05-18T09:09:40.124596+00:00] main.INFO: Add of item with id Magento_Reports::report_salesroot_tax was processed [] []
[2024-05-18T09:09:40.125156+00:00] main.INFO: Add of item with id Magento_Reports::report_salesroot_invoiced was processed [] []
[2024-05-18T09:09:40.125613+00:00] main.INFO: Add of item with id Magento_Reports::report_salesroot_shipping was processed [] []
[2024-05-18T09:09:40.126080+00:00] main.INFO: Add of item with id Magento_Reports::report_salesroot_refunded was processed [] []
[2024-05-18T09:09:40.126544+00:00] main.INFO: Add of item with id Magento_Reports::report_salesroot_coupons was processed [] []
[2024-05-18T09:09:40.127640+00:00] main.INFO: Add of item with id Magento_Reports::report_shopcart_product was processed [] []
[2024-05-18T09:09:40.128159+00:00] main.INFO: Add of item with id Magento_Reports::report_shopcart_abandoned was processed [] []
[2024-05-18T09:09:40.128607+00:00] main.INFO: Add of item with id Magento_Reports::report_products was processed [] []
[2024-05-18T09:09:40.129050+00:00] main.INFO: Add of item with id Magento_Reports::report_products_bestsellers was processed [] []
[2024-05-18T09:09:40.129523+00:00] main.INFO: Add of item with id Magento_Reports::report_products_sold was processed [] []
[2024-05-18T09:09:40.129977+00:00] main.INFO: Add of item with id Magento_Reports::report_products_viewed was processed [] []
[2024-05-18T09:09:40.130420+00:00] main.INFO: Add of item with id Magento_Reports::report_products_lowstock was processed [] []
[2024-05-18T09:09:40.130884+00:00] main.INFO: Add of item with id Magento_Reports::report_customers was processed [] []
[2024-05-18T09:09:40.131364+00:00] main.INFO: Add of item with id Magento_Reports::report_customers_accounts was processed [] []
[2024-05-18T09:09:40.131816+00:00] main.INFO: Add of item with id Magento_Reports::report_customers_totals was processed [] []
[2024-05-18T09:09:40.132461+00:00] main.INFO: Add of item with id Magento_Reports::report_customers_orders was processed [] []
[2024-05-18T09:09:40.132912+00:00] main.INFO: Add of item with id Magento_Reports::report_statistics was processed [] []
[2024-05-18T09:09:40.133369+00:00] main.INFO: Add of item with id Magento_Reports::report_statistics_refresh was processed [] []
[2024-05-18T09:09:40.133829+00:00] main.INFO: Add of item with id Magento_Search::report_search_term was processed [] []
[2024-05-18T09:09:40.134272+00:00] main.INFO: Add of item with id Magento_LoginAsCustomerLog::login_log was processed [] []
[2024-05-18T09:09:40.134715+00:00] main.INFO: Add of item with id Magento_Marketplace::partners was processed [] []
[2024-05-18T09:09:40.135157+00:00] main.INFO: Add of item with id Magento_Newsletter::newsletter_template was processed [] []
[2024-05-18T09:09:40.135599+00:00] main.INFO: Add of item with id Magento_Newsletter::newsletter_queue was processed [] []
[2024-05-18T09:09:40.136040+00:00] main.INFO: Add of item with id Magento_Newsletter::newsletter_subscriber was processed [] []
[2024-05-18T09:09:40.136518+00:00] main.INFO: Add of item with id Magento_Newsletter::newsletter_problem was processed [] []
[2024-05-18T09:09:40.136995+00:00] main.INFO: Add of item with id Magento_SalesRule::promo_quote was processed [] []
[2024-05-18T09:09:40.137445+00:00] main.INFO: Add of item with id Magento_Sitemap::catalog_sitemap was processed [] []
[2024-05-18T09:09:40.137887+00:00] main.INFO: Add of item with id Magento_PageBuilder::templates was processed [] []
[2024-05-18T09:09:40.138331+00:00] main.INFO: Add of item with id Magento_Paypal::report_salesroot_paypal_settlement_reports was processed [] []
[2024-05-18T09:09:40.138774+00:00] main.INFO: Add of item with id Magento_Paypal::paypal_billing_agreement was processed [] []
[2024-05-18T09:09:40.139267+00:00] main.INFO: Add of item with id Magento_CheckoutAgreements::sales_checkoutagreement was processed [] []
[2024-05-18T09:09:40.139726+00:00] main.INFO: Add of item with id Magento_Review::catalog_reviews_ratings_ratings was processed [] []
[2024-05-18T09:09:40.140181+00:00] main.INFO: Add of item with id Magento_Review::catalog_reviews_ratings_pending was processed [] []
[2024-05-18T09:09:40.143002+00:00] main.INFO: Add of item with id Magento_Review::catalog_reviews_ratings_reviews_all was processed [] []
[2024-05-18T09:09:40.143505+00:00] main.INFO: Add of item with id Magento_Review::report_review was processed [] []
[2024-05-18T09:09:40.144005+00:00] main.INFO: Add of item with id Magento_Review::report_review_customer was processed [] []
[2024-05-18T09:09:40.144472+00:00] main.INFO: Add of item with id Magento_Review::report_review_product was processed [] []
[2024-05-18T09:09:40.144921+00:00] main.INFO: Add of item with id Magento_UrlRewrite::urlrewrite was processed [] []
[2024-05-18T09:09:40.145367+00:00] main.INFO: Add of item with id Magento_Tax::sales_tax was processed [] []
[2024-05-18T09:09:40.145823+00:00] main.INFO: Add of item with id Magento_Tax::sales_tax_rules was processed [] []
[2024-05-18T09:09:40.146270+00:00] main.INFO: Add of item with id Magento_Tax::sales_tax_rates was processed [] []
[2024-05-18T09:09:40.146744+00:00] main.INFO: Add of item with id Magento_TaxImportExport::system_convert_tax was processed [] []
[2024-05-18T09:09:40.147201+00:00] main.INFO: Add of item with id Magento_AsynchronousOperations::system_magento_logging was processed [] []
[2024-05-18T09:09:40.147658+00:00] main.INFO: Add of item with id Magento_AsynchronousOperations::system_magento_logging_bulk_operations was processed [] []
[2024-05-18T09:09:40.148147+00:00] main.INFO: Add of item with id Magento_CurrencySymbol::system_currency was processed [] []
[2024-05-18T09:09:40.148713+00:00] main.INFO: Add of item with id Magento_CurrencySymbol::system_currency_rates was processed [] []
[2024-05-18T09:09:40.149472+00:00] main.INFO: Add of item with id Magento_CurrencySymbol::system_currency_symbols was processed [] []
[2024-05-18T09:09:40.150215+00:00] main.INFO: Add of item with id PayPal_Braintree::settlement_report was processed [] []
[2024-05-18T09:09:40.151011+00:00] main.INFO: Add of item with id PayPal_Braintree::virtual_terminal was processed [] []
[2024-05-18T09:09:51.406076+00:00] main.INFO: Broken reference: the 'notification.messages' tries to reorder itself towards 'user', but their parents are different: 'header.inner.right' and 'header' respectively. [] []
[2024-05-18T09:09:58.816568+00:00] main.INFO: Broken reference: the 'notification.messages' tries to reorder itself towards 'user', but their parents are different: 'header.inner.right' and 'header' respectively. [] []
[2024-05-18T09:10:08.715652+00:00] main.INFO: Broken reference: the 'notification.messages' tries to reorder itself towards 'user', but their parents are different: 'header.inner.right' and 'header' respectively. [] []
[2024-05-18T09:10:13.222365+00:00] main.INFO: Broken reference: the 'notification.messages' tries to reorder itself towards 'user', but their parents are different: 'header.inner.right' and 'header' respectively. [] []
[2024-05-18T09:12:24.529636+00:00] main.INFO: Broken reference: the 'notification.messages' tries to reorder itself towards 'user', but their parents are different: 'header.inner.right' and 'header' respectively. [] []
[2024-05-18T09:12:24.564025+00:00] main.INFO: Item Magento_Backend::system_currency was removed [] []
[2024-05-18T09:12:24.568362+00:00] main.INFO: Add of item with id Magento_Config::system_config was processed [] []
[2024-05-18T09:12:24.568892+00:00] main.INFO: Add of item with id Magento_AdminNotification::system_adminnotification was processed [] []
[2024-05-18T09:12:24.569493+00:00] main.INFO: Add of item with id Magento_Theme::design_config was processed [] []
[2024-05-18T09:12:24.570020+00:00] main.INFO: Add of item with id Magento_Theme::system_design_theme was processed [] []
[2024-05-18T09:12:24.570508+00:00] main.INFO: Add of item with id Magento_Backend::system_design_schedule was processed [] []
[2024-05-18T09:12:24.570973+00:00] main.INFO: Add of item with id Magento_Backend::system_store was processed [] []
[2024-05-18T09:12:24.571542+00:00] main.INFO: Add of item with id Magento_Backend::dashboard was processed [] []
[2024-05-18T09:12:24.572014+00:00] main.INFO: Add of item with id Magento_Backend::system was processed [] []
[2024-05-18T09:12:24.572476+00:00] main.INFO: Add of item with id Magento_Backend::system_tools was processed [] []
[2024-05-18T09:12:24.573004+00:00] main.INFO: Add of item with id Magento_Backend::system_design was processed [] []
[2024-05-18T09:12:24.574693+00:00] main.INFO: Add of item with id Magento_Backend::system_convert was processed [] []
[2024-05-18T09:12:24.575279+00:00] main.INFO: Add of item with id Magento_Backend::system_cache was processed [] []
[2024-05-18T09:12:24.575749+00:00] main.INFO: Add of item with id Magento_Backend::marketing was processed [] []
[2024-05-18T09:12:24.576221+00:00] main.INFO: Add of item with id Magento_Backend::marketing_communications was processed [] []
[2024-05-18T09:12:24.576668+00:00] main.INFO: Add of item with id Magento_Backend::marketing_seo was processed [] []
[2024-05-18T09:12:24.577107+00:00] main.INFO: Add of item with id Magento_Backend::marketing_user_content was processed [] []
[2024-05-18T09:12:24.577556+00:00] main.INFO: Add of item with id Magento_Backend::content was processed [] []
[2024-05-18T09:12:24.577997+00:00] main.INFO: Add of item with id Magento_Backend::content_elements was processed [] []
[2024-05-18T09:12:24.578463+00:00] main.INFO: Add of item with id Magento_Backend::stores was processed [] []
[2024-05-18T09:12:24.578918+00:00] main.INFO: Add of item with id Magento_Backend::stores_settings was processed [] []
[2024-05-18T09:12:24.579431+00:00] main.INFO: Add of item with id Magento_Backend::stores_attributes was processed [] []
[2024-05-18T09:12:24.579877+00:00] main.INFO: Add of item with id Magento_Backend::other_settings was processed [] []
[2024-05-18T09:12:24.580316+00:00] main.INFO: Add of item with id Magento_Backend::system_other_settings was processed [] []
[2024-05-18T09:12:24.580851+00:00] main.INFO: Add of item with id Magento_User::system_acl was processed [] []
[2024-05-18T09:12:24.581306+00:00] main.INFO: Add of item with id Magento_User::system_acl_users was processed [] []
[2024-05-18T09:12:24.581752+00:00] main.INFO: Add of item with id Magento_User::system_acl_roles was processed [] []
[2024-05-18T09:12:24.582203+00:00] main.INFO: Add of item with id Magento_User::system_acl_locks was processed [] []
[2024-05-18T09:12:24.582643+00:00] main.INFO: Add of item with id Magento_Customer::customer was processed [] []
[2024-05-18T09:12:24.583095+00:00] main.INFO: Add of item with id Magento_Customer::customer_manage was processed [] []
[2024-05-18T09:12:24.583569+00:00] main.INFO: Add of item with id Magento_Customer::customer_online was processed [] []
[2024-05-18T09:12:24.584012+00:00] main.INFO: Add of item with id Magento_Customer::customer_group was processed [] []
[2024-05-18T09:12:24.584453+00:00] main.INFO: Add of item with id Magento_Backup::system_tools_backup was processed [] []
[2024-05-18T09:12:24.584892+00:00] main.INFO: Add of item with id Magento_Indexer::system_index was processed [] []
[2024-05-18T09:12:24.585330+00:00] main.INFO: Add of item with id Magento_Variable::system_variable was processed [] []
[2024-05-18T09:12:24.585786+00:00] main.INFO: Add of item with id Magento_Cms::cms_page was processed [] []
[2024-05-18T09:12:24.586227+00:00] main.INFO: Add of item with id Magento_Cms::cms_block was processed [] []
[2024-05-18T09:12:24.586676+00:00] main.INFO: Add of item with id Magento_Search::search_terms was processed [] []
[2024-05-18T09:12:24.587116+00:00] main.INFO: Add of item with id Magento_Search::search_synonyms was processed [] []
[2024-05-18T09:12:24.587572+00:00] main.INFO: Add of item with id Magento_Catalog::catalog was processed [] []
[2024-05-18T09:12:24.588032+00:00] main.INFO: Add of item with id Magento_Catalog::catalog_products was processed [] []
[2024-05-18T09:12:24.588622+00:00] main.INFO: Add of item with id Magento_Catalog::catalog_categories was processed [] []
[2024-05-18T09:12:24.589104+00:00] main.INFO: Add of item with id Magento_Catalog::catalog_attributes_attributes was processed [] []
[2024-05-18T09:12:24.589746+00:00] main.INFO: Add of item with id Magento_Catalog::catalog_attributes_sets was processed [] []
[2024-05-18T09:12:24.591800+00:00] main.INFO: Add of item with id Magento_Catalog::inventory was processed [] []
[2024-05-18T09:12:24.592440+00:00] main.INFO: Add of item with id Magento_CatalogRule::promo was processed [] []
[2024-05-18T09:12:24.592949+00:00] main.INFO: Add of item with id Magento_CatalogRule::promo_catalog was processed [] []
[2024-05-18T09:12:24.593474+00:00] main.INFO: Add of item with id Magento_MediaGalleryUi::media was processed [] []
[2024-05-18T09:12:24.594342+00:00] main.INFO: Add of item with id Magento_MediaGalleryUi::media_gallery was processed [] []
[2024-05-18T09:12:24.594831+00:00] main.INFO: Add of item with id Magento_Integration::system_extensions was processed [] []
[2024-05-18T09:12:24.595307+00:00] main.INFO: Add of item with id Magento_Integration::system_integrations was processed [] []
[2024-05-18T09:12:24.595766+00:00] main.INFO: Add of item with id Magento_Sales::sales was processed [] []
[2024-05-18T09:12:24.596245+00:00] main.INFO: Add of item with id Magento_Sales::sales_operation was processed [] []
[2024-05-18T09:12:24.596705+00:00] main.INFO: Add of item with id Magento_Sales::sales_order was processed [] []
[2024-05-18T09:12:24.597144+00:00] main.INFO: Add of item with id Magento_Sales::sales_invoice was processed [] []
[2024-05-18T09:12:24.597604+00:00] main.INFO: Add of item with id Magento_Sales::sales_shipment was processed [] []
[2024-05-18T09:12:24.598057+00:00] main.INFO: Add of item with id Magento_Sales::sales_creditmemo was processed [] []
[2024-05-18T09:12:24.598514+00:00] main.INFO: Add of item with id Magento_Sales::sales_transactions was processed [] []
[2024-05-18T09:12:24.598961+00:00] main.INFO: Add of item with id Magento_Sales::system_order_statuses was processed [] []
[2024-05-18T09:12:24.599441+00:00] main.INFO: Add of item with id Magento_Widget::cms_widget_instance was processed [] []
[2024-05-18T09:12:24.599898+00:00] main.INFO: Add of item with id Magento_Analytics::business_intelligence was processed [] []
[2024-05-18T09:12:24.600361+00:00] main.INFO: Add of item with id Magento_Analytics::advanced_reporting was processed [] []
[2024-05-18T09:12:24.600803+00:00] main.INFO: Add of item with id Magento_Analytics::bi_essentials was processed [] []
[2024-05-18T09:12:24.601345+00:00] main.INFO: Add of item with id Magento_Downloadable::report_products_downloads was processed [] []
[2024-05-18T09:12:24.601842+00:00] main.INFO: Add of item with id Magento_ImportExport::system_convert_import was processed [] []
[2024-05-18T09:12:24.602300+00:00] main.INFO: Add of item with id Magento_ImportExport::system_convert_export was processed [] []
[2024-05-18T09:12:24.602741+00:00] main.INFO: Add of item with id Magento_ImportExport::system_convert_history was processed [] []
[2024-05-18T09:12:24.603191+00:00] main.INFO: Add of item with id Magento_Email::template was processed [] []
[2024-05-18T09:12:24.603634+00:00] main.INFO: Add of item with id Magento_EncryptionKey::system_crypt_key was processed [] []
[2024-05-18T09:12:24.604074+00:00] main.INFO: Add of item with id Magento_InventoryAdminUi::inventory was processed [] []
[2024-05-18T09:12:24.604523+00:00] main.INFO: Add of item with id Magento_InventoryAdminUi::source was processed [] []
[2024-05-18T09:12:24.605092+00:00] main.INFO: Add of item with id Magento_InventoryAdminUi::stock was processed [] []
[2024-05-18T09:12:24.605545+00:00] main.INFO: Add of item with id Magento_Reports::report was processed [] []
[2024-05-18T09:12:24.605988+00:00] main.INFO: Add of item with id Magento_Reports::report_marketing was processed [] []
[2024-05-18T09:12:24.606427+00:00] main.INFO: Add of item with id Magento_Reports::report_salesroot was processed [] []
[2024-05-18T09:12:24.607388+00:00] main.INFO: Add of item with id Magento_Reports::report_salesroot_sales was processed [] []
[2024-05-18T09:12:24.607903+00:00] main.INFO: Add of item with id Magento_Reports::report_salesroot_tax was processed [] []
[2024-05-18T09:12:24.608422+00:00] main.INFO: Add of item with id Magento_Reports::report_salesroot_invoiced was processed [] []
[2024-05-18T09:12:24.608867+00:00] main.INFO: Add of item with id Magento_Reports::report_salesroot_shipping was processed [] []
[2024-05-18T09:12:24.609369+00:00] main.INFO: Add of item with id Magento_Reports::report_salesroot_refunded was processed [] []
[2024-05-18T09:12:24.609824+00:00] main.INFO: Add of item with id Magento_Reports::report_salesroot_coupons was processed [] []
[2024-05-18T09:12:24.610280+00:00] main.INFO: Add of item with id Magento_Reports::report_shopcart_product was processed [] []
[2024-05-18T09:12:24.610779+00:00] main.INFO: Add of item with id Magento_Reports::report_shopcart_abandoned was processed [] []
[2024-05-18T09:12:24.611256+00:00] main.INFO: Add of item with id Magento_Reports::report_products was processed [] []
[2024-05-18T09:12:24.611770+00:00] main.INFO: Add of item with id Magento_Reports::report_products_bestsellers was processed [] []
[2024-05-18T09:12:24.612228+00:00] main.INFO: Add of item with id Magento_Reports::report_products_sold was processed [] []
[2024-05-18T09:12:24.612668+00:00] main.INFO: Add of item with id Magento_Reports::report_products_viewed was processed [] []
[2024-05-18T09:12:24.613107+00:00] main.INFO: Add of item with id Magento_Reports::report_products_lowstock was processed [] []
[2024-05-18T09:12:24.613547+00:00] main.INFO: Add of item with id Magento_Reports::report_customers was processed [] []
[2024-05-18T09:12:24.613998+00:00] main.INFO: Add of item with id Magento_Reports::report_customers_accounts was processed [] []
[2024-05-18T09:12:24.614436+00:00] main.INFO: Add of item with id Magento_Reports::report_customers_totals was processed [] []
[2024-05-18T09:12:24.614873+00:00] main.INFO: Add of item with id Magento_Reports::report_customers_orders was processed [] []
[2024-05-18T09:12:24.615310+00:00] main.INFO: Add of item with id Magento_Reports::report_statistics was processed [] []
[2024-05-18T09:12:24.615757+00:00] main.INFO: Add of item with id Magento_Reports::report_statistics_refresh was processed [] []
[2024-05-18T09:12:24.616204+00:00] main.INFO: Add of item with id Magento_Search::report_search_term was processed [] []
[2024-05-18T09:12:24.616646+00:00] main.INFO: Add of item with id Magento_LoginAsCustomerLog::login_log was processed [] []
[2024-05-18T09:12:24.617085+00:00] main.INFO: Add of item with id Magento_Marketplace::partners was processed [] []
[2024-05-18T09:12:24.617524+00:00] main.INFO: Add of item with id Magento_Newsletter::newsletter_template was processed [] []
[2024-05-18T09:12:24.617989+00:00] main.INFO: Add of item with id Magento_Newsletter::newsletter_queue was processed [] []
[2024-05-18T09:12:24.618432+00:00] main.INFO: Add of item with id Magento_Newsletter::newsletter_subscriber was processed [] []
[2024-05-18T09:12:24.618872+00:00] main.INFO: Add of item with id Magento_Newsletter::newsletter_problem was processed [] []
[2024-05-18T09:12:24.619325+00:00] main.INFO: Add of item with id Magento_SalesRule::promo_quote was processed [] []
[2024-05-18T09:12:24.619771+00:00] main.INFO: Add of item with id Magento_Sitemap::catalog_sitemap was processed [] []
[2024-05-18T09:12:24.620211+00:00] main.INFO: Add of item with id Magento_PageBuilder::templates was processed [] []
[2024-05-18T09:12:24.620650+00:00] main.INFO: Add of item with id Magento_Paypal::report_salesroot_paypal_settlement_reports was processed [] []
[2024-05-18T09:12:24.621185+00:00] main.INFO: Add of item with id Magento_Paypal::paypal_billing_agreement was processed [] []
[2024-05-18T09:12:24.621716+00:00] main.INFO: Add of item with id Magento_CheckoutAgreements::sales_checkoutagreement was processed [] []
[2024-05-18T09:12:24.622161+00:00] main.INFO: Add of item with id Magento_Review::catalog_reviews_ratings_ratings was processed [] []
[2024-05-18T09:12:24.622612+00:00] main.INFO: Add of item with id Magento_Review::catalog_reviews_ratings_pending was processed [] []
[2024-05-18T09:12:24.623055+00:00] main.INFO: Add of item with id Magento_Review::catalog_reviews_ratings_reviews_all was processed [] []
[2024-05-18T09:12:24.623748+00:00] main.INFO: Add of item with id Magento_Review::report_review was processed [] []
[2024-05-18T09:12:24.624476+00:00] main.INFO: Add of item with id Magento_Review::report_review_customer was processed [] []
[2024-05-18T09:12:24.624964+00:00] main.INFO: Add of item with id Magento_Review::report_review_product was processed [] []
[2024-05-18T09:12:24.625434+00:00] main.INFO: Add of item with id Magento_UrlRewrite::urlrewrite was processed [] []
[2024-05-18T09:12:24.625904+00:00] main.INFO: Add of item with id Magento_Tax::sales_tax was processed [] []
[2024-05-18T09:12:24.626380+00:00] main.INFO: Add of item with id Magento_Tax::sales_tax_rules was processed [] []
[2024-05-18T09:12:24.626841+00:00] main.INFO: Add of item with id Magento_Tax::sales_tax_rates was processed [] []
[2024-05-18T09:12:24.627297+00:00] main.INFO: Add of item with id Magento_TaxImportExport::system_convert_tax was processed [] []
[2024-05-18T09:12:24.627766+00:00] main.INFO: Add of item with id Magento_AsynchronousOperations::system_magento_logging was processed [] []
[2024-05-18T09:12:24.628233+00:00] main.INFO: Add of item with id Magento_AsynchronousOperations::system_magento_logging_bulk_operations was processed [] []
[2024-05-18T09:12:24.628680+00:00] main.INFO: Add of item with id Magento_CurrencySymbol::system_currency was processed [] []
[2024-05-18T09:12:24.629131+00:00] main.INFO: Add of item with id Magento_CurrencySymbol::system_currency_rates was processed [] []
[2024-05-18T09:12:24.629595+00:00] main.INFO: Add of item with id Magento_CurrencySymbol::system_currency_symbols was processed [] []
[2024-05-18T09:12:24.630067+00:00] main.INFO: Add of item with id PayPal_Braintree::settlement_report was processed [] []
[2024-05-18T09:12:24.630527+00:00] main.INFO: Add of item with id PayPal_Braintree::virtual_terminal was processed [] []
[2024-05-18T09:12:32.783501+00:00] main.INFO: Broken reference: the 'notification.messages' tries to reorder itself towards 'user', but their parents are different: 'header.inner.right' and 'header' respectively. [] []
[2024-05-18T09:12:44.936121+00:00] main.INFO: Broken reference: the 'notification.messages' tries to reorder itself towards 'user', but their parents are different: 'header.inner.right' and 'header' respectively. [] []
[2024-05-18T09:12:54.304399+00:00] main.INFO: Broken reference: the 'notification.messages' tries to reorder itself towards 'user', but their parents are different: 'header.inner.right' and 'header' respectively. [] []
[2024-05-18T09:13:02.794462+00:00] main.INFO: Broken reference: the 'notification.messages' tries to reorder itself towards 'user', but their parents are different: 'header.inner.right' and 'header' respectively. [] []
[2024-05-18T09:13:40.435204+00:00] main.INFO: Broken reference: the 'notification.messages' tries to reorder itself towards 'user', but their parents are different: 'header.inner.right' and 'header' respectively. [] []
[2024-05-18T09:13:50.786203+00:00] main.INFO: Broken reference: the 'notification.messages' tries to reorder itself towards 'user', but their parents are different: 'header.inner.right' and 'header' respectively. [] []
[2024-05-18T16:57:07.663598+00:00] main.ERROR: The "/var/www/html/magento2/var/cache/mage--b/mage---a6b_STRUCTURE_LAYOUT_ADMINHTML_STORE1_2FC0CB3B6ECD73A6664D7093459BE0538" file can't be deleted. Warning!unlink(/var/www/html/magento2/var/cache/mage--b/mage---a6b_STRUCTURE_LAYOUT_ADMINHTML_STORE1_2FC0CB3B6ECD73A6664D7093459BE0538): Permission denied The "/var/www/html/magento2/var/cache/mage--b/mage---a6b_TRANSLATE_EN_US_ADMINHTML_ADMIN_MAGENTO_BACKEND_MAGENTO_BACKEND" file can't be deleted. Warning!unlink(/var/www/html/magento2/var/cache/mage--b/mage---a6b_TRANSLATE_EN_US_ADMINHTML_ADMIN_MAGENTO_BACKEND_MAGENTO_BACKEND): Permission denied The "/var/www/html/magento2/var/cache/mage--b/mage---a6b_BLOCK_5F01CBE2D6FA2C9E67F34D317B8520D5CFECF2B0_4_FINAL_PRICE_LIST_CATEGORY_PAGE_USD_20240518_1_0_" file can't be deleted. Warning!unlink(/var/www/html/magento2/var/cache/mage--b/mage---a6b_BLOCK_5F01CBE2D6FA2C9E67F34D317B8520D5CFECF2B0_4_FINAL_PRICE_LIST_CATEGORY_PAGE_USD_20240518_1_0_): Permission denied The "/var/www/html/magento2/var/cache/mage--b/mage---a6b_AUTHORIZATION_ROLE_CACHED_DATA" file can't be deleted. Warning!unlink(/var/www/html/magento2/var/cache/mage--b/mage---a6b_AUTHORIZATION_ROLE_CACHED_DATA): Permission denied The "/var/www/html/magento2/var/cache/mage--b/mage---a6b_RELEASE_NOTIFICATION_POPUP_1" file can't be deleted. Warning!unlink(/var/www/html/magento2/var/cache/mage--b/mage---a6b_RELEASE_NOTIFICATION_POPUP_1): Permission denied The "/var/www/html/magento2/var/cache/mage--b/mage---a6b_TRANSLATE_EN_US_ADMINHTML_ADMIN_MAGENTO_BACKEND_" file can't be deleted. Warning!unlink(/var/www/html/magento2/var/cache/mage--b/mage---a6b_TRANSLATE_EN_US_ADMINHTML_ADMIN_MAGENTO_BACKEND_): Permission denied The "/var/www/html/magento2/var/cache/mage--b/mage---a6b_ATTRIBUTE_NAVIGATION_OPTION_COLOR_1" file can't be deleted. Warning!unlink(/var/www/html/magento2/var/cache/mage--b/mage---a6b_ATTRIBUTE_NAVIGATION_OPTION_COLOR_1): Permission denied The "/var/www/html/magento2/var/cache/mage--b/mage---a6b_PAYMENT_CONFIG" file can't be deleted. Warning!unlink(/var/www/html/magento2/var/cache/mage--b/mage---a6b_PAYMENT_CONFIG): Permission denied The "/var/www/html/magento2/var/cache/mage--4/mage---a6b_ATTRIBUTE_NAVIGATION_OPTION_MANUFACTURER_1" file can't be deleted. Warning!unlink(/var/www/html/magento2/var/cache/mage--4/mage---a6b_ATTRIBUTE_NAVIGATION_OPTION_MANUFACTURER_1): Permission denied The "/var/www/html/magento2/var/cache/mage--4/mage---a6b_ADDRESS_FORMAT" file can't be deleted. Warning!unlink(/var/www/html/magento2/var/cache/mage--4/mage---a6b_ADDRESS_FORMAT): Permission denied The "/var/www/html/magento2/var/cache/mage--4/mage---a6b_STRUCTURE_LAYOUT_ADMINHTML_STORE1_291FCCD54DA687AFC76A5D6559B714906" file can't be deleted. Warning!unlink(/var/www/html/magento2/var/cache/mage--4/mage---a6b_STRUCTURE_LAYOUT_ADMINHTML_STORE1_291FCCD54DA687AFC76A5D6559B714906): Permission denied The "/var/www/html/magento2/var/cache/mage--4/mage---a6b_ELASTICSEARCH_INDEX_CONFIG" file can't be deleted. Warning!unlink(/var/www/html/magento2/var/cache/mage--4/mage---a6b_ELASTICSEARCH_INDEX_CONFIG): Permission denied The "/var/www/html/magento2/var/cache/mage--4/mage---a6b_PRODUCT_TYPES_CONFIG" file can't be deleted. Warning!unlink(/var/www/html/magento2/var/cache/mage--4/mage---a6b_PRODUCT_TYPES_CONFIG): Permission denied The "/var/www/html/magento2/var/cache/mage--4/mage---a6b_ADMIN_USAGE_NOTIFICATION_POPUP" file can't be deleted. Warning!unlink(/var/www/html/magento2/var/cache/mage--4/mage---a6b_ADMIN_USAGE_NOTIFICATION_POPUP): Permission denied The "/var/www/html/magento2/var/cache/mage--4/mage---a6b_PRODUCT_LISTING_ATTRIBUTES4_1" file can't be deleted. Warning!unlink(/var/www/html/magento2/var/cache/mage--4/mage---a6b_PRODUCT_LISTING_ATTRIBUTES4_1): Permission denied The "/var/www/html/magento2/var/cache/mage--4/mage---a6b_BLOCK_3D02A9C6039C035B9A3C11D11BC2715C9929C9DA" file can't be deleted. Warning!unlink(/var/www/html/magento2/var/cache/mage--4/mage---a6b_BLOCK_3D02A9C6039C035B9A3C11D11BC2715C9929C9DA): Permission denied The "/var/www/html/magento2/var/cache/mage--4/mage---a6b_LAYOUT_ADMINHTML_STORE1_2FC0CB3B6ECD73A6664D7093459BE0538_PAGE_LAYOUT_MERGED" file can't be deleted. Warning!unlink(/var/www/html/magento2/var/cache/mage--4/mage---a6b_LAYOUT_ADMINHTML_STORE1_2FC0CB3B6ECD73A6664D7093459BE0538_PAGE_LAYOUT_MERGED): Permission denied The "/var/www/html/magento2/var/cache/mage--d/mage---a6b_LAYOUT_FRONTEND_STORE1_36F1B068EC7CCF4878F9284DD1137AFD1_PAGE_LAYOUT_MERGED" file can't be deleted. Warning!unlink(/var/www/html/magento2/var/cache/mage--d/mage---a6b_LAYOUT_FRONTEND_STORE1_36F1B068EC7CCF4878F9284DD1137AFD1_PAGE_LAYOUT_MERGED): Permission denied The "/var/www/html/magento2/var/cache/mage--d/mage---a6b_EAV_ENTITY_TYPES" file can't be deleted. Warning!unlink(/var/www/html/magento2/var/cache/mage--d/mage---a6b_EAV_ENTITY_TYPES): Permission denied The "/var/www/html/magento2/var/cache/mage--d/mage---a6b_SYSTEM" file can't be deleted. Warning!unlink(/var/www/html/magento2/var/cache/mage--d/mage---a6b_SYSTEM): Permission denied The "/var/www/html/magento2/var/cache/mage--d/mage---a6b_FRONTEND__ROUTESCONFIG" file can't be deleted. Warning!unlink(/var/www/html/magento2/var/cache/mage--d/mage---a6b_FRONTEND__ROUTESCONFIG): Permission denied The "/var/www/html/magento2/var/cache/mage--d/mage---a6b_BLOCK_5F01CBE2D6FA2C9E67F34D317B8520D5CFECF2B0_1_FINAL_PRICE_LIST_CATEGORY_PAGE_USD_20240518_1_0_" file can't be deleted. Warning!unlink(/var/www/html/magento2/var/cache/mage--d/mage---a6b_BLOCK_5F01CBE2D6FA2C9E67F34D317B8520D5CFECF2B0_1_FINAL_PRICE_LIST_CATEGORY_PAGE_USD_20240518_1_0_): Permission denied The "/var/www/html/magento2/var/cache/mage--d/mage---a6b_SYSTEM_STORES_1" file can't be deleted. Warning!unlink(/var/www/html/magento2/var/cache/mage--d/mage---a6b_SYSTEM_STORES_1): Permission denied The "/var/www/html/magento2/var/cache/mage--d/mage---a6b_REQUEST_DECLARATION" file can't be deleted. Warning!unlink(/var/www/html/magento2/var/cache/mage--d/mage---a6b_REQUEST_DECLARATION): Permission denied The "/var/www/html/magento2/var/cache/mage--d/mage---a6b_STRUCTURE_LAYOUT_ADMINHTML_STORE1_2D41D8CD98F00B204E9800998ECF8427E" file can't be deleted. Warning!unlink(/var/www/html/magento2/var/cache/mage--d/mage---a6b_STRUCTURE_LAYOUT_ADMINHTML_STORE1_2D41D8CD98F00B204E9800998ECF8427E): Permission denied The "/var/www/html/magento2/var/cache/mage--d/mage---a6b_THEMEFRONTEND_MAGENTO_LUMA" file can't be deleted. Warning!unlink(/var/www/html/magento2/var/cache/mage--d/mage---a6b_THEMEFRONTEND_MAGENTO_LUMA): Permission denied The "/var/www/html/magento2/var/cache/mage--d/mage---a6b_APP_108B5EBA5ECACA9F6E9F88D4CD04D6E0" file can't be deleted. Warning!unlink(/var/www/html/magento2/var/cache/mage--d/mage---a6b_APP_108B5EBA5ECACA9F6E9F88D4CD04D6E0): Permission denied The "/var/www/html/magento2/var/cache/mage--d/mage---a6b_THEMEFRONTEND_MAGENTO_BLANK" file can't be deleted. Warning!unlink(/var/www/html/magento2/var/cache/mage--d/mage---a6b_THEMEFRONTEND_MAGENTO_BLANK): Permission denied The "/var/www/html/magento2/var/cache/mage--d/mage---a6b_DESIGN_CHANGE_258923703CD9BE8928F56EECA69F23DA" file can't be deleted. Warning!unlink(/var/www/html/magento2/var/cache/mage--d/mage---a6b_DESIGN_CHANGE_258923703CD9BE8928F56EECA69F23DA): Permission denied The "/var/www/html/magento2/var/cache/mage--1/mage---a6b_ASSIGNED_ROLE_1" file can't be deleted. Warning!unlink(/var/www/html/magento2/var/cache/mage--1/mage---a6b_ASSIGNED_ROLE_1): Permission denied The "/var/www/html/magento2/var/cache/mage--1/mage---a6b_LAYOUT_ADMINHTML_STORE1_26F1B068EC7CCF4878F9284DD1137AFD1_PAGE_LAYOUT_MERGED" file can't be deleted. Warning!unlink(/var/www/html/magento2/var/cache/mage--1/mage---a6b_LAYOUT_ADMINHTML_STORE1_26F1B068EC7CCF4878F9284DD1137AFD1_PAGE_LAYOUT_MERGED): Permission denied The "/var/www/html/magento2/var/cache/mage--1/mage---a6b_CONFIGURATION_FILES_ACCESS_LEVEL_VERIFICATION" file can't be deleted. Warning!unlink(/var/www/html/magento2/var/cache/mage--1/mage---a6b_CONFIGURATION_FILES_ACCESS_LEVEL_VERIFICATION): Permission denied The "/var/www/html/magento2/var/cache/mage--1/mage---a6b_BACKEND_MENU_OBJECT" file can't be deleted. Warning!unlink(/var/www/html/magento2/var/cache/mage--1/mage---a6b_BACKEND_MENU_OBJECT): Permission denied The "/var/www/html/magento2/var/cache/mage--1/mage---a6b_UI_COMPONENT_CONFIGURATION_DEFINITION_DATA" file can't be deleted. Warning!unlink(/var/www/html/magento2/var/cache/mage--1/mage---a6b_UI_COMPONENT_CONFIGURATION_DEFINITION_DATA): Permission denied The "/var/www/html/magento2/var/cache/mage--1/mage---a6b_SECTIONS_INVALIDATION_CONFIG" file can't be deleted. Warning!unlink(/var/www/html/magento2/var/cache/mage--1/mage---a6b_SECTIONS_INVALIDATION_CONFIG): Permission denied The "/var/www/html/magento2/var/cache/mage--1/mage---a6b_SYSTEM_STORES_ADMIN" file can't be deleted. Warning!unlink(/var/www/html/magento2/var/cache/mage--1/mage---a6b_SYSTEM_STORES_ADMIN): Permission denied The "/var/www/html/magento2/var/cache/mage--1/mage---a6b_DB_PDO_MYSQL_DDL_SALES_ORDER_STATUS_1" file can't be deleted. Warning!unlink(/var/www/html/magento2/var/cache/mage--1/mage---a6b_DB_PDO_MYSQL_DDL_SALES_ORDER_STATUS_1): Permission denied The "/var/www/html/magento2/var/cache/mage--6/mage---a6b_THEME_BY_ID_2" file can't be deleted. Warning!unlink(/var/www/html/magento2/var/cache/mage--6/mage---a6b_THEME_BY_ID_2): Permission denied The "/var/www/html/magento2/var/cache/mage--6/mage---a6b_GLOBAL__CONFIG_CACHE" file can't be deleted. Warning!unlink(/var/www/html/magento2/var/cache/mage--6/mage---a6b_GLOBAL__CONFIG_CACHE): Permission denied The "/var/www/html/magento2/var/cache/mage--6/mage---a6b_INITIAL_CONFIG" file can't be deleted. Warning!unlink(/var/www/html/magento2/var/cache/mage--6/mage---a6b_INITIAL_CONFIG): Permission denied The "/var/www/html/magento2/var/cache/mage--6/mage---a6b_APP_4169C5DEEEB8F84FEFBFAC574BE2769B" file can't be deleted. Warning!unlink(/var/www/html/magento2/var/cache/mage--6/mage---a6b_APP_4169C5DEEEB8F84FEFBFAC574BE2769B): Permission denied The "/var/www/html/magento2/var/cache/mage--6/mage---a6b_LAYOUT_FRONTEND_STORE1_3PAGE_LAYOUT" file can't be deleted. Warning!unlink(/var/www/html/magento2/var/cache/mage--6/mage---a6b_LAYOUT_FRONTEND_STORE1_3PAGE_LAYOUT): Permission denied The "/var/www/html/magento2/var/cache/mage--5/mage---a6b_DB_PDO_MYSQL_DDL_EAV_ATTRIBUTE_1" file can't be deleted. Warning!unlink(/var/www/html/magento2/var/cache/mage--5/mage---a6b_DB_PDO_MYSQL_DDL_EAV_ATTRIBUTE_1): Permission denied The "/var/www/html/magento2/var/cache/mage--5/mage---a6b_SYSTEM_STORES_FR" file can't be deleted. Warning!unlink(/var/www/html/magento2/var/cache/mage--5/mage---a6b_SYSTEM_STORES_FR): Permission denied The "/var/www/html/magento2/var/cache/mage--5/mage---a6b_SYSTEM_STORES_BE" file can't be deleted. Warning!unlink(/var/www/html/magento2/var/cache/mage--5/mage---a6b_SYSTEM_STORES_BE): Permission denied The "/var/www/html/magento2/var/cache/mage--5/mage---a6b_SYSTEM_WEBSITES_ADMIN" file can't be deleted. Warning!unlink(/var/www/html/magento2/var/cache/mage--5/mage---a6b_SYSTEM_WEBSITES_ADMIN): Permission denied The "/var/www/html/magento2/var/cache/mage--5/mage---a6b_ADMINHTML__RESOURCESCACHE" file can't be deleted. Warning!unlink(/var/www/html/magento2/var/cache/mage--5/mage---a6b_ADMINHTML__RESOURCESCACHE): Permission denied The "/var/www/html/magento2/var/cache/mage--5/mage---a6b_DB_PDO_MYSQL_DDL_SALES_ORDER_GRID_1" file can't be deleted. Warning!unlink(/var/www/html/magento2/var/cache/mage--5/mage---a6b_DB_PDO_MYSQL_DDL_SALES_ORDER_GRID_1): Permission denied The "/var/www/html/magento2/var/cache/mage--5/mage---a6b_PROVIDER_ACL_RESOURCES_CACHE" file can't be deleted. Warning!unlink(/var/www/html/magento2/var/cache/mage--5/mage---a6b_PROVIDER_ACL_RESOURCES_CACHE): Permission denied The "/var/www/html/magento2/var/cache/mage--3/mage---a6b_ADMIN_NOTIFICATIONS_LASTCHECK" file can't be deleted. Warning!unlink(/var/www/html/magento2/var/cache/mage--3/mage---a6b_ADMIN_NOTIFICATIONS_LASTCHECK): Permission denied The "/var/www/html/magento2/var/cache/mage--3/mage---a6b_EAV_ENTITY_ATTRIBUTES_CATALOG_PRODUCT_0_PRELOAD" file can't be deleted. Warning!unlink(/var/www/html/magento2/var/cache/mage--3/mage---a6b_EAV_ENTITY_ATTRIBUTES_CATALOG_PRODUCT_0_PRELOAD): Permission denied The "/var/www/html/magento2/var/cache/mage--3/mage---a6b_BLOCK_AA0D1879257E4BF454FAF87F1169A1BB7943FAFC" file can't be deleted. Warning!unlink(/var/www/html/magento2/var/cache/mage--3/mage---a6b_BLOCK_AA0D1879257E4BF454FAF87F1169A1BB7943FAFC): Permission denied The "/var/www/html/magento2/var/cache/mage--3/mage---a6b_PRODUCT_OPTIONS_CONFIG" file can't be deleted. Warning!unlink(/var/www/html/magento2/var/cache/mage--3/mage---a6b_PRODUCT_OPTIONS_CONFIG): Permission denied The "/var/www/html/magento2/var/cache/mage--3/mage---a6b_DB_PDO_MYSQL_DDL_ADMIN_USER_SESSION_1" file can't be deleted. Warning!unlink(/var/www/html/magento2/var/cache/mage--3/mage---a6b_DB_PDO_MYSQL_DDL_ADMIN_USER_SESSION_1): Permission denied The "/var/www/html/magento2/var/cache/mage--3/mage---a6b_SYSTEM_WEBSITES_0" file can't be deleted. Warning!unlink(/var/www/html/magento2/var/cache/mage--3/mage---a6b_SYSTEM_WEBSITES_0): Permission denied The "/var/www/html/magento2/var/cache/mage--3/mage---a6b_CRON_GROUPS_CONFIG_CACHE" file can't be deleted. Warning!unlink(/var/www/html/magento2/var/cache/mage--3/mage---a6b_CRON_GROUPS_CONFIG_CACHE): Permission denied The "/var/www/html/magento2/var/cache/mage--3/mage---a6b_PRODUCT_LISTING_SORT_BY_ATTRIBUTES4_1" file can't be deleted. Warning!unlink(/var/www/html/magento2/var/cache/mage--3/mage---a6b_PRODUCT_LISTING_SORT_BY_ATTRIBUTES4_1): Permission denied The "/var/www/html/magento2/var/cache/mage--3/mage---a6b_TRANSLATE_EN_US_ADMINHTML_ADMIN_MAGENTO_BACKEND_MAGENTO_UI" file can't be deleted. Warning!unlink(/var/www/html/magento2/var/cache/mage--3/mage---a6b_TRANSLATE_EN_US_ADMINHTML_ADMIN_MAGENTO_BACKEND_MAGENTO_UI): Permission denied The "/var/www/html/magento2/var/cache/mage--3/mage---a6b_ADMINHTML__EVENT_CONFIG_CACHE" file can't be deleted. Warning!unlink(/var/www/html/magento2/var/cache/mage--3/mage---a6b_ADMINHTML__EVENT_CONFIG_CACHE): Permission denied The "/var/www/html/magento2/var/cache/mage--3/mage---a6b_DB_IS_UP_TO_DATE" file can't be deleted. Warning!unlink(/var/www/html/magento2/var/cache/mage--3/mage---a6b_DB_IS_UP_TO_DATE): Permission denied The "/var/www/html/magento2/var/cache/mage--9/mage---a6b_BLOCK_1E8063C8FFF012C635DF25315E0C93DB85C4A806" file can't be deleted. Warning!unlink(/var/www/html/magento2/var/cache/mage--9/mage---a6b_BLOCK_1E8063C8FFF012C635DF25315E0C93DB85C4A806): Permission denied The "/var/www/html/magento2/var/cache/mage--9/mage---a6b_STRUCTURE_LAYOUT_ADMINHTML_STORE1_297367C484975343FEA5D20830D4FB758" file can't be deleted. Warning!unlink(/var/www/html/magento2/var/cache/mage--9/mage---a6b_STRUCTURE_LAYOUT_ADMINHTML_STORE1_297367C484975343FEA5D20830D4FB758): Permission denied The "/var/www/html/magento2/var/cache/mage--9/mage---a6b_FRONTEND__EVENT_CONFIG_CACHE" file can't be deleted. Warning!unlink(/var/www/html/magento2/var/cache/mage--9/mage---a6b_FRONTEND__EVENT_CONFIG_CACHE): Permission denied The "/var/www/html/magento2/var/cache/mage--9/mage---a6b_LAYOUT_ADMINHTML_STORE1_297367C484975343FEA5D20830D4FB758_PAGE_LAYOUT_MERGED" file can't be deleted. Warning!unlink(/var/www/html/magento2/var/cache/mage--9/mage---a6b_LAYOUT_ADMINHTML_STORE1_297367C484975343FEA5D20830D4FB758_PAGE_LAYOUT_MERGED): Permission denied The "/var/www/html/magento2/var/cache/mage--9/mage---a6b_UI_COMPONENT_CONFIGURATION_DATA_NOTIFICATION_AREA" file can't be deleted. Warning!unlink(/var/www/html/magento2/var/cache/mage--9/mage---a6b_UI_COMPONENT_CONFIGURATION_DATA_NOTIFICATION_AREA): Permission denied The "/var/www/html/magento2/var/cache/mage--9/mage---a6b_DB_PDO_MYSQL_DDL_SALES_ORDER_1" file can't be deleted. Warning!unlink(/var/www/html/magento2/var/cache/mage--9/mage---a6b_DB_PDO_MYSQL_DDL_SALES_ORDER_1): Permission denied The "/var/www/html/magento2/var/cache/mage--9/mage---a6b_BLOCK_CA2D04F236756BAF985ADFB6B192354441B4BC96" file can't be deleted. Warning!unlink(/var/www/html/magento2/var/cache/mage--9/mage---a6b_BLOCK_CA2D04F236756BAF985ADFB6B192354441B4BC96): Permission denied The "/var/www/html/magento2/var/cache/mage--9/mage---a6b_DB_PDO_MYSQL_DDL_CATALOG_CATEGORY_ENTITY_3" file can't be deleted. Warning!unlink(/var/www/html/magento2/var/cache/mage--9/mage---a6b_DB_PDO_MYSQL_DDL_CATALOG_CATEGORY_ENTITY_3): Permission denied The "/var/www/html/magento2/var/cache/mage--9/mage---a6b_LAYOUT_ADMINHTML_STORE1_2" file can't be deleted. Warning!unlink(/var/www/html/magento2/var/cache/mage--9/mage---a6b_LAYOUT_ADMINHTML_STORE1_2): Permission denied The "/var/www/html/magento2/var/cache/mage--9/mage---a6b_GLOBAL__RESOURCESCACHE" file can't be deleted. Warning!unlink(/var/www/html/magento2/var/cache/mage--9/mage---a6b_GLOBAL__RESOURCESCACHE): Permission denied The "/var/www/html/magento2/var/cache/mage--9/mage---a6b_SYSTEM_STORES_DEFAULT" file can't be deleted. Warning!unlink(/var/www/html/magento2/var/cache/mage--9/mage---a6b_SYSTEM_STORES_DEFAULT): Permission denied The "/var/www/html/magento2/var/cache/mage--9/mage---a6b_SYSTEM_STORES_2" file can't be deleted. Warning!unlink(/var/www/html/magento2/var/cache/mage--9/mage---a6b_SYSTEM_STORES_2): Permission denied The "/var/www/html/magento2/var/cache/mage--9/mage---a6b_STRUCTURE_LAYOUT_FRONTEND_STORE1_36F1B068EC7CCF4878F9284DD1137AFD1" file can't be deleted. Warning!unlink(/var/www/html/magento2/var/cache/mage--9/mage---a6b_STRUCTURE_LAYOUT_FRONTEND_STORE1_36F1B068EC7CCF4878F9284DD1137AFD1): Permission denied The "/var/www/html/magento2/var/cache/mage--9/mage---a6b_UI_COMPONENT_CONFIGURATION_DATA_ADMIN_USAGE_NOTIFICATION" file can't be deleted. Warning!unlink(/var/www/html/magento2/var/cache/mage--9/mage---a6b_UI_COMPONENT_CONFIGURATION_DATA_ADMIN_USAGE_NOTIFICATION): Permission denied The "/var/www/html/magento2/var/cache/mage--e/mage---a6b_FRONTEND__CSP_WHITELIST_CONFIG" file can't be deleted. Warning!unlink(/var/www/html/magento2/var/cache/mage--e/mage---a6b_FRONTEND__CSP_WHITELIST_CONFIG): Permission denied The "/var/www/html/magento2/var/cache/mage--e/mage---a6b_SYSTEM_WEBSITES_1" file can't be deleted. Warning!unlink(/var/www/html/magento2/var/cache/mage--e/mage---a6b_SYSTEM_WEBSITES_1): Permission denied The "/var/www/html/magento2/var/cache/mage--e/mage---a6b_ADMINHTML__CSP_WHITELIST_CONFIG" file can't be deleted. Warning!unlink(/var/www/html/magento2/var/cache/mage--e/mage---a6b_ADMINHTML__CSP_WHITELIST_CONFIG): Permission denied The "/var/www/html/magento2/var/cache/mage--e/mage---a6b_SYSTEM_STORES_0" file can't be deleted. Warning!unlink(/var/www/html/magento2/var/cache/mage--e/mage---a6b_SYSTEM_STORES_0): Permission denied The "/var/www/html/magento2/var/cache/mage--2/mage---a6b_UI_COMPONENT_CONFIGURATION_DATA_SALES_ORDER_GRID" file can't be deleted. Warning!unlink(/var/www/html/magento2/var/cache/mage--2/mage---a6b_UI_COMPONENT_CONFIGURATION_DATA_SALES_ORDER_GRID): Permission denied The "/var/www/html/magento2/var/cache/mage--2/mage---a6b_EAV_ENTITY_ATTRIBUTES_3_1_3" file can't be deleted. Warning!unlink(/var/www/html/magento2/var/cache/mage--2/mage---a6b_EAV_ENTITY_ATTRIBUTES_3_1_3): Permission denied The "/var/www/html/magento2/var/cache/mage--2/mage---a6b_SYSTEM_WEBSITES_BASE" file can't be deleted. Warning!unlink(/var/www/html/magento2/var/cache/mage--2/mage---a6b_SYSTEM_WEBSITES_BASE): Permission denied The "/var/www/html/magento2/var/cache/mage--2/mage---a6b_THEME_BY_ID_1" file can't be deleted. Warning!unlink(/var/www/html/magento2/var/cache/mage--2/mage---a6b_THEME_BY_ID_1): Permission denied The "/var/www/html/magento2/var/cache/mage--2/mage---a6b_LAYOUT_FRONTEND_STORE1_3A7CCD8094436548B564A588F6303121C_PAGE_LAYOUT_MERGED" file can't be deleted. Warning!unlink(/var/www/html/magento2/var/cache/mage--2/mage---a6b_LAYOUT_FRONTEND_STORE1_3A7CCD8094436548B564A588F6303121C_PAGE_LAYOUT_MERGED): Permission denied The "/var/www/html/magento2/var/cache/mage--2/mage---a6b_STRUCTURE_LAYOUT_FRONTEND_STORE1_33D71BA78AE960DA8A09926256277F03D" file can't be deleted. Warning!unlink(/var/www/html/magento2/var/cache/mage--2/mage---a6b_STRUCTURE_LAYOUT_FRONTEND_STORE1_33D71BA78AE960DA8A09926256277F03D): Permission denied The "/var/www/html/magento2/var/cache/mage--2/mage---a6b_BLOCK_5F01CBE2D6FA2C9E67F34D317B8520D5CFECF2B0_5_FINAL_PRICE_LIST_CATEGORY_PAGE_USD_20240518_1_0_" file can't be deleted. Warning!unlink(/var/www/html/magento2/var/cache/mage--2/mage---a6b_BLOCK_5F01CBE2D6FA2C9E67F34D317B8520D5CFECF2B0_5_FINAL_PRICE_LIST_CATEGORY_PAGE_USD_20240518_1_0_): Permission denied The "/var/www/html/magento2/var/cache/mage--2/mage---a6b_LAYOUT_ADMINHTML_STORE1_2D41D8CD98F00B204E9800998ECF8427E_PAGE_LAYOUT_MERGED" file can't be deleted. Warning!unlink(/var/www/html/magento2/var/cache/mage--2/mage---a6b_LAYOUT_ADMINHTML_STORE1_2D41D8CD98F00B204E9800998ECF8427E_PAGE_LAYOUT_MERGED): Permission denied The "/var/www/html/magento2/var/cache/mage--2/mage---a6b_LAYOUT_ADMINHTML_STORE1_2CF9AB1B1723BEDC1DCD665A812B00335_PAGE_LAYOUT_MERGED" file can't be deleted. Warning!unlink(/var/www/html/magento2/var/cache/mage--2/mage---a6b_LAYOUT_ADMINHTML_STORE1_2CF9AB1B1723BEDC1DCD665A812B00335_PAGE_LAYOUT_MERGED): Permission denied The "/var/www/html/magento2/var/cache/mage--7/mage---a6b_GLOBAL__EVENT_CONFIG_CACHE" file can't be deleted. Warning!unlink(/var/www/html/magento2/var/cache/mage--7/mage---a6b_GLOBAL__EVENT_CONFIG_CACHE): Permission denied The "/var/www/html/magento2/var/cache/mage--7/mage---a6b_DB_PDO_MYSQL_DDL_THEME_1" file can't be deleted. Warning!unlink(/var/www/html/magento2/var/cache/mage--7/mage---a6b_DB_PDO_MYSQL_DDL_THEME_1): Permission denied The "/var/www/html/magento2/var/cache/mage--7/mage---a6b_GLOBAL__CSP_WHITELIST_CONFIG" file can't be deleted. Warning!unlink(/var/www/html/magento2/var/cache/mage--7/mage---a6b_GLOBAL__CSP_WHITELIST_CONFIG): Permission denied The "/var/www/html/magento2/var/cache/mage--7/mage---a6b_TRANSLATE_EN_US_FRONTEND_DEFAULT_MAGENTO_LUMA_" file can't be deleted. Warning!unlink(/var/www/html/magento2/var/cache/mage--7/mage---a6b_TRANSLATE_EN_US_FRONTEND_DEFAULT_MAGENTO_LUMA_): Permission denied The "/var/www/html/magento2/var/cache/mage--7/mage---a6b_LAYOUT_FRONTEND_STORE1_33D71BA78AE960DA8A09926256277F03D_PAGE_LAYOUT_MERGED" file can't be deleted. Warning!unlink(/var/www/html/magento2/var/cache/mage--7/mage---a6b_LAYOUT_FRONTEND_STORE1_33D71BA78AE960DA8A09926256277F03D_PAGE_LAYOUT_MERGED): Permission denied The "/var/www/html/magento2/var/cache/mage--f/mage---a6b_EXTENSION_ATTRIBUTES_CONFIG" file can't be deleted. Warning!unlink(/var/www/html/magento2/var/cache/mage--f/mage---a6b_EXTENSION_ATTRIBUTES_CONFIG): Permission denied The "/var/www/html/magento2/var/cache/mage--f/mage---a6b_FRONTEND__RESOURCESCACHE" file can't be deleted. Warning!unlink(/var/www/html/magento2/var/cache/mage--f/mage---a6b_FRONTEND__RESOURCESCACHE): Permission denied The "/var/www/html/magento2/var/cache/mage--f/mage---a6b_BLOCK_422AB2B4F081F4B226BE37D9ED498E98CF44371D" file can't be deleted. Warning!unlink(/var/www/html/magento2/var/cache/mage--f/mage---a6b_BLOCK_422AB2B4F081F4B226BE37D9ED498E98CF44371D): Permission denied The "/var/www/html/magento2/var/cache/mage--f/mage---a6b_BLOCK_9A6A414B51F5233B683AE8E0539BBDAFD756E2C0" file can't be deleted. Warning!unlink(/var/www/html/magento2/var/cache/mage--f/mage---a6b_BLOCK_9A6A414B51F5233B683AE8E0539BBDAFD756E2C0): Permission denied The "/var/www/html/magento2/var/cache/mage--f/mage---a6b_LAYOUT_ADMINHTML_STORE1_291FCCD54DA687AFC76A5D6559B714906_PAGE_LAYOUT_MERGED" file can't be deleted. Warning!unlink(/var/www/html/magento2/var/cache/mage--f/mage---a6b_LAYOUT_ADMINHTML_STORE1_291FCCD54DA687AFC76A5D6559B714906_PAGE_LAYOUT_MERGED): Permission denied The "/var/www/html/magento2/var/cache/mage--f/mage---a6b_SYSTEM_DEFAULT" file can't be deleted. Warning!unlink(/var/www/html/magento2/var/cache/mage--f/mage---a6b_SYSTEM_DEFAULT): Permission denied The "/var/www/html/magento2/var/cache/mage--f/mage---a6b_THEMEADMINHTML_MAGENTO_BACKEND" file can't be deleted. Warning!unlink(/var/www/html/magento2/var/cache/mage--f/mage---a6b_THEMEADMINHTML_MAGENTO_BACKEND): Permission denied The "/var/www/html/magento2/var/cache/mage--f/mage---a6b_LAYOUT_ADMINHTML_STORE1_2PAGE_LAYOUT" file can't be deleted. Warning!unlink(/var/www/html/magento2/var/cache/mage--f/mage---a6b_LAYOUT_ADMINHTML_STORE1_2PAGE_LAYOUT): Permission denied The "/var/www/html/magento2/var/cache/mage--f/mage---a6b_ADMINHTML__CONFIG_CACHE" file can't be deleted. Warning!unlink(/var/www/html/magento2/var/cache/mage--f/mage---a6b_ADMINHTML__CONFIG_CACHE): Permission denied The "/var/www/html/magento2/var/cache/mage--c/mage---a6b_SYSTEM_SCOPES" file can't be deleted. Warning!unlink(/var/www/html/magento2/var/cache/mage--c/mage---a6b_SYSTEM_SCOPES): Permission denied The "/var/www/html/magento2/var/cache/mage--c/mage---a6b_DB_PDO_MYSQL_DDL_SETUP_MODULE_5" file can't be deleted. Warning!unlink(/var/www/html/magento2/var/cache/mage--c/mage---a6b_DB_PDO_MYSQL_DDL_SETUP_MODULE_5): Permission denied The "/var/www/html/magento2/var/cache/mage--c/mage---a6b_ADMINHTML__ROUTESCONFIG" file can't be deleted. Warning!unlink(/var/www/html/magento2/var/cache/mage--c/mage---a6b_ADMINHTML__ROUTESCONFIG): Permission denied The "/var/www/html/magento2/var/cache/mage--c/mage---a6b_RELEASE_NOTIFICATION_CONTENT_2__4__6_COMMUNITY_EN_US" file can't be deleted. Warning!unlink(/var/www/html/magento2/var/cache/mage--c/mage---a6b_RELEASE_NOTIFICATION_CONTENT_2__4__6_COMMUNITY_EN_US): Permission denied The "/var/www/html/magento2/var/cache/mage--c/mage---a6b_AUTHORIZATION_RULE_CACHED_DATA" file can't be deleted. Warning!unlink(/var/www/html/magento2/var/cache/mage--c/mage---a6b_AUTHORIZATION_RULE_CACHED_DATA): Permission denied The "/var/www/html/magento2/var/cache/mage--c/mage---a6b_UI_COMPONENT_CONFIGURATION_DATA_RELEASE_NOTIFICATION" file can't be deleted. Warning!unlink(/var/www/html/magento2/var/cache/mage--c/mage---a6b_UI_COMPONENT_CONFIGURATION_DATA_RELEASE_NOTIFICATION): Permission denied The "/var/www/html/magento2/var/cache/mage--0/mage---a6b_BLOCK_5111BDFC99718462F930F1EA62B3F5F314B7B506" file can't be deleted. Warning!unlink(/var/www/html/magento2/var/cache/mage--0/mage---a6b_BLOCK_5111BDFC99718462F930F1EA62B3F5F314B7B506): Permission denied The "/var/www/html/magento2/var/cache/mage--0/mage---a6b_INDEXER_CONFIG" file can't be deleted. Warning!unlink(/var/www/html/magento2/var/cache/mage--0/mage---a6b_INDEXER_CONFIG): Permission denied The "/var/www/html/magento2/var/cache/mage--0/mage---a6b_DB_PDO_MYSQL_DDL_CATALOG_PRODUCT_ENTITY_3" file can't be deleted. Warning!unlink(/var/www/html/magento2/var/cache/mage--0/mage---a6b_DB_PDO_MYSQL_DDL_CATALOG_PRODUCT_ENTITY_3): Permission denied The "/var/www/html/magento2/var/cache/mage--0/mage---a6b_RESOLVED_STORES_D1BEFA03C79CA0B84ECC488DEA96BC68" file can't be deleted. Warning!unlink(/var/www/html/magento2/var/cache/mage--0/mage---a6b_RESOLVED_STORES_D1BEFA03C79CA0B84ECC488DEA96BC68): Permission denied The "/var/www/html/magento2/var/cache/mage--0/mage---a6b_DB_PDO_MYSQL_DDL_CATALOG_PRODUCT_ENTITY_1" file can't be deleted. Warning!unlink(/var/www/html/magento2/var/cache/mage--0/mage---a6b_DB_PDO_MYSQL_DDL_CATALOG_PRODUCT_ENTITY_1): Permission denied The "/var/www/html/magento2/var/cache/mage--0/mage---a6b_LAYOUT_FRONTEND_STORE1_3" file can't be deleted. Warning!unlink(/var/www/html/magento2/var/cache/mage--0/mage---a6b_LAYOUT_FRONTEND_STORE1_3): Permission denied The "/var/www/html/magento2/var/cache/mage--a/mage---a6b_STRUCTURE_LAYOUT_ADMINHTML_STORE1_26F1B068EC7CCF4878F9284DD1137AFD1" file can't be deleted. Warning!unlink(/var/www/html/magento2/var/cache/mage--a/mage---a6b_STRUCTURE_LAYOUT_ADMINHTML_STORE1_26F1B068EC7CCF4878F9284DD1137AFD1): Permission denied The "/var/www/html/magento2/var/cache/mage--a/mage---a6b_APP_ACTION_LIST" file can't be deleted. Warning!unlink(/var/www/html/magento2/var/cache/mage--a/mage---a6b_APP_ACTION_LIST): Permission denied The "/var/www/html/magento2/var/cache/mage--a/mage---a6b_APP_35C0BF370AE35F8C482DC31B8A81FC2F" file can't be deleted. Warning!unlink(/var/www/html/magento2/var/cache/mage--a/mage---a6b_APP_35C0BF370AE35F8C482DC31B8A81FC2F): Permission denied The "/var/www/html/magento2/var/cache/mage--a/mage---a6b_UI_COMPONENT_TEMPLATES" file can't be deleted. Warning!unlink(/var/www/html/magento2/var/cache/mage--a/mage---a6b_UI_COMPONENT_TEMPLATES): Permission denied The "/var/www/html/magento2/var/cache/mage--8/mage---a6b_APP_CE79F7EF764E9F981C8549B9DBEC468F" file can't be deleted. Warning!unlink(/var/www/html/magento2/var/cache/mage--8/mage---a6b_APP_CE79F7EF764E9F981C8549B9DBEC468F): Permission denied The "/var/www/html/magento2/var/cache/mage--8/mage---a6b_MAGE_VERSION" file can't be deleted. Warning!unlink(/var/www/html/magento2/var/cache/mage--8/mage---a6b_MAGE_VERSION): Permission denied The "/var/www/html/magento2/var/cache/mage--8/mage---a6b_TRANSLATE_EN_US_ADMINHTML_ADMIN_MAGENTO_BACKEND_MAGENTO_SALES" file can't be deleted. Warning!unlink(/var/www/html/magento2/var/cache/mage--8/mage---a6b_TRANSLATE_EN_US_ADMINHTML_ADMIN_MAGENTO_BACKEND_MAGENTO_SALES): Permission denied The "/var/www/html/magento2/var/cache/mage--8/mage---a6b_SYSTEM_STORES_3" file can't be deleted. Warning!unlink(/var/www/html/magento2/var/cache/mage--8/mage---a6b_SYSTEM_STORES_3): Permission denied The "/var/www/html/magento2/var/cache/mage--8/mage---a6b_THEME_BY_ID_3" file can't be deleted. Warning!unlink(/var/www/html/magento2/var/cache/mage--8/mage---a6b_THEME_BY_ID_3): Permission denied The "/var/www/html/magento2/var/cache/mage--8/mage---a6b_BLOCK_5F01CBE2D6FA2C9E67F34D317B8520D5CFECF2B0_6_FINAL_PRICE_LIST_CATEGORY_PAGE_USD_20240518_1_0_" file can't be deleted. Warning!unlink(/var/www/html/magento2/var/cache/mage--8/mage---a6b_BLOCK_5F01CBE2D6FA2C9E67F34D317B8520D5CFECF2B0_6_FINAL_PRICE_LIST_CATEGORY_PAGE_USD_20240518_1_0_): Permission denied The "/var/www/html/magento2/var/cache/mage--b/mage---a6b_STRUCTURE_LAYOUT_ADMINHTML_STORE1_2FC0CB3B6ECD73A6664D7093459BE0538" file can't be deleted. Warning!unlink(/var/www/html/magento2/var/cache/mage--b/mage---a6b_STRUCTURE_LAYOUT_ADMINHTML_STORE1_2FC0CB3B6ECD73A6664D7093459BE0538): Permission denied The "/var/www/html/magento2/var/cache/mage--b/mage---a6b_TRANSLATE_EN_US_ADMINHTML_ADMIN_MAGENTO_BACKEND_MAGENTO_BACKEND" file can't be deleted. Warning!unlink(/var/www/html/magento2/var/cache/mage--b/mage---a6b_TRANSLATE_EN_US_ADMINHTML_ADMIN_MAGENTO_BACKEND_MAGENTO_BACKEND): Permission denied The "/var/www/html/magento2/var/cache/mage--b/mage---a6b_BLOCK_5F01CBE2D6FA2C9E67F34D317B8520D5CFECF2B0_4_FINAL_PRICE_LIST_CATEGORY_PAGE_USD_20240518_1_0_" file can't be deleted. Warning!unlink(/var/www/html/magento2/var/cache/mage--b/mage---a6b_BLOCK_5F01CBE2D6FA2C9E67F34D317B8520D5CFECF2B0_4_FINAL_PRICE_LIST_CATEGORY_PAGE_USD_20240518_1_0_): Permission denied The "/var/www/html/magento2/var/cache/mage--b/mage---a6b_AUTHORIZATION_ROLE_CACHED_DATA" file can't be deleted. Warning!unlink(/var/www/html/magento2/var/cache/mage--b/mage---a6b_AUTHORIZATION_ROLE_CACHED_DATA): Permission denied The "/var/www/html/magento2/var/cache/mage--b/mage---a6b_RELEASE_NOTIFICATION_POPUP_1" file can't be deleted. Warning!unlink(/var/www/html/magento2/var/cache/mage--b/mage---a6b_RELEASE_NOTIFICATION_POPUP_1): Permission denied The "/var/www/html/magento2/var/cache/mage--b/mage---a6b_TRANSLATE_EN_US_ADMINHTML_ADMIN_MAGENTO_BACKEND_" file can't be deleted. Warning!unlink(/var/www/html/magento2/var/cache/mage--b/mage---a6b_TRANSLATE_EN_US_ADMINHTML_ADMIN_MAGENTO_BACKEND_): Permission denied The "/var/www/html/magento2/var/cache/mage--b/mage---a6b_ATTRIBUTE_NAVIGATION_OPTION_COLOR_1" file can't be deleted. Warning!unlink(/var/www/html/magento2/var/cache/mage--b/mage---a6b_ATTRIBUTE_NAVIGATION_OPTION_COLOR_1): Permission denied The "/var/www/html/magento2/var/cache/mage--b/mage---a6b_PAYMENT_CONFIG" file can't be deleted. Warning!unlink(/var/www/html/magento2/var/cache/mage--b/mage---a6b_PAYMENT_CONFIG): Permission denied The "/var/www/html/magento2/var/cache/mage--4/mage---a6b_ATTRIBUTE_NAVIGATION_OPTION_MANUFACTURER_1" file can't be deleted. Warning!unlink(/var/www/html/magento2/var/cache/mage--4/mage---a6b_ATTRIBUTE_NAVIGATION_OPTION_MANUFACTURER_1): Permission denied The "/var/www/html/magento2/var/cache/mage--4/mage---a6b_ADDRESS_FORMAT" file can't be deleted. Warning!unlink(/var/www/html/magento2/var/cache/mage--4/mage---a6b_ADDRESS_FORMAT): Permission denied The "/var/www/html/magento2/var/cache/mage--4/mage---a6b_STRUCTURE_LAYOUT_ADMINHTML_STORE1_291FCCD54DA687AFC76A5D6559B714906" file can't be deleted. Warning!unlink(/var/www/html/magento2/var/cache/mage--4/mage---a6b_STRUCTURE_LAYOUT_ADMINHTML_STORE1_291FCCD54DA687AFC76A5D6559B714906): Permission denied The "/var/www/html/magento2/var/cache/mage--4/mage---a6b_ELASTICSEARCH_INDEX_CONFIG" file can't be deleted. Warning!unlink(/var/www/html/magento2/var/cache/mage--4/mage---a6b_ELASTICSEARCH_INDEX_CONFIG): Permission denied The "/var/www/html/magento2/var/cache/mage--4/mage---a6b_PRODUCT_TYPES_CONFIG" file can't be deleted. Warning!unlink(/var/www/html/magento2/var/cache/mage--4/mage---a6b_PRODUCT_TYPES_CONFIG): Permission denied The "/var/www/html/magento2/var/cache/mage--4/mage---a6b_ADMIN_USAGE_NOTIFICATION_POPUP" file can't be deleted. Warning!unlink(/var/www/html/magento2/var/cache/mage--4/mage---a6b_ADMIN_USAGE_NOTIFICATION_POPUP): Permission denied The "/var/www/html/magento2/var/cache/mage--4/mage---a6b_PRODUCT_LISTING_ATTRIBUTES4_1" file can't be deleted. Warning!unlink(/var/www/html/magento2/var/cache/mage--4/mage---a6b_PRODUCT_LISTING_ATTRIBUTES4_1): Permission denied The "/var/www/html/magento2/var/cache/mage--4/mage---a6b_BLOCK_3D02A9C6039C035B9A3C11D11BC2715C9929C9DA" file can't be deleted. Warning!unlink(/var/www/html/magento2/var/cache/mage--4/mage---a6b_BLOCK_3D02A9C6039C035B9A3C11D11BC2715C9929C9DA): Permission denied The "/var/www/html/magento2/var/cache/mage--4/mage---a6b_LAYOUT_ADMINHTML_STORE1_2FC0CB3B6ECD73A6664D7093459BE0538_PAGE_LAYOUT_MERGED" file can't be deleted. Warning!unlink(/var/www/html/magento2/var/cache/mage--4/mage---a6b_LAYOUT_ADMINHTML_STORE1_2FC0CB3B6ECD73A6664D7093459BE0538_PAGE_LAYOUT_MERGED): Permission denied The "/var/www/html/magento2/var/cache/mage--d/mage---a6b_LAYOUT_FRONTEND_STORE1_36F1B068EC7CCF4878F9284DD1137AFD1_PAGE_LAYOUT_MERGED" file can't be deleted. Warning!unlink(/var/www/html/magento2/var/cache/mage--d/mage---a6b_LAYOUT_FRONTEND_STORE1_36F1B068EC7CCF4878F9284DD1137AFD1_PAGE_LAYOUT_MERGED): Permission denied The "/var/www/html/magento2/var/cache/mage--d/mage---a6b_EAV_ENTITY_TYPES" file can't be deleted. Warning!unlink(/var/www/html/magento2/var/cache/mage--d/mage---a6b_EAV_ENTITY_TYPES): Permission denied The "/var/www/html/magento2/var/cache/mage--d/mage---a6b_SYSTEM" file can't be deleted. Warning!unlink(/var/www/html/magento2/var/cache/mage--d/mage---a6b_SYSTEM): Permission denied The "/var/www/html/magento2/var/cache/mage--d/mage---a6b_FRONTEND__ROUTESCONFIG" file can't be deleted. Warning!unlink(/var/www/html/magento2/var/cache/mage--d/mage---a6b_FRONTEND__ROUTESCONFIG): Permission denied The "/var/www/html/magento2/var/cache/mage--d/mage---a6b_BLOCK_5F01CBE2D6FA2C9E67F34D317B8520D5CFECF2B0_1_FINAL_PRICE_LIST_CATEGORY_PAGE_USD_20240518_1_0_" file can't be deleted. Warning!unlink(/var/www/html/magento2/var/cache/mage--d/mage---a6b_BLOCK_5F01CBE2D6FA2C9E67F34D317B8520D5CFECF2B0_1_FINAL_PRICE_LIST_CATEGORY_PAGE_USD_20240518_1_0_): Permission denied The "/var/www/html/magento2/var/cache/mage--d/mage---a6b_SYSTEM_STORES_1" file can't be deleted. Warning!unlink(/var/www/html/magento2/var/cache/mage--d/mage---a6b_SYSTEM_STORES_1): Permission denied The "/var/www/html/magento2/var/cache/mage--d/mage---a6b_REQUEST_DECLARATION" file can't be deleted. Warning!unlink(/var/www/html/magento2/var/cache/mage--d/mage---a6b_REQUEST_DECLARATION): Permission denied The "/var/www/html/magento2/var/cache/mage--d/mage---a6b_STRUCTURE_LAYOUT_ADMINHTML_STORE1_2D41D8CD98F00B204E9800998ECF8427E" file can't be deleted. Warning!unlink(/var/www/html/magento2/var/cache/mage--d/mage---a6b_STRUCTURE_LAYOUT_ADMINHTML_STORE1_2D41D8CD98F00B204E9800998ECF8427E): Permission denied The "/var/www/html/magento2/var/cache/mage--d/mage---a6b_THEMEFRONTEND_MAGENTO_LUMA" file can't be deleted. Warning!unlink(/var/www/html/magento2/var/cache/mage--d/mage---a6b_THEMEFRONTEND_MAGENTO_LUMA): Permission denied The "/var/www/html/magento2/var/cache/mage--d/mage---a6b_APP_108B5EBA5ECACA9F6E9F88D4CD04D6E0" file can't be deleted. Warning!unlink(/var/www/html/magento2/var/cache/mage--d/mage---a6b_APP_108B5EBA5ECACA9F6E9F88D4CD04D6E0): Permission denied The "/var/www/html/magento2/var/cache/mage--d/mage---a6b_THEMEFRONTEND_MAGENTO_BLANK" file can't be deleted. Warning!unlink(/var/www/html/magento2/var/cache/mage--d/mage---a6b_THEMEFRONTEND_MAGENTO_BLANK): Permission denied The "/var/www/html/magento2/var/cache/mage--d/mage---a6b_DESIGN_CHANGE_258923703CD9BE8928F56EECA69F23DA" file can't be deleted. Warning!unlink(/var/www/html/magento2/var/cache/mage--d/mage---a6b_DESIGN_CHANGE_258923703CD9BE8928F56EECA69F23DA): Permission denied The "/var/www/html/magento2/var/cache/mage--1/mage---a6b_ASSIGNED_ROLE_1" file can't be deleted. Warning!unlink(/var/www/html/magento2/var/cache/mage--1/mage---a6b_ASSIGNED_ROLE_1): Permission denied The "/var/www/html/magento2/var/cache/mage--1/mage---a6b_LAYOUT_ADMINHTML_STORE1_26F1B068EC7CCF4878F9284DD1137AFD1_PAGE_LAYOUT_MERGED" file can't be deleted. Warning!unlink(/var/www/html/magento2/var/cache/mage--1/mage---a6b_LAYOUT_ADMINHTML_STORE1_26F1B068EC7CCF4878F9284DD1137AFD1_PAGE_LAYOUT_MERGED): Permission denied The "/var/www/html/magento2/var/cache/mage--1/mage---a6b_CONFIGURATION_FILES_ACCESS_LEVEL_VERIFICATION" file can't be deleted. Warning!unlink(/var/www/html/magento2/var/cache/mage--1/mage---a6b_CONFIGURATION_FILES_ACCESS_LEVEL_VERIFICATION): Permission denied The "/var/www/html/magento2/var/cache/mage--1/mage---a6b_BACKEND_MENU_OBJECT" file can't be deleted. Warning!unlink(/var/www/html/magento2/var/cache/mage--1/mage---a6b_BACKEND_MENU_OBJECT): Permission denied The "/var/www/html/magento2/var/cache/mage--1/mage---a6b_UI_COMPONENT_CONFIGURATION_DEFINITION_DATA" file can't be deleted. Warning!unlink(/var/www/html/magento2/var/cache/mage--1/mage---a6b_UI_COMPONENT_CONFIGURATION_DEFINITION_DATA): Permission denied The "/var/www/html/magento2/var/cache/mage--1/mage---a6b_SECTIONS_INVALIDATION_CONFIG" file can't be deleted. Warning!unlink(/var/www/html/magento2/var/cache/mage--1/mage---a6b_SECTIONS_INVALIDATION_CONFIG): Permission denied The "/var/www/html/magento2/var/cache/mage--1/mage---a6b_SYSTEM_STORES_ADMIN" file can't be deleted. Warning!unlink(/var/www/html/magento2/var/cache/mage--1/mage---a6b_SYSTEM_STORES_ADMIN): Permission denied The "/var/www/html/magento2/var/cache/mage--1/mage---a6b_DB_PDO_MYSQL_DDL_SALES_ORDER_STATUS_1" file can't be deleted. Warning!unlink(/var/www/html/magento2/var/cache/mage--1/mage---a6b_DB_PDO_MYSQL_DDL_SALES_ORDER_STATUS_1): Permission denied The "/var/www/html/magento2/var/cache/mage--6/mage---a6b_THEME_BY_ID_2" file can't be deleted. Warning!unlink(/var/www/html/magento2/var/cache/mage--6/mage---a6b_THEME_BY_ID_2): Permission denied The "/var/www/html/magento2/var/cache/mage--6/mage---a6b_GLOBAL__CONFIG_CACHE" file can't be deleted. Warning!unlink(/var/www/html/magento2/var/cache/mage--6/mage---a6b_GLOBAL__CONFIG_CACHE): Permission denied The "/var/www/html/magento2/var/cache/mage--6/mage---a6b_INITIAL_CONFIG" file can't be deleted. Warning!unlink(/var/www/html/magento2/var/cache/mage--6/mage---a6b_INITIAL_CONFIG): Permission denied The "/var/www/html/magento2/var/cache/mage--6/mage---a6b_APP_4169C5DEEEB8F84FEFBFAC574BE2769B" file can't be deleted. Warning!unlink(/var/www/html/magento2/var/cache/mage--6/mage---a6b_APP_4169C5DEEEB8F84FEFBFAC574BE2769B): Permission denied The "/var/www/html/magento2/var/cache/mage--6/mage---a6b_LAYOUT_FRONTEND_STORE1_3PAGE_LAYOUT" file can't be deleted. Warning!unlink(/var/www/html/magento2/var/cache/mage--6/mage---a6b_LAYOUT_FRONTEND_STORE1_3PAGE_LAYOUT): Permission denied The "/var/www/html/magento2/var/cache/mage--5/mage---a6b_DB_PDO_MYSQL_DDL_EAV_ATTRIBUTE_1" file can't be deleted. Warning!unlink(/var/www/html/magento2/var/cache/mage--5/mage---a6b_DB_PDO_MYSQL_DDL_EAV_ATTRIBUTE_1): Permission denied The "/var/www/html/magento2/var/cache/mage--5/mage---a6b_SYSTEM_STORES_FR" file can't be deleted. Warning!unlink(/var/www/html/magento2/var/cache/mage--5/mage---a6b_SYSTEM_STORES_FR): Permission denied The "/var/www/html/magento2/var/cache/mage--5/mage---a6b_SYSTEM_STORES_BE" file can't be deleted. Warning!unlink(/var/www/html/magento2/var/cache/mage--5/mage---a6b_SYSTEM_STORES_BE): Permission denied The "/var/www/html/magento2/var/cache/mage--5/mage---a6b_SYSTEM_WEBSITES_ADMIN" file can't be deleted. Warning!unlink(/var/www/html/magento2/var/cache/mage--5/mage---a6b_SYSTEM_WEBSITES_ADMIN): Permission denied The "/var/www/html/magento2/var/cache/mage--5/mage---a6b_ADMINHTML__RESOURCESCACHE" file can't be deleted. Warning!unlink(/var/www/html/magento2/var/cache/mage--5/mage---a6b_ADMINHTML__RESOURCESCACHE): Permission denied The "/var/www/html/magento2/var/cache/mage--5/mage---a6b_DB_PDO_MYSQL_DDL_SALES_ORDER_GRID_1" file can't be deleted. Warning!unlink(/var/www/html/magento2/var/cache/mage--5/mage---a6b_DB_PDO_MYSQL_DDL_SALES_ORDER_GRID_1): Permission denied The "/var/www/html/magento2/var/cache/mage--5/mage---a6b_PROVIDER_ACL_RESOURCES_CACHE" file can't be deleted. Warning!unlink(/var/www/html/magento2/var/cache/mage--5/mage---a6b_PROVIDER_ACL_RESOURCES_CACHE): Permission denied The "/var/www/html/magento2/var/cache/mage--3/mage---a6b_ADMIN_NOTIFICATIONS_LASTCHECK" file can't be deleted. Warning!unlink(/var/www/html/magento2/var/cache/mage--3/mage---a6b_ADMIN_NOTIFICATIONS_LASTCHECK): Permission denied The "/var/www/html/magento2/var/cache/mage--3/mage---a6b_EAV_ENTITY_ATTRIBUTES_CATALOG_PRODUCT_0_PRELOAD" file can't be deleted. Warning!unlink(/var/www/html/magento2/var/cache/mage--3/mage---a6b_EAV_ENTITY_ATTRIBUTES_CATALOG_PRODUCT_0_PRELOAD): Permission denied The "/var/www/html/magento2/var/cache/mage--3/mage---a6b_BLOCK_AA0D1879257E4BF454FAF87F1169A1BB7943FAFC" file can't be deleted. Warning!unlink(/var/www/html/magento2/var/cache/mage--3/mage---a6b_BLOCK_AA0D1879257E4BF454FAF87F1169A1BB7943FAFC): Permission denied The "/var/www/html/magento2/var/cache/mage--3/mage---a6b_PRODUCT_OPTIONS_CONFIG" file can't be deleted. Warning!unlink(/var/www/html/magento2/var/cache/mage--3/mage---a6b_PRODUCT_OPTIONS_CONFIG): Permission denied The "/var/www/html/magento2/var/cache/mage--3/mage---a6b_DB_PDO_MYSQL_DDL_ADMIN_USER_SESSION_1" file can't be deleted. Warning!unlink(/var/www/html/magento2/var/cache/mage--3/mage---a6b_DB_PDO_MYSQL_DDL_ADMIN_USER_SESSION_1): Permission denied The "/var/www/html/magento2/var/cache/mage--3/mage---a6b_SYSTEM_WEBSITES_0" file can't be deleted. Warning!unlink(/var/www/html/magento2/var/cache/mage--3/mage---a6b_SYSTEM_WEBSITES_0): Permission denied The "/var/www/html/magento2/var/cache/mage--3/mage---a6b_CRON_GROUPS_CONFIG_CACHE" file can't be deleted. Warning!unlink(/var/www/html/magento2/var/cache/mage--3/mage---a6b_CRON_GROUPS_CONFIG_CACHE): Permission denied The "/var/www/html/magento2/var/cache/mage--3/mage---a6b_PRODUCT_LISTING_SORT_BY_ATTRIBUTES4_1" file can't be deleted. Warning!unlink(/var/www/html/magento2/var/cache/mage--3/mage---a6b_PRODUCT_LISTING_SORT_BY_ATTRIBUTES4_1): Permission denied The "/var/www/html/magento2/var/cache/mage--3/mage---a6b_TRANSLATE_EN_US_ADMINHTML_ADMIN_MAGENTO_BACKEND_MAGENTO_UI" file can't be deleted. Warning!unlink(/var/www/html/magento2/var/cache/mage--3/mage---a6b_TRANSLATE_EN_US_ADMINHTML_ADMIN_MAGENTO_BACKEND_MAGENTO_UI): Permission denied The "/var/www/html/magento2/var/cache/mage--3/mage---a6b_ADMINHTML__EVENT_CONFIG_CACHE" file can't be deleted. Warning!unlink(/var/www/html/magento2/var/cache/mage--3/mage---a6b_ADMINHTML__EVENT_CONFIG_CACHE): Permission denied The "/var/www/html/magento2/var/cache/mage--3/mage---a6b_DB_IS_UP_TO_DATE" file can't be deleted. Warning!unlink(/var/www/html/magento2/var/cache/mage--3/mage---a6b_DB_IS_UP_TO_DATE): Permission denied The "/var/www/html/magento2/var/cache/mage--9/mage---a6b_BLOCK_1E8063C8FFF012C635DF25315E0C93DB85C4A806" file can't be deleted. Warning!unlink(/var/www/html/magento2/var/cache/mage--9/mage---a6b_BLOCK_1E8063C8FFF012C635DF25315E0C93DB85C4A806): Permission denied The "/var/www/html/magento2/var/cache/mage--9/mage---a6b_STRUCTURE_LAYOUT_ADMINHTML_STORE1_297367C484975343FEA5D20830D4FB758" file can't be deleted. Warning!unlink(/var/www/html/magento2/var/cache/mage--9/mage---a6b_STRUCTURE_LAYOUT_ADMINHTML_STORE1_297367C484975343FEA5D20830D4FB758): Permission denied The "/var/www/html/magento2/var/cache/mage--9/mage---a6b_FRONTEND__EVENT_CONFIG_CACHE" file can't be deleted. Warning!unlink(/var/www/html/magento2/var/cache/mage--9/mage---a6b_FRONTEND__EVENT_CONFIG_CACHE): Permission denied The "/var/www/html/magento2/var/cache/mage--9/mage---a6b_LAYOUT_ADMINHTML_STORE1_297367C484975343FEA5D20830D4FB758_PAGE_LAYOUT_MERGED" file can't be deleted. Warning!unlink(/var/www/html/magento2/var/cache/mage--9/mage---a6b_LAYOUT_ADMINHTML_STORE1_297367C484975343FEA5D20830D4FB758_PAGE_LAYOUT_MERGED): Permission denied The "/var/www/html/magento2/var/cache/mage--9/mage---a6b_UI_COMPONENT_CONFIGURATION_DATA_NOTIFICATION_AREA" file can't be deleted. Warning!unlink(/var/www/html/magento2/var/cache/mage--9/mage---a6b_UI_COMPONENT_CONFIGURATION_DATA_NOTIFICATION_AREA): Permission denied The "/var/www/html/magento2/var/cache/mage--9/mage---a6b_DB_PDO_MYSQL_DDL_SALES_ORDER_1" file can't be deleted. Warning!unlink(/var/www/html/magento2/var/cache/mage--9/mage---a6b_DB_PDO_MYSQL_DDL_SALES_ORDER_1): Permission denied The "/var/www/html/magento2/var/cache/mage--9/mage---a6b_BLOCK_CA2D04F236756BAF985ADFB6B192354441B4BC96" file can't be deleted. Warning!unlink(/var/www/html/magento2/var/cache/mage--9/mage---a6b_BLOCK_CA2D04F236756BAF985ADFB6B192354441B4BC96): Permission denied The "/var/www/html/magento2/var/cache/mage--9/mage---a6b_DB_PDO_MYSQL_DDL_CATALOG_CATEGORY_ENTITY_3" file can't be deleted. Warning!unlink(/var/www/html/magento2/var/cache/mage--9/mage---a6b_DB_PDO_MYSQL_DDL_CATALOG_CATEGORY_ENTITY_3): Permission denied The "/var/www/html/magento2/var/cache/mage--9/mage---a6b_LAYOUT_ADMINHTML_STORE1_2" file can't be deleted. Warning!unlink(/var/www/html/magento2/var/cache/mage--9/mage---a6b_LAYOUT_ADMINHTML_STORE1_2): Permission denied The "/var/www/html/magento2/var/cache/mage--9/mage---a6b_GLOBAL__RESOURCESCACHE" file can't be deleted. Warning!unlink(/var/www/html/magento2/var/cache/mage--9/mage---a6b_GLOBAL__RESOURCESCACHE): Permission denied The "/var/www/html/magento2/var/cache/mage--9/mage---a6b_SYSTEM_STORES_DEFAULT" file can't be deleted. Warning!unlink(/var/www/html/magento2/var/cache/mage--9/mage---a6b_SYSTEM_STORES_DEFAULT): Permission denied The "/var/www/html/magento2/var/cache/mage--9/mage---a6b_SYSTEM_STORES_2" file can't be deleted. Warning!unlink(/var/www/html/magento2/var/cache/mage--9/mage---a6b_SYSTEM_STORES_2): Permission denied The "/var/www/html/magento2/var/cache/mage--9/mage---a6b_STRUCTURE_LAYOUT_FRONTEND_STORE1_36F1B068EC7CCF4878F9284DD1137AFD1" file can't be deleted. Warning!unlink(/var/www/html/magento2/var/cache/mage--9/mage---a6b_STRUCTURE_LAYOUT_FRONTEND_STORE1_36F1B068EC7CCF4878F9284DD1137AFD1): Permission denied The "/var/www/html/magento2/var/cache/mage--9/mage---a6b_UI_COMPONENT_CONFIGURATION_DATA_ADMIN_USAGE_NOTIFICATION" file can't be deleted. Warning!unlink(/var/www/html/magento2/var/cache/mage--9/mage---a6b_UI_COMPONENT_CONFIGURATION_DATA_ADMIN_USAGE_NOTIFICATION): Permission denied The "/var/www/html/magento2/var/cache/mage--e/mage---a6b_FRONTEND__CSP_WHITELIST_CONFIG" file can't be deleted. Warning!unlink(/var/www/html/magento2/var/cache/mage--e/mage---a6b_FRONTEND__CSP_WHITELIST_CONFIG): Permission denied The "/var/www/html/magento2/var/cache/mage--e/mage---a6b_SYSTEM_WEBSITES_1" file can't be deleted. Warning!unlink(/var/www/html/magento2/var/cache/mage--e/mage---a6b_SYSTEM_WEBSITES_1): Permission denied The "/var/www/html/magento2/var/cache/mage--e/mage---a6b_ADMINHTML__CSP_WHITELIST_CONFIG" file can't be deleted. Warning!unlink(/var/www/html/magento2/var/cache/mage--e/mage---a6b_ADMINHTML__CSP_WHITELIST_CONFIG): Permission denied The "/var/www/html/magento2/var/cache/mage--e/mage---a6b_SYSTEM_STORES_0" file can't be deleted. Warning!unlink(/var/www/html/magento2/var/cache/mage--e/mage---a6b_SYSTEM_STORES_0): Permission denied The "/var/www/html/magento2/var/cache/mage--2/mage---a6b_UI_COMPONENT_CONFIGURATION_DATA_SALES_ORDER_GRID" file can't be deleted. Warning!unlink(/var/www/html/magento2/var/cache/mage--2/mage---a6b_UI_COMPONENT_CONFIGURATION_DATA_SALES_ORDER_GRID): Permission denied The "/var/www/html/magento2/var/cache/mage--2/mage---a6b_EAV_ENTITY_ATTRIBUTES_3_1_3" file can't be deleted. Warning!unlink(/var/www/html/magento2/var/cache/mage--2/mage---a6b_EAV_ENTITY_ATTRIBUTES_3_1_3): Permission denied The "/var/www/html/magento2/var/cache/mage--2/mage---a6b_SYSTEM_WEBSITES_BASE" file can't be deleted. Warning!unlink(/var/www/html/magento2/var/cache/mage--2/mage---a6b_SYSTEM_WEBSITES_BASE): Permission denied The "/var/www/html/magento2/var/cache/mage--2/mage---a6b_THEME_BY_ID_1" file can't be deleted. Warning!unlink(/var/www/html/magento2/var/cache/mage--2/mage---a6b_THEME_BY_ID_1): Permission denied The "/var/www/html/magento2/var/cache/mage--2/mage---a6b_LAYOUT_FRONTEND_STORE1_3A7CCD8094436548B564A588F6303121C_PAGE_LAYOUT_MERGED" file can't be deleted. Warning!unlink(/var/www/html/magento2/var/cache/mage--2/mage---a6b_LAYOUT_FRONTEND_STORE1_3A7CCD8094436548B564A588F6303121C_PAGE_LAYOUT_MERGED): Permission denied The "/var/www/html/magento2/var/cache/mage--2/mage---a6b_STRUCTURE_LAYOUT_FRONTEND_STORE1_33D71BA78AE960DA8A09926256277F03D" file can't be deleted. Warning!unlink(/var/www/html/magento2/var/cache/mage--2/mage---a6b_STRUCTURE_LAYOUT_FRONTEND_STORE1_33D71BA78AE960DA8A09926256277F03D): Permission denied The "/var/www/html/magento2/var/cache/mage--2/mage---a6b_BLOCK_5F01CBE2D6FA2C9E67F34D317B8520D5CFECF2B0_5_FINAL_PRICE_LIST_CATEGORY_PAGE_USD_20240518_1_0_" file can't be deleted. Warning!unlink(/var/www/html/magento2/var/cache/mage--2/mage---a6b_BLOCK_5F01CBE2D6FA2C9E67F34D317B8520D5CFECF2B0_5_FINAL_PRICE_LIST_CATEGORY_PAGE_USD_20240518_1_0_): Permission denied The "/var/www/html/magento2/var/cache/mage--2/mage---a6b_LAYOUT_ADMINHTML_STORE1_2D41D8CD98F00B204E9800998ECF8427E_PAGE_LAYOUT_MERGED" file can't be deleted. Warning!unlink(/var/www/html/magento2/var/cache/mage--2/mage---a6b_LAYOUT_ADMINHTML_STORE1_2D41D8CD98F00B204E9800998ECF8427E_PAGE_LAYOUT_MERGED): Permission denied The "/var/www/html/magento2/var/cache/mage--2/mage---a6b_LAYOUT_ADMINHTML_STORE1_2CF9AB1B1723BEDC1DCD665A812B00335_PAGE_LAYOUT_MERGED" file can't be deleted. Warning!unlink(/var/www/html/magento2/var/cache/mage--2/mage---a6b_LAYOUT_ADMINHTML_STORE1_2CF9AB1B1723BEDC1DCD665A812B00335_PAGE_LAYOUT_MERGED): Permission denied The "/var/www/html/magento2/var/cache/mage--7/mage---a6b_GLOBAL__EVENT_CONFIG_CACHE" file can't be deleted. Warning!unlink(/var/www/html/magento2/var/cache/mage--7/mage---a6b_GLOBAL__EVENT_CONFIG_CACHE): Permission denied The "/var/www/html/magento2/var/cache/mage--7/mage---a6b_DB_PDO_MYSQL_DDL_THEME_1" file can't be deleted. Warning!unlink(/var/www/html/magento2/var/cache/mage--7/mage---a6b_DB_PDO_MYSQL_DDL_THEME_1): Permission denied The "/var/www/html/magento2/var/cache/mage--7/mage---a6b_GLOBAL__CSP_WHITELIST_CONFIG" file can't be deleted. Warning!unlink(/var/www/html/magento2/var/cache/mage--7/mage---a6b_GLOBAL__CSP_WHITELIST_CONFIG): Permission denied The "/var/www/html/magento2/var/cache/mage--7/mage---a6b_TRANSLATE_EN_US_FRONTEND_DEFAULT_MAGENTO_LUMA_" file can't be deleted. Warning!unlink(/var/www/html/magento2/var/cache/mage--7/mage---a6b_TRANSLATE_EN_US_FRONTEND_DEFAULT_MAGENTO_LUMA_): Permission denied The "/var/www/html/magento2/var/cache/mage--7/mage---a6b_LAYOUT_FRONTEND_STORE1_33D71BA78AE960DA8A09926256277F03D_PAGE_LAYOUT_MERGED" file can't be deleted. Warning!unlink(/var/www/html/magento2/var/cache/mage--7/mage---a6b_LAYOUT_FRONTEND_STORE1_33D71BA78AE960DA8A09926256277F03D_PAGE_LAYOUT_MERGED): Permission denied The "/var/www/html/magento2/var/cache/mage--f/mage---a6b_EXTENSION_ATTRIBUTES_CONFIG" file can't be deleted. Warning!unlink(/var/www/html/magento2/var/cache/mage--f/mage---a6b_EXTENSION_ATTRIBUTES_CONFIG): Permission denied The "/var/www/html/magento2/var/cache/mage--f/mage---a6b_FRONTEND__RESOURCESCACHE" file can't be deleted. Warning!unlink(/var/www/html/magento2/var/cache/mage--f/mage---a6b_FRONTEND__RESOURCESCACHE): Permission denied The "/var/www/html/magento2/var/cache/mage--f/mage---a6b_BLOCK_422AB2B4F081F4B226BE37D9ED498E98CF44371D" file can't be deleted. Warning!unlink(/var/www/html/magento2/var/cache/mage--f/mage---a6b_BLOCK_422AB2B4F081F4B226BE37D9ED498E98CF44371D): Permission denied The "/var/www/html/magento2/var/cache/mage--f/mage---a6b_BLOCK_9A6A414B51F5233B683AE8E0539BBDAFD756E2C0" file can't be deleted. Warning!unlink(/var/www/html/magento2/var/cache/mage--f/mage---a6b_BLOCK_9A6A414B51F5233B683AE8E0539BBDAFD756E2C0): Permission denied The "/var/www/html/magento2/var/cache/mage--f/mage---a6b_LAYOUT_ADMINHTML_STORE1_291FCCD54DA687AFC76A5D6559B714906_PAGE_LAYOUT_MERGED" file can't be deleted. Warning!unlink(/var/www/html/magento2/var/cache/mage--f/mage---a6b_LAYOUT_ADMINHTML_STORE1_291FCCD54DA687AFC76A5D6559B714906_PAGE_LAYOUT_MERGED): Permission denied The "/var/www/html/magento2/var/cache/mage--f/mage---a6b_SYSTEM_DEFAULT" file can't be deleted. Warning!unlink(/var/www/html/magento2/var/cache/mage--f/mage---a6b_SYSTEM_DEFAULT): Permission denied The "/var/www/html/magento2/var/cache/mage--f/mage---a6b_THEMEADMINHTML_MAGENTO_BACKEND" file can't be deleted. Warning!unlink(/var/www/html/magento2/var/cache/mage--f/mage---a6b_THEMEADMINHTML_MAGENTO_BACKEND): Permission denied The "/var/www/html/magento2/var/cache/mage--f/mage---a6b_LAYOUT_ADMINHTML_STORE1_2PAGE_LAYOUT" file can't be deleted. Warning!unlink(/var/www/html/magento2/var/cache/mage--f/mage---a6b_LAYOUT_ADMINHTML_STORE1_2PAGE_LAYOUT): Permission denied The "/var/www/html/magento2/var/cache/mage--f/mage---a6b_ADMINHTML__CONFIG_CACHE" file can't be deleted. Warning!unlink(/var/www/html/magento2/var/cache/mage--f/mage---a6b_ADMINHTML__CONFIG_CACHE): Permission denied The "/var/www/html/magento2/var/cache/mage--c/mage---a6b_SYSTEM_SCOPES" file can't be deleted. Warning!unlink(/var/www/html/magento2/var/cache/mage--c/mage---a6b_SYSTEM_SCOPES): Permission denied The "/var/www/html/magento2/var/cache/mage--c/mage---a6b_DB_PDO_MYSQL_DDL_SETUP_MODULE_5" file can't be deleted. Warning!unlink(/var/www/html/magento2/var/cache/mage--c/mage---a6b_DB_PDO_MYSQL_DDL_SETUP_MODULE_5): Permission denied The "/var/www/html/magento2/var/cache/mage--c/mage---a6b_ADMINHTML__ROUTESCONFIG" file can't be deleted. Warning!unlink(/var/www/html/magento2/var/cache/mage--c/mage---a6b_ADMINHTML__ROUTESCONFIG): Permission denied The "/var/www/html/magento2/var/cache/mage--c/mage---a6b_RELEASE_NOTIFICATION_CONTENT_2__4__6_COMMUNITY_EN_US" file can't be deleted. Warning!unlink(/var/www/html/magento2/var/cache/mage--c/mage---a6b_RELEASE_NOTIFICATION_CONTENT_2__4__6_COMMUNITY_EN_US): Permission denied The "/var/www/html/magento2/var/cache/mage--c/mage---a6b_AUTHORIZATION_RULE_CACHED_DATA" file can't be deleted. Warning!unlink(/var/www/html/magento2/var/cache/mage--c/mage---a6b_AUTHORIZATION_RULE_CACHED_DATA): Permission denied The "/var/www/html/magento2/var/cache/mage--c/mage---a6b_UI_COMPONENT_CONFIGURATION_DATA_RELEASE_NOTIFICATION" file can't be deleted. Warning!unlink(/var/www/html/magento2/var/cache/mage--c/mage---a6b_UI_COMPONENT_CONFIGURATION_DATA_RELEASE_NOTIFICATION): Permission denied The "/var/www/html/magento2/var/cache/mage--0/mage---a6b_BLOCK_5111BDFC99718462F930F1EA62B3F5F314B7B506" file can't be deleted. Warning!unlink(/var/www/html/magento2/var/cache/mage--0/mage---a6b_BLOCK_5111BDFC99718462F930F1EA62B3F5F314B7B506): Permission denied The "/var/www/html/magento2/var/cache/mage--0/mage---a6b_INDEXER_CONFIG" file can't be deleted. Warning!unlink(/var/www/html/magento2/var/cache/mage--0/mage---a6b_INDEXER_CONFIG): Permission denied The "/var/www/html/magento2/var/cache/mage--0/mage---a6b_DB_PDO_MYSQL_DDL_CATALOG_PRODUCT_ENTITY_3" file can't be deleted. Warning!unlink(/var/www/html/magento2/var/cache/mage--0/mage---a6b_DB_PDO_MYSQL_DDL_CATALOG_PRODUCT_ENTITY_3): Permission denied The "/var/www/html/magento2/var/cache/mage--0/mage---a6b_RESOLVED_STORES_D1BEFA03C79CA0B84ECC488DEA96BC68" file can't be deleted. Warning!unlink(/var/www/html/magento2/var/cache/mage--0/mage---a6b_RESOLVED_STORES_D1BEFA03C79CA0B84ECC488DEA96BC68): Permission denied The "/var/www/html/magento2/var/cache/mage--0/mage---a6b_DB_PDO_MYSQL_DDL_CATALOG_PRODUCT_ENTITY_1" file can't be deleted. Warning!unlink(/var/www/html/magento2/var/cache/mage--0/mage---a6b_DB_PDO_MYSQL_DDL_CATALOG_PRODUCT_ENTITY_1): Permission denied The "/var/www/html/magento2/var/cache/mage--0/mage---a6b_LAYOUT_FRONTEND_STORE1_3" file can't be deleted. Warning!unlink(/var/www/html/magento2/var/cache/mage--0/mage---a6b_LAYOUT_FRONTEND_STORE1_3): Permission denied The "/var/www/html/magento2/var/cache/mage--a/mage---a6b_STRUCTURE_LAYOUT_ADMINHTML_STORE1_26F1B068EC7CCF4878F9284DD1137AFD1" file can't be deleted. Warning!unlink(/var/www/html/magento2/var/cache/mage--a/mage---a6b_STRUCTURE_LAYOUT_ADMINHTML_STORE1_26F1B068EC7CCF4878F9284DD1137AFD1): Permission denied The "/var/www/html/magento2/var/cache/mage--a/mage---a6b_APP_ACTION_LIST" file can't be deleted. Warning!unlink(/var/www/html/magento2/var/cache/mage--a/mage---a6b_APP_ACTION_LIST): Permission denied The "/var/www/html/magento2/var/cache/mage--a/mage---a6b_APP_35C0BF370AE35F8C482DC31B8A81FC2F" file can't be deleted. Warning!unlink(/var/www/html/magento2/var/cache/mage--a/mage---a6b_APP_35C0BF370AE35F8C482DC31B8A81FC2F): Permission denied The "/var/www/html/magento2/var/cache/mage--a/mage---a6b_UI_COMPONENT_TEMPLATES" file can't be deleted. Warning!unlink(/var/www/html/magento2/var/cache/mage--a/mage---a6b_UI_COMPONENT_TEMPLATES): Permission denied The "/var/www/html/magento2/var/cache/mage--8/mage---a6b_APP_CE79F7EF764E9F981C8549B9DBEC468F" file can't be deleted. Warning!unlink(/var/www/html/magento2/var/cache/mage--8/mage---a6b_APP_CE79F7EF764E9F981C8549B9DBEC468F): Permission denied The "/var/www/html/magento2/var/cache/mage--8/mage---a6b_MAGE_VERSION" file can't be deleted. Warning!unlink(/var/www/html/magento2/var/cache/mage--8/mage---a6b_MAGE_VERSION): Permission denied The "/var/www/html/magento2/var/cache/mage--8/mage---a6b_TRANSLATE_EN_US_ADMINHTML_ADMIN_MAGENTO_BACKEND_MAGENTO_SALES" file can't be deleted. Warning!unlink(/var/www/html/magento2/var/cache/mage--8/mage---a6b_TRANSLATE_EN_US_ADMINHTML_ADMIN_MAGENTO_BACKEND_MAGENTO_SALES): Permission denied The "/var/www/html/magento2/var/cache/mage--8/mage---a6b_SYSTEM_STORES_3" file can't be deleted. Warning!unlink(/var/www/html/magento2/var/cache/mage--8/mage---a6b_SYSTEM_STORES_3): Permission denied The "/var/www/html/magento2/var/cache/mage--8/mage---a6b_THEME_BY_ID_3" file can't be deleted. Warning!unlink(/var/www/html/magento2/var/cache/mage--8/mage---a6b_THEME_BY_ID_3): Permission denied The "/var/www/html/magento2/var/cache/mage--8/mage---a6b_BLOCK_5F01CBE2D6FA2C9E67F34D317B8520D5CFECF2B0_6_FINAL_PRICE_LIST_CATEGORY_PAGE_USD_20240518_1_0_" file can't be deleted. Warning!unlink(/var/www/html/magento2/var/cache/mage--8/mage---a6b_BLOCK_5F01CBE2D6FA2C9E67F34D317B8520D5CFECF2B0_6_FINAL_PRICE_LIST_CATEGORY_PAGE_USD_20240518_1_0_): Permission denied
#0 /var/www/html/magento2/setup/src/Magento/Setup/Console/Command/DiCompileCommand.php(309): Magento\Framework\Filesystem\Directory\Write->delete()
#1 /var/www/html/magento2/setup/src/Magento/Setup/Console/Command/DiCompileCommand.php(183): Magento\Setup\Console\Command\DiCompileCommand->cleanupFilesystem()
#2 /var/www/html/magento2/vendor/symfony/console/Command/Command.php(298): Magento\Setup\Console\Command\DiCompileCommand->execute()
#3 /var/www/html/magento2/vendor/symfony/console/Application.php(1040): Symfony\Component\Console\Command\Command->run()
#4 /var/www/html/magento2/vendor/symfony/console/Application.php(301): Symfony\Component\Console\Application->doRunCommand()
#5 /var/www/html/magento2/vendor/magento/framework/Console/Cli.php(116): Symfony\Component\Console\Application->doRun()
#6 /var/www/html/magento2/vendor/symfony/console/Application.php(171): Magento\Framework\Console\Cli->doRun()
#7 /var/www/html/magento2/bin/magento(23): Symfony\Component\Console\Application->run()
#8 {main} [] []
[2024-05-18T16:57:21.956608+00:00] main.ERROR: The "/var/www/html/magento2/var/cache/mage--b/mage---a6b_STRUCTURE_LAYOUT_ADMINHTML_STORE1_2FC0CB3B6ECD73A6664D7093459BE0538" file can't be deleted. Warning!unlink(/var/www/html/magento2/var/cache/mage--b/mage---a6b_STRUCTURE_LAYOUT_ADMINHTML_STORE1_2FC0CB3B6ECD73A6664D7093459BE0538): Permission denied The "/var/www/html/magento2/var/cache/mage--b/mage---a6b_TRANSLATE_EN_US_ADMINHTML_ADMIN_MAGENTO_BACKEND_MAGENTO_BACKEND" file can't be deleted. Warning!unlink(/var/www/html/magento2/var/cache/mage--b/mage---a6b_TRANSLATE_EN_US_ADMINHTML_ADMIN_MAGENTO_BACKEND_MAGENTO_BACKEND): Permission denied The "/var/www/html/magento2/var/cache/mage--b/mage---a6b_BLOCK_5F01CBE2D6FA2C9E67F34D317B8520D5CFECF2B0_4_FINAL_PRICE_LIST_CATEGORY_PAGE_USD_20240518_1_0_" file can't be deleted. Warning!unlink(/var/www/html/magento2/var/cache/mage--b/mage---a6b_BLOCK_5F01CBE2D6FA2C9E67F34D317B8520D5CFECF2B0_4_FINAL_PRICE_LIST_CATEGORY_PAGE_USD_20240518_1_0_): Permission denied The "/var/www/html/magento2/var/cache/mage--b/mage---a6b_AUTHORIZATION_ROLE_CACHED_DATA" file can't be deleted. Warning!unlink(/var/www/html/magento2/var/cache/mage--b/mage---a6b_AUTHORIZATION_ROLE_CACHED_DATA): Permission denied The "/var/www/html/magento2/var/cache/mage--b/mage---a6b_RELEASE_NOTIFICATION_POPUP_1" file can't be deleted. Warning!unlink(/var/www/html/magento2/var/cache/mage--b/mage---a6b_RELEASE_NOTIFICATION_POPUP_1): Permission denied The "/var/www/html/magento2/var/cache/mage--b/mage---a6b_TRANSLATE_EN_US_ADMINHTML_ADMIN_MAGENTO_BACKEND_" file can't be deleted. Warning!unlink(/var/www/html/magento2/var/cache/mage--b/mage---a6b_TRANSLATE_EN_US_ADMINHTML_ADMIN_MAGENTO_BACKEND_): Permission denied The "/var/www/html/magento2/var/cache/mage--b/mage---a6b_ATTRIBUTE_NAVIGATION_OPTION_COLOR_1" file can't be deleted. Warning!unlink(/var/www/html/magento2/var/cache/mage--b/mage---a6b_ATTRIBUTE_NAVIGATION_OPTION_COLOR_1): Permission denied The "/var/www/html/magento2/var/cache/mage--b/mage---a6b_PAYMENT_CONFIG" file can't be deleted. Warning!unlink(/var/www/html/magento2/var/cache/mage--b/mage---a6b_PAYMENT_CONFIG): Permission denied The "/var/www/html/magento2/var/cache/mage--4/mage---a6b_ATTRIBUTE_NAVIGATION_OPTION_MANUFACTURER_1" file can't be deleted. Warning!unlink(/var/www/html/magento2/var/cache/mage--4/mage---a6b_ATTRIBUTE_NAVIGATION_OPTION_MANUFACTURER_1): Permission denied The "/var/www/html/magento2/var/cache/mage--4/mage---a6b_ADDRESS_FORMAT" file can't be deleted. Warning!unlink(/var/www/html/magento2/var/cache/mage--4/mage---a6b_ADDRESS_FORMAT): Permission denied The "/var/www/html/magento2/var/cache/mage--4/mage---a6b_STRUCTURE_LAYOUT_ADMINHTML_STORE1_291FCCD54DA687AFC76A5D6559B714906" file can't be deleted. Warning!unlink(/var/www/html/magento2/var/cache/mage--4/mage---a6b_STRUCTURE_LAYOUT_ADMINHTML_STORE1_291FCCD54DA687AFC76A5D6559B714906): Permission denied The "/var/www/html/magento2/var/cache/mage--4/mage---a6b_ELASTICSEARCH_INDEX_CONFIG" file can't be deleted. Warning!unlink(/var/www/html/magento2/var/cache/mage--4/mage---a6b_ELASTICSEARCH_INDEX_CONFIG): Permission denied The "/var/www/html/magento2/var/cache/mage--4/mage---a6b_PRODUCT_TYPES_CONFIG" file can't be deleted. Warning!unlink(/var/www/html/magento2/var/cache/mage--4/mage---a6b_PRODUCT_TYPES_CONFIG): Permission denied The "/var/www/html/magento2/var/cache/mage--4/mage---a6b_ADMIN_USAGE_NOTIFICATION_POPUP" file can't be deleted. Warning!unlink(/var/www/html/magento2/var/cache/mage--4/mage---a6b_ADMIN_USAGE_NOTIFICATION_POPUP): Permission denied The "/var/www/html/magento2/var/cache/mage--4/mage---a6b_PRODUCT_LISTING_ATTRIBUTES4_1" file can't be deleted. Warning!unlink(/var/www/html/magento2/var/cache/mage--4/mage---a6b_PRODUCT_LISTING_ATTRIBUTES4_1): Permission denied The "/var/www/html/magento2/var/cache/mage--4/mage---a6b_BLOCK_3D02A9C6039C035B9A3C11D11BC2715C9929C9DA" file can't be deleted. Warning!unlink(/var/www/html/magento2/var/cache/mage--4/mage---a6b_BLOCK_3D02A9C6039C035B9A3C11D11BC2715C9929C9DA): Permission denied The "/var/www/html/magento2/var/cache/mage--4/mage---a6b_LAYOUT_ADMINHTML_STORE1_2FC0CB3B6ECD73A6664D7093459BE0538_PAGE_LAYOUT_MERGED" file can't be deleted. Warning!unlink(/var/www/html/magento2/var/cache/mage--4/mage---a6b_LAYOUT_ADMINHTML_STORE1_2FC0CB3B6ECD73A6664D7093459BE0538_PAGE_LAYOUT_MERGED): Permission denied The "/var/www/html/magento2/var/cache/mage--d/mage---a6b_LAYOUT_FRONTEND_STORE1_36F1B068EC7CCF4878F9284DD1137AFD1_PAGE_LAYOUT_MERGED" file can't be deleted. Warning!unlink(/var/www/html/magento2/var/cache/mage--d/mage---a6b_LAYOUT_FRONTEND_STORE1_36F1B068EC7CCF4878F9284DD1137AFD1_PAGE_LAYOUT_MERGED): Permission denied The "/var/www/html/magento2/var/cache/mage--d/mage---a6b_EAV_ENTITY_TYPES" file can't be deleted. Warning!unlink(/var/www/html/magento2/var/cache/mage--d/mage---a6b_EAV_ENTITY_TYPES): Permission denied The "/var/www/html/magento2/var/cache/mage--d/mage---a6b_SYSTEM" file can't be deleted. Warning!unlink(/var/www/html/magento2/var/cache/mage--d/mage---a6b_SYSTEM): Permission denied The "/var/www/html/magento2/var/cache/mage--d/mage---a6b_FRONTEND__ROUTESCONFIG" file can't be deleted. Warning!unlink(/var/www/html/magento2/var/cache/mage--d/mage---a6b_FRONTEND__ROUTESCONFIG): Permission denied The "/var/www/html/magento2/var/cache/mage--d/mage---a6b_BLOCK_5F01CBE2D6FA2C9E67F34D317B8520D5CFECF2B0_1_FINAL_PRICE_LIST_CATEGORY_PAGE_USD_20240518_1_0_" file can't be deleted. Warning!unlink(/var/www/html/magento2/var/cache/mage--d/mage---a6b_BLOCK_5F01CBE2D6FA2C9E67F34D317B8520D5CFECF2B0_1_FINAL_PRICE_LIST_CATEGORY_PAGE_USD_20240518_1_0_): Permission denied The "/var/www/html/magento2/var/cache/mage--d/mage---a6b_SYSTEM_STORES_1" file can't be deleted. Warning!unlink(/var/www/html/magento2/var/cache/mage--d/mage---a6b_SYSTEM_STORES_1): Permission denied The "/var/www/html/magento2/var/cache/mage--d/mage---a6b_REQUEST_DECLARATION" file can't be deleted. Warning!unlink(/var/www/html/magento2/var/cache/mage--d/mage---a6b_REQUEST_DECLARATION): Permission denied The "/var/www/html/magento2/var/cache/mage--d/mage---a6b_STRUCTURE_LAYOUT_ADMINHTML_STORE1_2D41D8CD98F00B204E9800998ECF8427E" file can't be deleted. Warning!unlink(/var/www/html/magento2/var/cache/mage--d/mage---a6b_STRUCTURE_LAYOUT_ADMINHTML_STORE1_2D41D8CD98F00B204E9800998ECF8427E): Permission denied The "/var/www/html/magento2/var/cache/mage--d/mage---a6b_THEMEFRONTEND_MAGENTO_LUMA" file can't be deleted. Warning!unlink(/var/www/html/magento2/var/cache/mage--d/mage---a6b_THEMEFRONTEND_MAGENTO_LUMA): Permission denied The "/var/www/html/magento2/var/cache/mage--d/mage---a6b_APP_108B5EBA5ECACA9F6E9F88D4CD04D6E0" file can't be deleted. Warning!unlink(/var/www/html/magento2/var/cache/mage--d/mage---a6b_APP_108B5EBA5ECACA9F6E9F88D4CD04D6E0): Permission denied The "/var/www/html/magento2/var/cache/mage--d/mage---a6b_THEMEFRONTEND_MAGENTO_BLANK" file can't be deleted. Warning!unlink(/var/www/html/magento2/var/cache/mage--d/mage---a6b_THEMEFRONTEND_MAGENTO_BLANK): Permission denied The "/var/www/html/magento2/var/cache/mage--d/mage---a6b_DESIGN_CHANGE_258923703CD9BE8928F56EECA69F23DA" file can't be deleted. Warning!unlink(/var/www/html/magento2/var/cache/mage--d/mage---a6b_DESIGN_CHANGE_258923703CD9BE8928F56EECA69F23DA): Permission denied The "/var/www/html/magento2/var/cache/mage--1/mage---a6b_ASSIGNED_ROLE_1" file can't be deleted. Warning!unlink(/var/www/html/magento2/var/cache/mage--1/mage---a6b_ASSIGNED_ROLE_1): Permission denied The "/var/www/html/magento2/var/cache/mage--1/mage---a6b_LAYOUT_ADMINHTML_STORE1_26F1B068EC7CCF4878F9284DD1137AFD1_PAGE_LAYOUT_MERGED" file can't be deleted. Warning!unlink(/var/www/html/magento2/var/cache/mage--1/mage---a6b_LAYOUT_ADMINHTML_STORE1_26F1B068EC7CCF4878F9284DD1137AFD1_PAGE_LAYOUT_MERGED): Permission denied The "/var/www/html/magento2/var/cache/mage--1/mage---a6b_CONFIGURATION_FILES_ACCESS_LEVEL_VERIFICATION" file can't be deleted. Warning!unlink(/var/www/html/magento2/var/cache/mage--1/mage---a6b_CONFIGURATION_FILES_ACCESS_LEVEL_VERIFICATION): Permission denied The "/var/www/html/magento2/var/cache/mage--1/mage---a6b_BACKEND_MENU_OBJECT" file can't be deleted. Warning!unlink(/var/www/html/magento2/var/cache/mage--1/mage---a6b_BACKEND_MENU_OBJECT): Permission denied The "/var/www/html/magento2/var/cache/mage--1/mage---a6b_UI_COMPONENT_CONFIGURATION_DEFINITION_DATA" file can't be deleted. Warning!unlink(/var/www/html/magento2/var/cache/mage--1/mage---a6b_UI_COMPONENT_CONFIGURATION_DEFINITION_DATA): Permission denied The "/var/www/html/magento2/var/cache/mage--1/mage---a6b_SECTIONS_INVALIDATION_CONFIG" file can't be deleted. Warning!unlink(/var/www/html/magento2/var/cache/mage--1/mage---a6b_SECTIONS_INVALIDATION_CONFIG): Permission denied The "/var/www/html/magento2/var/cache/mage--1/mage---a6b_SYSTEM_STORES_ADMIN" file can't be deleted. Warning!unlink(/var/www/html/magento2/var/cache/mage--1/mage---a6b_SYSTEM_STORES_ADMIN): Permission denied The "/var/www/html/magento2/var/cache/mage--1/mage---a6b_DB_PDO_MYSQL_DDL_SALES_ORDER_STATUS_1" file can't be deleted. Warning!unlink(/var/www/html/magento2/var/cache/mage--1/mage---a6b_DB_PDO_MYSQL_DDL_SALES_ORDER_STATUS_1): Permission denied The "/var/www/html/magento2/var/cache/mage--6/mage---a6b_THEME_BY_ID_2" file can't be deleted. Warning!unlink(/var/www/html/magento2/var/cache/mage--6/mage---a6b_THEME_BY_ID_2): Permission denied The "/var/www/html/magento2/var/cache/mage--6/mage---a6b_GLOBAL__CONFIG_CACHE" file can't be deleted. Warning!unlink(/var/www/html/magento2/var/cache/mage--6/mage---a6b_GLOBAL__CONFIG_CACHE): Permission denied The "/var/www/html/magento2/var/cache/mage--6/mage---a6b_INITIAL_CONFIG" file can't be deleted. Warning!unlink(/var/www/html/magento2/var/cache/mage--6/mage---a6b_INITIAL_CONFIG): Permission denied The "/var/www/html/magento2/var/cache/mage--6/mage---a6b_APP_4169C5DEEEB8F84FEFBFAC574BE2769B" file can't be deleted. Warning!unlink(/var/www/html/magento2/var/cache/mage--6/mage---a6b_APP_4169C5DEEEB8F84FEFBFAC574BE2769B): Permission denied The "/var/www/html/magento2/var/cache/mage--6/mage---a6b_LAYOUT_FRONTEND_STORE1_3PAGE_LAYOUT" file can't be deleted. Warning!unlink(/var/www/html/magento2/var/cache/mage--6/mage---a6b_LAYOUT_FRONTEND_STORE1_3PAGE_LAYOUT): Permission denied The "/var/www/html/magento2/var/cache/mage--5/mage---a6b_DB_PDO_MYSQL_DDL_EAV_ATTRIBUTE_1" file can't be deleted. Warning!unlink(/var/www/html/magento2/var/cache/mage--5/mage---a6b_DB_PDO_MYSQL_DDL_EAV_ATTRIBUTE_1): Permission denied The "/var/www/html/magento2/var/cache/mage--5/mage---a6b_SYSTEM_STORES_FR" file can't be deleted. Warning!unlink(/var/www/html/magento2/var/cache/mage--5/mage---a6b_SYSTEM_STORES_FR): Permission denied The "/var/www/html/magento2/var/cache/mage--5/mage---a6b_SYSTEM_STORES_BE" file can't be deleted. Warning!unlink(/var/www/html/magento2/var/cache/mage--5/mage---a6b_SYSTEM_STORES_BE): Permission denied The "/var/www/html/magento2/var/cache/mage--5/mage---a6b_SYSTEM_WEBSITES_ADMIN" file can't be deleted. Warning!unlink(/var/www/html/magento2/var/cache/mage--5/mage---a6b_SYSTEM_WEBSITES_ADMIN): Permission denied The "/var/www/html/magento2/var/cache/mage--5/mage---a6b_ADMINHTML__RESOURCESCACHE" file can't be deleted. Warning!unlink(/var/www/html/magento2/var/cache/mage--5/mage---a6b_ADMINHTML__RESOURCESCACHE): Permission denied The "/var/www/html/magento2/var/cache/mage--5/mage---a6b_DB_PDO_MYSQL_DDL_SALES_ORDER_GRID_1" file can't be deleted. Warning!unlink(/var/www/html/magento2/var/cache/mage--5/mage---a6b_DB_PDO_MYSQL_DDL_SALES_ORDER_GRID_1): Permission denied The "/var/www/html/magento2/var/cache/mage--5/mage---a6b_PROVIDER_ACL_RESOURCES_CACHE" file can't be deleted. Warning!unlink(/var/www/html/magento2/var/cache/mage--5/mage---a6b_PROVIDER_ACL_RESOURCES_CACHE): Permission denied The "/var/www/html/magento2/var/cache/mage--3/mage---a6b_ADMIN_NOTIFICATIONS_LASTCHECK" file can't be deleted. Warning!unlink(/var/www/html/magento2/var/cache/mage--3/mage---a6b_ADMIN_NOTIFICATIONS_LASTCHECK): Permission denied The "/var/www/html/magento2/var/cache/mage--3/mage---a6b_EAV_ENTITY_ATTRIBUTES_CATALOG_PRODUCT_0_PRELOAD" file can't be deleted. Warning!unlink(/var/www/html/magento2/var/cache/mage--3/mage---a6b_EAV_ENTITY_ATTRIBUTES_CATALOG_PRODUCT_0_PRELOAD): Permission denied The "/var/www/html/magento2/var/cache/mage--3/mage---a6b_BLOCK_AA0D1879257E4BF454FAF87F1169A1BB7943FAFC" file can't be deleted. Warning!unlink(/var/www/html/magento2/var/cache/mage--3/mage---a6b_BLOCK_AA0D1879257E4BF454FAF87F1169A1BB7943FAFC): Permission denied The "/var/www/html/magento2/var/cache/mage--3/mage---a6b_PRODUCT_OPTIONS_CONFIG" file can't be deleted. Warning!unlink(/var/www/html/magento2/var/cache/mage--3/mage---a6b_PRODUCT_OPTIONS_CONFIG): Permission denied The "/var/www/html/magento2/var/cache/mage--3/mage---a6b_DB_PDO_MYSQL_DDL_ADMIN_USER_SESSION_1" file can't be deleted. Warning!unlink(/var/www/html/magento2/var/cache/mage--3/mage---a6b_DB_PDO_MYSQL_DDL_ADMIN_USER_SESSION_1): Permission denied The "/var/www/html/magento2/var/cache/mage--3/mage---a6b_SYSTEM_WEBSITES_0" file can't be deleted. Warning!unlink(/var/www/html/magento2/var/cache/mage--3/mage---a6b_SYSTEM_WEBSITES_0): Permission denied The "/var/www/html/magento2/var/cache/mage--3/mage---a6b_CRON_GROUPS_CONFIG_CACHE" file can't be deleted. Warning!unlink(/var/www/html/magento2/var/cache/mage--3/mage---a6b_CRON_GROUPS_CONFIG_CACHE): Permission denied The "/var/www/html/magento2/var/cache/mage--3/mage---a6b_PRODUCT_LISTING_SORT_BY_ATTRIBUTES4_1" file can't be deleted. Warning!unlink(/var/www/html/magento2/var/cache/mage--3/mage---a6b_PRODUCT_LISTING_SORT_BY_ATTRIBUTES4_1): Permission denied The "/var/www/html/magento2/var/cache/mage--3/mage---a6b_TRANSLATE_EN_US_ADMINHTML_ADMIN_MAGENTO_BACKEND_MAGENTO_UI" file can't be deleted. Warning!unlink(/var/www/html/magento2/var/cache/mage--3/mage---a6b_TRANSLATE_EN_US_ADMINHTML_ADMIN_MAGENTO_BACKEND_MAGENTO_UI): Permission denied The "/var/www/html/magento2/var/cache/mage--3/mage---a6b_ADMINHTML__EVENT_CONFIG_CACHE" file can't be deleted. Warning!unlink(/var/www/html/magento2/var/cache/mage--3/mage---a6b_ADMINHTML__EVENT_CONFIG_CACHE): Permission denied The "/var/www/html/magento2/var/cache/mage--3/mage---a6b_DB_IS_UP_TO_DATE" file can't be deleted. Warning!unlink(/var/www/html/magento2/var/cache/mage--3/mage---a6b_DB_IS_UP_TO_DATE): Permission denied The "/var/www/html/magento2/var/cache/mage--9/mage---a6b_BLOCK_1E8063C8FFF012C635DF25315E0C93DB85C4A806" file can't be deleted. Warning!unlink(/var/www/html/magento2/var/cache/mage--9/mage---a6b_BLOCK_1E8063C8FFF012C635DF25315E0C93DB85C4A806): Permission denied The "/var/www/html/magento2/var/cache/mage--9/mage---a6b_STRUCTURE_LAYOUT_ADMINHTML_STORE1_297367C484975343FEA5D20830D4FB758" file can't be deleted. Warning!unlink(/var/www/html/magento2/var/cache/mage--9/mage---a6b_STRUCTURE_LAYOUT_ADMINHTML_STORE1_297367C484975343FEA5D20830D4FB758): Permission denied The "/var/www/html/magento2/var/cache/mage--9/mage---a6b_FRONTEND__EVENT_CONFIG_CACHE" file can't be deleted. Warning!unlink(/var/www/html/magento2/var/cache/mage--9/mage---a6b_FRONTEND__EVENT_CONFIG_CACHE): Permission denied The "/var/www/html/magento2/var/cache/mage--9/mage---a6b_LAYOUT_ADMINHTML_STORE1_297367C484975343FEA5D20830D4FB758_PAGE_LAYOUT_MERGED" file can't be deleted. Warning!unlink(/var/www/html/magento2/var/cache/mage--9/mage---a6b_LAYOUT_ADMINHTML_STORE1_297367C484975343FEA5D20830D4FB758_PAGE_LAYOUT_MERGED): Permission denied The "/var/www/html/magento2/var/cache/mage--9/mage---a6b_UI_COMPONENT_CONFIGURATION_DATA_NOTIFICATION_AREA" file can't be deleted. Warning!unlink(/var/www/html/magento2/var/cache/mage--9/mage---a6b_UI_COMPONENT_CONFIGURATION_DATA_NOTIFICATION_AREA): Permission denied The "/var/www/html/magento2/var/cache/mage--9/mage---a6b_DB_PDO_MYSQL_DDL_SALES_ORDER_1" file can't be deleted. Warning!unlink(/var/www/html/magento2/var/cache/mage--9/mage---a6b_DB_PDO_MYSQL_DDL_SALES_ORDER_1): Permission denied The "/var/www/html/magento2/var/cache/mage--9/mage---a6b_BLOCK_CA2D04F236756BAF985ADFB6B192354441B4BC96" file can't be deleted. Warning!unlink(/var/www/html/magento2/var/cache/mage--9/mage---a6b_BLOCK_CA2D04F236756BAF985ADFB6B192354441B4BC96): Permission denied The "/var/www/html/magento2/var/cache/mage--9/mage---a6b_DB_PDO_MYSQL_DDL_CATALOG_CATEGORY_ENTITY_3" file can't be deleted. Warning!unlink(/var/www/html/magento2/var/cache/mage--9/mage---a6b_DB_PDO_MYSQL_DDL_CATALOG_CATEGORY_ENTITY_3): Permission denied The "/var/www/html/magento2/var/cache/mage--9/mage---a6b_LAYOUT_ADMINHTML_STORE1_2" file can't be deleted. Warning!unlink(/var/www/html/magento2/var/cache/mage--9/mage---a6b_LAYOUT_ADMINHTML_STORE1_2): Permission denied The "/var/www/html/magento2/var/cache/mage--9/mage---a6b_GLOBAL__RESOURCESCACHE" file can't be deleted. Warning!unlink(/var/www/html/magento2/var/cache/mage--9/mage---a6b_GLOBAL__RESOURCESCACHE): Permission denied The "/var/www/html/magento2/var/cache/mage--9/mage---a6b_SYSTEM_STORES_DEFAULT" file can't be deleted. Warning!unlink(/var/www/html/magento2/var/cache/mage--9/mage---a6b_SYSTEM_STORES_DEFAULT): Permission denied The "/var/www/html/magento2/var/cache/mage--9/mage---a6b_SYSTEM_STORES_2" file can't be deleted. Warning!unlink(/var/www/html/magento2/var/cache/mage--9/mage---a6b_SYSTEM_STORES_2): Permission denied The "/var/www/html/magento2/var/cache/mage--9/mage---a6b_STRUCTURE_LAYOUT_FRONTEND_STORE1_36F1B068EC7CCF4878F9284DD1137AFD1" file can't be deleted. Warning!unlink(/var/www/html/magento2/var/cache/mage--9/mage---a6b_STRUCTURE_LAYOUT_FRONTEND_STORE1_36F1B068EC7CCF4878F9284DD1137AFD1): Permission denied The "/var/www/html/magento2/var/cache/mage--9/mage---a6b_UI_COMPONENT_CONFIGURATION_DATA_ADMIN_USAGE_NOTIFICATION" file can't be deleted. Warning!unlink(/var/www/html/magento2/var/cache/mage--9/mage---a6b_UI_COMPONENT_CONFIGURATION_DATA_ADMIN_USAGE_NOTIFICATION): Permission denied The "/var/www/html/magento2/var/cache/mage--e/mage---a6b_FRONTEND__CSP_WHITELIST_CONFIG" file can't be deleted. Warning!unlink(/var/www/html/magento2/var/cache/mage--e/mage---a6b_FRONTEND__CSP_WHITELIST_CONFIG): Permission denied The "/var/www/html/magento2/var/cache/mage--e/mage---a6b_SYSTEM_WEBSITES_1" file can't be deleted. Warning!unlink(/var/www/html/magento2/var/cache/mage--e/mage---a6b_SYSTEM_WEBSITES_1): Permission denied The "/var/www/html/magento2/var/cache/mage--e/mage---a6b_ADMINHTML__CSP_WHITELIST_CONFIG" file can't be deleted. Warning!unlink(/var/www/html/magento2/var/cache/mage--e/mage---a6b_ADMINHTML__CSP_WHITELIST_CONFIG): Permission denied The "/var/www/html/magento2/var/cache/mage--e/mage---a6b_SYSTEM_STORES_0" file can't be deleted. Warning!unlink(/var/www/html/magento2/var/cache/mage--e/mage---a6b_SYSTEM_STORES_0): Permission denied The "/var/www/html/magento2/var/cache/mage--2/mage---a6b_UI_COMPONENT_CONFIGURATION_DATA_SALES_ORDER_GRID" file can't be deleted. Warning!unlink(/var/www/html/magento2/var/cache/mage--2/mage---a6b_UI_COMPONENT_CONFIGURATION_DATA_SALES_ORDER_GRID): Permission denied The "/var/www/html/magento2/var/cache/mage--2/mage---a6b_EAV_ENTITY_ATTRIBUTES_3_1_3" file can't be deleted. Warning!unlink(/var/www/html/magento2/var/cache/mage--2/mage---a6b_EAV_ENTITY_ATTRIBUTES_3_1_3): Permission denied The "/var/www/html/magento2/var/cache/mage--2/mage---a6b_SYSTEM_WEBSITES_BASE" file can't be deleted. Warning!unlink(/var/www/html/magento2/var/cache/mage--2/mage---a6b_SYSTEM_WEBSITES_BASE): Permission denied The "/var/www/html/magento2/var/cache/mage--2/mage---a6b_THEME_BY_ID_1" file can't be deleted. Warning!unlink(/var/www/html/magento2/var/cache/mage--2/mage---a6b_THEME_BY_ID_1): Permission denied The "/var/www/html/magento2/var/cache/mage--2/mage---a6b_LAYOUT_FRONTEND_STORE1_3A7CCD8094436548B564A588F6303121C_PAGE_LAYOUT_MERGED" file can't be deleted. Warning!unlink(/var/www/html/magento2/var/cache/mage--2/mage---a6b_LAYOUT_FRONTEND_STORE1_3A7CCD8094436548B564A588F6303121C_PAGE_LAYOUT_MERGED): Permission denied The "/var/www/html/magento2/var/cache/mage--2/mage---a6b_STRUCTURE_LAYOUT_FRONTEND_STORE1_33D71BA78AE960DA8A09926256277F03D" file can't be deleted. Warning!unlink(/var/www/html/magento2/var/cache/mage--2/mage---a6b_STRUCTURE_LAYOUT_FRONTEND_STORE1_33D71BA78AE960DA8A09926256277F03D): Permission denied The "/var/www/html/magento2/var/cache/mage--2/mage---a6b_BLOCK_5F01CBE2D6FA2C9E67F34D317B8520D5CFECF2B0_5_FINAL_PRICE_LIST_CATEGORY_PAGE_USD_20240518_1_0_" file can't be deleted. Warning!unlink(/var/www/html/magento2/var/cache/mage--2/mage---a6b_BLOCK_5F01CBE2D6FA2C9E67F34D317B8520D5CFECF2B0_5_FINAL_PRICE_LIST_CATEGORY_PAGE_USD_20240518_1_0_): Permission denied The "/var/www/html/magento2/var/cache/mage--2/mage---a6b_LAYOUT_ADMINHTML_STORE1_2D41D8CD98F00B204E9800998ECF8427E_PAGE_LAYOUT_MERGED" file can't be deleted. Warning!unlink(/var/www/html/magento2/var/cache/mage--2/mage---a6b_LAYOUT_ADMINHTML_STORE1_2D41D8CD98F00B204E9800998ECF8427E_PAGE_LAYOUT_MERGED): Permission denied The "/var/www/html/magento2/var/cache/mage--2/mage---a6b_LAYOUT_ADMINHTML_STORE1_2CF9AB1B1723BEDC1DCD665A812B00335_PAGE_LAYOUT_MERGED" file can't be deleted. Warning!unlink(/var/www/html/magento2/var/cache/mage--2/mage---a6b_LAYOUT_ADMINHTML_STORE1_2CF9AB1B1723BEDC1DCD665A812B00335_PAGE_LAYOUT_MERGED): Permission denied The "/var/www/html/magento2/var/cache/mage--7/mage---a6b_GLOBAL__EVENT_CONFIG_CACHE" file can't be deleted. Warning!unlink(/var/www/html/magento2/var/cache/mage--7/mage---a6b_GLOBAL__EVENT_CONFIG_CACHE): Permission denied The "/var/www/html/magento2/var/cache/mage--7/mage---a6b_DB_PDO_MYSQL_DDL_THEME_1" file can't be deleted. Warning!unlink(/var/www/html/magento2/var/cache/mage--7/mage---a6b_DB_PDO_MYSQL_DDL_THEME_1): Permission denied The "/var/www/html/magento2/var/cache/mage--7/mage---a6b_GLOBAL__CSP_WHITELIST_CONFIG" file can't be deleted. Warning!unlink(/var/www/html/magento2/var/cache/mage--7/mage---a6b_GLOBAL__CSP_WHITELIST_CONFIG): Permission denied The "/var/www/html/magento2/var/cache/mage--7/mage---a6b_TRANSLATE_EN_US_FRONTEND_DEFAULT_MAGENTO_LUMA_" file can't be deleted. Warning!unlink(/var/www/html/magento2/var/cache/mage--7/mage---a6b_TRANSLATE_EN_US_FRONTEND_DEFAULT_MAGENTO_LUMA_): Permission denied The "/var/www/html/magento2/var/cache/mage--7/mage---a6b_LAYOUT_FRONTEND_STORE1_33D71BA78AE960DA8A09926256277F03D_PAGE_LAYOUT_MERGED" file can't be deleted. Warning!unlink(/var/www/html/magento2/var/cache/mage--7/mage---a6b_LAYOUT_FRONTEND_STORE1_33D71BA78AE960DA8A09926256277F03D_PAGE_LAYOUT_MERGED): Permission denied The "/var/www/html/magento2/var/cache/mage--f/mage---a6b_EXTENSION_ATTRIBUTES_CONFIG" file can't be deleted. Warning!unlink(/var/www/html/magento2/var/cache/mage--f/mage---a6b_EXTENSION_ATTRIBUTES_CONFIG): Permission denied The "/var/www/html/magento2/var/cache/mage--f/mage---a6b_FRONTEND__RESOURCESCACHE" file can't be deleted. Warning!unlink(/var/www/html/magento2/var/cache/mage--f/mage---a6b_FRONTEND__RESOURCESCACHE): Permission denied The "/var/www/html/magento2/var/cache/mage--f/mage---a6b_BLOCK_422AB2B4F081F4B226BE37D9ED498E98CF44371D" file can't be deleted. Warning!unlink(/var/www/html/magento2/var/cache/mage--f/mage---a6b_BLOCK_422AB2B4F081F4B226BE37D9ED498E98CF44371D): Permission denied The "/var/www/html/magento2/var/cache/mage--f/mage---a6b_BLOCK_9A6A414B51F5233B683AE8E0539BBDAFD756E2C0" file can't be deleted. Warning!unlink(/var/www/html/magento2/var/cache/mage--f/mage---a6b_BLOCK_9A6A414B51F5233B683AE8E0539BBDAFD756E2C0): Permission denied The "/var/www/html/magento2/var/cache/mage--f/mage---a6b_LAYOUT_ADMINHTML_STORE1_291FCCD54DA687AFC76A5D6559B714906_PAGE_LAYOUT_MERGED" file can't be deleted. Warning!unlink(/var/www/html/magento2/var/cache/mage--f/mage---a6b_LAYOUT_ADMINHTML_STORE1_291FCCD54DA687AFC76A5D6559B714906_PAGE_LAYOUT_MERGED): Permission denied The "/var/www/html/magento2/var/cache/mage--f/mage---a6b_SYSTEM_DEFAULT" file can't be deleted. Warning!unlink(/var/www/html/magento2/var/cache/mage--f/mage---a6b_SYSTEM_DEFAULT): Permission denied The "/var/www/html/magento2/var/cache/mage--f/mage---a6b_THEMEADMINHTML_MAGENTO_BACKEND" file can't be deleted. Warning!unlink(/var/www/html/magento2/var/cache/mage--f/mage---a6b_THEMEADMINHTML_MAGENTO_BACKEND): Permission denied The "/var/www/html/magento2/var/cache/mage--f/mage---a6b_LAYOUT_ADMINHTML_STORE1_2PAGE_LAYOUT" file can't be deleted. Warning!unlink(/var/www/html/magento2/var/cache/mage--f/mage---a6b_LAYOUT_ADMINHTML_STORE1_2PAGE_LAYOUT): Permission denied The "/var/www/html/magento2/var/cache/mage--f/mage---a6b_ADMINHTML__CONFIG_CACHE" file can't be deleted. Warning!unlink(/var/www/html/magento2/var/cache/mage--f/mage---a6b_ADMINHTML__CONFIG_CACHE): Permission denied The "/var/www/html/magento2/var/cache/mage--c/mage---a6b_SYSTEM_SCOPES" file can't be deleted. Warning!unlink(/var/www/html/magento2/var/cache/mage--c/mage---a6b_SYSTEM_SCOPES): Permission denied The "/var/www/html/magento2/var/cache/mage--c/mage---a6b_DB_PDO_MYSQL_DDL_SETUP_MODULE_5" file can't be deleted. Warning!unlink(/var/www/html/magento2/var/cache/mage--c/mage---a6b_DB_PDO_MYSQL_DDL_SETUP_MODULE_5): Permission denied The "/var/www/html/magento2/var/cache/mage--c/mage---a6b_ADMINHTML__ROUTESCONFIG" file can't be deleted. Warning!unlink(/var/www/html/magento2/var/cache/mage--c/mage---a6b_ADMINHTML__ROUTESCONFIG): Permission denied The "/var/www/html/magento2/var/cache/mage--c/mage---a6b_RELEASE_NOTIFICATION_CONTENT_2__4__6_COMMUNITY_EN_US" file can't be deleted. Warning!unlink(/var/www/html/magento2/var/cache/mage--c/mage---a6b_RELEASE_NOTIFICATION_CONTENT_2__4__6_COMMUNITY_EN_US): Permission denied The "/var/www/html/magento2/var/cache/mage--c/mage---a6b_AUTHORIZATION_RULE_CACHED_DATA" file can't be deleted. Warning!unlink(/var/www/html/magento2/var/cache/mage--c/mage---a6b_AUTHORIZATION_RULE_CACHED_DATA): Permission denied The "/var/www/html/magento2/var/cache/mage--c/mage---a6b_UI_COMPONENT_CONFIGURATION_DATA_RELEASE_NOTIFICATION" file can't be deleted. Warning!unlink(/var/www/html/magento2/var/cache/mage--c/mage---a6b_UI_COMPONENT_CONFIGURATION_DATA_RELEASE_NOTIFICATION): Permission denied The "/var/www/html/magento2/var/cache/mage--0/mage---a6b_BLOCK_5111BDFC99718462F930F1EA62B3F5F314B7B506" file can't be deleted. Warning!unlink(/var/www/html/magento2/var/cache/mage--0/mage---a6b_BLOCK_5111BDFC99718462F930F1EA62B3F5F314B7B506): Permission denied The "/var/www/html/magento2/var/cache/mage--0/mage---a6b_INDEXER_CONFIG" file can't be deleted. Warning!unlink(/var/www/html/magento2/var/cache/mage--0/mage---a6b_INDEXER_CONFIG): Permission denied The "/var/www/html/magento2/var/cache/mage--0/mage---a6b_DB_PDO_MYSQL_DDL_CATALOG_PRODUCT_ENTITY_3" file can't be deleted. Warning!unlink(/var/www/html/magento2/var/cache/mage--0/mage---a6b_DB_PDO_MYSQL_DDL_CATALOG_PRODUCT_ENTITY_3): Permission denied The "/var/www/html/magento2/var/cache/mage--0/mage---a6b_RESOLVED_STORES_D1BEFA03C79CA0B84ECC488DEA96BC68" file can't be deleted. Warning!unlink(/var/www/html/magento2/var/cache/mage--0/mage---a6b_RESOLVED_STORES_D1BEFA03C79CA0B84ECC488DEA96BC68): Permission denied The "/var/www/html/magento2/var/cache/mage--0/mage---a6b_DB_PDO_MYSQL_DDL_CATALOG_PRODUCT_ENTITY_1" file can't be deleted. Warning!unlink(/var/www/html/magento2/var/cache/mage--0/mage---a6b_DB_PDO_MYSQL_DDL_CATALOG_PRODUCT_ENTITY_1): Permission denied The "/var/www/html/magento2/var/cache/mage--0/mage---a6b_LAYOUT_FRONTEND_STORE1_3" file can't be deleted. Warning!unlink(/var/www/html/magento2/var/cache/mage--0/mage---a6b_LAYOUT_FRONTEND_STORE1_3): Permission denied The "/var/www/html/magento2/var/cache/mage--a/mage---a6b_STRUCTURE_LAYOUT_ADMINHTML_STORE1_26F1B068EC7CCF4878F9284DD1137AFD1" file can't be deleted. Warning!unlink(/var/www/html/magento2/var/cache/mage--a/mage---a6b_STRUCTURE_LAYOUT_ADMINHTML_STORE1_26F1B068EC7CCF4878F9284DD1137AFD1): Permission denied The "/var/www/html/magento2/var/cache/mage--a/mage---a6b_APP_ACTION_LIST" file can't be deleted. Warning!unlink(/var/www/html/magento2/var/cache/mage--a/mage---a6b_APP_ACTION_LIST): Permission denied The "/var/www/html/magento2/var/cache/mage--a/mage---a6b_APP_35C0BF370AE35F8C482DC31B8A81FC2F" file can't be deleted. Warning!unlink(/var/www/html/magento2/var/cache/mage--a/mage---a6b_APP_35C0BF370AE35F8C482DC31B8A81FC2F): Permission denied The "/var/www/html/magento2/var/cache/mage--a/mage---a6b_UI_COMPONENT_TEMPLATES" file can't be deleted. Warning!unlink(/var/www/html/magento2/var/cache/mage--a/mage---a6b_UI_COMPONENT_TEMPLATES): Permission denied The "/var/www/html/magento2/var/cache/mage--8/mage---a6b_APP_CE79F7EF764E9F981C8549B9DBEC468F" file can't be deleted. Warning!unlink(/var/www/html/magento2/var/cache/mage--8/mage---a6b_APP_CE79F7EF764E9F981C8549B9DBEC468F): Permission denied The "/var/www/html/magento2/var/cache/mage--8/mage---a6b_MAGE_VERSION" file can't be deleted. Warning!unlink(/var/www/html/magento2/var/cache/mage--8/mage---a6b_MAGE_VERSION): Permission denied The "/var/www/html/magento2/var/cache/mage--8/mage---a6b_TRANSLATE_EN_US_ADMINHTML_ADMIN_MAGENTO_BACKEND_MAGENTO_SALES" file can't be deleted. Warning!unlink(/var/www/html/magento2/var/cache/mage--8/mage---a6b_TRANSLATE_EN_US_ADMINHTML_ADMIN_MAGENTO_BACKEND_MAGENTO_SALES): Permission denied The "/var/www/html/magento2/var/cache/mage--8/mage---a6b_SYSTEM_STORES_3" file can't be deleted. Warning!unlink(/var/www/html/magento2/var/cache/mage--8/mage---a6b_SYSTEM_STORES_3): Permission denied The "/var/www/html/magento2/var/cache/mage--8/mage---a6b_THEME_BY_ID_3" file can't be deleted. Warning!unlink(/var/www/html/magento2/var/cache/mage--8/mage---a6b_THEME_BY_ID_3): Permission denied The "/var/www/html/magento2/var/cache/mage--8/mage---a6b_BLOCK_5F01CBE2D6FA2C9E67F34D317B8520D5CFECF2B0_6_FINAL_PRICE_LIST_CATEGORY_PAGE_USD_20240518_1_0_" file can't be deleted. Warning!unlink(/var/www/html/magento2/var/cache/mage--8/mage---a6b_BLOCK_5F01CBE2D6FA2C9E67F34D317B8520D5CFECF2B0_6_FINAL_PRICE_LIST_CATEGORY_PAGE_USD_20240518_1_0_): Permission denied The "/var/www/html/magento2/var/cache/mage--b/mage---a6b_STRUCTURE_LAYOUT_ADMINHTML_STORE1_2FC0CB3B6ECD73A6664D7093459BE0538" file can't be deleted. Warning!unlink(/var/www/html/magento2/var/cache/mage--b/mage---a6b_STRUCTURE_LAYOUT_ADMINHTML_STORE1_2FC0CB3B6ECD73A6664D7093459BE0538): Permission denied The "/var/www/html/magento2/var/cache/mage--b/mage---a6b_TRANSLATE_EN_US_ADMINHTML_ADMIN_MAGENTO_BACKEND_MAGENTO_BACKEND" file can't be deleted. Warning!unlink(/var/www/html/magento2/var/cache/mage--b/mage---a6b_TRANSLATE_EN_US_ADMINHTML_ADMIN_MAGENTO_BACKEND_MAGENTO_BACKEND): Permission denied The "/var/www/html/magento2/var/cache/mage--b/mage---a6b_BLOCK_5F01CBE2D6FA2C9E67F34D317B8520D5CFECF2B0_4_FINAL_PRICE_LIST_CATEGORY_PAGE_USD_20240518_1_0_" file can't be deleted. Warning!unlink(/var/www/html/magento2/var/cache/mage--b/mage---a6b_BLOCK_5F01CBE2D6FA2C9E67F34D317B8520D5CFECF2B0_4_FINAL_PRICE_LIST_CATEGORY_PAGE_USD_20240518_1_0_): Permission denied The "/var/www/html/magento2/var/cache/mage--b/mage---a6b_AUTHORIZATION_ROLE_CACHED_DATA" file can't be deleted. Warning!unlink(/var/www/html/magento2/var/cache/mage--b/mage---a6b_AUTHORIZATION_ROLE_CACHED_DATA): Permission denied The "/var/www/html/magento2/var/cache/mage--b/mage---a6b_RELEASE_NOTIFICATION_POPUP_1" file can't be deleted. Warning!unlink(/var/www/html/magento2/var/cache/mage--b/mage---a6b_RELEASE_NOTIFICATION_POPUP_1): Permission denied The "/var/www/html/magento2/var/cache/mage--b/mage---a6b_TRANSLATE_EN_US_ADMINHTML_ADMIN_MAGENTO_BACKEND_" file can't be deleted. Warning!unlink(/var/www/html/magento2/var/cache/mage--b/mage---a6b_TRANSLATE_EN_US_ADMINHTML_ADMIN_MAGENTO_BACKEND_): Permission denied The "/var/www/html/magento2/var/cache/mage--b/mage---a6b_ATTRIBUTE_NAVIGATION_OPTION_COLOR_1" file can't be deleted. Warning!unlink(/var/www/html/magento2/var/cache/mage--b/mage---a6b_ATTRIBUTE_NAVIGATION_OPTION_COLOR_1): Permission denied The "/var/www/html/magento2/var/cache/mage--b/mage---a6b_PAYMENT_CONFIG" file can't be deleted. Warning!unlink(/var/www/html/magento2/var/cache/mage--b/mage---a6b_PAYMENT_CONFIG): Permission denied The "/var/www/html/magento2/var/cache/mage--4/mage---a6b_ATTRIBUTE_NAVIGATION_OPTION_MANUFACTURER_1" file can't be deleted. Warning!unlink(/var/www/html/magento2/var/cache/mage--4/mage---a6b_ATTRIBUTE_NAVIGATION_OPTION_MANUFACTURER_1): Permission denied The "/var/www/html/magento2/var/cache/mage--4/mage---a6b_ADDRESS_FORMAT" file can't be deleted. Warning!unlink(/var/www/html/magento2/var/cache/mage--4/mage---a6b_ADDRESS_FORMAT): Permission denied The "/var/www/html/magento2/var/cache/mage--4/mage---a6b_STRUCTURE_LAYOUT_ADMINHTML_STORE1_291FCCD54DA687AFC76A5D6559B714906" file can't be deleted. Warning!unlink(/var/www/html/magento2/var/cache/mage--4/mage---a6b_STRUCTURE_LAYOUT_ADMINHTML_STORE1_291FCCD54DA687AFC76A5D6559B714906): Permission denied The "/var/www/html/magento2/var/cache/mage--4/mage---a6b_ELASTICSEARCH_INDEX_CONFIG" file can't be deleted. Warning!unlink(/var/www/html/magento2/var/cache/mage--4/mage---a6b_ELASTICSEARCH_INDEX_CONFIG): Permission denied The "/var/www/html/magento2/var/cache/mage--4/mage---a6b_PRODUCT_TYPES_CONFIG" file can't be deleted. Warning!unlink(/var/www/html/magento2/var/cache/mage--4/mage---a6b_PRODUCT_TYPES_CONFIG): Permission denied The "/var/www/html/magento2/var/cache/mage--4/mage---a6b_ADMIN_USAGE_NOTIFICATION_POPUP" file can't be deleted. Warning!unlink(/var/www/html/magento2/var/cache/mage--4/mage---a6b_ADMIN_USAGE_NOTIFICATION_POPUP): Permission denied The "/var/www/html/magento2/var/cache/mage--4/mage---a6b_PRODUCT_LISTING_ATTRIBUTES4_1" file can't be deleted. Warning!unlink(/var/www/html/magento2/var/cache/mage--4/mage---a6b_PRODUCT_LISTING_ATTRIBUTES4_1): Permission denied The "/var/www/html/magento2/var/cache/mage--4/mage---a6b_BLOCK_3D02A9C6039C035B9A3C11D11BC2715C9929C9DA" file can't be deleted. Warning!unlink(/var/www/html/magento2/var/cache/mage--4/mage---a6b_BLOCK_3D02A9C6039C035B9A3C11D11BC2715C9929C9DA): Permission denied The "/var/www/html/magento2/var/cache/mage--4/mage---a6b_LAYOUT_ADMINHTML_STORE1_2FC0CB3B6ECD73A6664D7093459BE0538_PAGE_LAYOUT_MERGED" file can't be deleted. Warning!unlink(/var/www/html/magento2/var/cache/mage--4/mage---a6b_LAYOUT_ADMINHTML_STORE1_2FC0CB3B6ECD73A6664D7093459BE0538_PAGE_LAYOUT_MERGED): Permission denied The "/var/www/html/magento2/var/cache/mage--d/mage---a6b_LAYOUT_FRONTEND_STORE1_36F1B068EC7CCF4878F9284DD1137AFD1_PAGE_LAYOUT_MERGED" file can't be deleted. Warning!unlink(/var/www/html/magento2/var/cache/mage--d/mage---a6b_LAYOUT_FRONTEND_STORE1_36F1B068EC7CCF4878F9284DD1137AFD1_PAGE_LAYOUT_MERGED): Permission denied The "/var/www/html/magento2/var/cache/mage--d/mage---a6b_EAV_ENTITY_TYPES" file can't be deleted. Warning!unlink(/var/www/html/magento2/var/cache/mage--d/mage---a6b_EAV_ENTITY_TYPES): Permission denied The "/var/www/html/magento2/var/cache/mage--d/mage---a6b_SYSTEM" file can't be deleted. Warning!unlink(/var/www/html/magento2/var/cache/mage--d/mage---a6b_SYSTEM): Permission denied The "/var/www/html/magento2/var/cache/mage--d/mage---a6b_FRONTEND__ROUTESCONFIG" file can't be deleted. Warning!unlink(/var/www/html/magento2/var/cache/mage--d/mage---a6b_FRONTEND__ROUTESCONFIG): Permission denied The "/var/www/html/magento2/var/cache/mage--d/mage---a6b_BLOCK_5F01CBE2D6FA2C9E67F34D317B8520D5CFECF2B0_1_FINAL_PRICE_LIST_CATEGORY_PAGE_USD_20240518_1_0_" file can't be deleted. Warning!unlink(/var/www/html/magento2/var/cache/mage--d/mage---a6b_BLOCK_5F01CBE2D6FA2C9E67F34D317B8520D5CFECF2B0_1_FINAL_PRICE_LIST_CATEGORY_PAGE_USD_20240518_1_0_): Permission denied The "/var/www/html/magento2/var/cache/mage--d/mage---a6b_SYSTEM_STORES_1" file can't be deleted. Warning!unlink(/var/www/html/magento2/var/cache/mage--d/mage---a6b_SYSTEM_STORES_1): Permission denied The "/var/www/html/magento2/var/cache/mage--d/mage---a6b_REQUEST_DECLARATION" file can't be deleted. Warning!unlink(/var/www/html/magento2/var/cache/mage--d/mage---a6b_REQUEST_DECLARATION): Permission denied The "/var/www/html/magento2/var/cache/mage--d/mage---a6b_STRUCTURE_LAYOUT_ADMINHTML_STORE1_2D41D8CD98F00B204E9800998ECF8427E" file can't be deleted. Warning!unlink(/var/www/html/magento2/var/cache/mage--d/mage---a6b_STRUCTURE_LAYOUT_ADMINHTML_STORE1_2D41D8CD98F00B204E9800998ECF8427E): Permission denied The "/var/www/html/magento2/var/cache/mage--d/mage---a6b_THEMEFRONTEND_MAGENTO_LUMA" file can't be deleted. Warning!unlink(/var/www/html/magento2/var/cache/mage--d/mage---a6b_THEMEFRONTEND_MAGENTO_LUMA): Permission denied The "/var/www/html/magento2/var/cache/mage--d/mage---a6b_APP_108B5EBA5ECACA9F6E9F88D4CD04D6E0" file can't be deleted. Warning!unlink(/var/www/html/magento2/var/cache/mage--d/mage---a6b_APP_108B5EBA5ECACA9F6E9F88D4CD04D6E0): Permission denied The "/var/www/html/magento2/var/cache/mage--d/mage---a6b_THEMEFRONTEND_MAGENTO_BLANK" file can't be deleted. Warning!unlink(/var/www/html/magento2/var/cache/mage--d/mage---a6b_THEMEFRONTEND_MAGENTO_BLANK): Permission denied The "/var/www/html/magento2/var/cache/mage--d/mage---a6b_DESIGN_CHANGE_258923703CD9BE8928F56EECA69F23DA" file can't be deleted. Warning!unlink(/var/www/html/magento2/var/cache/mage--d/mage---a6b_DESIGN_CHANGE_258923703CD9BE8928F56EECA69F23DA): Permission denied The "/var/www/html/magento2/var/cache/mage--1/mage---a6b_ASSIGNED_ROLE_1" file can't be deleted. Warning!unlink(/var/www/html/magento2/var/cache/mage--1/mage---a6b_ASSIGNED_ROLE_1): Permission denied The "/var/www/html/magento2/var/cache/mage--1/mage---a6b_LAYOUT_ADMINHTML_STORE1_26F1B068EC7CCF4878F9284DD1137AFD1_PAGE_LAYOUT_MERGED" file can't be deleted. Warning!unlink(/var/www/html/magento2/var/cache/mage--1/mage---a6b_LAYOUT_ADMINHTML_STORE1_26F1B068EC7CCF4878F9284DD1137AFD1_PAGE_LAYOUT_MERGED): Permission denied The "/var/www/html/magento2/var/cache/mage--1/mage---a6b_CONFIGURATION_FILES_ACCESS_LEVEL_VERIFICATION" file can't be deleted. Warning!unlink(/var/www/html/magento2/var/cache/mage--1/mage---a6b_CONFIGURATION_FILES_ACCESS_LEVEL_VERIFICATION): Permission denied The "/var/www/html/magento2/var/cache/mage--1/mage---a6b_BACKEND_MENU_OBJECT" file can't be deleted. Warning!unlink(/var/www/html/magento2/var/cache/mage--1/mage---a6b_BACKEND_MENU_OBJECT): Permission denied The "/var/www/html/magento2/var/cache/mage--1/mage---a6b_UI_COMPONENT_CONFIGURATION_DEFINITION_DATA" file can't be deleted. Warning!unlink(/var/www/html/magento2/var/cache/mage--1/mage---a6b_UI_COMPONENT_CONFIGURATION_DEFINITION_DATA): Permission denied The "/var/www/html/magento2/var/cache/mage--1/mage---a6b_SECTIONS_INVALIDATION_CONFIG" file can't be deleted. Warning!unlink(/var/www/html/magento2/var/cache/mage--1/mage---a6b_SECTIONS_INVALIDATION_CONFIG): Permission denied The "/var/www/html/magento2/var/cache/mage--1/mage---a6b_SYSTEM_STORES_ADMIN" file can't be deleted. Warning!unlink(/var/www/html/magento2/var/cache/mage--1/mage---a6b_SYSTEM_STORES_ADMIN): Permission denied The "/var/www/html/magento2/var/cache/mage--1/mage---a6b_DB_PDO_MYSQL_DDL_SALES_ORDER_STATUS_1" file can't be deleted. Warning!unlink(/var/www/html/magento2/var/cache/mage--1/mage---a6b_DB_PDO_MYSQL_DDL_SALES_ORDER_STATUS_1): Permission denied The "/var/www/html/magento2/var/cache/mage--6/mage---a6b_THEME_BY_ID_2" file can't be deleted. Warning!unlink(/var/www/html/magento2/var/cache/mage--6/mage---a6b_THEME_BY_ID_2): Permission denied The "/var/www/html/magento2/var/cache/mage--6/mage---a6b_GLOBAL__CONFIG_CACHE" file can't be deleted. Warning!unlink(/var/www/html/magento2/var/cache/mage--6/mage---a6b_GLOBAL__CONFIG_CACHE): Permission denied The "/var/www/html/magento2/var/cache/mage--6/mage---a6b_INITIAL_CONFIG" file can't be deleted. Warning!unlink(/var/www/html/magento2/var/cache/mage--6/mage---a6b_INITIAL_CONFIG): Permission denied The "/var/www/html/magento2/var/cache/mage--6/mage---a6b_APP_4169C5DEEEB8F84FEFBFAC574BE2769B" file can't be deleted. Warning!unlink(/var/www/html/magento2/var/cache/mage--6/mage---a6b_APP_4169C5DEEEB8F84FEFBFAC574BE2769B): Permission denied The "/var/www/html/magento2/var/cache/mage--6/mage---a6b_LAYOUT_FRONTEND_STORE1_3PAGE_LAYOUT" file can't be deleted. Warning!unlink(/var/www/html/magento2/var/cache/mage--6/mage---a6b_LAYOUT_FRONTEND_STORE1_3PAGE_LAYOUT): Permission denied The "/var/www/html/magento2/var/cache/mage--5/mage---a6b_DB_PDO_MYSQL_DDL_EAV_ATTRIBUTE_1" file can't be deleted. Warning!unlink(/var/www/html/magento2/var/cache/mage--5/mage---a6b_DB_PDO_MYSQL_DDL_EAV_ATTRIBUTE_1): Permission denied The "/var/www/html/magento2/var/cache/mage--5/mage---a6b_SYSTEM_STORES_FR" file can't be deleted. Warning!unlink(/var/www/html/magento2/var/cache/mage--5/mage---a6b_SYSTEM_STORES_FR): Permission denied The "/var/www/html/magento2/var/cache/mage--5/mage---a6b_SYSTEM_STORES_BE" file can't be deleted. Warning!unlink(/var/www/html/magento2/var/cache/mage--5/mage---a6b_SYSTEM_STORES_BE): Permission denied The "/var/www/html/magento2/var/cache/mage--5/mage---a6b_SYSTEM_WEBSITES_ADMIN" file can't be deleted. Warning!unlink(/var/www/html/magento2/var/cache/mage--5/mage---a6b_SYSTEM_WEBSITES_ADMIN): Permission denied The "/var/www/html/magento2/var/cache/mage--5/mage---a6b_ADMINHTML__RESOURCESCACHE" file can't be deleted. Warning!unlink(/var/www/html/magento2/var/cache/mage--5/mage---a6b_ADMINHTML__RESOURCESCACHE): Permission denied The "/var/www/html/magento2/var/cache/mage--5/mage---a6b_DB_PDO_MYSQL_DDL_SALES_ORDER_GRID_1" file can't be deleted. Warning!unlink(/var/www/html/magento2/var/cache/mage--5/mage---a6b_DB_PDO_MYSQL_DDL_SALES_ORDER_GRID_1): Permission denied The "/var/www/html/magento2/var/cache/mage--5/mage---a6b_PROVIDER_ACL_RESOURCES_CACHE" file can't be deleted. Warning!unlink(/var/www/html/magento2/var/cache/mage--5/mage---a6b_PROVIDER_ACL_RESOURCES_CACHE): Permission denied The "/var/www/html/magento2/var/cache/mage--3/mage---a6b_ADMIN_NOTIFICATIONS_LASTCHECK" file can't be deleted. Warning!unlink(/var/www/html/magento2/var/cache/mage--3/mage---a6b_ADMIN_NOTIFICATIONS_LASTCHECK): Permission denied The "/var/www/html/magento2/var/cache/mage--3/mage---a6b_EAV_ENTITY_ATTRIBUTES_CATALOG_PRODUCT_0_PRELOAD" file can't be deleted. Warning!unlink(/var/www/html/magento2/var/cache/mage--3/mage---a6b_EAV_ENTITY_ATTRIBUTES_CATALOG_PRODUCT_0_PRELOAD): Permission denied The "/var/www/html/magento2/var/cache/mage--3/mage---a6b_BLOCK_AA0D1879257E4BF454FAF87F1169A1BB7943FAFC" file can't be deleted. Warning!unlink(/var/www/html/magento2/var/cache/mage--3/mage---a6b_BLOCK_AA0D1879257E4BF454FAF87F1169A1BB7943FAFC): Permission denied The "/var/www/html/magento2/var/cache/mage--3/mage---a6b_PRODUCT_OPTIONS_CONFIG" file can't be deleted. Warning!unlink(/var/www/html/magento2/var/cache/mage--3/mage---a6b_PRODUCT_OPTIONS_CONFIG): Permission denied The "/var/www/html/magento2/var/cache/mage--3/mage---a6b_DB_PDO_MYSQL_DDL_ADMIN_USER_SESSION_1" file can't be deleted. Warning!unlink(/var/www/html/magento2/var/cache/mage--3/mage---a6b_DB_PDO_MYSQL_DDL_ADMIN_USER_SESSION_1): Permission denied The "/var/www/html/magento2/var/cache/mage--3/mage---a6b_SYSTEM_WEBSITES_0" file can't be deleted. Warning!unlink(/var/www/html/magento2/var/cache/mage--3/mage---a6b_SYSTEM_WEBSITES_0): Permission denied The "/var/www/html/magento2/var/cache/mage--3/mage---a6b_CRON_GROUPS_CONFIG_CACHE" file can't be deleted. Warning!unlink(/var/www/html/magento2/var/cache/mage--3/mage---a6b_CRON_GROUPS_CONFIG_CACHE): Permission denied The "/var/www/html/magento2/var/cache/mage--3/mage---a6b_PRODUCT_LISTING_SORT_BY_ATTRIBUTES4_1" file can't be deleted. Warning!unlink(/var/www/html/magento2/var/cache/mage--3/mage---a6b_PRODUCT_LISTING_SORT_BY_ATTRIBUTES4_1): Permission denied The "/var/www/html/magento2/var/cache/mage--3/mage---a6b_TRANSLATE_EN_US_ADMINHTML_ADMIN_MAGENTO_BACKEND_MAGENTO_UI" file can't be deleted. Warning!unlink(/var/www/html/magento2/var/cache/mage--3/mage---a6b_TRANSLATE_EN_US_ADMINHTML_ADMIN_MAGENTO_BACKEND_MAGENTO_UI): Permission denied The "/var/www/html/magento2/var/cache/mage--3/mage---a6b_ADMINHTML__EVENT_CONFIG_CACHE" file can't be deleted. Warning!unlink(/var/www/html/magento2/var/cache/mage--3/mage---a6b_ADMINHTML__EVENT_CONFIG_CACHE): Permission denied The "/var/www/html/magento2/var/cache/mage--3/mage---a6b_DB_IS_UP_TO_DATE" file can't be deleted. Warning!unlink(/var/www/html/magento2/var/cache/mage--3/mage---a6b_DB_IS_UP_TO_DATE): Permission denied The "/var/www/html/magento2/var/cache/mage--9/mage---a6b_BLOCK_1E8063C8FFF012C635DF25315E0C93DB85C4A806" file can't be deleted. Warning!unlink(/var/www/html/magento2/var/cache/mage--9/mage---a6b_BLOCK_1E8063C8FFF012C635DF25315E0C93DB85C4A806): Permission denied The "/var/www/html/magento2/var/cache/mage--9/mage---a6b_STRUCTURE_LAYOUT_ADMINHTML_STORE1_297367C484975343FEA5D20830D4FB758" file can't be deleted. Warning!unlink(/var/www/html/magento2/var/cache/mage--9/mage---a6b_STRUCTURE_LAYOUT_ADMINHTML_STORE1_297367C484975343FEA5D20830D4FB758): Permission denied The "/var/www/html/magento2/var/cache/mage--9/mage---a6b_FRONTEND__EVENT_CONFIG_CACHE" file can't be deleted. Warning!unlink(/var/www/html/magento2/var/cache/mage--9/mage---a6b_FRONTEND__EVENT_CONFIG_CACHE): Permission denied The "/var/www/html/magento2/var/cache/mage--9/mage---a6b_LAYOUT_ADMINHTML_STORE1_297367C484975343FEA5D20830D4FB758_PAGE_LAYOUT_MERGED" file can't be deleted. Warning!unlink(/var/www/html/magento2/var/cache/mage--9/mage---a6b_LAYOUT_ADMINHTML_STORE1_297367C484975343FEA5D20830D4FB758_PAGE_LAYOUT_MERGED): Permission denied The "/var/www/html/magento2/var/cache/mage--9/mage---a6b_UI_COMPONENT_CONFIGURATION_DATA_NOTIFICATION_AREA" file can't be deleted. Warning!unlink(/var/www/html/magento2/var/cache/mage--9/mage---a6b_UI_COMPONENT_CONFIGURATION_DATA_NOTIFICATION_AREA): Permission denied The "/var/www/html/magento2/var/cache/mage--9/mage---a6b_DB_PDO_MYSQL_DDL_SALES_ORDER_1" file can't be deleted. Warning!unlink(/var/www/html/magento2/var/cache/mage--9/mage---a6b_DB_PDO_MYSQL_DDL_SALES_ORDER_1): Permission denied The "/var/www/html/magento2/var/cache/mage--9/mage---a6b_BLOCK_CA2D04F236756BAF985ADFB6B192354441B4BC96" file can't be deleted. Warning!unlink(/var/www/html/magento2/var/cache/mage--9/mage---a6b_BLOCK_CA2D04F236756BAF985ADFB6B192354441B4BC96): Permission denied The "/var/www/html/magento2/var/cache/mage--9/mage---a6b_DB_PDO_MYSQL_DDL_CATALOG_CATEGORY_ENTITY_3" file can't be deleted. Warning!unlink(/var/www/html/magento2/var/cache/mage--9/mage---a6b_DB_PDO_MYSQL_DDL_CATALOG_CATEGORY_ENTITY_3): Permission denied The "/var/www/html/magento2/var/cache/mage--9/mage---a6b_LAYOUT_ADMINHTML_STORE1_2" file can't be deleted. Warning!unlink(/var/www/html/magento2/var/cache/mage--9/mage---a6b_LAYOUT_ADMINHTML_STORE1_2): Permission denied The "/var/www/html/magento2/var/cache/mage--9/mage---a6b_GLOBAL__RESOURCESCACHE" file can't be deleted. Warning!unlink(/var/www/html/magento2/var/cache/mage--9/mage---a6b_GLOBAL__RESOURCESCACHE): Permission denied The "/var/www/html/magento2/var/cache/mage--9/mage---a6b_SYSTEM_STORES_DEFAULT" file can't be deleted. Warning!unlink(/var/www/html/magento2/var/cache/mage--9/mage---a6b_SYSTEM_STORES_DEFAULT): Permission denied The "/var/www/html/magento2/var/cache/mage--9/mage---a6b_SYSTEM_STORES_2" file can't be deleted. Warning!unlink(/var/www/html/magento2/var/cache/mage--9/mage---a6b_SYSTEM_STORES_2): Permission denied The "/var/www/html/magento2/var/cache/mage--9/mage---a6b_STRUCTURE_LAYOUT_FRONTEND_STORE1_36F1B068EC7CCF4878F9284DD1137AFD1" file can't be deleted. Warning!unlink(/var/www/html/magento2/var/cache/mage--9/mage---a6b_STRUCTURE_LAYOUT_FRONTEND_STORE1_36F1B068EC7CCF4878F9284DD1137AFD1): Permission denied The "/var/www/html/magento2/var/cache/mage--9/mage---a6b_UI_COMPONENT_CONFIGURATION_DATA_ADMIN_USAGE_NOTIFICATION" file can't be deleted. Warning!unlink(/var/www/html/magento2/var/cache/mage--9/mage---a6b_UI_COMPONENT_CONFIGURATION_DATA_ADMIN_USAGE_NOTIFICATION): Permission denied The "/var/www/html/magento2/var/cache/mage--e/mage---a6b_FRONTEND__CSP_WHITELIST_CONFIG" file can't be deleted. Warning!unlink(/var/www/html/magento2/var/cache/mage--e/mage---a6b_FRONTEND__CSP_WHITELIST_CONFIG): Permission denied The "/var/www/html/magento2/var/cache/mage--e/mage---a6b_SYSTEM_WEBSITES_1" file can't be deleted. Warning!unlink(/var/www/html/magento2/var/cache/mage--e/mage---a6b_SYSTEM_WEBSITES_1): Permission denied The "/var/www/html/magento2/var/cache/mage--e/mage---a6b_ADMINHTML__CSP_WHITELIST_CONFIG" file can't be deleted. Warning!unlink(/var/www/html/magento2/var/cache/mage--e/mage---a6b_ADMINHTML__CSP_WHITELIST_CONFIG): Permission denied The "/var/www/html/magento2/var/cache/mage--e/mage---a6b_SYSTEM_STORES_0" file can't be deleted. Warning!unlink(/var/www/html/magento2/var/cache/mage--e/mage---a6b_SYSTEM_STORES_0): Permission denied The "/var/www/html/magento2/var/cache/mage--2/mage---a6b_UI_COMPONENT_CONFIGURATION_DATA_SALES_ORDER_GRID" file can't be deleted. Warning!unlink(/var/www/html/magento2/var/cache/mage--2/mage---a6b_UI_COMPONENT_CONFIGURATION_DATA_SALES_ORDER_GRID): Permission denied The "/var/www/html/magento2/var/cache/mage--2/mage---a6b_EAV_ENTITY_ATTRIBUTES_3_1_3" file can't be deleted. Warning!unlink(/var/www/html/magento2/var/cache/mage--2/mage---a6b_EAV_ENTITY_ATTRIBUTES_3_1_3): Permission denied The "/var/www/html/magento2/var/cache/mage--2/mage---a6b_SYSTEM_WEBSITES_BASE" file can't be deleted. Warning!unlink(/var/www/html/magento2/var/cache/mage--2/mage---a6b_SYSTEM_WEBSITES_BASE): Permission denied The "/var/www/html/magento2/var/cache/mage--2/mage---a6b_THEME_BY_ID_1" file can't be deleted. Warning!unlink(/var/www/html/magento2/var/cache/mage--2/mage---a6b_THEME_BY_ID_1): Permission denied The "/var/www/html/magento2/var/cache/mage--2/mage---a6b_LAYOUT_FRONTEND_STORE1_3A7CCD8094436548B564A588F6303121C_PAGE_LAYOUT_MERGED" file can't be deleted. Warning!unlink(/var/www/html/magento2/var/cache/mage--2/mage---a6b_LAYOUT_FRONTEND_STORE1_3A7CCD8094436548B564A588F6303121C_PAGE_LAYOUT_MERGED): Permission denied The "/var/www/html/magento2/var/cache/mage--2/mage---a6b_STRUCTURE_LAYOUT_FRONTEND_STORE1_33D71BA78AE960DA8A09926256277F03D" file can't be deleted. Warning!unlink(/var/www/html/magento2/var/cache/mage--2/mage---a6b_STRUCTURE_LAYOUT_FRONTEND_STORE1_33D71BA78AE960DA8A09926256277F03D): Permission denied The "/var/www/html/magento2/var/cache/mage--2/mage---a6b_BLOCK_5F01CBE2D6FA2C9E67F34D317B8520D5CFECF2B0_5_FINAL_PRICE_LIST_CATEGORY_PAGE_USD_20240518_1_0_" file can't be deleted. Warning!unlink(/var/www/html/magento2/var/cache/mage--2/mage---a6b_BLOCK_5F01CBE2D6FA2C9E67F34D317B8520D5CFECF2B0_5_FINAL_PRICE_LIST_CATEGORY_PAGE_USD_20240518_1_0_): Permission denied The "/var/www/html/magento2/var/cache/mage--2/mage---a6b_LAYOUT_ADMINHTML_STORE1_2D41D8CD98F00B204E9800998ECF8427E_PAGE_LAYOUT_MERGED" file can't be deleted. Warning!unlink(/var/www/html/magento2/var/cache/mage--2/mage---a6b_LAYOUT_ADMINHTML_STORE1_2D41D8CD98F00B204E9800998ECF8427E_PAGE_LAYOUT_MERGED): Permission denied The "/var/www/html/magento2/var/cache/mage--2/mage---a6b_LAYOUT_ADMINHTML_STORE1_2CF9AB1B1723BEDC1DCD665A812B00335_PAGE_LAYOUT_MERGED" file can't be deleted. Warning!unlink(/var/www/html/magento2/var/cache/mage--2/mage---a6b_LAYOUT_ADMINHTML_STORE1_2CF9AB1B1723BEDC1DCD665A812B00335_PAGE_LAYOUT_MERGED): Permission denied The "/var/www/html/magento2/var/cache/mage--7/mage---a6b_GLOBAL__EVENT_CONFIG_CACHE" file can't be deleted. Warning!unlink(/var/www/html/magento2/var/cache/mage--7/mage---a6b_GLOBAL__EVENT_CONFIG_CACHE): Permission denied The "/var/www/html/magento2/var/cache/mage--7/mage---a6b_DB_PDO_MYSQL_DDL_THEME_1" file can't be deleted. Warning!unlink(/var/www/html/magento2/var/cache/mage--7/mage---a6b_DB_PDO_MYSQL_DDL_THEME_1): Permission denied The "/var/www/html/magento2/var/cache/mage--7/mage---a6b_GLOBAL__CSP_WHITELIST_CONFIG" file can't be deleted. Warning!unlink(/var/www/html/magento2/var/cache/mage--7/mage---a6b_GLOBAL__CSP_WHITELIST_CONFIG): Permission denied The "/var/www/html/magento2/var/cache/mage--7/mage---a6b_TRANSLATE_EN_US_FRONTEND_DEFAULT_MAGENTO_LUMA_" file can't be deleted. Warning!unlink(/var/www/html/magento2/var/cache/mage--7/mage---a6b_TRANSLATE_EN_US_FRONTEND_DEFAULT_MAGENTO_LUMA_): Permission denied The "/var/www/html/magento2/var/cache/mage--7/mage---a6b_LAYOUT_FRONTEND_STORE1_33D71BA78AE960DA8A09926256277F03D_PAGE_LAYOUT_MERGED" file can't be deleted. Warning!unlink(/var/www/html/magento2/var/cache/mage--7/mage---a6b_LAYOUT_FRONTEND_STORE1_33D71BA78AE960DA8A09926256277F03D_PAGE_LAYOUT_MERGED): Permission denied The "/var/www/html/magento2/var/cache/mage--f/mage---a6b_EXTENSION_ATTRIBUTES_CONFIG" file can't be deleted. Warning!unlink(/var/www/html/magento2/var/cache/mage--f/mage---a6b_EXTENSION_ATTRIBUTES_CONFIG): Permission denied The "/var/www/html/magento2/var/cache/mage--f/mage---a6b_FRONTEND__RESOURCESCACHE" file can't be deleted. Warning!unlink(/var/www/html/magento2/var/cache/mage--f/mage---a6b_FRONTEND__RESOURCESCACHE): Permission denied The "/var/www/html/magento2/var/cache/mage--f/mage---a6b_BLOCK_422AB2B4F081F4B226BE37D9ED498E98CF44371D" file can't be deleted. Warning!unlink(/var/www/html/magento2/var/cache/mage--f/mage---a6b_BLOCK_422AB2B4F081F4B226BE37D9ED498E98CF44371D): Permission denied The "/var/www/html/magento2/var/cache/mage--f/mage---a6b_BLOCK_9A6A414B51F5233B683AE8E0539BBDAFD756E2C0" file can't be deleted. Warning!unlink(/var/www/html/magento2/var/cache/mage--f/mage---a6b_BLOCK_9A6A414B51F5233B683AE8E0539BBDAFD756E2C0): Permission denied The "/var/www/html/magento2/var/cache/mage--f/mage---a6b_LAYOUT_ADMINHTML_STORE1_291FCCD54DA687AFC76A5D6559B714906_PAGE_LAYOUT_MERGED" file can't be deleted. Warning!unlink(/var/www/html/magento2/var/cache/mage--f/mage---a6b_LAYOUT_ADMINHTML_STORE1_291FCCD54DA687AFC76A5D6559B714906_PAGE_LAYOUT_MERGED): Permission denied The "/var/www/html/magento2/var/cache/mage--f/mage---a6b_SYSTEM_DEFAULT" file can't be deleted. Warning!unlink(/var/www/html/magento2/var/cache/mage--f/mage---a6b_SYSTEM_DEFAULT): Permission denied The "/var/www/html/magento2/var/cache/mage--f/mage---a6b_THEMEADMINHTML_MAGENTO_BACKEND" file can't be deleted. Warning!unlink(/var/www/html/magento2/var/cache/mage--f/mage---a6b_THEMEADMINHTML_MAGENTO_BACKEND): Permission denied The "/var/www/html/magento2/var/cache/mage--f/mage---a6b_LAYOUT_ADMINHTML_STORE1_2PAGE_LAYOUT" file can't be deleted. Warning!unlink(/var/www/html/magento2/var/cache/mage--f/mage---a6b_LAYOUT_ADMINHTML_STORE1_2PAGE_LAYOUT): Permission denied The "/var/www/html/magento2/var/cache/mage--f/mage---a6b_ADMINHTML__CONFIG_CACHE" file can't be deleted. Warning!unlink(/var/www/html/magento2/var/cache/mage--f/mage---a6b_ADMINHTML__CONFIG_CACHE): Permission denied The "/var/www/html/magento2/var/cache/mage--c/mage---a6b_SYSTEM_SCOPES" file can't be deleted. Warning!unlink(/var/www/html/magento2/var/cache/mage--c/mage---a6b_SYSTEM_SCOPES): Permission denied The "/var/www/html/magento2/var/cache/mage--c/mage---a6b_DB_PDO_MYSQL_DDL_SETUP_MODULE_5" file can't be deleted. Warning!unlink(/var/www/html/magento2/var/cache/mage--c/mage---a6b_DB_PDO_MYSQL_DDL_SETUP_MODULE_5): Permission denied The "/var/www/html/magento2/var/cache/mage--c/mage---a6b_ADMINHTML__ROUTESCONFIG" file can't be deleted. Warning!unlink(/var/www/html/magento2/var/cache/mage--c/mage---a6b_ADMINHTML__ROUTESCONFIG): Permission denied The "/var/www/html/magento2/var/cache/mage--c/mage---a6b_RELEASE_NOTIFICATION_CONTENT_2__4__6_COMMUNITY_EN_US" file can't be deleted. Warning!unlink(/var/www/html/magento2/var/cache/mage--c/mage---a6b_RELEASE_NOTIFICATION_CONTENT_2__4__6_COMMUNITY_EN_US): Permission denied The "/var/www/html/magento2/var/cache/mage--c/mage---a6b_AUTHORIZATION_RULE_CACHED_DATA" file can't be deleted. Warning!unlink(/var/www/html/magento2/var/cache/mage--c/mage---a6b_AUTHORIZATION_RULE_CACHED_DATA): Permission denied The "/var/www/html/magento2/var/cache/mage--c/mage---a6b_UI_COMPONENT_CONFIGURATION_DATA_RELEASE_NOTIFICATION" file can't be deleted. Warning!unlink(/var/www/html/magento2/var/cache/mage--c/mage---a6b_UI_COMPONENT_CONFIGURATION_DATA_RELEASE_NOTIFICATION): Permission denied The "/var/www/html/magento2/var/cache/mage--0/mage---a6b_BLOCK_5111BDFC99718462F930F1EA62B3F5F314B7B506" file can't be deleted. Warning!unlink(/var/www/html/magento2/var/cache/mage--0/mage---a6b_BLOCK_5111BDFC99718462F930F1EA62B3F5F314B7B506): Permission denied The "/var/www/html/magento2/var/cache/mage--0/mage---a6b_INDEXER_CONFIG" file can't be deleted. Warning!unlink(/var/www/html/magento2/var/cache/mage--0/mage---a6b_INDEXER_CONFIG): Permission denied The "/var/www/html/magento2/var/cache/mage--0/mage---a6b_DB_PDO_MYSQL_DDL_CATALOG_PRODUCT_ENTITY_3" file can't be deleted. Warning!unlink(/var/www/html/magento2/var/cache/mage--0/mage---a6b_DB_PDO_MYSQL_DDL_CATALOG_PRODUCT_ENTITY_3): Permission denied The "/var/www/html/magento2/var/cache/mage--0/mage---a6b_RESOLVED_STORES_D1BEFA03C79CA0B84ECC488DEA96BC68" file can't be deleted. Warning!unlink(/var/www/html/magento2/var/cache/mage--0/mage---a6b_RESOLVED_STORES_D1BEFA03C79CA0B84ECC488DEA96BC68): Permission denied The "/var/www/html/magento2/var/cache/mage--0/mage---a6b_DB_PDO_MYSQL_DDL_CATALOG_PRODUCT_ENTITY_1" file can't be deleted. Warning!unlink(/var/www/html/magento2/var/cache/mage--0/mage---a6b_DB_PDO_MYSQL_DDL_CATALOG_PRODUCT_ENTITY_1): Permission denied The "/var/www/html/magento2/var/cache/mage--0/mage---a6b_LAYOUT_FRONTEND_STORE1_3" file can't be deleted. Warning!unlink(/var/www/html/magento2/var/cache/mage--0/mage---a6b_LAYOUT_FRONTEND_STORE1_3): Permission denied The "/var/www/html/magento2/var/cache/mage--a/mage---a6b_STRUCTURE_LAYOUT_ADMINHTML_STORE1_26F1B068EC7CCF4878F9284DD1137AFD1" file can't be deleted. Warning!unlink(/var/www/html/magento2/var/cache/mage--a/mage---a6b_STRUCTURE_LAYOUT_ADMINHTML_STORE1_26F1B068EC7CCF4878F9284DD1137AFD1): Permission denied The "/var/www/html/magento2/var/cache/mage--a/mage---a6b_APP_ACTION_LIST" file can't be deleted. Warning!unlink(/var/www/html/magento2/var/cache/mage--a/mage---a6b_APP_ACTION_LIST): Permission denied The "/var/www/html/magento2/var/cache/mage--a/mage---a6b_APP_35C0BF370AE35F8C482DC31B8A81FC2F" file can't be deleted. Warning!unlink(/var/www/html/magento2/var/cache/mage--a/mage---a6b_APP_35C0BF370AE35F8C482DC31B8A81FC2F): Permission denied The "/var/www/html/magento2/var/cache/mage--a/mage---a6b_UI_COMPONENT_TEMPLATES" file can't be deleted. Warning!unlink(/var/www/html/magento2/var/cache/mage--a/mage---a6b_UI_COMPONENT_TEMPLATES): Permission denied The "/var/www/html/magento2/var/cache/mage--8/mage---a6b_APP_CE79F7EF764E9F981C8549B9DBEC468F" file can't be deleted. Warning!unlink(/var/www/html/magento2/var/cache/mage--8/mage---a6b_APP_CE79F7EF764E9F981C8549B9DBEC468F): Permission denied The "/var/www/html/magento2/var/cache/mage--8/mage---a6b_MAGE_VERSION" file can't be deleted. Warning!unlink(/var/www/html/magento2/var/cache/mage--8/mage---a6b_MAGE_VERSION): Permission denied The "/var/www/html/magento2/var/cache/mage--8/mage---a6b_TRANSLATE_EN_US_ADMINHTML_ADMIN_MAGENTO_BACKEND_MAGENTO_SALES" file can't be deleted. Warning!unlink(/var/www/html/magento2/var/cache/mage--8/mage---a6b_TRANSLATE_EN_US_ADMINHTML_ADMIN_MAGENTO_BACKEND_MAGENTO_SALES): Permission denied The "/var/www/html/magento2/var/cache/mage--8/mage---a6b_SYSTEM_STORES_3" file can't be deleted. Warning!unlink(/var/www/html/magento2/var/cache/mage--8/mage---a6b_SYSTEM_STORES_3): Permission denied The "/var/www/html/magento2/var/cache/mage--8/mage---a6b_THEME_BY_ID_3" file can't be deleted. Warning!unlink(/var/www/html/magento2/var/cache/mage--8/mage---a6b_THEME_BY_ID_3): Permission denied The "/var/www/html/magento2/var/cache/mage--8/mage---a6b_BLOCK_5F01CBE2D6FA2C9E67F34D317B8520D5CFECF2B0_6_FINAL_PRICE_LIST_CATEGORY_PAGE_USD_20240518_1_0_" file can't be deleted. Warning!unlink(/var/www/html/magento2/var/cache/mage--8/mage---a6b_BLOCK_5F01CBE2D6FA2C9E67F34D317B8520D5CFECF2B0_6_FINAL_PRICE_LIST_CATEGORY_PAGE_USD_20240518_1_0_): Permission denied
#0 /var/www/html/magento2/setup/src/Magento/Setup/Console/Command/DiCompileCommand.php(309): Magento\Framework\Filesystem\Directory\Write->delete()
#1 /var/www/html/magento2/setup/src/Magento/Setup/Console/Command/DiCompileCommand.php(183): Magento\Setup\Console\Command\DiCompileCommand->cleanupFilesystem()
#2 /var/www/html/magento2/vendor/symfony/console/Command/Command.php(298): Magento\Setup\Console\Command\DiCompileCommand->execute()
#3 /var/www/html/magento2/vendor/symfony/console/Application.php(1040): Symfony\Component\Console\Command\Command->run()
#4 /var/www/html/magento2/vendor/symfony/console/Application.php(301): Symfony\Component\Console\Application->doRunCommand()
#5 /var/www/html/magento2/vendor/magento/framework/Console/Cli.php(116): Symfony\Component\Console\Application->doRun()
#6 /var/www/html/magento2/vendor/symfony/console/Application.php(171): Magento\Framework\Console\Cli->doRun()
#7 /var/www/html/magento2/bin/magento(23): Symfony\Component\Console\Application->run()
#8 {main} [] []
[2024-05-18T16:58:49.131914+00:00] main.INFO: Broken reference: the 'tracking' element cannot be added as child to 'header', because the latter doesn't exist [] []
[2024-05-18T16:58:49.132470+00:00] main.INFO: Broken reference: the 'notification_area' element cannot be added as child to 'notifications', because the latter doesn't exist [] []
[2024-05-18T16:58:49.132816+00:00] main.INFO: Broken reference: the 'unread_system_messages' element cannot be added as child to 'notifications', because the latter doesn't exist [] []
[2024-05-18T16:58:49.133150+00:00] main.INFO: Broken reference: the 'notification_window' element cannot be added as child to 'notifications', because the latter doesn't exist [] []
[2024-05-18T16:58:49.133481+00:00] main.INFO: Broken reference: the 'notification.messages' element cannot be added as child to 'header', because the latter doesn't exist [] []
[2024-05-18T16:58:49.133815+00:00] main.INFO: Broken reference: the 'global_notices' element cannot be added as child to 'global.notices', because the latter doesn't exist [] []
[2024-05-18T16:58:49.134142+00:00] main.INFO: Broken reference: the 'logo' element cannot be added as child to 'header', because the latter doesn't exist [] []
[2024-05-18T16:58:49.134471+00:00] main.INFO: Broken reference: the 'global.search' element cannot be added as child to 'header', because the latter doesn't exist [] []
[2024-05-18T16:58:49.134796+00:00] main.INFO: Broken reference: the 'user' element cannot be added as child to 'header', because the latter doesn't exist [] []
[2024-05-18T16:58:49.135152+00:00] main.INFO: Broken reference: the 'menu' element cannot be added as child to 'page.menu', because the latter doesn't exist [] []
[2024-05-18T16:58:49.135482+00:00] main.INFO: Broken reference: the 'breadcrumbs' element cannot be added as child to 'page.breadcrumbs', because the latter doesn't exist [] []
[2024-05-18T16:58:49.135802+00:00] main.INFO: Broken reference: the 'formkey' element cannot be added as child to 'page.formkey', because the latter doesn't exist [] []
[2024-05-18T16:58:49.136122+00:00] main.INFO: Broken reference: the 'page.title' element cannot be added as child to 'main.top', because the latter doesn't exist [] []
[2024-05-18T16:58:49.136473+00:00] main.INFO: Broken reference: the 'messages' element cannot be added as child to 'page.messages', because the latter doesn't exist [] []
[2024-05-18T16:58:49.136794+00:00] main.INFO: Broken reference: the 'page.actions.toolbar' element cannot be added as child to 'page.main.actions', because the latter doesn't exist [] []
[2024-05-18T16:58:49.137318+00:00] main.INFO: Broken reference: the 'legal' element cannot be added as child to 'footer', because the latter doesn't exist [] []
[2024-05-18T16:58:49.138007+00:00] main.INFO: Broken reference: the 'header.inner.left' element cannot be added as child to 'header', because the latter doesn't exist [] []
[2024-05-18T16:58:49.138413+00:00] main.INFO: Broken reference: the 'header.inner.right' element cannot be added as child to 'header', because the latter doesn't exist [] []
[2024-05-18T16:58:49.138808+00:00] main.INFO: Broken reference: the 'user' tries to reorder itself towards '', but their parents are different: 'header' and '' respectively. [] []
[2024-05-18T16:58:49.139161+00:00] main.INFO: Broken reference: the 'notification.messages' tries to reorder itself towards 'user', but their parents are different: 'header' and '' respectively. [] []
[2024-05-18T16:58:49.139492+00:00] main.INFO: Broken reference: the 'logo' tries to reorder itself towards '', but their parents are different: 'header' and '' respectively. [] []
[2024-05-18T16:58:49.139817+00:00] main.INFO: Broken reference: the 'global.search' tries to reorder itself towards 'logo', but their parents are different: 'header' and '' respectively. [] []
[2024-05-18T16:58:49.140175+00:00] main.INFO: Broken reference: the 'page.actions.toolbar' tries to reorder itself towards '', but their parents are different: 'page.main.actions' and '' respectively. [] []
[2024-05-18T16:58:49.140526+00:00] main.INFO: Broken reference: the 'header.inner.left' tries to reorder itself towards '', but their parents are different: 'header' and '' respectively. [] []
[2024-05-18T16:58:49.140857+00:00] main.INFO: Broken reference: the 'header.inner.right' tries to reorder itself towards 'header.inner.left', but their parents are different: 'header' and '' respectively. [] []
[2024-05-18T16:58:49.141208+00:00] main.INFO: Broken reference: the 'notification.messages' tries to reorder itself towards 'user', but their parents are different: 'header.inner.right' and '' respectively. [] []
[2024-05-18T16:58:55.516032+00:00] main.INFO: Item Magento_Backend::system_currency was removed [] []
[2024-05-18T16:58:55.520765+00:00] main.INFO: Add of item with id Magento_Config::system_config was processed [] []
[2024-05-18T16:58:55.521438+00:00] main.INFO: Add of item with id Magento_AdminNotification::system_adminnotification was processed [] []
[2024-05-18T16:58:55.522027+00:00] main.INFO: Add of item with id Magento_Theme::design_config was processed [] []
[2024-05-18T16:58:55.522480+00:00] main.INFO: Add of item with id Magento_Theme::system_design_theme was processed [] []
[2024-05-18T16:58:55.522833+00:00] main.INFO: Add of item with id Magento_Backend::system_design_schedule was processed [] []
[2024-05-18T16:58:55.523278+00:00] main.INFO: Add of item with id Magento_Backend::system_store was processed [] []
[2024-05-18T16:58:55.523644+00:00] main.INFO: Add of item with id Magento_Backend::dashboard was processed [] []
[2024-05-18T16:58:55.524000+00:00] main.INFO: Add of item with id Magento_Backend::system was processed [] []
[2024-05-18T16:58:55.524367+00:00] main.INFO: Add of item with id Magento_Backend::system_tools was processed [] []
[2024-05-18T16:58:55.524730+00:00] main.INFO: Add of item with id Magento_Backend::system_design was processed [] []
[2024-05-18T16:58:55.525080+00:00] main.INFO: Add of item with id Magento_Backend::system_convert was processed [] []
[2024-05-18T16:58:55.525437+00:00] main.INFO: Add of item with id Magento_Backend::system_cache was processed [] []
[2024-05-18T16:58:55.525785+00:00] main.INFO: Add of item with id Magento_Backend::marketing was processed [] []
[2024-05-18T16:58:55.526142+00:00] main.INFO: Add of item with id Magento_Backend::marketing_communications was processed [] []
[2024-05-18T16:58:55.526581+00:00] main.INFO: Add of item with id Magento_Backend::marketing_seo was processed [] []
[2024-05-18T16:58:55.526932+00:00] main.INFO: Add of item with id Magento_Backend::marketing_user_content was processed [] []
[2024-05-18T16:58:55.527293+00:00] main.INFO: Add of item with id Magento_Backend::content was processed [] []
[2024-05-18T16:58:55.527642+00:00] main.INFO: Add of item with id Magento_Backend::content_elements was processed [] []
[2024-05-18T16:58:55.528156+00:00] main.INFO: Add of item with id Magento_Backend::stores was processed [] []
[2024-05-18T16:58:55.528532+00:00] main.INFO: Add of item with id Magento_Backend::stores_settings was processed [] []
[2024-05-18T16:58:55.528899+00:00] main.INFO: Add of item with id Magento_Backend::stores_attributes was processed [] []
[2024-05-18T16:58:55.529253+00:00] main.INFO: Add of item with id Magento_Backend::other_settings was processed [] []
[2024-05-18T16:58:55.529612+00:00] main.INFO: Add of item with id Magento_Backend::system_other_settings was processed [] []
[2024-05-18T16:58:55.529960+00:00] main.INFO: Add of item with id Magento_User::system_acl was processed [] []
[2024-05-18T16:58:55.530317+00:00] main.INFO: Add of item with id Magento_User::system_acl_users was processed [] []
[2024-05-18T16:58:55.530666+00:00] main.INFO: Add of item with id Magento_User::system_acl_roles was processed [] []
[2024-05-18T16:58:55.531015+00:00] main.INFO: Add of item with id Magento_User::system_acl_locks was processed [] []
[2024-05-18T16:58:55.531360+00:00] main.INFO: Add of item with id Magento_Customer::customer was processed [] []
[2024-05-18T16:58:55.531737+00:00] main.INFO: Add of item with id Magento_Customer::customer_manage was processed [] []
[2024-05-18T16:58:55.532094+00:00] main.INFO: Add of item with id Magento_Customer::customer_online was processed [] []
[2024-05-18T16:58:55.532442+00:00] main.INFO: Add of item with id Magento_Customer::customer_group was processed [] []
[2024-05-18T16:58:55.532797+00:00] main.INFO: Add of item with id Magento_Backup::system_tools_backup was processed [] []
[2024-05-18T16:58:55.533143+00:00] main.INFO: Add of item with id Magento_Indexer::system_index was processed [] []
[2024-05-18T16:58:55.533490+00:00] main.INFO: Add of item with id Magento_Variable::system_variable was processed [] []
[2024-05-18T16:58:55.533846+00:00] main.INFO: Add of item with id Magento_Cms::cms_page was processed [] []
[2024-05-18T16:58:55.534195+00:00] main.INFO: Add of item with id Magento_Cms::cms_block was processed [] []
[2024-05-18T16:58:55.534548+00:00] main.INFO: Add of item with id Magento_Search::search_terms was processed [] []
[2024-05-18T16:58:55.534896+00:00] main.INFO: Add of item with id Magento_Search::search_synonyms was processed [] []
[2024-05-18T16:58:55.535243+00:00] main.INFO: Add of item with id Magento_Catalog::catalog was processed [] []
[2024-05-18T16:58:55.535594+00:00] main.INFO: Add of item with id Magento_Catalog::catalog_products was processed [] []
[2024-05-18T16:58:55.535942+00:00] main.INFO: Add of item with id Magento_Catalog::catalog_categories was processed [] []
[2024-05-18T16:58:55.536350+00:00] main.INFO: Add of item with id Magento_Catalog::catalog_attributes_attributes was processed [] []
[2024-05-18T16:58:55.536709+00:00] main.INFO: Add of item with id Magento_Catalog::catalog_attributes_sets was processed [] []
[2024-05-18T16:58:55.537064+00:00] main.INFO: Add of item with id Magento_Catalog::inventory was processed [] []
[2024-05-18T16:58:55.537414+00:00] main.INFO: Add of item with id Magento_CatalogRule::promo was processed [] []
[2024-05-18T16:58:55.537822+00:00] main.INFO: Add of item with id Magento_CatalogRule::promo_catalog was processed [] []
[2024-05-18T16:58:55.538184+00:00] main.INFO: Add of item with id Magento_MediaGalleryUi::media was processed [] []
[2024-05-18T16:58:55.538543+00:00] main.INFO: Add of item with id Magento_MediaGalleryUi::media_gallery was processed [] []
[2024-05-18T16:58:55.538902+00:00] main.INFO: Add of item with id Magento_Integration::system_extensions was processed [] []
[2024-05-18T16:58:55.539255+00:00] main.INFO: Add of item with id Magento_Integration::system_integrations was processed [] []
[2024-05-18T16:58:55.539609+00:00] main.INFO: Add of item with id Magento_Sales::sales was processed [] []
[2024-05-18T16:58:55.539963+00:00] main.INFO: Add of item with id Magento_Sales::sales_operation was processed [] []
[2024-05-18T16:58:55.540315+00:00] main.INFO: Add of item with id Magento_Sales::sales_order was processed [] []
[2024-05-18T16:58:55.540663+00:00] main.INFO: Add of item with id Magento_Sales::sales_invoice was processed [] []
[2024-05-18T16:58:55.541010+00:00] main.INFO: Add of item with id Magento_Sales::sales_shipment was processed [] []
[2024-05-18T16:58:55.541355+00:00] main.INFO: Add of item with id Magento_Sales::sales_creditmemo was processed [] []
[2024-05-18T16:58:55.541703+00:00] main.INFO: Add of item with id Magento_Sales::sales_transactions was processed [] []
[2024-05-18T16:58:55.542053+00:00] main.INFO: Add of item with id Magento_Sales::system_order_statuses was processed [] []
[2024-05-18T16:58:55.542398+00:00] main.INFO: Add of item with id Magento_Widget::cms_widget_instance was processed [] []
[2024-05-18T16:58:55.542750+00:00] main.INFO: Add of item with id Magento_Analytics::business_intelligence was processed [] []
[2024-05-18T16:58:55.543244+00:00] main.INFO: Add of item with id Magento_Analytics::advanced_reporting was processed [] []
[2024-05-18T16:58:55.543706+00:00] main.INFO: Add of item with id Magento_Analytics::bi_essentials was processed [] []
[2024-05-18T16:58:55.544184+00:00] main.INFO: Add of item with id Magento_Downloadable::report_products_downloads was processed [] []
[2024-05-18T16:58:55.544525+00:00] main.INFO: Add of item with id Magento_ImportExport::system_convert_import was processed [] []
[2024-05-18T16:58:55.544855+00:00] main.INFO: Add of item with id Magento_ImportExport::system_convert_export was processed [] []
[2024-05-18T16:58:55.545181+00:00] main.INFO: Add of item with id Magento_ImportExport::system_convert_history was processed [] []
[2024-05-18T16:58:55.545510+00:00] main.INFO: Add of item with id Magento_Email::template was processed [] []
[2024-05-18T16:58:55.545829+00:00] main.INFO: Add of item with id Magento_EncryptionKey::system_crypt_key was processed [] []
[2024-05-18T16:58:55.546145+00:00] main.INFO: Add of item with id Magento_InventoryAdminUi::inventory was processed [] []
[2024-05-18T16:58:55.546537+00:00] main.INFO: Add of item with id Magento_InventoryAdminUi::source was processed [] []
[2024-05-18T16:58:55.546857+00:00] main.INFO: Add of item with id Magento_InventoryAdminUi::stock was processed [] []
[2024-05-18T16:58:55.547171+00:00] main.INFO: Add of item with id Magento_Reports::report was processed [] []
[2024-05-18T16:58:55.547485+00:00] main.INFO: Add of item with id Magento_Reports::report_marketing was processed [] []
[2024-05-18T16:58:55.547800+00:00] main.INFO: Add of item with id Magento_Reports::report_salesroot was processed [] []
[2024-05-18T16:58:55.548123+00:00] main.INFO: Add of item with id Magento_Reports::report_salesroot_sales was processed [] []
[2024-05-18T16:58:55.548442+00:00] main.INFO: Add of item with id Magento_Reports::report_salesroot_tax was processed [] []
[2024-05-18T16:58:55.548756+00:00] main.INFO: Add of item with id Magento_Reports::report_salesroot_invoiced was processed [] []
[2024-05-18T16:58:55.549085+00:00] main.INFO: Add of item with id Magento_Reports::report_salesroot_shipping was processed [] []
[2024-05-18T16:58:55.549408+00:00] main.INFO: Add of item with id Magento_Reports::report_salesroot_refunded was processed [] []
[2024-05-18T16:58:55.549727+00:00] main.INFO: Add of item with id Magento_Reports::report_salesroot_coupons was processed [] []
[2024-05-18T16:58:55.550048+00:00] main.INFO: Add of item with id Magento_Reports::report_shopcart_product was processed [] []
[2024-05-18T16:58:55.550368+00:00] main.INFO: Add of item with id Magento_Reports::report_shopcart_abandoned was processed [] []
[2024-05-18T16:58:55.550683+00:00] main.INFO: Add of item with id Magento_Reports::report_products was processed [] []
[2024-05-18T16:58:55.550997+00:00] main.INFO: Add of item with id Magento_Reports::report_products_bestsellers was processed [] []
[2024-05-18T16:58:55.551348+00:00] main.INFO: Add of item with id Magento_Reports::report_products_sold was processed [] []
[2024-05-18T16:58:55.551671+00:00] main.INFO: Add of item with id Magento_Reports::report_products_viewed was processed [] []
[2024-05-18T16:58:55.551993+00:00] main.INFO: Add of item with id Magento_Reports::report_products_lowstock was processed [] []
[2024-05-18T16:58:55.552405+00:00] main.INFO: Add of item with id Magento_Reports::report_customers was processed [] []
[2024-05-18T16:58:55.552732+00:00] main.INFO: Add of item with id Magento_Reports::report_customers_accounts was processed [] []
[2024-05-18T16:58:55.553059+00:00] main.INFO: Add of item with id Magento_Reports::report_customers_totals was processed [] []
[2024-05-18T16:58:55.553377+00:00] main.INFO: Add of item with id Magento_Reports::report_customers_orders was processed [] []
[2024-05-18T16:58:55.553693+00:00] main.INFO: Add of item with id Magento_Reports::report_statistics was processed [] []
[2024-05-18T16:58:55.554016+00:00] main.INFO: Add of item with id Magento_Reports::report_statistics_refresh was processed [] []
[2024-05-18T16:58:55.554446+00:00] main.INFO: Add of item with id Magento_Search::report_search_term was processed [] []
[2024-05-18T16:58:55.554842+00:00] main.INFO: Add of item with id Magento_LoginAsCustomerLog::login_log was processed [] []
[2024-05-18T16:58:55.555231+00:00] main.INFO: Add of item with id Magento_Marketplace::partners was processed [] []
[2024-05-18T16:58:55.555662+00:00] main.INFO: Add of item with id Magento_Newsletter::newsletter_template was processed [] []
[2024-05-18T16:58:55.556084+00:00] main.INFO: Add of item with id Magento_Newsletter::newsletter_queue was processed [] []
[2024-05-18T16:58:55.556454+00:00] main.INFO: Add of item with id Magento_Newsletter::newsletter_subscriber was processed [] []
[2024-05-18T16:58:55.556804+00:00] main.INFO: Add of item with id Magento_Newsletter::newsletter_problem was processed [] []
[2024-05-18T16:58:55.557152+00:00] main.INFO: Add of item with id Magento_SalesRule::promo_quote was processed [] []
[2024-05-18T16:58:55.557501+00:00] main.INFO: Add of item with id Magento_Sitemap::catalog_sitemap was processed [] []
[2024-05-18T16:58:55.557847+00:00] main.INFO: Add of item with id Magento_PageBuilder::templates was processed [] []
[2024-05-18T16:58:55.558192+00:00] main.INFO: Add of item with id Magento_Paypal::report_salesroot_paypal_settlement_reports was processed [] []
[2024-05-18T16:58:55.558536+00:00] main.INFO: Add of item with id Magento_Paypal::paypal_billing_agreement was processed [] []
[2024-05-18T16:58:55.558883+00:00] main.INFO: Add of item with id Magento_CheckoutAgreements::sales_checkoutagreement was processed [] []
[2024-05-18T16:58:55.559227+00:00] main.INFO: Add of item with id Magento_Review::catalog_reviews_ratings_ratings was processed [] []
[2024-05-18T16:58:55.559590+00:00] main.INFO: Add of item with id Magento_Review::catalog_reviews_ratings_pending was processed [] []
[2024-05-18T16:58:55.559937+00:00] main.INFO: Add of item with id Magento_Review::catalog_reviews_ratings_reviews_all was processed [] []
[2024-05-18T16:58:55.560323+00:00] main.INFO: Add of item with id Magento_Review::report_review was processed [] []
[2024-05-18T16:58:55.560683+00:00] main.INFO: Add of item with id Magento_Review::report_review_customer was processed [] []
[2024-05-18T16:58:55.561032+00:00] main.INFO: Add of item with id Magento_Review::report_review_product was processed [] []
[2024-05-18T16:58:55.561379+00:00] main.INFO: Add of item with id Magento_UrlRewrite::urlrewrite was processed [] []
[2024-05-18T16:58:55.561723+00:00] main.INFO: Add of item with id Magento_Tax::sales_tax was processed [] []
[2024-05-18T16:58:55.562074+00:00] main.INFO: Add of item with id Magento_Tax::sales_tax_rules was processed [] []
[2024-05-18T16:58:55.562421+00:00] main.INFO: Add of item with id Magento_Tax::sales_tax_rates was processed [] []
[2024-05-18T16:58:55.562766+00:00] main.INFO: Add of item with id Magento_TaxImportExport::system_convert_tax was processed [] []
[2024-05-18T16:58:55.563119+00:00] main.INFO: Add of item with id Magento_AsynchronousOperations::system_magento_logging was processed [] []
[2024-05-18T16:58:55.563475+00:00] main.INFO: Add of item with id Magento_AsynchronousOperations::system_magento_logging_bulk_operations was processed [] []
[2024-05-18T16:58:55.563823+00:00] main.INFO: Add of item with id Magento_CurrencySymbol::system_currency was processed [] []
[2024-05-18T16:58:55.564174+00:00] main.INFO: Add of item with id Magento_CurrencySymbol::system_currency_rates was processed [] []
[2024-05-18T16:58:55.564522+00:00] main.INFO: Add of item with id Magento_CurrencySymbol::system_currency_symbols was processed [] []
[2024-05-18T16:58:55.564870+00:00] main.INFO: Add of item with id PayPal_Braintree::settlement_report was processed [] []
[2024-05-18T16:58:55.565215+00:00] main.INFO: Add of item with id PayPal_Braintree::virtual_terminal was processed [] []
[2024-05-18T16:58:57.831450+00:00] main.INFO: Broken reference: the 'notification.messages' tries to reorder itself towards 'user', but their parents are different: 'header.inner.right' and 'header' respectively. [] []
[2024-05-18T16:59:05.980318+00:00] main.INFO: Broken reference: the 'notification.messages' tries to reorder itself towards 'user', but their parents are different: 'header.inner.right' and 'header' respectively. [] []
[2024-05-18T17:00:25.252086+00:00] main.INFO: Broken reference: the 'notification.messages' tries to reorder itself towards 'user', but their parents are different: 'header.inner.right' and 'header' respectively. [] []
[2024-05-18T17:00:25.291434+00:00] main.INFO: Item Magento_Backend::system_currency was removed [] []
[2024-05-18T17:00:25.294867+00:00] main.INFO: Add of item with id Magento_Config::system_config was processed [] []
[2024-05-18T17:00:25.295293+00:00] main.INFO: Add of item with id Magento_AdminNotification::system_adminnotification was processed [] []
[2024-05-18T17:00:25.295656+00:00] main.INFO: Add of item with id Magento_Theme::design_config was processed [] []
[2024-05-18T17:00:25.295988+00:00] main.INFO: Add of item with id Magento_Theme::system_design_theme was processed [] []
[2024-05-18T17:00:25.296440+00:00] main.INFO: Add of item with id Magento_Backend::system_design_schedule was processed [] []
[2024-05-18T17:00:25.296790+00:00] main.INFO: Add of item with id Magento_Backend::system_store was processed [] []
[2024-05-18T17:00:25.297117+00:00] main.INFO: Add of item with id Magento_Backend::dashboard was processed [] []
[2024-05-18T17:00:25.297441+00:00] main.INFO: Add of item with id Magento_Backend::system was processed [] []
[2024-05-18T17:00:25.297786+00:00] main.INFO: Add of item with id Magento_Backend::system_tools was processed [] []
[2024-05-18T17:00:25.298117+00:00] main.INFO: Add of item with id Magento_Backend::system_design was processed [] []
[2024-05-18T17:00:25.298441+00:00] main.INFO: Add of item with id Magento_Backend::system_convert was processed [] []
[2024-05-18T17:00:25.298778+00:00] main.INFO: Add of item with id Magento_Backend::system_cache was processed [] []
[2024-05-18T17:00:25.299128+00:00] main.INFO: Add of item with id Magento_Backend::marketing was processed [] []
[2024-05-18T17:00:25.299459+00:00] main.INFO: Add of item with id Magento_Backend::marketing_communications was processed [] []
[2024-05-18T17:00:25.299778+00:00] main.INFO: Add of item with id Magento_Backend::marketing_seo was processed [] []
[2024-05-18T17:00:25.300092+00:00] main.INFO: Add of item with id Magento_Backend::marketing_user_content was processed [] []
[2024-05-18T17:00:25.300422+00:00] main.INFO: Add of item with id Magento_Backend::content was processed [] []
[2024-05-18T17:00:25.300735+00:00] main.INFO: Add of item with id Magento_Backend::content_elements was processed [] []
[2024-05-18T17:00:25.301049+00:00] main.INFO: Add of item with id Magento_Backend::stores was processed [] []
[2024-05-18T17:00:25.301389+00:00] main.INFO: Add of item with id Magento_Backend::stores_settings was processed [] []
[2024-05-18T17:00:25.301707+00:00] main.INFO: Add of item with id Magento_Backend::stores_attributes was processed [] []
[2024-05-18T17:00:25.302021+00:00] main.INFO: Add of item with id Magento_Backend::other_settings was processed [] []
[2024-05-18T17:00:25.302346+00:00] main.INFO: Add of item with id Magento_Backend::system_other_settings was processed [] []
[2024-05-18T17:00:25.302661+00:00] main.INFO: Add of item with id Magento_User::system_acl was processed [] []
[2024-05-18T17:00:25.302981+00:00] main.INFO: Add of item with id Magento_User::system_acl_users was processed [] []
[2024-05-18T17:00:25.303334+00:00] main.INFO: Add of item with id Magento_User::system_acl_roles was processed [] []
[2024-05-18T17:00:25.303676+00:00] main.INFO: Add of item with id Magento_User::system_acl_locks was processed [] []
[2024-05-18T17:00:25.304104+00:00] main.INFO: Add of item with id Magento_Customer::customer was processed [] []
[2024-05-18T17:00:25.304952+00:00] main.INFO: Add of item with id Magento_Customer::customer_manage was processed [] []
[2024-05-18T17:00:25.305669+00:00] main.INFO: Add of item with id Magento_Customer::customer_online was processed [] []
[2024-05-18T17:00:25.306400+00:00] main.INFO: Add of item with id Magento_Customer::customer_group was processed [] []
[2024-05-18T17:00:25.306751+00:00] main.INFO: Add of item with id Magento_Backup::system_tools_backup was processed [] []
[2024-05-18T17:00:25.307074+00:00] main.INFO: Add of item with id Magento_Indexer::system_index was processed [] []
[2024-05-18T17:00:25.307399+00:00] main.INFO: Add of item with id Magento_Variable::system_variable was processed [] []
[2024-05-18T17:00:25.307732+00:00] main.INFO: Add of item with id Magento_Cms::cms_page was processed [] []
[2024-05-18T17:00:25.308054+00:00] main.INFO: Add of item with id Magento_Cms::cms_block was processed [] []
[2024-05-18T17:00:25.308387+00:00] main.INFO: Add of item with id Magento_Search::search_terms was processed [] []
[2024-05-18T17:00:25.308705+00:00] main.INFO: Add of item with id Magento_Search::search_synonyms was processed [] []
[2024-05-18T17:00:25.309018+00:00] main.INFO: Add of item with id Magento_Catalog::catalog was processed [] []
[2024-05-18T17:00:25.309352+00:00] main.INFO: Add of item with id Magento_Catalog::catalog_products was processed [] []
[2024-05-18T17:00:25.309667+00:00] main.INFO: Add of item with id Magento_Catalog::catalog_categories was processed [] []
[2024-05-18T17:00:25.309989+00:00] main.INFO: Add of item with id Magento_Catalog::catalog_attributes_attributes was processed [] []
[2024-05-18T17:00:25.310339+00:00] main.INFO: Add of item with id Magento_Catalog::catalog_attributes_sets was processed [] []
[2024-05-18T17:00:25.310662+00:00] main.INFO: Add of item with id Magento_Catalog::inventory was processed [] []
[2024-05-18T17:00:25.310978+00:00] main.INFO: Add of item with id Magento_CatalogRule::promo was processed [] []
[2024-05-18T17:00:25.311313+00:00] main.INFO: Add of item with id Magento_CatalogRule::promo_catalog was processed [] []
[2024-05-18T17:00:25.311631+00:00] main.INFO: Add of item with id Magento_MediaGalleryUi::media was processed [] []
[2024-05-18T17:00:25.311953+00:00] main.INFO: Add of item with id Magento_MediaGalleryUi::media_gallery was processed [] []
[2024-05-18T17:00:25.312355+00:00] main.INFO: Add of item with id Magento_Integration::system_extensions was processed [] []
[2024-05-18T17:00:25.312692+00:00] main.INFO: Add of item with id Magento_Integration::system_integrations was processed [] []
[2024-05-18T17:00:25.313007+00:00] main.INFO: Add of item with id Magento_Sales::sales was processed [] []
[2024-05-18T17:00:25.313342+00:00] main.INFO: Add of item with id Magento_Sales::sales_operation was processed [] []
[2024-05-18T17:00:25.313681+00:00] main.INFO: Add of item with id Magento_Sales::sales_order was processed [] []
[2024-05-18T17:00:25.314005+00:00] main.INFO: Add of item with id Magento_Sales::sales_invoice was processed [] []
[2024-05-18T17:00:25.314318+00:00] main.INFO: Add of item with id Magento_Sales::sales_shipment was processed [] []
[2024-05-18T17:00:25.314633+00:00] main.INFO: Add of item with id Magento_Sales::sales_creditmemo was processed [] []
[2024-05-18T17:00:25.314959+00:00] main.INFO: Add of item with id Magento_Sales::sales_transactions was processed [] []
[2024-05-18T17:00:25.315273+00:00] main.INFO: Add of item with id Magento_Sales::system_order_statuses was processed [] []
[2024-05-18T17:00:25.315587+00:00] main.INFO: Add of item with id Magento_Widget::cms_widget_instance was processed [] []
[2024-05-18T17:00:25.315937+00:00] main.INFO: Add of item with id Magento_Analytics::business_intelligence was processed [] []
[2024-05-18T17:00:25.316303+00:00] main.INFO: Add of item with id Magento_Analytics::advanced_reporting was processed [] []
[2024-05-18T17:00:25.316641+00:00] main.INFO: Add of item with id Magento_Analytics::bi_essentials was processed [] []
[2024-05-18T17:00:25.316977+00:00] main.INFO: Add of item with id Magento_Downloadable::report_products_downloads was processed [] []
[2024-05-18T17:00:25.317299+00:00] main.INFO: Add of item with id Magento_ImportExport::system_convert_import was processed [] []
[2024-05-18T17:00:25.317617+00:00] main.INFO: Add of item with id Magento_ImportExport::system_convert_export was processed [] []
[2024-05-18T17:00:25.317943+00:00] main.INFO: Add of item with id Magento_ImportExport::system_convert_history was processed [] []
[2024-05-18T17:00:25.318263+00:00] main.INFO: Add of item with id Magento_Email::template was processed [] []
[2024-05-18T17:00:25.318577+00:00] main.INFO: Add of item with id Magento_EncryptionKey::system_crypt_key was processed [] []
[2024-05-18T17:00:25.318904+00:00] main.INFO: Add of item with id Magento_InventoryAdminUi::inventory was processed [] []
[2024-05-18T17:00:25.319237+00:00] main.INFO: Add of item with id Magento_InventoryAdminUi::source was processed [] []
[2024-05-18T17:00:25.319553+00:00] main.INFO: Add of item with id Magento_InventoryAdminUi::stock was processed [] []
[2024-05-18T17:00:25.319880+00:00] main.INFO: Add of item with id Magento_Reports::report was processed [] []
[2024-05-18T17:00:25.320201+00:00] main.INFO: Add of item with id Magento_Reports::report_marketing was processed [] []
[2024-05-18T17:00:25.320572+00:00] main.INFO: Add of item with id Magento_Reports::report_salesroot was processed [] []
[2024-05-18T17:00:25.320941+00:00] main.INFO: Add of item with id Magento_Reports::report_salesroot_sales was processed [] []
[2024-05-18T17:00:25.321303+00:00] main.INFO: Add of item with id Magento_Reports::report_salesroot_tax was processed [] []
[2024-05-18T17:00:25.321625+00:00] main.INFO: Add of item with id Magento_Reports::report_salesroot_invoiced was processed [] []
[2024-05-18T17:00:25.321953+00:00] main.INFO: Add of item with id Magento_Reports::report_salesroot_shipping was processed [] []
[2024-05-18T17:00:25.322266+00:00] main.INFO: Add of item with id Magento_Reports::report_salesroot_refunded was processed [] []
[2024-05-18T17:00:25.322580+00:00] main.INFO: Add of item with id Magento_Reports::report_salesroot_coupons was processed [] []
[2024-05-18T17:00:25.322915+00:00] main.INFO: Add of item with id Magento_Reports::report_shopcart_product was processed [] []
[2024-05-18T17:00:25.323231+00:00] main.INFO: Add of item with id Magento_Reports::report_shopcart_abandoned was processed [] []
[2024-05-18T17:00:25.323544+00:00] main.INFO: Add of item with id Magento_Reports::report_products was processed [] []
[2024-05-18T17:00:25.323870+00:00] main.INFO: Add of item with id Magento_Reports::report_products_bestsellers was processed [] []
[2024-05-18T17:00:25.324188+00:00] main.INFO: Add of item with id Magento_Reports::report_products_sold was processed [] []
[2024-05-18T17:00:25.324500+00:00] main.INFO: Add of item with id Magento_Reports::report_products_viewed was processed [] []
[2024-05-18T17:00:25.324821+00:00] main.INFO: Add of item with id Magento_Reports::report_products_lowstock was processed [] []
[2024-05-18T17:00:25.325147+00:00] main.INFO: Add of item with id Magento_Reports::report_customers was processed [] []
[2024-05-18T17:00:25.325468+00:00] main.INFO: Add of item with id Magento_Reports::report_customers_accounts was processed [] []
[2024-05-18T17:00:25.325787+00:00] main.INFO: Add of item with id Magento_Reports::report_customers_totals was processed [] []
[2024-05-18T17:00:25.326110+00:00] main.INFO: Add of item with id Magento_Reports::report_customers_orders was processed [] []
[2024-05-18T17:00:25.326646+00:00] main.INFO: Add of item with id Magento_Reports::report_statistics was processed [] []
[2024-05-18T17:00:25.327058+00:00] main.INFO: Add of item with id Magento_Reports::report_statistics_refresh was processed [] []
[2024-05-18T17:00:25.327421+00:00] main.INFO: Add of item with id Magento_Search::report_search_term was processed [] []
[2024-05-18T17:00:25.327784+00:00] main.INFO: Add of item with id Magento_LoginAsCustomerLog::login_log was processed [] []
[2024-05-18T17:00:25.328139+00:00] main.INFO: Add of item with id Magento_Marketplace::partners was processed [] []
[2024-05-18T17:00:25.328490+00:00] main.INFO: Add of item with id Magento_Newsletter::newsletter_template was processed [] []
[2024-05-18T17:00:25.328850+00:00] main.INFO: Add of item with id Magento_Newsletter::newsletter_queue was processed [] []
[2024-05-18T17:00:25.329261+00:00] main.INFO: Add of item with id Magento_Newsletter::newsletter_subscriber was processed [] []
[2024-05-18T17:00:25.329586+00:00] main.INFO: Add of item with id Magento_Newsletter::newsletter_problem was processed [] []
[2024-05-18T17:00:25.329920+00:00] main.INFO: Add of item with id Magento_SalesRule::promo_quote was processed [] []
[2024-05-18T17:00:25.330234+00:00] main.INFO: Add of item with id Magento_Sitemap::catalog_sitemap was processed [] []
[2024-05-18T17:00:25.330548+00:00] main.INFO: Add of item with id Magento_PageBuilder::templates was processed [] []
[2024-05-18T17:00:25.330860+00:00] main.INFO: Add of item with id Magento_Paypal::report_salesroot_paypal_settlement_reports was processed [] []
[2024-05-18T17:00:25.331188+00:00] main.INFO: Add of item with id Magento_Paypal::paypal_billing_agreement was processed [] []
[2024-05-18T17:00:25.331525+00:00] main.INFO: Add of item with id Magento_CheckoutAgreements::sales_checkoutagreement was processed [] []
[2024-05-18T17:00:25.331840+00:00] main.INFO: Add of item with id Magento_Review::catalog_reviews_ratings_ratings was processed [] []
[2024-05-18T17:00:25.332163+00:00] main.INFO: Add of item with id Magento_Review::catalog_reviews_ratings_pending was processed [] []
[2024-05-18T17:00:25.332492+00:00] main.INFO: Add of item with id Magento_Review::catalog_reviews_ratings_reviews_all was processed [] []
[2024-05-18T17:00:25.332818+00:00] main.INFO: Add of item with id Magento_Review::report_review was processed [] []
[2024-05-18T17:00:25.333138+00:00] main.INFO: Add of item with id Magento_Review::report_review_customer was processed [] []
[2024-05-18T17:00:25.333453+00:00] main.INFO: Add of item with id Magento_Review::report_review_product was processed [] []
[2024-05-18T17:00:25.333782+00:00] main.INFO: Add of item with id Magento_UrlRewrite::urlrewrite was processed [] []
[2024-05-18T17:00:25.334096+00:00] main.INFO: Add of item with id Magento_Tax::sales_tax was processed [] []
[2024-05-18T17:00:25.334413+00:00] main.INFO: Add of item with id Magento_Tax::sales_tax_rules was processed [] []
[2024-05-18T17:00:25.334746+00:00] main.INFO: Add of item with id Magento_Tax::sales_tax_rates was processed [] []
[2024-05-18T17:00:25.335058+00:00] main.INFO: Add of item with id Magento_TaxImportExport::system_convert_tax was processed [] []
[2024-05-18T17:00:25.335370+00:00] main.INFO: Add of item with id Magento_AsynchronousOperations::system_magento_logging was processed [] []
[2024-05-18T17:00:25.335702+00:00] main.INFO: Add of item with id Magento_AsynchronousOperations::system_magento_logging_bulk_operations was processed [] []
[2024-05-18T17:00:25.336022+00:00] main.INFO: Add of item with id Magento_CurrencySymbol::system_currency was processed [] []
[2024-05-18T17:00:25.336417+00:00] main.INFO: Add of item with id Magento_CurrencySymbol::system_currency_rates was processed [] []
[2024-05-18T17:00:25.336744+00:00] main.INFO: Add of item with id Magento_CurrencySymbol::system_currency_symbols was processed [] []
[2024-05-18T17:00:25.337060+00:00] main.INFO: Add of item with id PayPal_Braintree::settlement_report was processed [] []
[2024-05-18T17:00:25.337433+00:00] main.INFO: Add of item with id PayPal_Braintree::virtual_terminal was processed [] []
[2024-05-18T17:00:37.522818+00:00] main.INFO: Broken reference: the 'notification.messages' tries to reorder itself towards 'user', but their parents are different: 'header.inner.right' and 'header' respectively. [] []
[2024-05-18T17:04:46.532381+00:00] main.INFO: Broken reference: the 'notification.messages' tries to reorder itself towards 'user', but their parents are different: 'header.inner.right' and 'header' respectively. [] []
[2024-06-02T16:52:15.253090+00:00] main.ERROR: The "/var/www/html/magento2/var/cache/mage--b/mage---a6b_TRANSLATE_EN_US_ADMINHTML_ADMIN_MAGENTO_BACKEND_MAGENTO_BACKEND" file can't be deleted. Warning!unlink(/var/www/html/magento2/var/cache/mage--b/mage---a6b_TRANSLATE_EN_US_ADMINHTML_ADMIN_MAGENTO_BACKEND_MAGENTO_BACKEND): Permission denied The "/var/www/html/magento2/var/cache/mage--b/mage---a6b_AUTHORIZATION_ROLE_CACHED_DATA" file can't be deleted. Warning!unlink(/var/www/html/magento2/var/cache/mage--b/mage---a6b_AUTHORIZATION_ROLE_CACHED_DATA): Permission denied The "/var/www/html/magento2/var/cache/mage--b/mage---a6b_RELEASE_NOTIFICATION_POPUP_1" file can't be deleted. Warning!unlink(/var/www/html/magento2/var/cache/mage--b/mage---a6b_RELEASE_NOTIFICATION_POPUP_1): Permission denied The "/var/www/html/magento2/var/cache/mage--b/mage---a6b_TRANSLATE_EN_US_ADMINHTML_ADMIN_MAGENTO_BACKEND_" file can't be deleted. Warning!unlink(/var/www/html/magento2/var/cache/mage--b/mage---a6b_TRANSLATE_EN_US_ADMINHTML_ADMIN_MAGENTO_BACKEND_): Permission denied The "/var/www/html/magento2/var/cache/mage--b/mage---a6b_ATTRIBUTE_NAVIGATION_OPTION_COLOR_1" file can't be deleted. Warning!unlink(/var/www/html/magento2/var/cache/mage--b/mage---a6b_ATTRIBUTE_NAVIGATION_OPTION_COLOR_1): Permission denied The "/var/www/html/magento2/var/cache/mage--b/mage---a6b_PAYMENT_CONFIG" file can't be deleted. Warning!unlink(/var/www/html/magento2/var/cache/mage--b/mage---a6b_PAYMENT_CONFIG): Permission denied The "/var/www/html/magento2/var/cache/mage--4/mage---a6b_ATTRIBUTE_NAVIGATION_OPTION_MANUFACTURER_1" file can't be deleted. Warning!unlink(/var/www/html/magento2/var/cache/mage--4/mage---a6b_ATTRIBUTE_NAVIGATION_OPTION_MANUFACTURER_1): Permission denied The "/var/www/html/magento2/var/cache/mage--4/mage---a6b_ADDRESS_FORMAT" file can't be deleted. Warning!unlink(/var/www/html/magento2/var/cache/mage--4/mage---a6b_ADDRESS_FORMAT): Permission denied The "/var/www/html/magento2/var/cache/mage--4/mage---a6b_STRUCTURE_LAYOUT_ADMINHTML_STORE1_291FCCD54DA687AFC76A5D6559B714906" file can't be deleted. Warning!unlink(/var/www/html/magento2/var/cache/mage--4/mage---a6b_STRUCTURE_LAYOUT_ADMINHTML_STORE1_291FCCD54DA687AFC76A5D6559B714906): Permission denied The "/var/www/html/magento2/var/cache/mage--4/mage---a6b_ELASTICSEARCH_INDEX_CONFIG" file can't be deleted. Warning!unlink(/var/www/html/magento2/var/cache/mage--4/mage---a6b_ELASTICSEARCH_INDEX_CONFIG): Permission denied The "/var/www/html/magento2/var/cache/mage--4/mage---a6b_PRODUCT_TYPES_CONFIG" file can't be deleted. Warning!unlink(/var/www/html/magento2/var/cache/mage--4/mage---a6b_PRODUCT_TYPES_CONFIG): Permission denied The "/var/www/html/magento2/var/cache/mage--4/mage---a6b_ADMIN_USAGE_NOTIFICATION_POPUP" file can't be deleted. Warning!unlink(/var/www/html/magento2/var/cache/mage--4/mage---a6b_ADMIN_USAGE_NOTIFICATION_POPUP): Permission denied The "/var/www/html/magento2/var/cache/mage--4/mage---a6b_PRODUCT_LISTING_ATTRIBUTES4_1" file can't be deleted. Warning!unlink(/var/www/html/magento2/var/cache/mage--4/mage---a6b_PRODUCT_LISTING_ATTRIBUTES4_1): Permission denied The "/var/www/html/magento2/var/cache/mage--4/mage---a6b_BLOCK_3D02A9C6039C035B9A3C11D11BC2715C9929C9DA" file can't be deleted. Warning!unlink(/var/www/html/magento2/var/cache/mage--4/mage---a6b_BLOCK_3D02A9C6039C035B9A3C11D11BC2715C9929C9DA): Permission denied The "/var/www/html/magento2/var/cache/mage--d/mage---a6b_LAYOUT_FRONTEND_STORE1_36F1B068EC7CCF4878F9284DD1137AFD1_PAGE_LAYOUT_MERGED" file can't be deleted. Warning!unlink(/var/www/html/magento2/var/cache/mage--d/mage---a6b_LAYOUT_FRONTEND_STORE1_36F1B068EC7CCF4878F9284DD1137AFD1_PAGE_LAYOUT_MERGED): Permission denied The "/var/www/html/magento2/var/cache/mage--d/mage---a6b_EAV_ENTITY_TYPES" file can't be deleted. Warning!unlink(/var/www/html/magento2/var/cache/mage--d/mage---a6b_EAV_ENTITY_TYPES): Permission denied The "/var/www/html/magento2/var/cache/mage--d/mage---a6b_SYSTEM" file can't be deleted. Warning!unlink(/var/www/html/magento2/var/cache/mage--d/mage---a6b_SYSTEM): Permission denied The "/var/www/html/magento2/var/cache/mage--d/mage---a6b_FRONTEND__ROUTESCONFIG" file can't be deleted. Warning!unlink(/var/www/html/magento2/var/cache/mage--d/mage---a6b_FRONTEND__ROUTESCONFIG): Permission denied The "/var/www/html/magento2/var/cache/mage--d/mage---a6b_SYSTEM_STORES_1" file can't be deleted. Warning!unlink(/var/www/html/magento2/var/cache/mage--d/mage---a6b_SYSTEM_STORES_1): Permission denied The "/var/www/html/magento2/var/cache/mage--d/mage---a6b_REQUEST_DECLARATION" file can't be deleted. Warning!unlink(/var/www/html/magento2/var/cache/mage--d/mage---a6b_REQUEST_DECLARATION): Permission denied The "/var/www/html/magento2/var/cache/mage--d/mage---a6b_STRUCTURE_LAYOUT_ADMINHTML_STORE1_2D41D8CD98F00B204E9800998ECF8427E" file can't be deleted. Warning!unlink(/var/www/html/magento2/var/cache/mage--d/mage---a6b_STRUCTURE_LAYOUT_ADMINHTML_STORE1_2D41D8CD98F00B204E9800998ECF8427E): Permission denied The "/var/www/html/magento2/var/cache/mage--d/mage---a6b_THEMEFRONTEND_MAGENTO_LUMA" file can't be deleted. Warning!unlink(/var/www/html/magento2/var/cache/mage--d/mage---a6b_THEMEFRONTEND_MAGENTO_LUMA): Permission denied The "/var/www/html/magento2/var/cache/mage--d/mage---a6b_APP_108B5EBA5ECACA9F6E9F88D4CD04D6E0" file can't be deleted. Warning!unlink(/var/www/html/magento2/var/cache/mage--d/mage---a6b_APP_108B5EBA5ECACA9F6E9F88D4CD04D6E0): Permission denied The "/var/www/html/magento2/var/cache/mage--d/mage---a6b_THEMEFRONTEND_MAGENTO_BLANK" file can't be deleted. Warning!unlink(/var/www/html/magento2/var/cache/mage--d/mage---a6b_THEMEFRONTEND_MAGENTO_BLANK): Permission denied The "/var/www/html/magento2/var/cache/mage--1/mage---a6b_ASSIGNED_ROLE_1" file can't be deleted. Warning!unlink(/var/www/html/magento2/var/cache/mage--1/mage---a6b_ASSIGNED_ROLE_1): Permission denied The "/var/www/html/magento2/var/cache/mage--1/mage---a6b_LAYOUT_ADMINHTML_STORE1_26F1B068EC7CCF4878F9284DD1137AFD1_PAGE_LAYOUT_MERGED" file can't be deleted. Warning!unlink(/var/www/html/magento2/var/cache/mage--1/mage---a6b_LAYOUT_ADMINHTML_STORE1_26F1B068EC7CCF4878F9284DD1137AFD1_PAGE_LAYOUT_MERGED): Permission denied The "/var/www/html/magento2/var/cache/mage--1/mage---a6b_CONFIGURATION_FILES_ACCESS_LEVEL_VERIFICATION" file can't be deleted. Warning!unlink(/var/www/html/magento2/var/cache/mage--1/mage---a6b_CONFIGURATION_FILES_ACCESS_LEVEL_VERIFICATION): Permission denied The "/var/www/html/magento2/var/cache/mage--1/mage---a6b_BACKEND_MENU_OBJECT" file can't be deleted. Warning!unlink(/var/www/html/magento2/var/cache/mage--1/mage---a6b_BACKEND_MENU_OBJECT): Permission denied The "/var/www/html/magento2/var/cache/mage--1/mage---a6b_UI_COMPONENT_CONFIGURATION_DEFINITION_DATA" file can't be deleted. Warning!unlink(/var/www/html/magento2/var/cache/mage--1/mage---a6b_UI_COMPONENT_CONFIGURATION_DEFINITION_DATA): Permission denied The "/var/www/html/magento2/var/cache/mage--1/mage---a6b_SECTIONS_INVALIDATION_CONFIG" file can't be deleted. Warning!unlink(/var/www/html/magento2/var/cache/mage--1/mage---a6b_SECTIONS_INVALIDATION_CONFIG): Permission denied The "/var/www/html/magento2/var/cache/mage--1/mage---a6b_SYSTEM_STORES_ADMIN" file can't be deleted. Warning!unlink(/var/www/html/magento2/var/cache/mage--1/mage---a6b_SYSTEM_STORES_ADMIN): Permission denied The "/var/www/html/magento2/var/cache/mage--1/mage---a6b_DESIGN_CHANGE_61815F8074DD95FEBC2258CB5C6DAD64" file can't be deleted. Warning!unlink(/var/www/html/magento2/var/cache/mage--1/mage---a6b_DESIGN_CHANGE_61815F8074DD95FEBC2258CB5C6DAD64): Permission denied The "/var/www/html/magento2/var/cache/mage--1/mage---a6b_DB_PDO_MYSQL_DDL_SALES_ORDER_STATUS_1" file can't be deleted. Warning!unlink(/var/www/html/magento2/var/cache/mage--1/mage---a6b_DB_PDO_MYSQL_DDL_SALES_ORDER_STATUS_1): Permission denied The "/var/www/html/magento2/var/cache/mage--6/mage---a6b_THEME_BY_ID_2" file can't be deleted. Warning!unlink(/var/www/html/magento2/var/cache/mage--6/mage---a6b_THEME_BY_ID_2): Permission denied The "/var/www/html/magento2/var/cache/mage--6/mage---a6b_INITIAL_CONFIG" file can't be deleted. Warning!unlink(/var/www/html/magento2/var/cache/mage--6/mage---a6b_INITIAL_CONFIG): Permission denied The "/var/www/html/magento2/var/cache/mage--6/mage---a6b_APP_4169C5DEEEB8F84FEFBFAC574BE2769B" file can't be deleted. Warning!unlink(/var/www/html/magento2/var/cache/mage--6/mage---a6b_APP_4169C5DEEEB8F84FEFBFAC574BE2769B): Permission denied The "/var/www/html/magento2/var/cache/mage--6/mage---a6b_LAYOUT_FRONTEND_STORE1_3PAGE_LAYOUT" file can't be deleted. Warning!unlink(/var/www/html/magento2/var/cache/mage--6/mage---a6b_LAYOUT_FRONTEND_STORE1_3PAGE_LAYOUT): Permission denied The "/var/www/html/magento2/var/cache/mage--5/mage---a6b_DB_PDO_MYSQL_DDL_EAV_ATTRIBUTE_1" file can't be deleted. Warning!unlink(/var/www/html/magento2/var/cache/mage--5/mage---a6b_DB_PDO_MYSQL_DDL_EAV_ATTRIBUTE_1): Permission denied The "/var/www/html/magento2/var/cache/mage--5/mage---a6b_SYSTEM_STORES_FR" file can't be deleted. Warning!unlink(/var/www/html/magento2/var/cache/mage--5/mage---a6b_SYSTEM_STORES_FR): Permission denied The "/var/www/html/magento2/var/cache/mage--5/mage---a6b_SYSTEM_STORES_BE" file can't be deleted. Warning!unlink(/var/www/html/magento2/var/cache/mage--5/mage---a6b_SYSTEM_STORES_BE): Permission denied The "/var/www/html/magento2/var/cache/mage--5/mage---a6b_BLOCK_5F01CBE2D6FA2C9E67F34D317B8520D5CFECF2B0_1_FINAL_PRICE_LIST_CATEGORY_PAGE_USD_20240602_1_0_" file can't be deleted. Warning!unlink(/var/www/html/magento2/var/cache/mage--5/mage---a6b_BLOCK_5F01CBE2D6FA2C9E67F34D317B8520D5CFECF2B0_1_FINAL_PRICE_LIST_CATEGORY_PAGE_USD_20240602_1_0_): Permission denied The "/var/www/html/magento2/var/cache/mage--5/mage---a6b_BLOCK_5F01CBE2D6FA2C9E67F34D317B8520D5CFECF2B0_5_FINAL_PRICE_LIST_CATEGORY_PAGE_USD_20240528_1_0_" file can't be deleted. Warning!unlink(/var/www/html/magento2/var/cache/mage--5/mage---a6b_BLOCK_5F01CBE2D6FA2C9E67F34D317B8520D5CFECF2B0_5_FINAL_PRICE_LIST_CATEGORY_PAGE_USD_20240528_1_0_): Permission denied The "/var/www/html/magento2/var/cache/mage--5/mage---a6b_SYSTEM_WEBSITES_ADMIN" file can't be deleted. Warning!unlink(/var/www/html/magento2/var/cache/mage--5/mage---a6b_SYSTEM_WEBSITES_ADMIN): Permission denied The "/var/www/html/magento2/var/cache/mage--5/mage---a6b_ADMINHTML__RESOURCESCACHE" file can't be deleted. Warning!unlink(/var/www/html/magento2/var/cache/mage--5/mage---a6b_ADMINHTML__RESOURCESCACHE): Permission denied The "/var/www/html/magento2/var/cache/mage--5/mage---a6b_DB_PDO_MYSQL_DDL_SALES_ORDER_GRID_1" file can't be deleted. Warning!unlink(/var/www/html/magento2/var/cache/mage--5/mage---a6b_DB_PDO_MYSQL_DDL_SALES_ORDER_GRID_1): Permission denied The "/var/www/html/magento2/var/cache/mage--5/mage---a6b_PROVIDER_ACL_RESOURCES_CACHE" file can't be deleted. Warning!unlink(/var/www/html/magento2/var/cache/mage--5/mage---a6b_PROVIDER_ACL_RESOURCES_CACHE): Permission denied The "/var/www/html/magento2/var/cache/mage--3/mage---a6b_ADMIN_NOTIFICATIONS_LASTCHECK" file can't be deleted. Warning!unlink(/var/www/html/magento2/var/cache/mage--3/mage---a6b_ADMIN_NOTIFICATIONS_LASTCHECK): Permission denied The "/var/www/html/magento2/var/cache/mage--3/mage---a6b_EAV_ENTITY_ATTRIBUTES_CATALOG_PRODUCT_0_PRELOAD" file can't be deleted. Warning!unlink(/var/www/html/magento2/var/cache/mage--3/mage---a6b_EAV_ENTITY_ATTRIBUTES_CATALOG_PRODUCT_0_PRELOAD): Permission denied The "/var/www/html/magento2/var/cache/mage--3/mage---a6b_BLOCK_AA0D1879257E4BF454FAF87F1169A1BB7943FAFC" file can't be deleted. Warning!unlink(/var/www/html/magento2/var/cache/mage--3/mage---a6b_BLOCK_AA0D1879257E4BF454FAF87F1169A1BB7943FAFC): Permission denied The "/var/www/html/magento2/var/cache/mage--3/mage---a6b_PRODUCT_OPTIONS_CONFIG" file can't be deleted. Warning!unlink(/var/www/html/magento2/var/cache/mage--3/mage---a6b_PRODUCT_OPTIONS_CONFIG): Permission denied The "/var/www/html/magento2/var/cache/mage--3/mage---a6b_DB_PDO_MYSQL_DDL_ADMIN_USER_SESSION_1" file can't be deleted. Warning!unlink(/var/www/html/magento2/var/cache/mage--3/mage---a6b_DB_PDO_MYSQL_DDL_ADMIN_USER_SESSION_1): Permission denied The "/var/www/html/magento2/var/cache/mage--3/mage---a6b_SYSTEM_WEBSITES_0" file can't be deleted. Warning!unlink(/var/www/html/magento2/var/cache/mage--3/mage---a6b_SYSTEM_WEBSITES_0): Permission denied The "/var/www/html/magento2/var/cache/mage--3/mage---a6b_CRON_GROUPS_CONFIG_CACHE" file can't be deleted. Warning!unlink(/var/www/html/magento2/var/cache/mage--3/mage---a6b_CRON_GROUPS_CONFIG_CACHE): Permission denied The "/var/www/html/magento2/var/cache/mage--3/mage---a6b_PRODUCT_LISTING_SORT_BY_ATTRIBUTES4_1" file can't be deleted. Warning!unlink(/var/www/html/magento2/var/cache/mage--3/mage---a6b_PRODUCT_LISTING_SORT_BY_ATTRIBUTES4_1): Permission denied The "/var/www/html/magento2/var/cache/mage--3/mage---a6b_TRANSLATE_EN_US_ADMINHTML_ADMIN_MAGENTO_BACKEND_MAGENTO_UI" file can't be deleted. Warning!unlink(/var/www/html/magento2/var/cache/mage--3/mage---a6b_TRANSLATE_EN_US_ADMINHTML_ADMIN_MAGENTO_BACKEND_MAGENTO_UI): Permission denied The "/var/www/html/magento2/var/cache/mage--3/mage---a6b_ADMINHTML__EVENT_CONFIG_CACHE" file can't be deleted. Warning!unlink(/var/www/html/magento2/var/cache/mage--3/mage---a6b_ADMINHTML__EVENT_CONFIG_CACHE): Permission denied The "/var/www/html/magento2/var/cache/mage--3/mage---a6b_DB_IS_UP_TO_DATE" file can't be deleted. Warning!unlink(/var/www/html/magento2/var/cache/mage--3/mage---a6b_DB_IS_UP_TO_DATE): Permission denied The "/var/www/html/magento2/var/cache/mage--9/mage---a6b_BLOCK_5F01CBE2D6FA2C9E67F34D317B8520D5CFECF2B0_1_FINAL_PRICE_LIST_CATEGORY_PAGE_USD_20240528_1_0_" file can't be deleted. Warning!unlink(/var/www/html/magento2/var/cache/mage--9/mage---a6b_BLOCK_5F01CBE2D6FA2C9E67F34D317B8520D5CFECF2B0_1_FINAL_PRICE_LIST_CATEGORY_PAGE_USD_20240528_1_0_): Permission denied The "/var/www/html/magento2/var/cache/mage--9/mage---a6b_STRUCTURE_LAYOUT_ADMINHTML_STORE1_297367C484975343FEA5D20830D4FB758" file can't be deleted. Warning!unlink(/var/www/html/magento2/var/cache/mage--9/mage---a6b_STRUCTURE_LAYOUT_ADMINHTML_STORE1_297367C484975343FEA5D20830D4FB758): Permission denied The "/var/www/html/magento2/var/cache/mage--9/mage---a6b_FRONTEND__EVENT_CONFIG_CACHE" file can't be deleted. Warning!unlink(/var/www/html/magento2/var/cache/mage--9/mage---a6b_FRONTEND__EVENT_CONFIG_CACHE): Permission denied The "/var/www/html/magento2/var/cache/mage--9/mage---a6b_BLOCK_5F01CBE2D6FA2C9E67F34D317B8520D5CFECF2B0_4_FINAL_PRICE_LIST_CATEGORY_PAGE_USD_20240528_1_0_" file can't be deleted. Warning!unlink(/var/www/html/magento2/var/cache/mage--9/mage---a6b_BLOCK_5F01CBE2D6FA2C9E67F34D317B8520D5CFECF2B0_4_FINAL_PRICE_LIST_CATEGORY_PAGE_USD_20240528_1_0_): Permission denied The "/var/www/html/magento2/var/cache/mage--9/mage---a6b_LAYOUT_ADMINHTML_STORE1_297367C484975343FEA5D20830D4FB758_PAGE_LAYOUT_MERGED" file can't be deleted. Warning!unlink(/var/www/html/magento2/var/cache/mage--9/mage---a6b_LAYOUT_ADMINHTML_STORE1_297367C484975343FEA5D20830D4FB758_PAGE_LAYOUT_MERGED): Permission denied The "/var/www/html/magento2/var/cache/mage--9/mage---a6b_BLOCK_5F01CBE2D6FA2C9E67F34D317B8520D5CFECF2B0_6_FINAL_PRICE_LIST_CATEGORY_PAGE_USD_20240602_1_0_" file can't be deleted. Warning!unlink(/var/www/html/magento2/var/cache/mage--9/mage---a6b_BLOCK_5F01CBE2D6FA2C9E67F34D317B8520D5CFECF2B0_6_FINAL_PRICE_LIST_CATEGORY_PAGE_USD_20240602_1_0_): Permission denied The "/var/www/html/magento2/var/cache/mage--9/mage---a6b_UI_COMPONENT_CONFIGURATION_DATA_NOTIFICATION_AREA" file can't be deleted. Warning!unlink(/var/www/html/magento2/var/cache/mage--9/mage---a6b_UI_COMPONENT_CONFIGURATION_DATA_NOTIFICATION_AREA): Permission denied The "/var/www/html/magento2/var/cache/mage--9/mage---a6b_DB_PDO_MYSQL_DDL_SALES_ORDER_1" file can't be deleted. Warning!unlink(/var/www/html/magento2/var/cache/mage--9/mage---a6b_DB_PDO_MYSQL_DDL_SALES_ORDER_1): Permission denied The "/var/www/html/magento2/var/cache/mage--9/mage---a6b_BLOCK_CA2D04F236756BAF985ADFB6B192354441B4BC96" file can't be deleted. Warning!unlink(/var/www/html/magento2/var/cache/mage--9/mage---a6b_BLOCK_CA2D04F236756BAF985ADFB6B192354441B4BC96): Permission denied The "/var/www/html/magento2/var/cache/mage--9/mage---a6b_DB_PDO_MYSQL_DDL_CATALOG_CATEGORY_ENTITY_3" file can't be deleted. Warning!unlink(/var/www/html/magento2/var/cache/mage--9/mage---a6b_DB_PDO_MYSQL_DDL_CATALOG_CATEGORY_ENTITY_3): Permission denied The "/var/www/html/magento2/var/cache/mage--9/mage---a6b_LAYOUT_ADMINHTML_STORE1_2" file can't be deleted. Warning!unlink(/var/www/html/magento2/var/cache/mage--9/mage---a6b_LAYOUT_ADMINHTML_STORE1_2): Permission denied The "/var/www/html/magento2/var/cache/mage--9/mage---a6b_GLOBAL__RESOURCESCACHE" file can't be deleted. Warning!unlink(/var/www/html/magento2/var/cache/mage--9/mage---a6b_GLOBAL__RESOURCESCACHE): Permission denied The "/var/www/html/magento2/var/cache/mage--9/mage---a6b_SYSTEM_STORES_DEFAULT" file can't be deleted. Warning!unlink(/var/www/html/magento2/var/cache/mage--9/mage---a6b_SYSTEM_STORES_DEFAULT): Permission denied The "/var/www/html/magento2/var/cache/mage--9/mage---a6b_SYSTEM_STORES_2" file can't be deleted. Warning!unlink(/var/www/html/magento2/var/cache/mage--9/mage---a6b_SYSTEM_STORES_2): Permission denied The "/var/www/html/magento2/var/cache/mage--9/mage---a6b_STRUCTURE_LAYOUT_FRONTEND_STORE1_36F1B068EC7CCF4878F9284DD1137AFD1" file can't be deleted. Warning!unlink(/var/www/html/magento2/var/cache/mage--9/mage---a6b_STRUCTURE_LAYOUT_FRONTEND_STORE1_36F1B068EC7CCF4878F9284DD1137AFD1): Permission denied The "/var/www/html/magento2/var/cache/mage--9/mage---a6b_UI_COMPONENT_CONFIGURATION_DATA_ADMIN_USAGE_NOTIFICATION" file can't be deleted. Warning!unlink(/var/www/html/magento2/var/cache/mage--9/mage---a6b_UI_COMPONENT_CONFIGURATION_DATA_ADMIN_USAGE_NOTIFICATION): Permission denied The "/var/www/html/magento2/var/cache/mage--e/mage---a6b_BLOCK_5F01CBE2D6FA2C9E67F34D317B8520D5CFECF2B0_6_FINAL_PRICE_LIST_CATEGORY_PAGE_USD_20240528_1_0_" file can't be deleted. Warning!unlink(/var/www/html/magento2/var/cache/mage--e/mage---a6b_BLOCK_5F01CBE2D6FA2C9E67F34D317B8520D5CFECF2B0_6_FINAL_PRICE_LIST_CATEGORY_PAGE_USD_20240528_1_0_): Permission denied The "/var/www/html/magento2/var/cache/mage--e/mage---a6b_FRONTEND__CSP_WHITELIST_CONFIG" file can't be deleted. Warning!unlink(/var/www/html/magento2/var/cache/mage--e/mage---a6b_FRONTEND__CSP_WHITELIST_CONFIG): Permission denied The "/var/www/html/magento2/var/cache/mage--e/mage---a6b_SYSTEM_WEBSITES_1" file can't be deleted. Warning!unlink(/var/www/html/magento2/var/cache/mage--e/mage---a6b_SYSTEM_WEBSITES_1): Permission denied The "/var/www/html/magento2/var/cache/mage--e/mage---a6b_ADMINHTML__CSP_WHITELIST_CONFIG" file can't be deleted. Warning!unlink(/var/www/html/magento2/var/cache/mage--e/mage---a6b_ADMINHTML__CSP_WHITELIST_CONFIG): Permission denied The "/var/www/html/magento2/var/cache/mage--e/mage---a6b_BLOCK_5F01CBE2D6FA2C9E67F34D317B8520D5CFECF2B0_5_FINAL_PRICE_LIST_CATEGORY_PAGE_USD_20240602_1_0_" file can't be deleted. Warning!unlink(/var/www/html/magento2/var/cache/mage--e/mage---a6b_BLOCK_5F01CBE2D6FA2C9E67F34D317B8520D5CFECF2B0_5_FINAL_PRICE_LIST_CATEGORY_PAGE_USD_20240602_1_0_): Permission denied The "/var/www/html/magento2/var/cache/mage--e/mage---a6b_SYSTEM_STORES_0" file can't be deleted. Warning!unlink(/var/www/html/magento2/var/cache/mage--e/mage---a6b_SYSTEM_STORES_0): Permission denied The "/var/www/html/magento2/var/cache/mage--2/mage---a6b_UI_COMPONENT_CONFIGURATION_DATA_SALES_ORDER_GRID" file can't be deleted. Warning!unlink(/var/www/html/magento2/var/cache/mage--2/mage---a6b_UI_COMPONENT_CONFIGURATION_DATA_SALES_ORDER_GRID): Permission denied The "/var/www/html/magento2/var/cache/mage--2/mage---a6b_EAV_ENTITY_ATTRIBUTES_3_1_3" file can't be deleted. Warning!unlink(/var/www/html/magento2/var/cache/mage--2/mage---a6b_EAV_ENTITY_ATTRIBUTES_3_1_3): Permission denied The "/var/www/html/magento2/var/cache/mage--2/mage---a6b_SYSTEM_WEBSITES_BASE" file can't be deleted. Warning!unlink(/var/www/html/magento2/var/cache/mage--2/mage---a6b_SYSTEM_WEBSITES_BASE): Permission denied The "/var/www/html/magento2/var/cache/mage--2/mage---a6b_THEME_BY_ID_1" file can't be deleted. Warning!unlink(/var/www/html/magento2/var/cache/mage--2/mage---a6b_THEME_BY_ID_1): Permission denied The "/var/www/html/magento2/var/cache/mage--2/mage---a6b_LAYOUT_FRONTEND_STORE1_3A7CCD8094436548B564A588F6303121C_PAGE_LAYOUT_MERGED" file can't be deleted. Warning!unlink(/var/www/html/magento2/var/cache/mage--2/mage---a6b_LAYOUT_FRONTEND_STORE1_3A7CCD8094436548B564A588F6303121C_PAGE_LAYOUT_MERGED): Permission denied The "/var/www/html/magento2/var/cache/mage--2/mage---a6b_STRUCTURE_LAYOUT_FRONTEND_STORE1_33D71BA78AE960DA8A09926256277F03D" file can't be deleted. Warning!unlink(/var/www/html/magento2/var/cache/mage--2/mage---a6b_STRUCTURE_LAYOUT_FRONTEND_STORE1_33D71BA78AE960DA8A09926256277F03D): Permission denied The "/var/www/html/magento2/var/cache/mage--2/mage---a6b_LAYOUT_ADMINHTML_STORE1_2D41D8CD98F00B204E9800998ECF8427E_PAGE_LAYOUT_MERGED" file can't be deleted. Warning!unlink(/var/www/html/magento2/var/cache/mage--2/mage---a6b_LAYOUT_ADMINHTML_STORE1_2D41D8CD98F00B204E9800998ECF8427E_PAGE_LAYOUT_MERGED): Permission denied The "/var/www/html/magento2/var/cache/mage--2/mage---a6b_LAYOUT_ADMINHTML_STORE1_2CF9AB1B1723BEDC1DCD665A812B00335_PAGE_LAYOUT_MERGED" file can't be deleted. Warning!unlink(/var/www/html/magento2/var/cache/mage--2/mage---a6b_LAYOUT_ADMINHTML_STORE1_2CF9AB1B1723BEDC1DCD665A812B00335_PAGE_LAYOUT_MERGED): Permission denied The "/var/www/html/magento2/var/cache/mage--7/mage---a6b_GLOBAL__EVENT_CONFIG_CACHE" file can't be deleted. Warning!unlink(/var/www/html/magento2/var/cache/mage--7/mage---a6b_GLOBAL__EVENT_CONFIG_CACHE): Permission denied The "/var/www/html/magento2/var/cache/mage--7/mage---a6b_DB_PDO_MYSQL_DDL_THEME_1" file can't be deleted. Warning!unlink(/var/www/html/magento2/var/cache/mage--7/mage---a6b_DB_PDO_MYSQL_DDL_THEME_1): Permission denied The "/var/www/html/magento2/var/cache/mage--7/mage---a6b_GLOBAL__CSP_WHITELIST_CONFIG" file can't be deleted. Warning!unlink(/var/www/html/magento2/var/cache/mage--7/mage---a6b_GLOBAL__CSP_WHITELIST_CONFIG): Permission denied The "/var/www/html/magento2/var/cache/mage--7/mage---a6b_TRANSLATE_EN_US_FRONTEND_DEFAULT_MAGENTO_LUMA_" file can't be deleted. Warning!unlink(/var/www/html/magento2/var/cache/mage--7/mage---a6b_TRANSLATE_EN_US_FRONTEND_DEFAULT_MAGENTO_LUMA_): Permission denied The "/var/www/html/magento2/var/cache/mage--7/mage---a6b_LAYOUT_FRONTEND_STORE1_33D71BA78AE960DA8A09926256277F03D_PAGE_LAYOUT_MERGED" file can't be deleted. Warning!unlink(/var/www/html/magento2/var/cache/mage--7/mage---a6b_LAYOUT_FRONTEND_STORE1_33D71BA78AE960DA8A09926256277F03D_PAGE_LAYOUT_MERGED): Permission denied The "/var/www/html/magento2/var/cache/mage--f/mage---a6b_DESIGN_CHANGE_8913047A70C000DCF28C8037E3120C8A" file can't be deleted. Warning!unlink(/var/www/html/magento2/var/cache/mage--f/mage---a6b_DESIGN_CHANGE_8913047A70C000DCF28C8037E3120C8A): Permission denied The "/var/www/html/magento2/var/cache/mage--f/mage---a6b_EXTENSION_ATTRIBUTES_CONFIG" file can't be deleted. Warning!unlink(/var/www/html/magento2/var/cache/mage--f/mage---a6b_EXTENSION_ATTRIBUTES_CONFIG): Permission denied The "/var/www/html/magento2/var/cache/mage--f/mage---a6b_FRONTEND__RESOURCESCACHE" file can't be deleted. Warning!unlink(/var/www/html/magento2/var/cache/mage--f/mage---a6b_FRONTEND__RESOURCESCACHE): Permission denied The "/var/www/html/magento2/var/cache/mage--f/mage---a6b_BLOCK_422AB2B4F081F4B226BE37D9ED498E98CF44371D" file can't be deleted. Warning!unlink(/var/www/html/magento2/var/cache/mage--f/mage---a6b_BLOCK_422AB2B4F081F4B226BE37D9ED498E98CF44371D): Permission denied The "/var/www/html/magento2/var/cache/mage--f/mage---a6b_BLOCK_9A6A414B51F5233B683AE8E0539BBDAFD756E2C0" file can't be deleted. Warning!unlink(/var/www/html/magento2/var/cache/mage--f/mage---a6b_BLOCK_9A6A414B51F5233B683AE8E0539BBDAFD756E2C0): Permission denied The "/var/www/html/magento2/var/cache/mage--f/mage---a6b_LAYOUT_ADMINHTML_STORE1_291FCCD54DA687AFC76A5D6559B714906_PAGE_LAYOUT_MERGED" file can't be deleted. Warning!unlink(/var/www/html/magento2/var/cache/mage--f/mage---a6b_LAYOUT_ADMINHTML_STORE1_291FCCD54DA687AFC76A5D6559B714906_PAGE_LAYOUT_MERGED): Permission denied The "/var/www/html/magento2/var/cache/mage--f/mage---a6b_SYSTEM_DEFAULT" file can't be deleted. Warning!unlink(/var/www/html/magento2/var/cache/mage--f/mage---a6b_SYSTEM_DEFAULT): Permission denied The "/var/www/html/magento2/var/cache/mage--f/mage---a6b_THEMEADMINHTML_MAGENTO_BACKEND" file can't be deleted. Warning!unlink(/var/www/html/magento2/var/cache/mage--f/mage---a6b_THEMEADMINHTML_MAGENTO_BACKEND): Permission denied The "/var/www/html/magento2/var/cache/mage--f/mage---a6b_LAYOUT_ADMINHTML_STORE1_2PAGE_LAYOUT" file can't be deleted. Warning!unlink(/var/www/html/magento2/var/cache/mage--f/mage---a6b_LAYOUT_ADMINHTML_STORE1_2PAGE_LAYOUT): Permission denied The "/var/www/html/magento2/var/cache/mage--c/mage---a6b_SYSTEM_SCOPES" file can't be deleted. Warning!unlink(/var/www/html/magento2/var/cache/mage--c/mage---a6b_SYSTEM_SCOPES): Permission denied The "/var/www/html/magento2/var/cache/mage--c/mage---a6b_DB_PDO_MYSQL_DDL_SETUP_MODULE_5" file can't be deleted. Warning!unlink(/var/www/html/magento2/var/cache/mage--c/mage---a6b_DB_PDO_MYSQL_DDL_SETUP_MODULE_5): Permission denied The "/var/www/html/magento2/var/cache/mage--c/mage---a6b_ADMINHTML__ROUTESCONFIG" file can't be deleted. Warning!unlink(/var/www/html/magento2/var/cache/mage--c/mage---a6b_ADMINHTML__ROUTESCONFIG): Permission denied The "/var/www/html/magento2/var/cache/mage--c/mage---a6b_RELEASE_NOTIFICATION_CONTENT_2__4__6_COMMUNITY_EN_US" file can't be deleted. Warning!unlink(/var/www/html/magento2/var/cache/mage--c/mage---a6b_RELEASE_NOTIFICATION_CONTENT_2__4__6_COMMUNITY_EN_US): Permission denied The "/var/www/html/magento2/var/cache/mage--c/mage---a6b_AUTHORIZATION_RULE_CACHED_DATA" file can't be deleted. Warning!unlink(/var/www/html/magento2/var/cache/mage--c/mage---a6b_AUTHORIZATION_RULE_CACHED_DATA): Permission denied The "/var/www/html/magento2/var/cache/mage--c/mage---a6b_UI_COMPONENT_CONFIGURATION_DATA_RELEASE_NOTIFICATION" file can't be deleted. Warning!unlink(/var/www/html/magento2/var/cache/mage--c/mage---a6b_UI_COMPONENT_CONFIGURATION_DATA_RELEASE_NOTIFICATION): Permission denied The "/var/www/html/magento2/var/cache/mage--0/mage---a6b_BLOCK_5111BDFC99718462F930F1EA62B3F5F314B7B506" file can't be deleted. Warning!unlink(/var/www/html/magento2/var/cache/mage--0/mage---a6b_BLOCK_5111BDFC99718462F930F1EA62B3F5F314B7B506): Permission denied The "/var/www/html/magento2/var/cache/mage--0/mage---a6b_INDEXER_CONFIG" file can't be deleted. Warning!unlink(/var/www/html/magento2/var/cache/mage--0/mage---a6b_INDEXER_CONFIG): Permission denied The "/var/www/html/magento2/var/cache/mage--0/mage---a6b_DB_PDO_MYSQL_DDL_CATALOG_PRODUCT_ENTITY_3" file can't be deleted. Warning!unlink(/var/www/html/magento2/var/cache/mage--0/mage---a6b_DB_PDO_MYSQL_DDL_CATALOG_PRODUCT_ENTITY_3): Permission denied The "/var/www/html/magento2/var/cache/mage--0/mage---a6b_RESOLVED_STORES_D1BEFA03C79CA0B84ECC488DEA96BC68" file can't be deleted. Warning!unlink(/var/www/html/magento2/var/cache/mage--0/mage---a6b_RESOLVED_STORES_D1BEFA03C79CA0B84ECC488DEA96BC68): Permission denied The "/var/www/html/magento2/var/cache/mage--0/mage---a6b_DB_PDO_MYSQL_DDL_CATALOG_PRODUCT_ENTITY_1" file can't be deleted. Warning!unlink(/var/www/html/magento2/var/cache/mage--0/mage---a6b_DB_PDO_MYSQL_DDL_CATALOG_PRODUCT_ENTITY_1): Permission denied The "/var/www/html/magento2/var/cache/mage--0/mage---a6b_LAYOUT_FRONTEND_STORE1_3" file can't be deleted. Warning!unlink(/var/www/html/magento2/var/cache/mage--0/mage---a6b_LAYOUT_FRONTEND_STORE1_3): Permission denied The "/var/www/html/magento2/var/cache/mage--a/mage---a6b_STRUCTURE_LAYOUT_ADMINHTML_STORE1_26F1B068EC7CCF4878F9284DD1137AFD1" file can't be deleted. Warning!unlink(/var/www/html/magento2/var/cache/mage--a/mage---a6b_STRUCTURE_LAYOUT_ADMINHTML_STORE1_26F1B068EC7CCF4878F9284DD1137AFD1): Permission denied The "/var/www/html/magento2/var/cache/mage--a/mage---a6b_APP_ACTION_LIST" file can't be deleted. Warning!unlink(/var/www/html/magento2/var/cache/mage--a/mage---a6b_APP_ACTION_LIST): Permission denied The "/var/www/html/magento2/var/cache/mage--a/mage---a6b_APP_35C0BF370AE35F8C482DC31B8A81FC2F" file can't be deleted. Warning!unlink(/var/www/html/magento2/var/cache/mage--a/mage---a6b_APP_35C0BF370AE35F8C482DC31B8A81FC2F): Permission denied The "/var/www/html/magento2/var/cache/mage--a/mage---a6b_UI_COMPONENT_TEMPLATES" file can't be deleted. Warning!unlink(/var/www/html/magento2/var/cache/mage--a/mage---a6b_UI_COMPONENT_TEMPLATES): Permission denied The "/var/www/html/magento2/var/cache/mage--8/mage---a6b_APP_CE79F7EF764E9F981C8549B9DBEC468F" file can't be deleted. Warning!unlink(/var/www/html/magento2/var/cache/mage--8/mage---a6b_APP_CE79F7EF764E9F981C8549B9DBEC468F): Permission denied The "/var/www/html/magento2/var/cache/mage--8/mage---a6b_BLOCK_5F01CBE2D6FA2C9E67F34D317B8520D5CFECF2B0_4_FINAL_PRICE_LIST_CATEGORY_PAGE_USD_20240602_1_0_" file can't be deleted. Warning!unlink(/var/www/html/magento2/var/cache/mage--8/mage---a6b_BLOCK_5F01CBE2D6FA2C9E67F34D317B8520D5CFECF2B0_4_FINAL_PRICE_LIST_CATEGORY_PAGE_USD_20240602_1_0_): Permission denied The "/var/www/html/magento2/var/cache/mage--8/mage---a6b_MAGE_VERSION" file can't be deleted. Warning!unlink(/var/www/html/magento2/var/cache/mage--8/mage---a6b_MAGE_VERSION): Permission denied The "/var/www/html/magento2/var/cache/mage--8/mage---a6b_TRANSLATE_EN_US_ADMINHTML_ADMIN_MAGENTO_BACKEND_MAGENTO_SALES" file can't be deleted. Warning!unlink(/var/www/html/magento2/var/cache/mage--8/mage---a6b_TRANSLATE_EN_US_ADMINHTML_ADMIN_MAGENTO_BACKEND_MAGENTO_SALES): Permission denied The "/var/www/html/magento2/var/cache/mage--8/mage---a6b_SYSTEM_STORES_3" file can't be deleted. Warning!unlink(/var/www/html/magento2/var/cache/mage--8/mage---a6b_SYSTEM_STORES_3): Permission denied The "/var/www/html/magento2/var/cache/mage--8/mage---a6b_THEME_BY_ID_3" file can't be deleted. Warning!unlink(/var/www/html/magento2/var/cache/mage--8/mage---a6b_THEME_BY_ID_3): Permission denied The "/var/www/html/magento2/var/cache/mage--b/mage---a6b_TRANSLATE_EN_US_ADMINHTML_ADMIN_MAGENTO_BACKEND_MAGENTO_BACKEND" file can't be deleted. Warning!unlink(/var/www/html/magento2/var/cache/mage--b/mage---a6b_TRANSLATE_EN_US_ADMINHTML_ADMIN_MAGENTO_BACKEND_MAGENTO_BACKEND): Permission denied The "/var/www/html/magento2/var/cache/mage--b/mage---a6b_AUTHORIZATION_ROLE_CACHED_DATA" file can't be deleted. Warning!unlink(/var/www/html/magento2/var/cache/mage--b/mage---a6b_AUTHORIZATION_ROLE_CACHED_DATA): Permission denied The "/var/www/html/magento2/var/cache/mage--b/mage---a6b_RELEASE_NOTIFICATION_POPUP_1" file can't be deleted. Warning!unlink(/var/www/html/magento2/var/cache/mage--b/mage---a6b_RELEASE_NOTIFICATION_POPUP_1): Permission denied The "/var/www/html/magento2/var/cache/mage--b/mage---a6b_TRANSLATE_EN_US_ADMINHTML_ADMIN_MAGENTO_BACKEND_" file can't be deleted. Warning!unlink(/var/www/html/magento2/var/cache/mage--b/mage---a6b_TRANSLATE_EN_US_ADMINHTML_ADMIN_MAGENTO_BACKEND_): Permission denied The "/var/www/html/magento2/var/cache/mage--b/mage---a6b_ATTRIBUTE_NAVIGATION_OPTION_COLOR_1" file can't be deleted. Warning!unlink(/var/www/html/magento2/var/cache/mage--b/mage---a6b_ATTRIBUTE_NAVIGATION_OPTION_COLOR_1): Permission denied The "/var/www/html/magento2/var/cache/mage--b/mage---a6b_PAYMENT_CONFIG" file can't be deleted. Warning!unlink(/var/www/html/magento2/var/cache/mage--b/mage---a6b_PAYMENT_CONFIG): Permission denied The "/var/www/html/magento2/var/cache/mage--4/mage---a6b_ATTRIBUTE_NAVIGATION_OPTION_MANUFACTURER_1" file can't be deleted. Warning!unlink(/var/www/html/magento2/var/cache/mage--4/mage---a6b_ATTRIBUTE_NAVIGATION_OPTION_MANUFACTURER_1): Permission denied The "/var/www/html/magento2/var/cache/mage--4/mage---a6b_ADDRESS_FORMAT" file can't be deleted. Warning!unlink(/var/www/html/magento2/var/cache/mage--4/mage---a6b_ADDRESS_FORMAT): Permission denied The "/var/www/html/magento2/var/cache/mage--4/mage---a6b_STRUCTURE_LAYOUT_ADMINHTML_STORE1_291FCCD54DA687AFC76A5D6559B714906" file can't be deleted. Warning!unlink(/var/www/html/magento2/var/cache/mage--4/mage---a6b_STRUCTURE_LAYOUT_ADMINHTML_STORE1_291FCCD54DA687AFC76A5D6559B714906): Permission denied The "/var/www/html/magento2/var/cache/mage--4/mage---a6b_ELASTICSEARCH_INDEX_CONFIG" file can't be deleted. Warning!unlink(/var/www/html/magento2/var/cache/mage--4/mage---a6b_ELASTICSEARCH_INDEX_CONFIG): Permission denied The "/var/www/html/magento2/var/cache/mage--4/mage---a6b_PRODUCT_TYPES_CONFIG" file can't be deleted. Warning!unlink(/var/www/html/magento2/var/cache/mage--4/mage---a6b_PRODUCT_TYPES_CONFIG): Permission denied The "/var/www/html/magento2/var/cache/mage--4/mage---a6b_ADMIN_USAGE_NOTIFICATION_POPUP" file can't be deleted. Warning!unlink(/var/www/html/magento2/var/cache/mage--4/mage---a6b_ADMIN_USAGE_NOTIFICATION_POPUP): Permission denied The "/var/www/html/magento2/var/cache/mage--4/mage---a6b_PRODUCT_LISTING_ATTRIBUTES4_1" file can't be deleted. Warning!unlink(/var/www/html/magento2/var/cache/mage--4/mage---a6b_PRODUCT_LISTING_ATTRIBUTES4_1): Permission denied The "/var/www/html/magento2/var/cache/mage--4/mage---a6b_BLOCK_3D02A9C6039C035B9A3C11D11BC2715C9929C9DA" file can't be deleted. Warning!unlink(/var/www/html/magento2/var/cache/mage--4/mage---a6b_BLOCK_3D02A9C6039C035B9A3C11D11BC2715C9929C9DA): Permission denied The "/var/www/html/magento2/var/cache/mage--d/mage---a6b_LAYOUT_FRONTEND_STORE1_36F1B068EC7CCF4878F9284DD1137AFD1_PAGE_LAYOUT_MERGED" file can't be deleted. Warning!unlink(/var/www/html/magento2/var/cache/mage--d/mage---a6b_LAYOUT_FRONTEND_STORE1_36F1B068EC7CCF4878F9284DD1137AFD1_PAGE_LAYOUT_MERGED): Permission denied The "/var/www/html/magento2/var/cache/mage--d/mage---a6b_EAV_ENTITY_TYPES" file can't be deleted. Warning!unlink(/var/www/html/magento2/var/cache/mage--d/mage---a6b_EAV_ENTITY_TYPES): Permission denied The "/var/www/html/magento2/var/cache/mage--d/mage---a6b_SYSTEM" file can't be deleted. Warning!unlink(/var/www/html/magento2/var/cache/mage--d/mage---a6b_SYSTEM): Permission denied The "/var/www/html/magento2/var/cache/mage--d/mage---a6b_FRONTEND__ROUTESCONFIG" file can't be deleted. Warning!unlink(/var/www/html/magento2/var/cache/mage--d/mage---a6b_FRONTEND__ROUTESCONFIG): Permission denied The "/var/www/html/magento2/var/cache/mage--d/mage---a6b_SYSTEM_STORES_1" file can't be deleted. Warning!unlink(/var/www/html/magento2/var/cache/mage--d/mage---a6b_SYSTEM_STORES_1): Permission denied The "/var/www/html/magento2/var/cache/mage--d/mage---a6b_REQUEST_DECLARATION" file can't be deleted. Warning!unlink(/var/www/html/magento2/var/cache/mage--d/mage---a6b_REQUEST_DECLARATION): Permission denied The "/var/www/html/magento2/var/cache/mage--d/mage---a6b_STRUCTURE_LAYOUT_ADMINHTML_STORE1_2D41D8CD98F00B204E9800998ECF8427E" file can't be deleted. Warning!unlink(/var/www/html/magento2/var/cache/mage--d/mage---a6b_STRUCTURE_LAYOUT_ADMINHTML_STORE1_2D41D8CD98F00B204E9800998ECF8427E): Permission denied The "/var/www/html/magento2/var/cache/mage--d/mage---a6b_THEMEFRONTEND_MAGENTO_LUMA" file can't be deleted. Warning!unlink(/var/www/html/magento2/var/cache/mage--d/mage---a6b_THEMEFRONTEND_MAGENTO_LUMA): Permission denied The "/var/www/html/magento2/var/cache/mage--d/mage---a6b_APP_108B5EBA5ECACA9F6E9F88D4CD04D6E0" file can't be deleted. Warning!unlink(/var/www/html/magento2/var/cache/mage--d/mage---a6b_APP_108B5EBA5ECACA9F6E9F88D4CD04D6E0): Permission denied The "/var/www/html/magento2/var/cache/mage--d/mage---a6b_THEMEFRONTEND_MAGENTO_BLANK" file can't be deleted. Warning!unlink(/var/www/html/magento2/var/cache/mage--d/mage---a6b_THEMEFRONTEND_MAGENTO_BLANK): Permission denied The "/var/www/html/magento2/var/cache/mage--1/mage---a6b_ASSIGNED_ROLE_1" file can't be deleted. Warning!unlink(/var/www/html/magento2/var/cache/mage--1/mage---a6b_ASSIGNED_ROLE_1): Permission denied The "/var/www/html/magento2/var/cache/mage--1/mage---a6b_LAYOUT_ADMINHTML_STORE1_26F1B068EC7CCF4878F9284DD1137AFD1_PAGE_LAYOUT_MERGED" file can't be deleted. Warning!unlink(/var/www/html/magento2/var/cache/mage--1/mage---a6b_LAYOUT_ADMINHTML_STORE1_26F1B068EC7CCF4878F9284DD1137AFD1_PAGE_LAYOUT_MERGED): Permission denied The "/var/www/html/magento2/var/cache/mage--1/mage---a6b_CONFIGURATION_FILES_ACCESS_LEVEL_VERIFICATION" file can't be deleted. Warning!unlink(/var/www/html/magento2/var/cache/mage--1/mage---a6b_CONFIGURATION_FILES_ACCESS_LEVEL_VERIFICATION): Permission denied The "/var/www/html/magento2/var/cache/mage--1/mage---a6b_BACKEND_MENU_OBJECT" file can't be deleted. Warning!unlink(/var/www/html/magento2/var/cache/mage--1/mage---a6b_BACKEND_MENU_OBJECT): Permission denied The "/var/www/html/magento2/var/cache/mage--1/mage---a6b_UI_COMPONENT_CONFIGURATION_DEFINITION_DATA" file can't be deleted. Warning!unlink(/var/www/html/magento2/var/cache/mage--1/mage---a6b_UI_COMPONENT_CONFIGURATION_DEFINITION_DATA): Permission denied The "/var/www/html/magento2/var/cache/mage--1/mage---a6b_SECTIONS_INVALIDATION_CONFIG" file can't be deleted. Warning!unlink(/var/www/html/magento2/var/cache/mage--1/mage---a6b_SECTIONS_INVALIDATION_CONFIG): Permission denied The "/var/www/html/magento2/var/cache/mage--1/mage---a6b_SYSTEM_STORES_ADMIN" file can't be deleted. Warning!unlink(/var/www/html/magento2/var/cache/mage--1/mage---a6b_SYSTEM_STORES_ADMIN): Permission denied The "/var/www/html/magento2/var/cache/mage--1/mage---a6b_DESIGN_CHANGE_61815F8074DD95FEBC2258CB5C6DAD64" file can't be deleted. Warning!unlink(/var/www/html/magento2/var/cache/mage--1/mage---a6b_DESIGN_CHANGE_61815F8074DD95FEBC2258CB5C6DAD64): Permission denied The "/var/www/html/magento2/var/cache/mage--1/mage---a6b_DB_PDO_MYSQL_DDL_SALES_ORDER_STATUS_1" file can't be deleted. Warning!unlink(/var/www/html/magento2/var/cache/mage--1/mage---a6b_DB_PDO_MYSQL_DDL_SALES_ORDER_STATUS_1): Permission denied The "/var/www/html/magento2/var/cache/mage--6/mage---a6b_THEME_BY_ID_2" file can't be deleted. Warning!unlink(/var/www/html/magento2/var/cache/mage--6/mage---a6b_THEME_BY_ID_2): Permission denied The "/var/www/html/magento2/var/cache/mage--6/mage---a6b_INITIAL_CONFIG" file can't be deleted. Warning!unlink(/var/www/html/magento2/var/cache/mage--6/mage---a6b_INITIAL_CONFIG): Permission denied The "/var/www/html/magento2/var/cache/mage--6/mage---a6b_APP_4169C5DEEEB8F84FEFBFAC574BE2769B" file can't be deleted. Warning!unlink(/var/www/html/magento2/var/cache/mage--6/mage---a6b_APP_4169C5DEEEB8F84FEFBFAC574BE2769B): Permission denied The "/var/www/html/magento2/var/cache/mage--6/mage---a6b_LAYOUT_FRONTEND_STORE1_3PAGE_LAYOUT" file can't be deleted. Warning!unlink(/var/www/html/magento2/var/cache/mage--6/mage---a6b_LAYOUT_FRONTEND_STORE1_3PAGE_LAYOUT): Permission denied The "/var/www/html/magento2/var/cache/mage--5/mage---a6b_DB_PDO_MYSQL_DDL_EAV_ATTRIBUTE_1" file can't be deleted. Warning!unlink(/var/www/html/magento2/var/cache/mage--5/mage---a6b_DB_PDO_MYSQL_DDL_EAV_ATTRIBUTE_1): Permission denied The "/var/www/html/magento2/var/cache/mage--5/mage---a6b_SYSTEM_STORES_FR" file can't be deleted. Warning!unlink(/var/www/html/magento2/var/cache/mage--5/mage---a6b_SYSTEM_STORES_FR): Permission denied The "/var/www/html/magento2/var/cache/mage--5/mage---a6b_SYSTEM_STORES_BE" file can't be deleted. Warning!unlink(/var/www/html/magento2/var/cache/mage--5/mage---a6b_SYSTEM_STORES_BE): Permission denied The "/var/www/html/magento2/var/cache/mage--5/mage---a6b_BLOCK_5F01CBE2D6FA2C9E67F34D317B8520D5CFECF2B0_1_FINAL_PRICE_LIST_CATEGORY_PAGE_USD_20240602_1_0_" file can't be deleted. Warning!unlink(/var/www/html/magento2/var/cache/mage--5/mage---a6b_BLOCK_5F01CBE2D6FA2C9E67F34D317B8520D5CFECF2B0_1_FINAL_PRICE_LIST_CATEGORY_PAGE_USD_20240602_1_0_): Permission denied The "/var/www/html/magento2/var/cache/mage--5/mage---a6b_BLOCK_5F01CBE2D6FA2C9E67F34D317B8520D5CFECF2B0_5_FINAL_PRICE_LIST_CATEGORY_PAGE_USD_20240528_1_0_" file can't be deleted. Warning!unlink(/var/www/html/magento2/var/cache/mage--5/mage---a6b_BLOCK_5F01CBE2D6FA2C9E67F34D317B8520D5CFECF2B0_5_FINAL_PRICE_LIST_CATEGORY_PAGE_USD_20240528_1_0_): Permission denied The "/var/www/html/magento2/var/cache/mage--5/mage---a6b_SYSTEM_WEBSITES_ADMIN" file can't be deleted. Warning!unlink(/var/www/html/magento2/var/cache/mage--5/mage---a6b_SYSTEM_WEBSITES_ADMIN): Permission denied The "/var/www/html/magento2/var/cache/mage--5/mage---a6b_ADMINHTML__RESOURCESCACHE" file can't be deleted. Warning!unlink(/var/www/html/magento2/var/cache/mage--5/mage---a6b_ADMINHTML__RESOURCESCACHE): Permission denied The "/var/www/html/magento2/var/cache/mage--5/mage---a6b_DB_PDO_MYSQL_DDL_SALES_ORDER_GRID_1" file can't be deleted. Warning!unlink(/var/www/html/magento2/var/cache/mage--5/mage---a6b_DB_PDO_MYSQL_DDL_SALES_ORDER_GRID_1): Permission denied The "/var/www/html/magento2/var/cache/mage--5/mage---a6b_PROVIDER_ACL_RESOURCES_CACHE" file can't be deleted. Warning!unlink(/var/www/html/magento2/var/cache/mage--5/mage---a6b_PROVIDER_ACL_RESOURCES_CACHE): Permission denied The "/var/www/html/magento2/var/cache/mage--3/mage---a6b_ADMIN_NOTIFICATIONS_LASTCHECK" file can't be deleted. Warning!unlink(/var/www/html/magento2/var/cache/mage--3/mage---a6b_ADMIN_NOTIFICATIONS_LASTCHECK): Permission denied The "/var/www/html/magento2/var/cache/mage--3/mage---a6b_EAV_ENTITY_ATTRIBUTES_CATALOG_PRODUCT_0_PRELOAD" file can't be deleted. Warning!unlink(/var/www/html/magento2/var/cache/mage--3/mage---a6b_EAV_ENTITY_ATTRIBUTES_CATALOG_PRODUCT_0_PRELOAD): Permission denied The "/var/www/html/magento2/var/cache/mage--3/mage---a6b_BLOCK_AA0D1879257E4BF454FAF87F1169A1BB7943FAFC" file can't be deleted. Warning!unlink(/var/www/html/magento2/var/cache/mage--3/mage---a6b_BLOCK_AA0D1879257E4BF454FAF87F1169A1BB7943FAFC): Permission denied The "/var/www/html/magento2/var/cache/mage--3/mage---a6b_PRODUCT_OPTIONS_CONFIG" file can't be deleted. Warning!unlink(/var/www/html/magento2/var/cache/mage--3/mage---a6b_PRODUCT_OPTIONS_CONFIG): Permission denied The "/var/www/html/magento2/var/cache/mage--3/mage---a6b_DB_PDO_MYSQL_DDL_ADMIN_USER_SESSION_1" file can't be deleted. Warning!unlink(/var/www/html/magento2/var/cache/mage--3/mage---a6b_DB_PDO_MYSQL_DDL_ADMIN_USER_SESSION_1): Permission denied The "/var/www/html/magento2/var/cache/mage--3/mage---a6b_SYSTEM_WEBSITES_0" file can't be deleted. Warning!unlink(/var/www/html/magento2/var/cache/mage--3/mage---a6b_SYSTEM_WEBSITES_0): Permission denied The "/var/www/html/magento2/var/cache/mage--3/mage---a6b_CRON_GROUPS_CONFIG_CACHE" file can't be deleted. Warning!unlink(/var/www/html/magento2/var/cache/mage--3/mage---a6b_CRON_GROUPS_CONFIG_CACHE): Permission denied The "/var/www/html/magento2/var/cache/mage--3/mage---a6b_PRODUCT_LISTING_SORT_BY_ATTRIBUTES4_1" file can't be deleted. Warning!unlink(/var/www/html/magento2/var/cache/mage--3/mage---a6b_PRODUCT_LISTING_SORT_BY_ATTRIBUTES4_1): Permission denied The "/var/www/html/magento2/var/cache/mage--3/mage---a6b_TRANSLATE_EN_US_ADMINHTML_ADMIN_MAGENTO_BACKEND_MAGENTO_UI" file can't be deleted. Warning!unlink(/var/www/html/magento2/var/cache/mage--3/mage---a6b_TRANSLATE_EN_US_ADMINHTML_ADMIN_MAGENTO_BACKEND_MAGENTO_UI): Permission denied The "/var/www/html/magento2/var/cache/mage--3/mage---a6b_ADMINHTML__EVENT_CONFIG_CACHE" file can't be deleted. Warning!unlink(/var/www/html/magento2/var/cache/mage--3/mage---a6b_ADMINHTML__EVENT_CONFIG_CACHE): Permission denied The "/var/www/html/magento2/var/cache/mage--3/mage---a6b_DB_IS_UP_TO_DATE" file can't be deleted. Warning!unlink(/var/www/html/magento2/var/cache/mage--3/mage---a6b_DB_IS_UP_TO_DATE): Permission denied The "/var/www/html/magento2/var/cache/mage--9/mage---a6b_BLOCK_5F01CBE2D6FA2C9E67F34D317B8520D5CFECF2B0_1_FINAL_PRICE_LIST_CATEGORY_PAGE_USD_20240528_1_0_" file can't be deleted. Warning!unlink(/var/www/html/magento2/var/cache/mage--9/mage---a6b_BLOCK_5F01CBE2D6FA2C9E67F34D317B8520D5CFECF2B0_1_FINAL_PRICE_LIST_CATEGORY_PAGE_USD_20240528_1_0_): Permission denied The "/var/www/html/magento2/var/cache/mage--9/mage---a6b_STRUCTURE_LAYOUT_ADMINHTML_STORE1_297367C484975343FEA5D20830D4FB758" file can't be deleted. Warning!unlink(/var/www/html/magento2/var/cache/mage--9/mage---a6b_STRUCTURE_LAYOUT_ADMINHTML_STORE1_297367C484975343FEA5D20830D4FB758): Permission denied The "/var/www/html/magento2/var/cache/mage--9/mage---a6b_FRONTEND__EVENT_CONFIG_CACHE" file can't be deleted. Warning!unlink(/var/www/html/magento2/var/cache/mage--9/mage---a6b_FRONTEND__EVENT_CONFIG_CACHE): Permission denied The "/var/www/html/magento2/var/cache/mage--9/mage---a6b_BLOCK_5F01CBE2D6FA2C9E67F34D317B8520D5CFECF2B0_4_FINAL_PRICE_LIST_CATEGORY_PAGE_USD_20240528_1_0_" file can't be deleted. Warning!unlink(/var/www/html/magento2/var/cache/mage--9/mage---a6b_BLOCK_5F01CBE2D6FA2C9E67F34D317B8520D5CFECF2B0_4_FINAL_PRICE_LIST_CATEGORY_PAGE_USD_20240528_1_0_): Permission denied The "/var/www/html/magento2/var/cache/mage--9/mage---a6b_LAYOUT_ADMINHTML_STORE1_297367C484975343FEA5D20830D4FB758_PAGE_LAYOUT_MERGED" file can't be deleted. Warning!unlink(/var/www/html/magento2/var/cache/mage--9/mage---a6b_LAYOUT_ADMINHTML_STORE1_297367C484975343FEA5D20830D4FB758_PAGE_LAYOUT_MERGED): Permission denied The "/var/www/html/magento2/var/cache/mage--9/mage---a6b_BLOCK_5F01CBE2D6FA2C9E67F34D317B8520D5CFECF2B0_6_FINAL_PRICE_LIST_CATEGORY_PAGE_USD_20240602_1_0_" file can't be deleted. Warning!unlink(/var/www/html/magento2/var/cache/mage--9/mage---a6b_BLOCK_5F01CBE2D6FA2C9E67F34D317B8520D5CFECF2B0_6_FINAL_PRICE_LIST_CATEGORY_PAGE_USD_20240602_1_0_): Permission denied The "/var/www/html/magento2/var/cache/mage--9/mage---a6b_UI_COMPONENT_CONFIGURATION_DATA_NOTIFICATION_AREA" file can't be deleted. Warning!unlink(/var/www/html/magento2/var/cache/mage--9/mage---a6b_UI_COMPONENT_CONFIGURATION_DATA_NOTIFICATION_AREA): Permission denied The "/var/www/html/magento2/var/cache/mage--9/mage---a6b_DB_PDO_MYSQL_DDL_SALES_ORDER_1" file can't be deleted. Warning!unlink(/var/www/html/magento2/var/cache/mage--9/mage---a6b_DB_PDO_MYSQL_DDL_SALES_ORDER_1): Permission denied The "/var/www/html/magento2/var/cache/mage--9/mage---a6b_BLOCK_CA2D04F236756BAF985ADFB6B192354441B4BC96" file can't be deleted. Warning!unlink(/var/www/html/magento2/var/cache/mage--9/mage---a6b_BLOCK_CA2D04F236756BAF985ADFB6B192354441B4BC96): Permission denied The "/var/www/html/magento2/var/cache/mage--9/mage---a6b_DB_PDO_MYSQL_DDL_CATALOG_CATEGORY_ENTITY_3" file can't be deleted. Warning!unlink(/var/www/html/magento2/var/cache/mage--9/mage---a6b_DB_PDO_MYSQL_DDL_CATALOG_CATEGORY_ENTITY_3): Permission denied The "/var/www/html/magento2/var/cache/mage--9/mage---a6b_LAYOUT_ADMINHTML_STORE1_2" file can't be deleted. Warning!unlink(/var/www/html/magento2/var/cache/mage--9/mage---a6b_LAYOUT_ADMINHTML_STORE1_2): Permission denied The "/var/www/html/magento2/var/cache/mage--9/mage---a6b_GLOBAL__RESOURCESCACHE" file can't be deleted. Warning!unlink(/var/www/html/magento2/var/cache/mage--9/mage---a6b_GLOBAL__RESOURCESCACHE): Permission denied The "/var/www/html/magento2/var/cache/mage--9/mage---a6b_SYSTEM_STORES_DEFAULT" file can't be deleted. Warning!unlink(/var/www/html/magento2/var/cache/mage--9/mage---a6b_SYSTEM_STORES_DEFAULT): Permission denied The "/var/www/html/magento2/var/cache/mage--9/mage---a6b_SYSTEM_STORES_2" file can't be deleted. Warning!unlink(/var/www/html/magento2/var/cache/mage--9/mage---a6b_SYSTEM_STORES_2): Permission denied The "/var/www/html/magento2/var/cache/mage--9/mage---a6b_STRUCTURE_LAYOUT_FRONTEND_STORE1_36F1B068EC7CCF4878F9284DD1137AFD1" file can't be deleted. Warning!unlink(/var/www/html/magento2/var/cache/mage--9/mage---a6b_STRUCTURE_LAYOUT_FRONTEND_STORE1_36F1B068EC7CCF4878F9284DD1137AFD1): Permission denied The "/var/www/html/magento2/var/cache/mage--9/mage---a6b_UI_COMPONENT_CONFIGURATION_DATA_ADMIN_USAGE_NOTIFICATION" file can't be deleted. Warning!unlink(/var/www/html/magento2/var/cache/mage--9/mage---a6b_UI_COMPONENT_CONFIGURATION_DATA_ADMIN_USAGE_NOTIFICATION): Permission denied The "/var/www/html/magento2/var/cache/mage--e/mage---a6b_BLOCK_5F01CBE2D6FA2C9E67F34D317B8520D5CFECF2B0_6_FINAL_PRICE_LIST_CATEGORY_PAGE_USD_20240528_1_0_" file can't be deleted. Warning!unlink(/var/www/html/magento2/var/cache/mage--e/mage---a6b_BLOCK_5F01CBE2D6FA2C9E67F34D317B8520D5CFECF2B0_6_FINAL_PRICE_LIST_CATEGORY_PAGE_USD_20240528_1_0_): Permission denied The "/var/www/html/magento2/var/cache/mage--e/mage---a6b_FRONTEND__CSP_WHITELIST_CONFIG" file can't be deleted. Warning!unlink(/var/www/html/magento2/var/cache/mage--e/mage---a6b_FRONTEND__CSP_WHITELIST_CONFIG): Permission denied The "/var/www/html/magento2/var/cache/mage--e/mage---a6b_SYSTEM_WEBSITES_1" file can't be deleted. Warning!unlink(/var/www/html/magento2/var/cache/mage--e/mage---a6b_SYSTEM_WEBSITES_1): Permission denied The "/var/www/html/magento2/var/cache/mage--e/mage---a6b_ADMINHTML__CSP_WHITELIST_CONFIG" file can't be deleted. Warning!unlink(/var/www/html/magento2/var/cache/mage--e/mage---a6b_ADMINHTML__CSP_WHITELIST_CONFIG): Permission denied The "/var/www/html/magento2/var/cache/mage--e/mage---a6b_BLOCK_5F01CBE2D6FA2C9E67F34D317B8520D5CFECF2B0_5_FINAL_PRICE_LIST_CATEGORY_PAGE_USD_20240602_1_0_" file can't be deleted. Warning!unlink(/var/www/html/magento2/var/cache/mage--e/mage---a6b_BLOCK_5F01CBE2D6FA2C9E67F34D317B8520D5CFECF2B0_5_FINAL_PRICE_LIST_CATEGORY_PAGE_USD_20240602_1_0_): Permission denied The "/var/www/html/magento2/var/cache/mage--e/mage---a6b_SYSTEM_STORES_0" file can't be deleted. Warning!unlink(/var/www/html/magento2/var/cache/mage--e/mage---a6b_SYSTEM_STORES_0): Permission denied The "/var/www/html/magento2/var/cache/mage--2/mage---a6b_UI_COMPONENT_CONFIGURATION_DATA_SALES_ORDER_GRID" file can't be deleted. Warning!unlink(/var/www/html/magento2/var/cache/mage--2/mage---a6b_UI_COMPONENT_CONFIGURATION_DATA_SALES_ORDER_GRID): Permission denied The "/var/www/html/magento2/var/cache/mage--2/mage---a6b_EAV_ENTITY_ATTRIBUTES_3_1_3" file can't be deleted. Warning!unlink(/var/www/html/magento2/var/cache/mage--2/mage---a6b_EAV_ENTITY_ATTRIBUTES_3_1_3): Permission denied The "/var/www/html/magento2/var/cache/mage--2/mage---a6b_SYSTEM_WEBSITES_BASE" file can't be deleted. Warning!unlink(/var/www/html/magento2/var/cache/mage--2/mage---a6b_SYSTEM_WEBSITES_BASE): Permission denied The "/var/www/html/magento2/var/cache/mage--2/mage---a6b_THEME_BY_ID_1" file can't be deleted. Warning!unlink(/var/www/html/magento2/var/cache/mage--2/mage---a6b_THEME_BY_ID_1): Permission denied The "/var/www/html/magento2/var/cache/mage--2/mage---a6b_LAYOUT_FRONTEND_STORE1_3A7CCD8094436548B564A588F6303121C_PAGE_LAYOUT_MERGED" file can't be deleted. Warning!unlink(/var/www/html/magento2/var/cache/mage--2/mage---a6b_LAYOUT_FRONTEND_STORE1_3A7CCD8094436548B564A588F6303121C_PAGE_LAYOUT_MERGED): Permission denied The "/var/www/html/magento2/var/cache/mage--2/mage---a6b_STRUCTURE_LAYOUT_FRONTEND_STORE1_33D71BA78AE960DA8A09926256277F03D" file can't be deleted. Warning!unlink(/var/www/html/magento2/var/cache/mage--2/mage---a6b_STRUCTURE_LAYOUT_FRONTEND_STORE1_33D71BA78AE960DA8A09926256277F03D): Permission denied The "/var/www/html/magento2/var/cache/mage--2/mage---a6b_LAYOUT_ADMINHTML_STORE1_2D41D8CD98F00B204E9800998ECF8427E_PAGE_LAYOUT_MERGED" file can't be deleted. Warning!unlink(/var/www/html/magento2/var/cache/mage--2/mage---a6b_LAYOUT_ADMINHTML_STORE1_2D41D8CD98F00B204E9800998ECF8427E_PAGE_LAYOUT_MERGED): Permission denied The "/var/www/html/magento2/var/cache/mage--2/mage---a6b_LAYOUT_ADMINHTML_STORE1_2CF9AB1B1723BEDC1DCD665A812B00335_PAGE_LAYOUT_MERGED" file can't be deleted. Warning!unlink(/var/www/html/magento2/var/cache/mage--2/mage---a6b_LAYOUT_ADMINHTML_STORE1_2CF9AB1B1723BEDC1DCD665A812B00335_PAGE_LAYOUT_MERGED): Permission denied The "/var/www/html/magento2/var/cache/mage--7/mage---a6b_GLOBAL__EVENT_CONFIG_CACHE" file can't be deleted. Warning!unlink(/var/www/html/magento2/var/cache/mage--7/mage---a6b_GLOBAL__EVENT_CONFIG_CACHE): Permission denied The "/var/www/html/magento2/var/cache/mage--7/mage---a6b_DB_PDO_MYSQL_DDL_THEME_1" file can't be deleted. Warning!unlink(/var/www/html/magento2/var/cache/mage--7/mage---a6b_DB_PDO_MYSQL_DDL_THEME_1): Permission denied The "/var/www/html/magento2/var/cache/mage--7/mage---a6b_GLOBAL__CSP_WHITELIST_CONFIG" file can't be deleted. Warning!unlink(/var/www/html/magento2/var/cache/mage--7/mage---a6b_GLOBAL__CSP_WHITELIST_CONFIG): Permission denied The "/var/www/html/magento2/var/cache/mage--7/mage---a6b_TRANSLATE_EN_US_FRONTEND_DEFAULT_MAGENTO_LUMA_" file can't be deleted. Warning!unlink(/var/www/html/magento2/var/cache/mage--7/mage---a6b_TRANSLATE_EN_US_FRONTEND_DEFAULT_MAGENTO_LUMA_): Permission denied The "/var/www/html/magento2/var/cache/mage--7/mage---a6b_LAYOUT_FRONTEND_STORE1_33D71BA78AE960DA8A09926256277F03D_PAGE_LAYOUT_MERGED" file can't be deleted. Warning!unlink(/var/www/html/magento2/var/cache/mage--7/mage---a6b_LAYOUT_FRONTEND_STORE1_33D71BA78AE960DA8A09926256277F03D_PAGE_LAYOUT_MERGED): Permission denied The "/var/www/html/magento2/var/cache/mage--f/mage---a6b_DESIGN_CHANGE_8913047A70C000DCF28C8037E3120C8A" file can't be deleted. Warning!unlink(/var/www/html/magento2/var/cache/mage--f/mage---a6b_DESIGN_CHANGE_8913047A70C000DCF28C8037E3120C8A): Permission denied The "/var/www/html/magento2/var/cache/mage--f/mage---a6b_EXTENSION_ATTRIBUTES_CONFIG" file can't be deleted. Warning!unlink(/var/www/html/magento2/var/cache/mage--f/mage---a6b_EXTENSION_ATTRIBUTES_CONFIG): Permission denied The "/var/www/html/magento2/var/cache/mage--f/mage---a6b_FRONTEND__RESOURCESCACHE" file can't be deleted. Warning!unlink(/var/www/html/magento2/var/cache/mage--f/mage---a6b_FRONTEND__RESOURCESCACHE): Permission denied The "/var/www/html/magento2/var/cache/mage--f/mage---a6b_BLOCK_422AB2B4F081F4B226BE37D9ED498E98CF44371D" file can't be deleted. Warning!unlink(/var/www/html/magento2/var/cache/mage--f/mage---a6b_BLOCK_422AB2B4F081F4B226BE37D9ED498E98CF44371D): Permission denied The "/var/www/html/magento2/var/cache/mage--f/mage---a6b_BLOCK_9A6A414B51F5233B683AE8E0539BBDAFD756E2C0" file can't be deleted. Warning!unlink(/var/www/html/magento2/var/cache/mage--f/mage---a6b_BLOCK_9A6A414B51F5233B683AE8E0539BBDAFD756E2C0): Permission denied The "/var/www/html/magento2/var/cache/mage--f/mage---a6b_LAYOUT_ADMINHTML_STORE1_291FCCD54DA687AFC76A5D6559B714906_PAGE_LAYOUT_MERGED" file can't be deleted. Warning!unlink(/var/www/html/magento2/var/cache/mage--f/mage---a6b_LAYOUT_ADMINHTML_STORE1_291FCCD54DA687AFC76A5D6559B714906_PAGE_LAYOUT_MERGED): Permission denied The "/var/www/html/magento2/var/cache/mage--f/mage---a6b_SYSTEM_DEFAULT" file can't be deleted. Warning!unlink(/var/www/html/magento2/var/cache/mage--f/mage---a6b_SYSTEM_DEFAULT): Permission denied The "/var/www/html/magento2/var/cache/mage--f/mage---a6b_THEMEADMINHTML_MAGENTO_BACKEND" file can't be deleted. Warning!unlink(/var/www/html/magento2/var/cache/mage--f/mage---a6b_THEMEADMINHTML_MAGENTO_BACKEND): Permission denied The "/var/www/html/magento2/var/cache/mage--f/mage---a6b_LAYOUT_ADMINHTML_STORE1_2PAGE_LAYOUT" file can't be deleted. Warning!unlink(/var/www/html/magento2/var/cache/mage--f/mage---a6b_LAYOUT_ADMINHTML_STORE1_2PAGE_LAYOUT): Permission denied The "/var/www/html/magento2/var/cache/mage--c/mage---a6b_SYSTEM_SCOPES" file can't be deleted. Warning!unlink(/var/www/html/magento2/var/cache/mage--c/mage---a6b_SYSTEM_SCOPES): Permission denied The "/var/www/html/magento2/var/cache/mage--c/mage---a6b_DB_PDO_MYSQL_DDL_SETUP_MODULE_5" file can't be deleted. Warning!unlink(/var/www/html/magento2/var/cache/mage--c/mage---a6b_DB_PDO_MYSQL_DDL_SETUP_MODULE_5): Permission denied The "/var/www/html/magento2/var/cache/mage--c/mage---a6b_ADMINHTML__ROUTESCONFIG" file can't be deleted. Warning!unlink(/var/www/html/magento2/var/cache/mage--c/mage---a6b_ADMINHTML__ROUTESCONFIG): Permission denied The "/var/www/html/magento2/var/cache/mage--c/mage---a6b_RELEASE_NOTIFICATION_CONTENT_2__4__6_COMMUNITY_EN_US" file can't be deleted. Warning!unlink(/var/www/html/magento2/var/cache/mage--c/mage---a6b_RELEASE_NOTIFICATION_CONTENT_2__4__6_COMMUNITY_EN_US): Permission denied The "/var/www/html/magento2/var/cache/mage--c/mage---a6b_AUTHORIZATION_RULE_CACHED_DATA" file can't be deleted. Warning!unlink(/var/www/html/magento2/var/cache/mage--c/mage---a6b_AUTHORIZATION_RULE_CACHED_DATA): Permission denied The "/var/www/html/magento2/var/cache/mage--c/mage---a6b_UI_COMPONENT_CONFIGURATION_DATA_RELEASE_NOTIFICATION" file can't be deleted. Warning!unlink(/var/www/html/magento2/var/cache/mage--c/mage---a6b_UI_COMPONENT_CONFIGURATION_DATA_RELEASE_NOTIFICATION): Permission denied The "/var/www/html/magento2/var/cache/mage--0/mage---a6b_BLOCK_5111BDFC99718462F930F1EA62B3F5F314B7B506" file can't be deleted. Warning!unlink(/var/www/html/magento2/var/cache/mage--0/mage---a6b_BLOCK_5111BDFC99718462F930F1EA62B3F5F314B7B506): Permission denied The "/var/www/html/magento2/var/cache/mage--0/mage---a6b_INDEXER_CONFIG" file can't be deleted. Warning!unlink(/var/www/html/magento2/var/cache/mage--0/mage---a6b_INDEXER_CONFIG): Permission denied The "/var/www/html/magento2/var/cache/mage--0/mage---a6b_DB_PDO_MYSQL_DDL_CATALOG_PRODUCT_ENTITY_3" file can't be deleted. Warning!unlink(/var/www/html/magento2/var/cache/mage--0/mage---a6b_DB_PDO_MYSQL_DDL_CATALOG_PRODUCT_ENTITY_3): Permission denied The "/var/www/html/magento2/var/cache/mage--0/mage---a6b_RESOLVED_STORES_D1BEFA03C79CA0B84ECC488DEA96BC68" file can't be deleted. Warning!unlink(/var/www/html/magento2/var/cache/mage--0/mage---a6b_RESOLVED_STORES_D1BEFA03C79CA0B84ECC488DEA96BC68): Permission denied The "/var/www/html/magento2/var/cache/mage--0/mage---a6b_DB_PDO_MYSQL_DDL_CATALOG_PRODUCT_ENTITY_1" file can't be deleted. Warning!unlink(/var/www/html/magento2/var/cache/mage--0/mage---a6b_DB_PDO_MYSQL_DDL_CATALOG_PRODUCT_ENTITY_1): Permission denied The "/var/www/html/magento2/var/cache/mage--0/mage---a6b_LAYOUT_FRONTEND_STORE1_3" file can't be deleted. Warning!unlink(/var/www/html/magento2/var/cache/mage--0/mage---a6b_LAYOUT_FRONTEND_STORE1_3): Permission denied The "/var/www/html/magento2/var/cache/mage--a/mage---a6b_STRUCTURE_LAYOUT_ADMINHTML_STORE1_26F1B068EC7CCF4878F9284DD1137AFD1" file can't be deleted. Warning!unlink(/var/www/html/magento2/var/cache/mage--a/mage---a6b_STRUCTURE_LAYOUT_ADMINHTML_STORE1_26F1B068EC7CCF4878F9284DD1137AFD1): Permission denied The "/var/www/html/magento2/var/cache/mage--a/mage---a6b_APP_ACTION_LIST" file can't be deleted. Warning!unlink(/var/www/html/magento2/var/cache/mage--a/mage---a6b_APP_ACTION_LIST): Permission denied The "/var/www/html/magento2/var/cache/mage--a/mage---a6b_APP_35C0BF370AE35F8C482DC31B8A81FC2F" file can't be deleted. Warning!unlink(/var/www/html/magento2/var/cache/mage--a/mage---a6b_APP_35C0BF370AE35F8C482DC31B8A81FC2F): Permission denied The "/var/www/html/magento2/var/cache/mage--a/mage---a6b_UI_COMPONENT_TEMPLATES" file can't be deleted. Warning!unlink(/var/www/html/magento2/var/cache/mage--a/mage---a6b_UI_COMPONENT_TEMPLATES): Permission denied The "/var/www/html/magento2/var/cache/mage--8/mage---a6b_APP_CE79F7EF764E9F981C8549B9DBEC468F" file can't be deleted. Warning!unlink(/var/www/html/magento2/var/cache/mage--8/mage---a6b_APP_CE79F7EF764E9F981C8549B9DBEC468F): Permission denied The "/var/www/html/magento2/var/cache/mage--8/mage---a6b_BLOCK_5F01CBE2D6FA2C9E67F34D317B8520D5CFECF2B0_4_FINAL_PRICE_LIST_CATEGORY_PAGE_USD_20240602_1_0_" file can't be deleted. Warning!unlink(/var/www/html/magento2/var/cache/mage--8/mage---a6b_BLOCK_5F01CBE2D6FA2C9E67F34D317B8520D5CFECF2B0_4_FINAL_PRICE_LIST_CATEGORY_PAGE_USD_20240602_1_0_): Permission denied The "/var/www/html/magento2/var/cache/mage--8/mage---a6b_MAGE_VERSION" file can't be deleted. Warning!unlink(/var/www/html/magento2/var/cache/mage--8/mage---a6b_MAGE_VERSION): Permission denied The "/var/www/html/magento2/var/cache/mage--8/mage---a6b_TRANSLATE_EN_US_ADMINHTML_ADMIN_MAGENTO_BACKEND_MAGENTO_SALES" file can't be deleted. Warning!unlink(/var/www/html/magento2/var/cache/mage--8/mage---a6b_TRANSLATE_EN_US_ADMINHTML_ADMIN_MAGENTO_BACKEND_MAGENTO_SALES): Permission denied The "/var/www/html/magento2/var/cache/mage--8/mage---a6b_SYSTEM_STORES_3" file can't be deleted. Warning!unlink(/var/www/html/magento2/var/cache/mage--8/mage---a6b_SYSTEM_STORES_3): Permission denied The "/var/www/html/magento2/var/cache/mage--8/mage---a6b_THEME_BY_ID_3" file can't be deleted. Warning!unlink(/var/www/html/magento2/var/cache/mage--8/mage---a6b_THEME_BY_ID_3): Permission denied
#0 /var/www/html/magento2/setup/src/Magento/Setup/Console/Command/DiCompileCommand.php(309): Magento\Framework\Filesystem\Directory\Write->delete()
#1 /var/www/html/magento2/setup/src/Magento/Setup/Console/Command/DiCompileCommand.php(183): Magento\Setup\Console\Command\DiCompileCommand->cleanupFilesystem()
#2 /var/www/html/magento2/vendor/symfony/console/Command/Command.php(298): Magento\Setup\Console\Command\DiCompileCommand->execute()
#3 /var/www/html/magento2/vendor/symfony/console/Application.php(1040): Symfony\Component\Console\Command\Command->run()
#4 /var/www/html/magento2/vendor/symfony/console/Application.php(301): Symfony\Component\Console\Application->doRunCommand()
#5 /var/www/html/magento2/vendor/magento/framework/Console/Cli.php(116): Symfony\Component\Console\Application->doRun()
#6 /var/www/html/magento2/vendor/symfony/console/Application.php(171): Magento\Framework\Console\Cli->doRun()
#7 /var/www/html/magento2/bin/magento(23): Symfony\Component\Console\Application->run()
#8 {main} [] []
[2024-06-02T16:52:25.695591+00:00] main.ERROR: The "/var/www/html/magento2/var/cache/mage--b/mage---a6b_TRANSLATE_EN_US_ADMINHTML_ADMIN_MAGENTO_BACKEND_MAGENTO_BACKEND" file can't be deleted. Warning!unlink(/var/www/html/magento2/var/cache/mage--b/mage---a6b_TRANSLATE_EN_US_ADMINHTML_ADMIN_MAGENTO_BACKEND_MAGENTO_BACKEND): Permission denied The "/var/www/html/magento2/var/cache/mage--b/mage---a6b_AUTHORIZATION_ROLE_CACHED_DATA" file can't be deleted. Warning!unlink(/var/www/html/magento2/var/cache/mage--b/mage---a6b_AUTHORIZATION_ROLE_CACHED_DATA): Permission denied The "/var/www/html/magento2/var/cache/mage--b/mage---a6b_RELEASE_NOTIFICATION_POPUP_1" file can't be deleted. Warning!unlink(/var/www/html/magento2/var/cache/mage--b/mage---a6b_RELEASE_NOTIFICATION_POPUP_1): Permission denied The "/var/www/html/magento2/var/cache/mage--b/mage---a6b_TRANSLATE_EN_US_ADMINHTML_ADMIN_MAGENTO_BACKEND_" file can't be deleted. Warning!unlink(/var/www/html/magento2/var/cache/mage--b/mage---a6b_TRANSLATE_EN_US_ADMINHTML_ADMIN_MAGENTO_BACKEND_): Permission denied The "/var/www/html/magento2/var/cache/mage--b/mage---a6b_ATTRIBUTE_NAVIGATION_OPTION_COLOR_1" file can't be deleted. Warning!unlink(/var/www/html/magento2/var/cache/mage--b/mage---a6b_ATTRIBUTE_NAVIGATION_OPTION_COLOR_1): Permission denied The "/var/www/html/magento2/var/cache/mage--b/mage---a6b_PAYMENT_CONFIG" file can't be deleted. Warning!unlink(/var/www/html/magento2/var/cache/mage--b/mage---a6b_PAYMENT_CONFIG): Permission denied The "/var/www/html/magento2/var/cache/mage--4/mage---a6b_ATTRIBUTE_NAVIGATION_OPTION_MANUFACTURER_1" file can't be deleted. Warning!unlink(/var/www/html/magento2/var/cache/mage--4/mage---a6b_ATTRIBUTE_NAVIGATION_OPTION_MANUFACTURER_1): Permission denied The "/var/www/html/magento2/var/cache/mage--4/mage---a6b_ADDRESS_FORMAT" file can't be deleted. Warning!unlink(/var/www/html/magento2/var/cache/mage--4/mage---a6b_ADDRESS_FORMAT): Permission denied The "/var/www/html/magento2/var/cache/mage--4/mage---a6b_STRUCTURE_LAYOUT_ADMINHTML_STORE1_291FCCD54DA687AFC76A5D6559B714906" file can't be deleted. Warning!unlink(/var/www/html/magento2/var/cache/mage--4/mage---a6b_STRUCTURE_LAYOUT_ADMINHTML_STORE1_291FCCD54DA687AFC76A5D6559B714906): Permission denied The "/var/www/html/magento2/var/cache/mage--4/mage---a6b_ELASTICSEARCH_INDEX_CONFIG" file can't be deleted. Warning!unlink(/var/www/html/magento2/var/cache/mage--4/mage---a6b_ELASTICSEARCH_INDEX_CONFIG): Permission denied The "/var/www/html/magento2/var/cache/mage--4/mage---a6b_PRODUCT_TYPES_CONFIG" file can't be deleted. Warning!unlink(/var/www/html/magento2/var/cache/mage--4/mage---a6b_PRODUCT_TYPES_CONFIG): Permission denied The "/var/www/html/magento2/var/cache/mage--4/mage---a6b_ADMIN_USAGE_NOTIFICATION_POPUP" file can't be deleted. Warning!unlink(/var/www/html/magento2/var/cache/mage--4/mage---a6b_ADMIN_USAGE_NOTIFICATION_POPUP): Permission denied The "/var/www/html/magento2/var/cache/mage--4/mage---a6b_PRODUCT_LISTING_ATTRIBUTES4_1" file can't be deleted. Warning!unlink(/var/www/html/magento2/var/cache/mage--4/mage---a6b_PRODUCT_LISTING_ATTRIBUTES4_1): Permission denied The "/var/www/html/magento2/var/cache/mage--4/mage---a6b_BLOCK_3D02A9C6039C035B9A3C11D11BC2715C9929C9DA" file can't be deleted. Warning!unlink(/var/www/html/magento2/var/cache/mage--4/mage---a6b_BLOCK_3D02A9C6039C035B9A3C11D11BC2715C9929C9DA): Permission denied The "/var/www/html/magento2/var/cache/mage--d/mage---a6b_LAYOUT_FRONTEND_STORE1_36F1B068EC7CCF4878F9284DD1137AFD1_PAGE_LAYOUT_MERGED" file can't be deleted. Warning!unlink(/var/www/html/magento2/var/cache/mage--d/mage---a6b_LAYOUT_FRONTEND_STORE1_36F1B068EC7CCF4878F9284DD1137AFD1_PAGE_LAYOUT_MERGED): Permission denied The "/var/www/html/magento2/var/cache/mage--d/mage---a6b_EAV_ENTITY_TYPES" file can't be deleted. Warning!unlink(/var/www/html/magento2/var/cache/mage--d/mage---a6b_EAV_ENTITY_TYPES): Permission denied The "/var/www/html/magento2/var/cache/mage--d/mage---a6b_SYSTEM" file can't be deleted. Warning!unlink(/var/www/html/magento2/var/cache/mage--d/mage---a6b_SYSTEM): Permission denied The "/var/www/html/magento2/var/cache/mage--d/mage---a6b_FRONTEND__ROUTESCONFIG" file can't be deleted. Warning!unlink(/var/www/html/magento2/var/cache/mage--d/mage---a6b_FRONTEND__ROUTESCONFIG): Permission denied The "/var/www/html/magento2/var/cache/mage--d/mage---a6b_SYSTEM_STORES_1" file can't be deleted. Warning!unlink(/var/www/html/magento2/var/cache/mage--d/mage---a6b_SYSTEM_STORES_1): Permission denied The "/var/www/html/magento2/var/cache/mage--d/mage---a6b_REQUEST_DECLARATION" file can't be deleted. Warning!unlink(/var/www/html/magento2/var/cache/mage--d/mage---a6b_REQUEST_DECLARATION): Permission denied The "/var/www/html/magento2/var/cache/mage--d/mage---a6b_STRUCTURE_LAYOUT_ADMINHTML_STORE1_2D41D8CD98F00B204E9800998ECF8427E" file can't be deleted. Warning!unlink(/var/www/html/magento2/var/cache/mage--d/mage---a6b_STRUCTURE_LAYOUT_ADMINHTML_STORE1_2D41D8CD98F00B204E9800998ECF8427E): Permission denied The "/var/www/html/magento2/var/cache/mage--d/mage---a6b_THEMEFRONTEND_MAGENTO_LUMA" file can't be deleted. Warning!unlink(/var/www/html/magento2/var/cache/mage--d/mage---a6b_THEMEFRONTEND_MAGENTO_LUMA): Permission denied The "/var/www/html/magento2/var/cache/mage--d/mage---a6b_APP_108B5EBA5ECACA9F6E9F88D4CD04D6E0" file can't be deleted. Warning!unlink(/var/www/html/magento2/var/cache/mage--d/mage---a6b_APP_108B5EBA5ECACA9F6E9F88D4CD04D6E0): Permission denied The "/var/www/html/magento2/var/cache/mage--d/mage---a6b_THEMEFRONTEND_MAGENTO_BLANK" file can't be deleted. Warning!unlink(/var/www/html/magento2/var/cache/mage--d/mage---a6b_THEMEFRONTEND_MAGENTO_BLANK): Permission denied The "/var/www/html/magento2/var/cache/mage--1/mage---a6b_ASSIGNED_ROLE_1" file can't be deleted. Warning!unlink(/var/www/html/magento2/var/cache/mage--1/mage---a6b_ASSIGNED_ROLE_1): Permission denied The "/var/www/html/magento2/var/cache/mage--1/mage---a6b_LAYOUT_ADMINHTML_STORE1_26F1B068EC7CCF4878F9284DD1137AFD1_PAGE_LAYOUT_MERGED" file can't be deleted. Warning!unlink(/var/www/html/magento2/var/cache/mage--1/mage---a6b_LAYOUT_ADMINHTML_STORE1_26F1B068EC7CCF4878F9284DD1137AFD1_PAGE_LAYOUT_MERGED): Permission denied The "/var/www/html/magento2/var/cache/mage--1/mage---a6b_CONFIGURATION_FILES_ACCESS_LEVEL_VERIFICATION" file can't be deleted. Warning!unlink(/var/www/html/magento2/var/cache/mage--1/mage---a6b_CONFIGURATION_FILES_ACCESS_LEVEL_VERIFICATION): Permission denied The "/var/www/html/magento2/var/cache/mage--1/mage---a6b_BACKEND_MENU_OBJECT" file can't be deleted. Warning!unlink(/var/www/html/magento2/var/cache/mage--1/mage---a6b_BACKEND_MENU_OBJECT): Permission denied The "/var/www/html/magento2/var/cache/mage--1/mage---a6b_UI_COMPONENT_CONFIGURATION_DEFINITION_DATA" file can't be deleted. Warning!unlink(/var/www/html/magento2/var/cache/mage--1/mage---a6b_UI_COMPONENT_CONFIGURATION_DEFINITION_DATA): Permission denied The "/var/www/html/magento2/var/cache/mage--1/mage---a6b_SECTIONS_INVALIDATION_CONFIG" file can't be deleted. Warning!unlink(/var/www/html/magento2/var/cache/mage--1/mage---a6b_SECTIONS_INVALIDATION_CONFIG): Permission denied The "/var/www/html/magento2/var/cache/mage--1/mage---a6b_SYSTEM_STORES_ADMIN" file can't be deleted. Warning!unlink(/var/www/html/magento2/var/cache/mage--1/mage---a6b_SYSTEM_STORES_ADMIN): Permission denied The "/var/www/html/magento2/var/cache/mage--1/mage---a6b_DESIGN_CHANGE_61815F8074DD95FEBC2258CB5C6DAD64" file can't be deleted. Warning!unlink(/var/www/html/magento2/var/cache/mage--1/mage---a6b_DESIGN_CHANGE_61815F8074DD95FEBC2258CB5C6DAD64): Permission denied The "/var/www/html/magento2/var/cache/mage--1/mage---a6b_DB_PDO_MYSQL_DDL_SALES_ORDER_STATUS_1" file can't be deleted. Warning!unlink(/var/www/html/magento2/var/cache/mage--1/mage---a6b_DB_PDO_MYSQL_DDL_SALES_ORDER_STATUS_1): Permission denied The "/var/www/html/magento2/var/cache/mage--6/mage---a6b_THEME_BY_ID_2" file can't be deleted. Warning!unlink(/var/www/html/magento2/var/cache/mage--6/mage---a6b_THEME_BY_ID_2): Permission denied The "/var/www/html/magento2/var/cache/mage--6/mage---a6b_INITIAL_CONFIG" file can't be deleted. Warning!unlink(/var/www/html/magento2/var/cache/mage--6/mage---a6b_INITIAL_CONFIG): Permission denied The "/var/www/html/magento2/var/cache/mage--6/mage---a6b_APP_4169C5DEEEB8F84FEFBFAC574BE2769B" file can't be deleted. Warning!unlink(/var/www/html/magento2/var/cache/mage--6/mage---a6b_APP_4169C5DEEEB8F84FEFBFAC574BE2769B): Permission denied The "/var/www/html/magento2/var/cache/mage--6/mage---a6b_LAYOUT_FRONTEND_STORE1_3PAGE_LAYOUT" file can't be deleted. Warning!unlink(/var/www/html/magento2/var/cache/mage--6/mage---a6b_LAYOUT_FRONTEND_STORE1_3PAGE_LAYOUT): Permission denied The "/var/www/html/magento2/var/cache/mage--5/mage---a6b_DB_PDO_MYSQL_DDL_EAV_ATTRIBUTE_1" file can't be deleted. Warning!unlink(/var/www/html/magento2/var/cache/mage--5/mage---a6b_DB_PDO_MYSQL_DDL_EAV_ATTRIBUTE_1): Permission denied The "/var/www/html/magento2/var/cache/mage--5/mage---a6b_SYSTEM_STORES_FR" file can't be deleted. Warning!unlink(/var/www/html/magento2/var/cache/mage--5/mage---a6b_SYSTEM_STORES_FR): Permission denied The "/var/www/html/magento2/var/cache/mage--5/mage---a6b_SYSTEM_STORES_BE" file can't be deleted. Warning!unlink(/var/www/html/magento2/var/cache/mage--5/mage---a6b_SYSTEM_STORES_BE): Permission denied The "/var/www/html/magento2/var/cache/mage--5/mage---a6b_BLOCK_5F01CBE2D6FA2C9E67F34D317B8520D5CFECF2B0_1_FINAL_PRICE_LIST_CATEGORY_PAGE_USD_20240602_1_0_" file can't be deleted. Warning!unlink(/var/www/html/magento2/var/cache/mage--5/mage---a6b_BLOCK_5F01CBE2D6FA2C9E67F34D317B8520D5CFECF2B0_1_FINAL_PRICE_LIST_CATEGORY_PAGE_USD_20240602_1_0_): Permission denied The "/var/www/html/magento2/var/cache/mage--5/mage---a6b_BLOCK_5F01CBE2D6FA2C9E67F34D317B8520D5CFECF2B0_5_FINAL_PRICE_LIST_CATEGORY_PAGE_USD_20240528_1_0_" file can't be deleted. Warning!unlink(/var/www/html/magento2/var/cache/mage--5/mage---a6b_BLOCK_5F01CBE2D6FA2C9E67F34D317B8520D5CFECF2B0_5_FINAL_PRICE_LIST_CATEGORY_PAGE_USD_20240528_1_0_): Permission denied The "/var/www/html/magento2/var/cache/mage--5/mage---a6b_SYSTEM_WEBSITES_ADMIN" file can't be deleted. Warning!unlink(/var/www/html/magento2/var/cache/mage--5/mage---a6b_SYSTEM_WEBSITES_ADMIN): Permission denied The "/var/www/html/magento2/var/cache/mage--5/mage---a6b_ADMINHTML__RESOURCESCACHE" file can't be deleted. Warning!unlink(/var/www/html/magento2/var/cache/mage--5/mage---a6b_ADMINHTML__RESOURCESCACHE): Permission denied The "/var/www/html/magento2/var/cache/mage--5/mage---a6b_DB_PDO_MYSQL_DDL_SALES_ORDER_GRID_1" file can't be deleted. Warning!unlink(/var/www/html/magento2/var/cache/mage--5/mage---a6b_DB_PDO_MYSQL_DDL_SALES_ORDER_GRID_1): Permission denied The "/var/www/html/magento2/var/cache/mage--5/mage---a6b_PROVIDER_ACL_RESOURCES_CACHE" file can't be deleted. Warning!unlink(/var/www/html/magento2/var/cache/mage--5/mage---a6b_PROVIDER_ACL_RESOURCES_CACHE): Permission denied The "/var/www/html/magento2/var/cache/mage--3/mage---a6b_ADMIN_NOTIFICATIONS_LASTCHECK" file can't be deleted. Warning!unlink(/var/www/html/magento2/var/cache/mage--3/mage---a6b_ADMIN_NOTIFICATIONS_LASTCHECK): Permission denied The "/var/www/html/magento2/var/cache/mage--3/mage---a6b_EAV_ENTITY_ATTRIBUTES_CATALOG_PRODUCT_0_PRELOAD" file can't be deleted. Warning!unlink(/var/www/html/magento2/var/cache/mage--3/mage---a6b_EAV_ENTITY_ATTRIBUTES_CATALOG_PRODUCT_0_PRELOAD): Permission denied The "/var/www/html/magento2/var/cache/mage--3/mage---a6b_BLOCK_AA0D1879257E4BF454FAF87F1169A1BB7943FAFC" file can't be deleted. Warning!unlink(/var/www/html/magento2/var/cache/mage--3/mage---a6b_BLOCK_AA0D1879257E4BF454FAF87F1169A1BB7943FAFC): Permission denied The "/var/www/html/magento2/var/cache/mage--3/mage---a6b_PRODUCT_OPTIONS_CONFIG" file can't be deleted. Warning!unlink(/var/www/html/magento2/var/cache/mage--3/mage---a6b_PRODUCT_OPTIONS_CONFIG): Permission denied The "/var/www/html/magento2/var/cache/mage--3/mage---a6b_DB_PDO_MYSQL_DDL_ADMIN_USER_SESSION_1" file can't be deleted. Warning!unlink(/var/www/html/magento2/var/cache/mage--3/mage---a6b_DB_PDO_MYSQL_DDL_ADMIN_USER_SESSION_1): Permission denied The "/var/www/html/magento2/var/cache/mage--3/mage---a6b_SYSTEM_WEBSITES_0" file can't be deleted. Warning!unlink(/var/www/html/magento2/var/cache/mage--3/mage---a6b_SYSTEM_WEBSITES_0): Permission denied The "/var/www/html/magento2/var/cache/mage--3/mage---a6b_CRON_GROUPS_CONFIG_CACHE" file can't be deleted. Warning!unlink(/var/www/html/magento2/var/cache/mage--3/mage---a6b_CRON_GROUPS_CONFIG_CACHE): Permission denied The "/var/www/html/magento2/var/cache/mage--3/mage---a6b_PRODUCT_LISTING_SORT_BY_ATTRIBUTES4_1" file can't be deleted. Warning!unlink(/var/www/html/magento2/var/cache/mage--3/mage---a6b_PRODUCT_LISTING_SORT_BY_ATTRIBUTES4_1): Permission denied The "/var/www/html/magento2/var/cache/mage--3/mage---a6b_TRANSLATE_EN_US_ADMINHTML_ADMIN_MAGENTO_BACKEND_MAGENTO_UI" file can't be deleted. Warning!unlink(/var/www/html/magento2/var/cache/mage--3/mage---a6b_TRANSLATE_EN_US_ADMINHTML_ADMIN_MAGENTO_BACKEND_MAGENTO_UI): Permission denied The "/var/www/html/magento2/var/cache/mage--3/mage---a6b_ADMINHTML__EVENT_CONFIG_CACHE" file can't be deleted. Warning!unlink(/var/www/html/magento2/var/cache/mage--3/mage---a6b_ADMINHTML__EVENT_CONFIG_CACHE): Permission denied The "/var/www/html/magento2/var/cache/mage--3/mage---a6b_DB_IS_UP_TO_DATE" file can't be deleted. Warning!unlink(/var/www/html/magento2/var/cache/mage--3/mage---a6b_DB_IS_UP_TO_DATE): Permission denied The "/var/www/html/magento2/var/cache/mage--9/mage---a6b_BLOCK_5F01CBE2D6FA2C9E67F34D317B8520D5CFECF2B0_1_FINAL_PRICE_LIST_CATEGORY_PAGE_USD_20240528_1_0_" file can't be deleted. Warning!unlink(/var/www/html/magento2/var/cache/mage--9/mage---a6b_BLOCK_5F01CBE2D6FA2C9E67F34D317B8520D5CFECF2B0_1_FINAL_PRICE_LIST_CATEGORY_PAGE_USD_20240528_1_0_): Permission denied The "/var/www/html/magento2/var/cache/mage--9/mage---a6b_STRUCTURE_LAYOUT_ADMINHTML_STORE1_297367C484975343FEA5D20830D4FB758" file can't be deleted. Warning!unlink(/var/www/html/magento2/var/cache/mage--9/mage---a6b_STRUCTURE_LAYOUT_ADMINHTML_STORE1_297367C484975343FEA5D20830D4FB758): Permission denied The "/var/www/html/magento2/var/cache/mage--9/mage---a6b_FRONTEND__EVENT_CONFIG_CACHE" file can't be deleted. Warning!unlink(/var/www/html/magento2/var/cache/mage--9/mage---a6b_FRONTEND__EVENT_CONFIG_CACHE): Permission denied The "/var/www/html/magento2/var/cache/mage--9/mage---a6b_BLOCK_5F01CBE2D6FA2C9E67F34D317B8520D5CFECF2B0_4_FINAL_PRICE_LIST_CATEGORY_PAGE_USD_20240528_1_0_" file can't be deleted. Warning!unlink(/var/www/html/magento2/var/cache/mage--9/mage---a6b_BLOCK_5F01CBE2D6FA2C9E67F34D317B8520D5CFECF2B0_4_FINAL_PRICE_LIST_CATEGORY_PAGE_USD_20240528_1_0_): Permission denied The "/var/www/html/magento2/var/cache/mage--9/mage---a6b_LAYOUT_ADMINHTML_STORE1_297367C484975343FEA5D20830D4FB758_PAGE_LAYOUT_MERGED" file can't be deleted. Warning!unlink(/var/www/html/magento2/var/cache/mage--9/mage---a6b_LAYOUT_ADMINHTML_STORE1_297367C484975343FEA5D20830D4FB758_PAGE_LAYOUT_MERGED): Permission denied The "/var/www/html/magento2/var/cache/mage--9/mage---a6b_BLOCK_5F01CBE2D6FA2C9E67F34D317B8520D5CFECF2B0_6_FINAL_PRICE_LIST_CATEGORY_PAGE_USD_20240602_1_0_" file can't be deleted. Warning!unlink(/var/www/html/magento2/var/cache/mage--9/mage---a6b_BLOCK_5F01CBE2D6FA2C9E67F34D317B8520D5CFECF2B0_6_FINAL_PRICE_LIST_CATEGORY_PAGE_USD_20240602_1_0_): Permission denied The "/var/www/html/magento2/var/cache/mage--9/mage---a6b_UI_COMPONENT_CONFIGURATION_DATA_NOTIFICATION_AREA" file can't be deleted. Warning!unlink(/var/www/html/magento2/var/cache/mage--9/mage---a6b_UI_COMPONENT_CONFIGURATION_DATA_NOTIFICATION_AREA): Permission denied The "/var/www/html/magento2/var/cache/mage--9/mage---a6b_DB_PDO_MYSQL_DDL_SALES_ORDER_1" file can't be deleted. Warning!unlink(/var/www/html/magento2/var/cache/mage--9/mage---a6b_DB_PDO_MYSQL_DDL_SALES_ORDER_1): Permission denied The "/var/www/html/magento2/var/cache/mage--9/mage---a6b_BLOCK_CA2D04F236756BAF985ADFB6B192354441B4BC96" file can't be deleted. Warning!unlink(/var/www/html/magento2/var/cache/mage--9/mage---a6b_BLOCK_CA2D04F236756BAF985ADFB6B192354441B4BC96): Permission denied The "/var/www/html/magento2/var/cache/mage--9/mage---a6b_DB_PDO_MYSQL_DDL_CATALOG_CATEGORY_ENTITY_3" file can't be deleted. Warning!unlink(/var/www/html/magento2/var/cache/mage--9/mage---a6b_DB_PDO_MYSQL_DDL_CATALOG_CATEGORY_ENTITY_3): Permission denied The "/var/www/html/magento2/var/cache/mage--9/mage---a6b_LAYOUT_ADMINHTML_STORE1_2" file can't be deleted. Warning!unlink(/var/www/html/magento2/var/cache/mage--9/mage---a6b_LAYOUT_ADMINHTML_STORE1_2): Permission denied The "/var/www/html/magento2/var/cache/mage--9/mage---a6b_GLOBAL__RESOURCESCACHE" file can't be deleted. Warning!unlink(/var/www/html/magento2/var/cache/mage--9/mage---a6b_GLOBAL__RESOURCESCACHE): Permission denied The "/var/www/html/magento2/var/cache/mage--9/mage---a6b_SYSTEM_STORES_DEFAULT" file can't be deleted. Warning!unlink(/var/www/html/magento2/var/cache/mage--9/mage---a6b_SYSTEM_STORES_DEFAULT): Permission denied The "/var/www/html/magento2/var/cache/mage--9/mage---a6b_SYSTEM_STORES_2" file can't be deleted. Warning!unlink(/var/www/html/magento2/var/cache/mage--9/mage---a6b_SYSTEM_STORES_2): Permission denied The "/var/www/html/magento2/var/cache/mage--9/mage---a6b_STRUCTURE_LAYOUT_FRONTEND_STORE1_36F1B068EC7CCF4878F9284DD1137AFD1" file can't be deleted. Warning!unlink(/var/www/html/magento2/var/cache/mage--9/mage---a6b_STRUCTURE_LAYOUT_FRONTEND_STORE1_36F1B068EC7CCF4878F9284DD1137AFD1): Permission denied The "/var/www/html/magento2/var/cache/mage--9/mage---a6b_UI_COMPONENT_CONFIGURATION_DATA_ADMIN_USAGE_NOTIFICATION" file can't be deleted. Warning!unlink(/var/www/html/magento2/var/cache/mage--9/mage---a6b_UI_COMPONENT_CONFIGURATION_DATA_ADMIN_USAGE_NOTIFICATION): Permission denied The "/var/www/html/magento2/var/cache/mage--e/mage---a6b_BLOCK_5F01CBE2D6FA2C9E67F34D317B8520D5CFECF2B0_6_FINAL_PRICE_LIST_CATEGORY_PAGE_USD_20240528_1_0_" file can't be deleted. Warning!unlink(/var/www/html/magento2/var/cache/mage--e/mage---a6b_BLOCK_5F01CBE2D6FA2C9E67F34D317B8520D5CFECF2B0_6_FINAL_PRICE_LIST_CATEGORY_PAGE_USD_20240528_1_0_): Permission denied The "/var/www/html/magento2/var/cache/mage--e/mage---a6b_FRONTEND__CSP_WHITELIST_CONFIG" file can't be deleted. Warning!unlink(/var/www/html/magento2/var/cache/mage--e/mage---a6b_FRONTEND__CSP_WHITELIST_CONFIG): Permission denied The "/var/www/html/magento2/var/cache/mage--e/mage---a6b_SYSTEM_WEBSITES_1" file can't be deleted. Warning!unlink(/var/www/html/magento2/var/cache/mage--e/mage---a6b_SYSTEM_WEBSITES_1): Permission denied The "/var/www/html/magento2/var/cache/mage--e/mage---a6b_ADMINHTML__CSP_WHITELIST_CONFIG" file can't be deleted. Warning!unlink(/var/www/html/magento2/var/cache/mage--e/mage---a6b_ADMINHTML__CSP_WHITELIST_CONFIG): Permission denied The "/var/www/html/magento2/var/cache/mage--e/mage---a6b_BLOCK_5F01CBE2D6FA2C9E67F34D317B8520D5CFECF2B0_5_FINAL_PRICE_LIST_CATEGORY_PAGE_USD_20240602_1_0_" file can't be deleted. Warning!unlink(/var/www/html/magento2/var/cache/mage--e/mage---a6b_BLOCK_5F01CBE2D6FA2C9E67F34D317B8520D5CFECF2B0_5_FINAL_PRICE_LIST_CATEGORY_PAGE_USD_20240602_1_0_): Permission denied The "/var/www/html/magento2/var/cache/mage--e/mage---a6b_SYSTEM_STORES_0" file can't be deleted. Warning!unlink(/var/www/html/magento2/var/cache/mage--e/mage---a6b_SYSTEM_STORES_0): Permission denied The "/var/www/html/magento2/var/cache/mage--2/mage---a6b_UI_COMPONENT_CONFIGURATION_DATA_SALES_ORDER_GRID" file can't be deleted. Warning!unlink(/var/www/html/magento2/var/cache/mage--2/mage---a6b_UI_COMPONENT_CONFIGURATION_DATA_SALES_ORDER_GRID): Permission denied The "/var/www/html/magento2/var/cache/mage--2/mage---a6b_EAV_ENTITY_ATTRIBUTES_3_1_3" file can't be deleted. Warning!unlink(/var/www/html/magento2/var/cache/mage--2/mage---a6b_EAV_ENTITY_ATTRIBUTES_3_1_3): Permission denied The "/var/www/html/magento2/var/cache/mage--2/mage---a6b_SYSTEM_WEBSITES_BASE" file can't be deleted. Warning!unlink(/var/www/html/magento2/var/cache/mage--2/mage---a6b_SYSTEM_WEBSITES_BASE): Permission denied The "/var/www/html/magento2/var/cache/mage--2/mage---a6b_THEME_BY_ID_1" file can't be deleted. Warning!unlink(/var/www/html/magento2/var/cache/mage--2/mage---a6b_THEME_BY_ID_1): Permission denied The "/var/www/html/magento2/var/cache/mage--2/mage---a6b_LAYOUT_FRONTEND_STORE1_3A7CCD8094436548B564A588F6303121C_PAGE_LAYOUT_MERGED" file can't be deleted. Warning!unlink(/var/www/html/magento2/var/cache/mage--2/mage---a6b_LAYOUT_FRONTEND_STORE1_3A7CCD8094436548B564A588F6303121C_PAGE_LAYOUT_MERGED): Permission denied The "/var/www/html/magento2/var/cache/mage--2/mage---a6b_STRUCTURE_LAYOUT_FRONTEND_STORE1_33D71BA78AE960DA8A09926256277F03D" file can't be deleted. Warning!unlink(/var/www/html/magento2/var/cache/mage--2/mage---a6b_STRUCTURE_LAYOUT_FRONTEND_STORE1_33D71BA78AE960DA8A09926256277F03D): Permission denied The "/var/www/html/magento2/var/cache/mage--2/mage---a6b_LAYOUT_ADMINHTML_STORE1_2D41D8CD98F00B204E9800998ECF8427E_PAGE_LAYOUT_MERGED" file can't be deleted. Warning!unlink(/var/www/html/magento2/var/cache/mage--2/mage---a6b_LAYOUT_ADMINHTML_STORE1_2D41D8CD98F00B204E9800998ECF8427E_PAGE_LAYOUT_MERGED): Permission denied The "/var/www/html/magento2/var/cache/mage--2/mage---a6b_LAYOUT_ADMINHTML_STORE1_2CF9AB1B1723BEDC1DCD665A812B00335_PAGE_LAYOUT_MERGED" file can't be deleted. Warning!unlink(/var/www/html/magento2/var/cache/mage--2/mage---a6b_LAYOUT_ADMINHTML_STORE1_2CF9AB1B1723BEDC1DCD665A812B00335_PAGE_LAYOUT_MERGED): Permission denied The "/var/www/html/magento2/var/cache/mage--7/mage---a6b_GLOBAL__EVENT_CONFIG_CACHE" file can't be deleted. Warning!unlink(/var/www/html/magento2/var/cache/mage--7/mage---a6b_GLOBAL__EVENT_CONFIG_CACHE): Permission denied The "/var/www/html/magento2/var/cache/mage--7/mage---a6b_DB_PDO_MYSQL_DDL_THEME_1" file can't be deleted. Warning!unlink(/var/www/html/magento2/var/cache/mage--7/mage---a6b_DB_PDO_MYSQL_DDL_THEME_1): Permission denied The "/var/www/html/magento2/var/cache/mage--7/mage---a6b_GLOBAL__CSP_WHITELIST_CONFIG" file can't be deleted. Warning!unlink(/var/www/html/magento2/var/cache/mage--7/mage---a6b_GLOBAL__CSP_WHITELIST_CONFIG): Permission denied The "/var/www/html/magento2/var/cache/mage--7/mage---a6b_TRANSLATE_EN_US_FRONTEND_DEFAULT_MAGENTO_LUMA_" file can't be deleted. Warning!unlink(/var/www/html/magento2/var/cache/mage--7/mage---a6b_TRANSLATE_EN_US_FRONTEND_DEFAULT_MAGENTO_LUMA_): Permission denied The "/var/www/html/magento2/var/cache/mage--7/mage---a6b_LAYOUT_FRONTEND_STORE1_33D71BA78AE960DA8A09926256277F03D_PAGE_LAYOUT_MERGED" file can't be deleted. Warning!unlink(/var/www/html/magento2/var/cache/mage--7/mage---a6b_LAYOUT_FRONTEND_STORE1_33D71BA78AE960DA8A09926256277F03D_PAGE_LAYOUT_MERGED): Permission denied The "/var/www/html/magento2/var/cache/mage--f/mage---a6b_DESIGN_CHANGE_8913047A70C000DCF28C8037E3120C8A" file can't be deleted. Warning!unlink(/var/www/html/magento2/var/cache/mage--f/mage---a6b_DESIGN_CHANGE_8913047A70C000DCF28C8037E3120C8A): Permission denied The "/var/www/html/magento2/var/cache/mage--f/mage---a6b_EXTENSION_ATTRIBUTES_CONFIG" file can't be deleted. Warning!unlink(/var/www/html/magento2/var/cache/mage--f/mage---a6b_EXTENSION_ATTRIBUTES_CONFIG): Permission denied The "/var/www/html/magento2/var/cache/mage--f/mage---a6b_FRONTEND__RESOURCESCACHE" file can't be deleted. Warning!unlink(/var/www/html/magento2/var/cache/mage--f/mage---a6b_FRONTEND__RESOURCESCACHE): Permission denied The "/var/www/html/magento2/var/cache/mage--f/mage---a6b_BLOCK_422AB2B4F081F4B226BE37D9ED498E98CF44371D" file can't be deleted. Warning!unlink(/var/www/html/magento2/var/cache/mage--f/mage---a6b_BLOCK_422AB2B4F081F4B226BE37D9ED498E98CF44371D): Permission denied The "/var/www/html/magento2/var/cache/mage--f/mage---a6b_BLOCK_9A6A414B51F5233B683AE8E0539BBDAFD756E2C0" file can't be deleted. Warning!unlink(/var/www/html/magento2/var/cache/mage--f/mage---a6b_BLOCK_9A6A414B51F5233B683AE8E0539BBDAFD756E2C0): Permission denied The "/var/www/html/magento2/var/cache/mage--f/mage---a6b_LAYOUT_ADMINHTML_STORE1_291FCCD54DA687AFC76A5D6559B714906_PAGE_LAYOUT_MERGED" file can't be deleted. Warning!unlink(/var/www/html/magento2/var/cache/mage--f/mage---a6b_LAYOUT_ADMINHTML_STORE1_291FCCD54DA687AFC76A5D6559B714906_PAGE_LAYOUT_MERGED): Permission denied The "/var/www/html/magento2/var/cache/mage--f/mage---a6b_SYSTEM_DEFAULT" file can't be deleted. Warning!unlink(/var/www/html/magento2/var/cache/mage--f/mage---a6b_SYSTEM_DEFAULT): Permission denied The "/var/www/html/magento2/var/cache/mage--f/mage---a6b_THEMEADMINHTML_MAGENTO_BACKEND" file can't be deleted. Warning!unlink(/var/www/html/magento2/var/cache/mage--f/mage---a6b_THEMEADMINHTML_MAGENTO_BACKEND): Permission denied The "/var/www/html/magento2/var/cache/mage--f/mage---a6b_LAYOUT_ADMINHTML_STORE1_2PAGE_LAYOUT" file can't be deleted. Warning!unlink(/var/www/html/magento2/var/cache/mage--f/mage---a6b_LAYOUT_ADMINHTML_STORE1_2PAGE_LAYOUT): Permission denied The "/var/www/html/magento2/var/cache/mage--c/mage---a6b_SYSTEM_SCOPES" file can't be deleted. Warning!unlink(/var/www/html/magento2/var/cache/mage--c/mage---a6b_SYSTEM_SCOPES): Permission denied The "/var/www/html/magento2/var/cache/mage--c/mage---a6b_DB_PDO_MYSQL_DDL_SETUP_MODULE_5" file can't be deleted. Warning!unlink(/var/www/html/magento2/var/cache/mage--c/mage---a6b_DB_PDO_MYSQL_DDL_SETUP_MODULE_5): Permission denied The "/var/www/html/magento2/var/cache/mage--c/mage---a6b_ADMINHTML__ROUTESCONFIG" file can't be deleted. Warning!unlink(/var/www/html/magento2/var/cache/mage--c/mage---a6b_ADMINHTML__ROUTESCONFIG): Permission denied The "/var/www/html/magento2/var/cache/mage--c/mage---a6b_RELEASE_NOTIFICATION_CONTENT_2__4__6_COMMUNITY_EN_US" file can't be deleted. Warning!unlink(/var/www/html/magento2/var/cache/mage--c/mage---a6b_RELEASE_NOTIFICATION_CONTENT_2__4__6_COMMUNITY_EN_US): Permission denied The "/var/www/html/magento2/var/cache/mage--c/mage---a6b_AUTHORIZATION_RULE_CACHED_DATA" file can't be deleted. Warning!unlink(/var/www/html/magento2/var/cache/mage--c/mage---a6b_AUTHORIZATION_RULE_CACHED_DATA): Permission denied The "/var/www/html/magento2/var/cache/mage--c/mage---a6b_UI_COMPONENT_CONFIGURATION_DATA_RELEASE_NOTIFICATION" file can't be deleted. Warning!unlink(/var/www/html/magento2/var/cache/mage--c/mage---a6b_UI_COMPONENT_CONFIGURATION_DATA_RELEASE_NOTIFICATION): Permission denied The "/var/www/html/magento2/var/cache/mage--0/mage---a6b_BLOCK_5111BDFC99718462F930F1EA62B3F5F314B7B506" file can't be deleted. Warning!unlink(/var/www/html/magento2/var/cache/mage--0/mage---a6b_BLOCK_5111BDFC99718462F930F1EA62B3F5F314B7B506): Permission denied The "/var/www/html/magento2/var/cache/mage--0/mage---a6b_INDEXER_CONFIG" file can't be deleted. Warning!unlink(/var/www/html/magento2/var/cache/mage--0/mage---a6b_INDEXER_CONFIG): Permission denied The "/var/www/html/magento2/var/cache/mage--0/mage---a6b_DB_PDO_MYSQL_DDL_CATALOG_PRODUCT_ENTITY_3" file can't be deleted. Warning!unlink(/var/www/html/magento2/var/cache/mage--0/mage---a6b_DB_PDO_MYSQL_DDL_CATALOG_PRODUCT_ENTITY_3): Permission denied The "/var/www/html/magento2/var/cache/mage--0/mage---a6b_RESOLVED_STORES_D1BEFA03C79CA0B84ECC488DEA96BC68" file can't be deleted. Warning!unlink(/var/www/html/magento2/var/cache/mage--0/mage---a6b_RESOLVED_STORES_D1BEFA03C79CA0B84ECC488DEA96BC68): Permission denied The "/var/www/html/magento2/var/cache/mage--0/mage---a6b_DB_PDO_MYSQL_DDL_CATALOG_PRODUCT_ENTITY_1" file can't be deleted. Warning!unlink(/var/www/html/magento2/var/cache/mage--0/mage---a6b_DB_PDO_MYSQL_DDL_CATALOG_PRODUCT_ENTITY_1): Permission denied The "/var/www/html/magento2/var/cache/mage--0/mage---a6b_LAYOUT_FRONTEND_STORE1_3" file can't be deleted. Warning!unlink(/var/www/html/magento2/var/cache/mage--0/mage---a6b_LAYOUT_FRONTEND_STORE1_3): Permission denied The "/var/www/html/magento2/var/cache/mage--a/mage---a6b_STRUCTURE_LAYOUT_ADMINHTML_STORE1_26F1B068EC7CCF4878F9284DD1137AFD1" file can't be deleted. Warning!unlink(/var/www/html/magento2/var/cache/mage--a/mage---a6b_STRUCTURE_LAYOUT_ADMINHTML_STORE1_26F1B068EC7CCF4878F9284DD1137AFD1): Permission denied The "/var/www/html/magento2/var/cache/mage--a/mage---a6b_APP_ACTION_LIST" file can't be deleted. Warning!unlink(/var/www/html/magento2/var/cache/mage--a/mage---a6b_APP_ACTION_LIST): Permission denied The "/var/www/html/magento2/var/cache/mage--a/mage---a6b_APP_35C0BF370AE35F8C482DC31B8A81FC2F" file can't be deleted. Warning!unlink(/var/www/html/magento2/var/cache/mage--a/mage---a6b_APP_35C0BF370AE35F8C482DC31B8A81FC2F): Permission denied The "/var/www/html/magento2/var/cache/mage--a/mage---a6b_UI_COMPONENT_TEMPLATES" file can't be deleted. Warning!unlink(/var/www/html/magento2/var/cache/mage--a/mage---a6b_UI_COMPONENT_TEMPLATES): Permission denied The "/var/www/html/magento2/var/cache/mage--8/mage---a6b_APP_CE79F7EF764E9F981C8549B9DBEC468F" file can't be deleted. Warning!unlink(/var/www/html/magento2/var/cache/mage--8/mage---a6b_APP_CE79F7EF764E9F981C8549B9DBEC468F): Permission denied The "/var/www/html/magento2/var/cache/mage--8/mage---a6b_BLOCK_5F01CBE2D6FA2C9E67F34D317B8520D5CFECF2B0_4_FINAL_PRICE_LIST_CATEGORY_PAGE_USD_20240602_1_0_" file can't be deleted. Warning!unlink(/var/www/html/magento2/var/cache/mage--8/mage---a6b_BLOCK_5F01CBE2D6FA2C9E67F34D317B8520D5CFECF2B0_4_FINAL_PRICE_LIST_CATEGORY_PAGE_USD_20240602_1_0_): Permission denied The "/var/www/html/magento2/var/cache/mage--8/mage---a6b_MAGE_VERSION" file can't be deleted. Warning!unlink(/var/www/html/magento2/var/cache/mage--8/mage---a6b_MAGE_VERSION): Permission denied The "/var/www/html/magento2/var/cache/mage--8/mage---a6b_TRANSLATE_EN_US_ADMINHTML_ADMIN_MAGENTO_BACKEND_MAGENTO_SALES" file can't be deleted. Warning!unlink(/var/www/html/magento2/var/cache/mage--8/mage---a6b_TRANSLATE_EN_US_ADMINHTML_ADMIN_MAGENTO_BACKEND_MAGENTO_SALES): Permission denied The "/var/www/html/magento2/var/cache/mage--8/mage---a6b_SYSTEM_STORES_3" file can't be deleted. Warning!unlink(/var/www/html/magento2/var/cache/mage--8/mage---a6b_SYSTEM_STORES_3): Permission denied The "/var/www/html/magento2/var/cache/mage--8/mage---a6b_THEME_BY_ID_3" file can't be deleted. Warning!unlink(/var/www/html/magento2/var/cache/mage--8/mage---a6b_THEME_BY_ID_3): Permission denied The "/var/www/html/magento2/var/cache/mage--b/mage---a6b_TRANSLATE_EN_US_ADMINHTML_ADMIN_MAGENTO_BACKEND_MAGENTO_BACKEND" file can't be deleted. Warning!unlink(/var/www/html/magento2/var/cache/mage--b/mage---a6b_TRANSLATE_EN_US_ADMINHTML_ADMIN_MAGENTO_BACKEND_MAGENTO_BACKEND): Permission denied The "/var/www/html/magento2/var/cache/mage--b/mage---a6b_AUTHORIZATION_ROLE_CACHED_DATA" file can't be deleted. Warning!unlink(/var/www/html/magento2/var/cache/mage--b/mage---a6b_AUTHORIZATION_ROLE_CACHED_DATA): Permission denied The "/var/www/html/magento2/var/cache/mage--b/mage---a6b_RELEASE_NOTIFICATION_POPUP_1" file can't be deleted. Warning!unlink(/var/www/html/magento2/var/cache/mage--b/mage---a6b_RELEASE_NOTIFICATION_POPUP_1): Permission denied The "/var/www/html/magento2/var/cache/mage--b/mage---a6b_TRANSLATE_EN_US_ADMINHTML_ADMIN_MAGENTO_BACKEND_" file can't be deleted. Warning!unlink(/var/www/html/magento2/var/cache/mage--b/mage---a6b_TRANSLATE_EN_US_ADMINHTML_ADMIN_MAGENTO_BACKEND_): Permission denied The "/var/www/html/magento2/var/cache/mage--b/mage---a6b_ATTRIBUTE_NAVIGATION_OPTION_COLOR_1" file can't be deleted. Warning!unlink(/var/www/html/magento2/var/cache/mage--b/mage---a6b_ATTRIBUTE_NAVIGATION_OPTION_COLOR_1): Permission denied The "/var/www/html/magento2/var/cache/mage--b/mage---a6b_PAYMENT_CONFIG" file can't be deleted. Warning!unlink(/var/www/html/magento2/var/cache/mage--b/mage---a6b_PAYMENT_CONFIG): Permission denied The "/var/www/html/magento2/var/cache/mage--4/mage---a6b_ATTRIBUTE_NAVIGATION_OPTION_MANUFACTURER_1" file can't be deleted. Warning!unlink(/var/www/html/magento2/var/cache/mage--4/mage---a6b_ATTRIBUTE_NAVIGATION_OPTION_MANUFACTURER_1): Permission denied The "/var/www/html/magento2/var/cache/mage--4/mage---a6b_ADDRESS_FORMAT" file can't be deleted. Warning!unlink(/var/www/html/magento2/var/cache/mage--4/mage---a6b_ADDRESS_FORMAT): Permission denied The "/var/www/html/magento2/var/cache/mage--4/mage---a6b_STRUCTURE_LAYOUT_ADMINHTML_STORE1_291FCCD54DA687AFC76A5D6559B714906" file can't be deleted. Warning!unlink(/var/www/html/magento2/var/cache/mage--4/mage---a6b_STRUCTURE_LAYOUT_ADMINHTML_STORE1_291FCCD54DA687AFC76A5D6559B714906): Permission denied The "/var/www/html/magento2/var/cache/mage--4/mage---a6b_ELASTICSEARCH_INDEX_CONFIG" file can't be deleted. Warning!unlink(/var/www/html/magento2/var/cache/mage--4/mage---a6b_ELASTICSEARCH_INDEX_CONFIG): Permission denied The "/var/www/html/magento2/var/cache/mage--4/mage---a6b_PRODUCT_TYPES_CONFIG" file can't be deleted. Warning!unlink(/var/www/html/magento2/var/cache/mage--4/mage---a6b_PRODUCT_TYPES_CONFIG): Permission denied The "/var/www/html/magento2/var/cache/mage--4/mage---a6b_ADMIN_USAGE_NOTIFICATION_POPUP" file can't be deleted. Warning!unlink(/var/www/html/magento2/var/cache/mage--4/mage---a6b_ADMIN_USAGE_NOTIFICATION_POPUP): Permission denied The "/var/www/html/magento2/var/cache/mage--4/mage---a6b_PRODUCT_LISTING_ATTRIBUTES4_1" file can't be deleted. Warning!unlink(/var/www/html/magento2/var/cache/mage--4/mage---a6b_PRODUCT_LISTING_ATTRIBUTES4_1): Permission denied The "/var/www/html/magento2/var/cache/mage--4/mage---a6b_BLOCK_3D02A9C6039C035B9A3C11D11BC2715C9929C9DA" file can't be deleted. Warning!unlink(/var/www/html/magento2/var/cache/mage--4/mage---a6b_BLOCK_3D02A9C6039C035B9A3C11D11BC2715C9929C9DA): Permission denied The "/var/www/html/magento2/var/cache/mage--d/mage---a6b_LAYOUT_FRONTEND_STORE1_36F1B068EC7CCF4878F9284DD1137AFD1_PAGE_LAYOUT_MERGED" file can't be deleted. Warning!unlink(/var/www/html/magento2/var/cache/mage--d/mage---a6b_LAYOUT_FRONTEND_STORE1_36F1B068EC7CCF4878F9284DD1137AFD1_PAGE_LAYOUT_MERGED): Permission denied The "/var/www/html/magento2/var/cache/mage--d/mage---a6b_EAV_ENTITY_TYPES" file can't be deleted. Warning!unlink(/var/www/html/magento2/var/cache/mage--d/mage---a6b_EAV_ENTITY_TYPES): Permission denied The "/var/www/html/magento2/var/cache/mage--d/mage---a6b_SYSTEM" file can't be deleted. Warning!unlink(/var/www/html/magento2/var/cache/mage--d/mage---a6b_SYSTEM): Permission denied The "/var/www/html/magento2/var/cache/mage--d/mage---a6b_FRONTEND__ROUTESCONFIG" file can't be deleted. Warning!unlink(/var/www/html/magento2/var/cache/mage--d/mage---a6b_FRONTEND__ROUTESCONFIG): Permission denied The "/var/www/html/magento2/var/cache/mage--d/mage---a6b_SYSTEM_STORES_1" file can't be deleted. Warning!unlink(/var/www/html/magento2/var/cache/mage--d/mage---a6b_SYSTEM_STORES_1): Permission denied The "/var/www/html/magento2/var/cache/mage--d/mage---a6b_REQUEST_DECLARATION" file can't be deleted. Warning!unlink(/var/www/html/magento2/var/cache/mage--d/mage---a6b_REQUEST_DECLARATION): Permission denied The "/var/www/html/magento2/var/cache/mage--d/mage---a6b_STRUCTURE_LAYOUT_ADMINHTML_STORE1_2D41D8CD98F00B204E9800998ECF8427E" file can't be deleted. Warning!unlink(/var/www/html/magento2/var/cache/mage--d/mage---a6b_STRUCTURE_LAYOUT_ADMINHTML_STORE1_2D41D8CD98F00B204E9800998ECF8427E): Permission denied The "/var/www/html/magento2/var/cache/mage--d/mage---a6b_THEMEFRONTEND_MAGENTO_LUMA" file can't be deleted. Warning!unlink(/var/www/html/magento2/var/cache/mage--d/mage---a6b_THEMEFRONTEND_MAGENTO_LUMA): Permission denied The "/var/www/html/magento2/var/cache/mage--d/mage---a6b_APP_108B5EBA5ECACA9F6E9F88D4CD04D6E0" file can't be deleted. Warning!unlink(/var/www/html/magento2/var/cache/mage--d/mage---a6b_APP_108B5EBA5ECACA9F6E9F88D4CD04D6E0): Permission denied The "/var/www/html/magento2/var/cache/mage--d/mage---a6b_THEMEFRONTEND_MAGENTO_BLANK" file can't be deleted. Warning!unlink(/var/www/html/magento2/var/cache/mage--d/mage---a6b_THEMEFRONTEND_MAGENTO_BLANK): Permission denied The "/var/www/html/magento2/var/cache/mage--1/mage---a6b_ASSIGNED_ROLE_1" file can't be deleted. Warning!unlink(/var/www/html/magento2/var/cache/mage--1/mage---a6b_ASSIGNED_ROLE_1): Permission denied The "/var/www/html/magento2/var/cache/mage--1/mage---a6b_LAYOUT_ADMINHTML_STORE1_26F1B068EC7CCF4878F9284DD1137AFD1_PAGE_LAYOUT_MERGED" file can't be deleted. Warning!unlink(/var/www/html/magento2/var/cache/mage--1/mage---a6b_LAYOUT_ADMINHTML_STORE1_26F1B068EC7CCF4878F9284DD1137AFD1_PAGE_LAYOUT_MERGED): Permission denied The "/var/www/html/magento2/var/cache/mage--1/mage---a6b_CONFIGURATION_FILES_ACCESS_LEVEL_VERIFICATION" file can't be deleted. Warning!unlink(/var/www/html/magento2/var/cache/mage--1/mage---a6b_CONFIGURATION_FILES_ACCESS_LEVEL_VERIFICATION): Permission denied The "/var/www/html/magento2/var/cache/mage--1/mage---a6b_BACKEND_MENU_OBJECT" file can't be deleted. Warning!unlink(/var/www/html/magento2/var/cache/mage--1/mage---a6b_BACKEND_MENU_OBJECT): Permission denied The "/var/www/html/magento2/var/cache/mage--1/mage---a6b_UI_COMPONENT_CONFIGURATION_DEFINITION_DATA" file can't be deleted. Warning!unlink(/var/www/html/magento2/var/cache/mage--1/mage---a6b_UI_COMPONENT_CONFIGURATION_DEFINITION_DATA): Permission denied The "/var/www/html/magento2/var/cache/mage--1/mage---a6b_SECTIONS_INVALIDATION_CONFIG" file can't be deleted. Warning!unlink(/var/www/html/magento2/var/cache/mage--1/mage---a6b_SECTIONS_INVALIDATION_CONFIG): Permission denied The "/var/www/html/magento2/var/cache/mage--1/mage---a6b_SYSTEM_STORES_ADMIN" file can't be deleted. Warning!unlink(/var/www/html/magento2/var/cache/mage--1/mage---a6b_SYSTEM_STORES_ADMIN): Permission denied The "/var/www/html/magento2/var/cache/mage--1/mage---a6b_DESIGN_CHANGE_61815F8074DD95FEBC2258CB5C6DAD64" file can't be deleted. Warning!unlink(/var/www/html/magento2/var/cache/mage--1/mage---a6b_DESIGN_CHANGE_61815F8074DD95FEBC2258CB5C6DAD64): Permission denied The "/var/www/html/magento2/var/cache/mage--1/mage---a6b_DB_PDO_MYSQL_DDL_SALES_ORDER_STATUS_1" file can't be deleted. Warning!unlink(/var/www/html/magento2/var/cache/mage--1/mage---a6b_DB_PDO_MYSQL_DDL_SALES_ORDER_STATUS_1): Permission denied The "/var/www/html/magento2/var/cache/mage--6/mage---a6b_THEME_BY_ID_2" file can't be deleted. Warning!unlink(/var/www/html/magento2/var/cache/mage--6/mage---a6b_THEME_BY_ID_2): Permission denied The "/var/www/html/magento2/var/cache/mage--6/mage---a6b_INITIAL_CONFIG" file can't be deleted. Warning!unlink(/var/www/html/magento2/var/cache/mage--6/mage---a6b_INITIAL_CONFIG): Permission denied The "/var/www/html/magento2/var/cache/mage--6/mage---a6b_APP_4169C5DEEEB8F84FEFBFAC574BE2769B" file can't be deleted. Warning!unlink(/var/www/html/magento2/var/cache/mage--6/mage---a6b_APP_4169C5DEEEB8F84FEFBFAC574BE2769B): Permission denied The "/var/www/html/magento2/var/cache/mage--6/mage---a6b_LAYOUT_FRONTEND_STORE1_3PAGE_LAYOUT" file can't be deleted. Warning!unlink(/var/www/html/magento2/var/cache/mage--6/mage---a6b_LAYOUT_FRONTEND_STORE1_3PAGE_LAYOUT): Permission denied The "/var/www/html/magento2/var/cache/mage--5/mage---a6b_DB_PDO_MYSQL_DDL_EAV_ATTRIBUTE_1" file can't be deleted. Warning!unlink(/var/www/html/magento2/var/cache/mage--5/mage---a6b_DB_PDO_MYSQL_DDL_EAV_ATTRIBUTE_1): Permission denied The "/var/www/html/magento2/var/cache/mage--5/mage---a6b_SYSTEM_STORES_FR" file can't be deleted. Warning!unlink(/var/www/html/magento2/var/cache/mage--5/mage---a6b_SYSTEM_STORES_FR): Permission denied The "/var/www/html/magento2/var/cache/mage--5/mage---a6b_SYSTEM_STORES_BE" file can't be deleted. Warning!unlink(/var/www/html/magento2/var/cache/mage--5/mage---a6b_SYSTEM_STORES_BE): Permission denied The "/var/www/html/magento2/var/cache/mage--5/mage---a6b_BLOCK_5F01CBE2D6FA2C9E67F34D317B8520D5CFECF2B0_1_FINAL_PRICE_LIST_CATEGORY_PAGE_USD_20240602_1_0_" file can't be deleted. Warning!unlink(/var/www/html/magento2/var/cache/mage--5/mage---a6b_BLOCK_5F01CBE2D6FA2C9E67F34D317B8520D5CFECF2B0_1_FINAL_PRICE_LIST_CATEGORY_PAGE_USD_20240602_1_0_): Permission denied The "/var/www/html/magento2/var/cache/mage--5/mage---a6b_BLOCK_5F01CBE2D6FA2C9E67F34D317B8520D5CFECF2B0_5_FINAL_PRICE_LIST_CATEGORY_PAGE_USD_20240528_1_0_" file can't be deleted. Warning!unlink(/var/www/html/magento2/var/cache/mage--5/mage---a6b_BLOCK_5F01CBE2D6FA2C9E67F34D317B8520D5CFECF2B0_5_FINAL_PRICE_LIST_CATEGORY_PAGE_USD_20240528_1_0_): Permission denied The "/var/www/html/magento2/var/cache/mage--5/mage---a6b_SYSTEM_WEBSITES_ADMIN" file can't be deleted. Warning!unlink(/var/www/html/magento2/var/cache/mage--5/mage---a6b_SYSTEM_WEBSITES_ADMIN): Permission denied The "/var/www/html/magento2/var/cache/mage--5/mage---a6b_ADMINHTML__RESOURCESCACHE" file can't be deleted. Warning!unlink(/var/www/html/magento2/var/cache/mage--5/mage---a6b_ADMINHTML__RESOURCESCACHE): Permission denied The "/var/www/html/magento2/var/cache/mage--5/mage---a6b_DB_PDO_MYSQL_DDL_SALES_ORDER_GRID_1" file can't be deleted. Warning!unlink(/var/www/html/magento2/var/cache/mage--5/mage---a6b_DB_PDO_MYSQL_DDL_SALES_ORDER_GRID_1): Permission denied The "/var/www/html/magento2/var/cache/mage--5/mage---a6b_PROVIDER_ACL_RESOURCES_CACHE" file can't be deleted. Warning!unlink(/var/www/html/magento2/var/cache/mage--5/mage---a6b_PROVIDER_ACL_RESOURCES_CACHE): Permission denied The "/var/www/html/magento2/var/cache/mage--3/mage---a6b_ADMIN_NOTIFICATIONS_LASTCHECK" file can't be deleted. Warning!unlink(/var/www/html/magento2/var/cache/mage--3/mage---a6b_ADMIN_NOTIFICATIONS_LASTCHECK): Permission denied The "/var/www/html/magento2/var/cache/mage--3/mage---a6b_EAV_ENTITY_ATTRIBUTES_CATALOG_PRODUCT_0_PRELOAD" file can't be deleted. Warning!unlink(/var/www/html/magento2/var/cache/mage--3/mage---a6b_EAV_ENTITY_ATTRIBUTES_CATALOG_PRODUCT_0_PRELOAD): Permission denied The "/var/www/html/magento2/var/cache/mage--3/mage---a6b_BLOCK_AA0D1879257E4BF454FAF87F1169A1BB7943FAFC" file can't be deleted. Warning!unlink(/var/www/html/magento2/var/cache/mage--3/mage---a6b_BLOCK_AA0D1879257E4BF454FAF87F1169A1BB7943FAFC): Permission denied The "/var/www/html/magento2/var/cache/mage--3/mage---a6b_PRODUCT_OPTIONS_CONFIG" file can't be deleted. Warning!unlink(/var/www/html/magento2/var/cache/mage--3/mage---a6b_PRODUCT_OPTIONS_CONFIG): Permission denied The "/var/www/html/magento2/var/cache/mage--3/mage---a6b_DB_PDO_MYSQL_DDL_ADMIN_USER_SESSION_1" file can't be deleted. Warning!unlink(/var/www/html/magento2/var/cache/mage--3/mage---a6b_DB_PDO_MYSQL_DDL_ADMIN_USER_SESSION_1): Permission denied The "/var/www/html/magento2/var/cache/mage--3/mage---a6b_SYSTEM_WEBSITES_0" file can't be deleted. Warning!unlink(/var/www/html/magento2/var/cache/mage--3/mage---a6b_SYSTEM_WEBSITES_0): Permission denied The "/var/www/html/magento2/var/cache/mage--3/mage---a6b_CRON_GROUPS_CONFIG_CACHE" file can't be deleted. Warning!unlink(/var/www/html/magento2/var/cache/mage--3/mage---a6b_CRON_GROUPS_CONFIG_CACHE): Permission denied The "/var/www/html/magento2/var/cache/mage--3/mage---a6b_PRODUCT_LISTING_SORT_BY_ATTRIBUTES4_1" file can't be deleted. Warning!unlink(/var/www/html/magento2/var/cache/mage--3/mage---a6b_PRODUCT_LISTING_SORT_BY_ATTRIBUTES4_1): Permission denied The "/var/www/html/magento2/var/cache/mage--3/mage---a6b_TRANSLATE_EN_US_ADMINHTML_ADMIN_MAGENTO_BACKEND_MAGENTO_UI" file can't be deleted. Warning!unlink(/var/www/html/magento2/var/cache/mage--3/mage---a6b_TRANSLATE_EN_US_ADMINHTML_ADMIN_MAGENTO_BACKEND_MAGENTO_UI): Permission denied The "/var/www/html/magento2/var/cache/mage--3/mage---a6b_ADMINHTML__EVENT_CONFIG_CACHE" file can't be deleted. Warning!unlink(/var/www/html/magento2/var/cache/mage--3/mage---a6b_ADMINHTML__EVENT_CONFIG_CACHE): Permission denied The "/var/www/html/magento2/var/cache/mage--3/mage---a6b_DB_IS_UP_TO_DATE" file can't be deleted. Warning!unlink(/var/www/html/magento2/var/cache/mage--3/mage---a6b_DB_IS_UP_TO_DATE): Permission denied The "/var/www/html/magento2/var/cache/mage--9/mage---a6b_BLOCK_5F01CBE2D6FA2C9E67F34D317B8520D5CFECF2B0_1_FINAL_PRICE_LIST_CATEGORY_PAGE_USD_20240528_1_0_" file can't be deleted. Warning!unlink(/var/www/html/magento2/var/cache/mage--9/mage---a6b_BLOCK_5F01CBE2D6FA2C9E67F34D317B8520D5CFECF2B0_1_FINAL_PRICE_LIST_CATEGORY_PAGE_USD_20240528_1_0_): Permission denied The "/var/www/html/magento2/var/cache/mage--9/mage---a6b_STRUCTURE_LAYOUT_ADMINHTML_STORE1_297367C484975343FEA5D20830D4FB758" file can't be deleted. Warning!unlink(/var/www/html/magento2/var/cache/mage--9/mage---a6b_STRUCTURE_LAYOUT_ADMINHTML_STORE1_297367C484975343FEA5D20830D4FB758): Permission denied The "/var/www/html/magento2/var/cache/mage--9/mage---a6b_FRONTEND__EVENT_CONFIG_CACHE" file can't be deleted. Warning!unlink(/var/www/html/magento2/var/cache/mage--9/mage---a6b_FRONTEND__EVENT_CONFIG_CACHE): Permission denied The "/var/www/html/magento2/var/cache/mage--9/mage---a6b_BLOCK_5F01CBE2D6FA2C9E67F34D317B8520D5CFECF2B0_4_FINAL_PRICE_LIST_CATEGORY_PAGE_USD_20240528_1_0_" file can't be deleted. Warning!unlink(/var/www/html/magento2/var/cache/mage--9/mage---a6b_BLOCK_5F01CBE2D6FA2C9E67F34D317B8520D5CFECF2B0_4_FINAL_PRICE_LIST_CATEGORY_PAGE_USD_20240528_1_0_): Permission denied The "/var/www/html/magento2/var/cache/mage--9/mage---a6b_LAYOUT_ADMINHTML_STORE1_297367C484975343FEA5D20830D4FB758_PAGE_LAYOUT_MERGED" file can't be deleted. Warning!unlink(/var/www/html/magento2/var/cache/mage--9/mage---a6b_LAYOUT_ADMINHTML_STORE1_297367C484975343FEA5D20830D4FB758_PAGE_LAYOUT_MERGED): Permission denied The "/var/www/html/magento2/var/cache/mage--9/mage---a6b_BLOCK_5F01CBE2D6FA2C9E67F34D317B8520D5CFECF2B0_6_FINAL_PRICE_LIST_CATEGORY_PAGE_USD_20240602_1_0_" file can't be deleted. Warning!unlink(/var/www/html/magento2/var/cache/mage--9/mage---a6b_BLOCK_5F01CBE2D6FA2C9E67F34D317B8520D5CFECF2B0_6_FINAL_PRICE_LIST_CATEGORY_PAGE_USD_20240602_1_0_): Permission denied The "/var/www/html/magento2/var/cache/mage--9/mage---a6b_UI_COMPONENT_CONFIGURATION_DATA_NOTIFICATION_AREA" file can't be deleted. Warning!unlink(/var/www/html/magento2/var/cache/mage--9/mage---a6b_UI_COMPONENT_CONFIGURATION_DATA_NOTIFICATION_AREA): Permission denied The "/var/www/html/magento2/var/cache/mage--9/mage---a6b_DB_PDO_MYSQL_DDL_SALES_ORDER_1" file can't be deleted. Warning!unlink(/var/www/html/magento2/var/cache/mage--9/mage---a6b_DB_PDO_MYSQL_DDL_SALES_ORDER_1): Permission denied The "/var/www/html/magento2/var/cache/mage--9/mage---a6b_BLOCK_CA2D04F236756BAF985ADFB6B192354441B4BC96" file can't be deleted. Warning!unlink(/var/www/html/magento2/var/cache/mage--9/mage---a6b_BLOCK_CA2D04F236756BAF985ADFB6B192354441B4BC96): Permission denied The "/var/www/html/magento2/var/cache/mage--9/mage---a6b_DB_PDO_MYSQL_DDL_CATALOG_CATEGORY_ENTITY_3" file can't be deleted. Warning!unlink(/var/www/html/magento2/var/cache/mage--9/mage---a6b_DB_PDO_MYSQL_DDL_CATALOG_CATEGORY_ENTITY_3): Permission denied The "/var/www/html/magento2/var/cache/mage--9/mage---a6b_LAYOUT_ADMINHTML_STORE1_2" file can't be deleted. Warning!unlink(/var/www/html/magento2/var/cache/mage--9/mage---a6b_LAYOUT_ADMINHTML_STORE1_2): Permission denied The "/var/www/html/magento2/var/cache/mage--9/mage---a6b_GLOBAL__RESOURCESCACHE" file can't be deleted. Warning!unlink(/var/www/html/magento2/var/cache/mage--9/mage---a6b_GLOBAL__RESOURCESCACHE): Permission denied The "/var/www/html/magento2/var/cache/mage--9/mage---a6b_SYSTEM_STORES_DEFAULT" file can't be deleted. Warning!unlink(/var/www/html/magento2/var/cache/mage--9/mage---a6b_SYSTEM_STORES_DEFAULT): Permission denied The "/var/www/html/magento2/var/cache/mage--9/mage---a6b_SYSTEM_STORES_2" file can't be deleted. Warning!unlink(/var/www/html/magento2/var/cache/mage--9/mage---a6b_SYSTEM_STORES_2): Permission denied The "/var/www/html/magento2/var/cache/mage--9/mage---a6b_STRUCTURE_LAYOUT_FRONTEND_STORE1_36F1B068EC7CCF4878F9284DD1137AFD1" file can't be deleted. Warning!unlink(/var/www/html/magento2/var/cache/mage--9/mage---a6b_STRUCTURE_LAYOUT_FRONTEND_STORE1_36F1B068EC7CCF4878F9284DD1137AFD1): Permission denied The "/var/www/html/magento2/var/cache/mage--9/mage---a6b_UI_COMPONENT_CONFIGURATION_DATA_ADMIN_USAGE_NOTIFICATION" file can't be deleted. Warning!unlink(/var/www/html/magento2/var/cache/mage--9/mage---a6b_UI_COMPONENT_CONFIGURATION_DATA_ADMIN_USAGE_NOTIFICATION): Permission denied The "/var/www/html/magento2/var/cache/mage--e/mage---a6b_BLOCK_5F01CBE2D6FA2C9E67F34D317B8520D5CFECF2B0_6_FINAL_PRICE_LIST_CATEGORY_PAGE_USD_20240528_1_0_" file can't be deleted. Warning!unlink(/var/www/html/magento2/var/cache/mage--e/mage---a6b_BLOCK_5F01CBE2D6FA2C9E67F34D317B8520D5CFECF2B0_6_FINAL_PRICE_LIST_CATEGORY_PAGE_USD_20240528_1_0_): Permission denied The "/var/www/html/magento2/var/cache/mage--e/mage---a6b_FRONTEND__CSP_WHITELIST_CONFIG" file can't be deleted. Warning!unlink(/var/www/html/magento2/var/cache/mage--e/mage---a6b_FRONTEND__CSP_WHITELIST_CONFIG): Permission denied The "/var/www/html/magento2/var/cache/mage--e/mage---a6b_SYSTEM_WEBSITES_1" file can't be deleted. Warning!unlink(/var/www/html/magento2/var/cache/mage--e/mage---a6b_SYSTEM_WEBSITES_1): Permission denied The "/var/www/html/magento2/var/cache/mage--e/mage---a6b_ADMINHTML__CSP_WHITELIST_CONFIG" file can't be deleted. Warning!unlink(/var/www/html/magento2/var/cache/mage--e/mage---a6b_ADMINHTML__CSP_WHITELIST_CONFIG): Permission denied The "/var/www/html/magento2/var/cache/mage--e/mage---a6b_BLOCK_5F01CBE2D6FA2C9E67F34D317B8520D5CFECF2B0_5_FINAL_PRICE_LIST_CATEGORY_PAGE_USD_20240602_1_0_" file can't be deleted. Warning!unlink(/var/www/html/magento2/var/cache/mage--e/mage---a6b_BLOCK_5F01CBE2D6FA2C9E67F34D317B8520D5CFECF2B0_5_FINAL_PRICE_LIST_CATEGORY_PAGE_USD_20240602_1_0_): Permission denied The "/var/www/html/magento2/var/cache/mage--e/mage---a6b_SYSTEM_STORES_0" file can't be deleted. Warning!unlink(/var/www/html/magento2/var/cache/mage--e/mage---a6b_SYSTEM_STORES_0): Permission denied The "/var/www/html/magento2/var/cache/mage--2/mage---a6b_UI_COMPONENT_CONFIGURATION_DATA_SALES_ORDER_GRID" file can't be deleted. Warning!unlink(/var/www/html/magento2/var/cache/mage--2/mage---a6b_UI_COMPONENT_CONFIGURATION_DATA_SALES_ORDER_GRID): Permission denied The "/var/www/html/magento2/var/cache/mage--2/mage---a6b_EAV_ENTITY_ATTRIBUTES_3_1_3" file can't be deleted. Warning!unlink(/var/www/html/magento2/var/cache/mage--2/mage---a6b_EAV_ENTITY_ATTRIBUTES_3_1_3): Permission denied The "/var/www/html/magento2/var/cache/mage--2/mage---a6b_SYSTEM_WEBSITES_BASE" file can't be deleted. Warning!unlink(/var/www/html/magento2/var/cache/mage--2/mage---a6b_SYSTEM_WEBSITES_BASE): Permission denied The "/var/www/html/magento2/var/cache/mage--2/mage---a6b_THEME_BY_ID_1" file can't be deleted. Warning!unlink(/var/www/html/magento2/var/cache/mage--2/mage---a6b_THEME_BY_ID_1): Permission denied The "/var/www/html/magento2/var/cache/mage--2/mage---a6b_LAYOUT_FRONTEND_STORE1_3A7CCD8094436548B564A588F6303121C_PAGE_LAYOUT_MERGED" file can't be deleted. Warning!unlink(/var/www/html/magento2/var/cache/mage--2/mage---a6b_LAYOUT_FRONTEND_STORE1_3A7CCD8094436548B564A588F6303121C_PAGE_LAYOUT_MERGED): Permission denied The "/var/www/html/magento2/var/cache/mage--2/mage---a6b_STRUCTURE_LAYOUT_FRONTEND_STORE1_33D71BA78AE960DA8A09926256277F03D" file can't be deleted. Warning!unlink(/var/www/html/magento2/var/cache/mage--2/mage---a6b_STRUCTURE_LAYOUT_FRONTEND_STORE1_33D71BA78AE960DA8A09926256277F03D): Permission denied The "/var/www/html/magento2/var/cache/mage--2/mage---a6b_LAYOUT_ADMINHTML_STORE1_2D41D8CD98F00B204E9800998ECF8427E_PAGE_LAYOUT_MERGED" file can't be deleted. Warning!unlink(/var/www/html/magento2/var/cache/mage--2/mage---a6b_LAYOUT_ADMINHTML_STORE1_2D41D8CD98F00B204E9800998ECF8427E_PAGE_LAYOUT_MERGED): Permission denied The "/var/www/html/magento2/var/cache/mage--2/mage---a6b_LAYOUT_ADMINHTML_STORE1_2CF9AB1B1723BEDC1DCD665A812B00335_PAGE_LAYOUT_MERGED" file can't be deleted. Warning!unlink(/var/www/html/magento2/var/cache/mage--2/mage---a6b_LAYOUT_ADMINHTML_STORE1_2CF9AB1B1723BEDC1DCD665A812B00335_PAGE_LAYOUT_MERGED): Permission denied The "/var/www/html/magento2/var/cache/mage--7/mage---a6b_GLOBAL__EVENT_CONFIG_CACHE" file can't be deleted. Warning!unlink(/var/www/html/magento2/var/cache/mage--7/mage---a6b_GLOBAL__EVENT_CONFIG_CACHE): Permission denied The "/var/www/html/magento2/var/cache/mage--7/mage---a6b_DB_PDO_MYSQL_DDL_THEME_1" file can't be deleted. Warning!unlink(/var/www/html/magento2/var/cache/mage--7/mage---a6b_DB_PDO_MYSQL_DDL_THEME_1): Permission denied The "/var/www/html/magento2/var/cache/mage--7/mage---a6b_GLOBAL__CSP_WHITELIST_CONFIG" file can't be deleted. Warning!unlink(/var/www/html/magento2/var/cache/mage--7/mage---a6b_GLOBAL__CSP_WHITELIST_CONFIG): Permission denied The "/var/www/html/magento2/var/cache/mage--7/mage---a6b_TRANSLATE_EN_US_FRONTEND_DEFAULT_MAGENTO_LUMA_" file can't be deleted. Warning!unlink(/var/www/html/magento2/var/cache/mage--7/mage---a6b_TRANSLATE_EN_US_FRONTEND_DEFAULT_MAGENTO_LUMA_): Permission denied The "/var/www/html/magento2/var/cache/mage--7/mage---a6b_LAYOUT_FRONTEND_STORE1_33D71BA78AE960DA8A09926256277F03D_PAGE_LAYOUT_MERGED" file can't be deleted. Warning!unlink(/var/www/html/magento2/var/cache/mage--7/mage---a6b_LAYOUT_FRONTEND_STORE1_33D71BA78AE960DA8A09926256277F03D_PAGE_LAYOUT_MERGED): Permission denied The "/var/www/html/magento2/var/cache/mage--f/mage---a6b_DESIGN_CHANGE_8913047A70C000DCF28C8037E3120C8A" file can't be deleted. Warning!unlink(/var/www/html/magento2/var/cache/mage--f/mage---a6b_DESIGN_CHANGE_8913047A70C000DCF28C8037E3120C8A): Permission denied The "/var/www/html/magento2/var/cache/mage--f/mage---a6b_EXTENSION_ATTRIBUTES_CONFIG" file can't be deleted. Warning!unlink(/var/www/html/magento2/var/cache/mage--f/mage---a6b_EXTENSION_ATTRIBUTES_CONFIG): Permission denied The "/var/www/html/magento2/var/cache/mage--f/mage---a6b_FRONTEND__RESOURCESCACHE" file can't be deleted. Warning!unlink(/var/www/html/magento2/var/cache/mage--f/mage---a6b_FRONTEND__RESOURCESCACHE): Permission denied The "/var/www/html/magento2/var/cache/mage--f/mage---a6b_BLOCK_422AB2B4F081F4B226BE37D9ED498E98CF44371D" file can't be deleted. Warning!unlink(/var/www/html/magento2/var/cache/mage--f/mage---a6b_BLOCK_422AB2B4F081F4B226BE37D9ED498E98CF44371D): Permission denied The "/var/www/html/magento2/var/cache/mage--f/mage---a6b_BLOCK_9A6A414B51F5233B683AE8E0539BBDAFD756E2C0" file can't be deleted. Warning!unlink(/var/www/html/magento2/var/cache/mage--f/mage---a6b_BLOCK_9A6A414B51F5233B683AE8E0539BBDAFD756E2C0): Permission denied The "/var/www/html/magento2/var/cache/mage--f/mage---a6b_LAYOUT_ADMINHTML_STORE1_291FCCD54DA687AFC76A5D6559B714906_PAGE_LAYOUT_MERGED" file can't be deleted. Warning!unlink(/var/www/html/magento2/var/cache/mage--f/mage---a6b_LAYOUT_ADMINHTML_STORE1_291FCCD54DA687AFC76A5D6559B714906_PAGE_LAYOUT_MERGED): Permission denied The "/var/www/html/magento2/var/cache/mage--f/mage---a6b_SYSTEM_DEFAULT" file can't be deleted. Warning!unlink(/var/www/html/magento2/var/cache/mage--f/mage---a6b_SYSTEM_DEFAULT): Permission denied The "/var/www/html/magento2/var/cache/mage--f/mage---a6b_THEMEADMINHTML_MAGENTO_BACKEND" file can't be deleted. Warning!unlink(/var/www/html/magento2/var/cache/mage--f/mage---a6b_THEMEADMINHTML_MAGENTO_BACKEND): Permission denied The "/var/www/html/magento2/var/cache/mage--f/mage---a6b_LAYOUT_ADMINHTML_STORE1_2PAGE_LAYOUT" file can't be deleted. Warning!unlink(/var/www/html/magento2/var/cache/mage--f/mage---a6b_LAYOUT_ADMINHTML_STORE1_2PAGE_LAYOUT): Permission denied The "/var/www/html/magento2/var/cache/mage--c/mage---a6b_SYSTEM_SCOPES" file can't be deleted. Warning!unlink(/var/www/html/magento2/var/cache/mage--c/mage---a6b_SYSTEM_SCOPES): Permission denied The "/var/www/html/magento2/var/cache/mage--c/mage---a6b_DB_PDO_MYSQL_DDL_SETUP_MODULE_5" file can't be deleted. Warning!unlink(/var/www/html/magento2/var/cache/mage--c/mage---a6b_DB_PDO_MYSQL_DDL_SETUP_MODULE_5): Permission denied The "/var/www/html/magento2/var/cache/mage--c/mage---a6b_ADMINHTML__ROUTESCONFIG" file can't be deleted. Warning!unlink(/var/www/html/magento2/var/cache/mage--c/mage---a6b_ADMINHTML__ROUTESCONFIG): Permission denied The "/var/www/html/magento2/var/cache/mage--c/mage---a6b_RELEASE_NOTIFICATION_CONTENT_2__4__6_COMMUNITY_EN_US" file can't be deleted. Warning!unlink(/var/www/html/magento2/var/cache/mage--c/mage---a6b_RELEASE_NOTIFICATION_CONTENT_2__4__6_COMMUNITY_EN_US): Permission denied The "/var/www/html/magento2/var/cache/mage--c/mage---a6b_AUTHORIZATION_RULE_CACHED_DATA" file can't be deleted. Warning!unlink(/var/www/html/magento2/var/cache/mage--c/mage---a6b_AUTHORIZATION_RULE_CACHED_DATA): Permission denied The "/var/www/html/magento2/var/cache/mage--c/mage---a6b_UI_COMPONENT_CONFIGURATION_DATA_RELEASE_NOTIFICATION" file can't be deleted. Warning!unlink(/var/www/html/magento2/var/cache/mage--c/mage---a6b_UI_COMPONENT_CONFIGURATION_DATA_RELEASE_NOTIFICATION): Permission denied The "/var/www/html/magento2/var/cache/mage--0/mage---a6b_BLOCK_5111BDFC99718462F930F1EA62B3F5F314B7B506" file can't be deleted. Warning!unlink(/var/www/html/magento2/var/cache/mage--0/mage---a6b_BLOCK_5111BDFC99718462F930F1EA62B3F5F314B7B506): Permission denied The "/var/www/html/magento2/var/cache/mage--0/mage---a6b_INDEXER_CONFIG" file can't be deleted. Warning!unlink(/var/www/html/magento2/var/cache/mage--0/mage---a6b_INDEXER_CONFIG): Permission denied The "/var/www/html/magento2/var/cache/mage--0/mage---a6b_DB_PDO_MYSQL_DDL_CATALOG_PRODUCT_ENTITY_3" file can't be deleted. Warning!unlink(/var/www/html/magento2/var/cache/mage--0/mage---a6b_DB_PDO_MYSQL_DDL_CATALOG_PRODUCT_ENTITY_3): Permission denied The "/var/www/html/magento2/var/cache/mage--0/mage---a6b_RESOLVED_STORES_D1BEFA03C79CA0B84ECC488DEA96BC68" file can't be deleted. Warning!unlink(/var/www/html/magento2/var/cache/mage--0/mage---a6b_RESOLVED_STORES_D1BEFA03C79CA0B84ECC488DEA96BC68): Permission denied The "/var/www/html/magento2/var/cache/mage--0/mage---a6b_DB_PDO_MYSQL_DDL_CATALOG_PRODUCT_ENTITY_1" file can't be deleted. Warning!unlink(/var/www/html/magento2/var/cache/mage--0/mage---a6b_DB_PDO_MYSQL_DDL_CATALOG_PRODUCT_ENTITY_1): Permission denied The "/var/www/html/magento2/var/cache/mage--0/mage---a6b_LAYOUT_FRONTEND_STORE1_3" file can't be deleted. Warning!unlink(/var/www/html/magento2/var/cache/mage--0/mage---a6b_LAYOUT_FRONTEND_STORE1_3): Permission denied The "/var/www/html/magento2/var/cache/mage--a/mage---a6b_STRUCTURE_LAYOUT_ADMINHTML_STORE1_26F1B068EC7CCF4878F9284DD1137AFD1" file can't be deleted. Warning!unlink(/var/www/html/magento2/var/cache/mage--a/mage---a6b_STRUCTURE_LAYOUT_ADMINHTML_STORE1_26F1B068EC7CCF4878F9284DD1137AFD1): Permission denied The "/var/www/html/magento2/var/cache/mage--a/mage---a6b_APP_ACTION_LIST" file can't be deleted. Warning!unlink(/var/www/html/magento2/var/cache/mage--a/mage---a6b_APP_ACTION_LIST): Permission denied The "/var/www/html/magento2/var/cache/mage--a/mage---a6b_APP_35C0BF370AE35F8C482DC31B8A81FC2F" file can't be deleted. Warning!unlink(/var/www/html/magento2/var/cache/mage--a/mage---a6b_APP_35C0BF370AE35F8C482DC31B8A81FC2F): Permission denied The "/var/www/html/magento2/var/cache/mage--a/mage---a6b_UI_COMPONENT_TEMPLATES" file can't be deleted. Warning!unlink(/var/www/html/magento2/var/cache/mage--a/mage---a6b_UI_COMPONENT_TEMPLATES): Permission denied The "/var/www/html/magento2/var/cache/mage--8/mage---a6b_APP_CE79F7EF764E9F981C8549B9DBEC468F" file can't be deleted. Warning!unlink(/var/www/html/magento2/var/cache/mage--8/mage---a6b_APP_CE79F7EF764E9F981C8549B9DBEC468F): Permission denied The "/var/www/html/magento2/var/cache/mage--8/mage---a6b_BLOCK_5F01CBE2D6FA2C9E67F34D317B8520D5CFECF2B0_4_FINAL_PRICE_LIST_CATEGORY_PAGE_USD_20240602_1_0_" file can't be deleted. Warning!unlink(/var/www/html/magento2/var/cache/mage--8/mage---a6b_BLOCK_5F01CBE2D6FA2C9E67F34D317B8520D5CFECF2B0_4_FINAL_PRICE_LIST_CATEGORY_PAGE_USD_20240602_1_0_): Permission denied The "/var/www/html/magento2/var/cache/mage--8/mage---a6b_MAGE_VERSION" file can't be deleted. Warning!unlink(/var/www/html/magento2/var/cache/mage--8/mage---a6b_MAGE_VERSION): Permission denied The "/var/www/html/magento2/var/cache/mage--8/mage---a6b_TRANSLATE_EN_US_ADMINHTML_ADMIN_MAGENTO_BACKEND_MAGENTO_SALES" file can't be deleted. Warning!unlink(/var/www/html/magento2/var/cache/mage--8/mage---a6b_TRANSLATE_EN_US_ADMINHTML_ADMIN_MAGENTO_BACKEND_MAGENTO_SALES): Permission denied The "/var/www/html/magento2/var/cache/mage--8/mage---a6b_SYSTEM_STORES_3" file can't be deleted. Warning!unlink(/var/www/html/magento2/var/cache/mage--8/mage---a6b_SYSTEM_STORES_3): Permission denied The "/var/www/html/magento2/var/cache/mage--8/mage---a6b_THEME_BY_ID_3" file can't be deleted. Warning!unlink(/var/www/html/magento2/var/cache/mage--8/mage---a6b_THEME_BY_ID_3): Permission denied
#0 /var/www/html/magento2/setup/src/Magento/Setup/Console/Command/DiCompileCommand.php(309): Magento\Framework\Filesystem\Directory\Write->delete()
#1 /var/www/html/magento2/setup/src/Magento/Setup/Console/Command/DiCompileCommand.php(183): Magento\Setup\Console\Command\DiCompileCommand->cleanupFilesystem()
#2 /var/www/html/magento2/vendor/symfony/console/Command/Command.php(298): Magento\Setup\Console\Command\DiCompileCommand->execute()
#3 /var/www/html/magento2/vendor/symfony/console/Application.php(1040): Symfony\Component\Console\Command\Command->run()
#4 /var/www/html/magento2/vendor/symfony/console/Application.php(301): Symfony\Component\Console\Application->doRunCommand()
#5 /var/www/html/magento2/vendor/magento/framework/Console/Cli.php(116): Symfony\Component\Console\Application->doRun()
#6 /var/www/html/magento2/vendor/symfony/console/Application.php(171): Magento\Framework\Console\Cli->doRun()
#7 /var/www/html/magento2/bin/magento(23): Symfony\Component\Console\Application->run()
#8 {main} [] []
[2024-06-02T17:11:54.538617+00:00] main.ERROR: The XML in file "/var/www/html/magento2/app/code/Ak/ExtensionAttribute/etc/extension_attributes.xml" is invalid:
XML declaration allowed only at the start of the document
Line: 2

Verify the XML and try again. [] []
[2024-06-02T17:11:54.657293+00:00] main.ERROR: The XML in file "/var/www/html/magento2/app/code/Ak/ExtensionAttribute/etc/extension_attributes.xml" is invalid:
XML declaration allowed only at the start of the document
Line: 2

Verify the XML and try again. [] []
[2024-06-02T17:17:26.490583+00:00] main.INFO: Broken reference: the 'catalog.compare.sidebar' element cannot be added as child to 'sidebar.additional', because the latter doesn't exist [] []
[2024-06-02T17:17:26.491281+00:00] main.INFO: Broken reference: the 'sale.reorder.sidebar' element cannot be added as child to 'sidebar.additional', because the latter doesn't exist [] []
[2024-06-02T17:17:26.492657+00:00] main.INFO: Broken reference: the 'wishlist_sidebar' element cannot be added as child to 'sidebar.additional', because the latter doesn't exist [] []
[2024-06-02T17:19:36.117053+00:00] main.INFO: Broken reference: the 'catalog.compare.sidebar' element cannot be added as child to 'sidebar.additional', because the latter doesn't exist [] []
[2024-06-02T17:19:36.118085+00:00] main.INFO: Broken reference: the 'sale.reorder.sidebar' element cannot be added as child to 'sidebar.additional', because the latter doesn't exist [] []
[2024-06-02T17:19:36.119358+00:00] main.INFO: Broken reference: the 'wishlist_sidebar' element cannot be added as child to 'sidebar.additional', because the latter doesn't exist [] []
[2024-06-02T17:21:08.676654+00:00] main.INFO: Broken reference: the 'catalog.compare.sidebar' element cannot be added as child to 'sidebar.additional', because the latter doesn't exist [] []
[2024-06-02T17:21:08.677842+00:00] main.INFO: Broken reference: the 'sale.reorder.sidebar' element cannot be added as child to 'sidebar.additional', because the latter doesn't exist [] []
[2024-06-02T17:21:08.678683+00:00] main.INFO: Broken reference: the 'wishlist_sidebar' element cannot be added as child to 'sidebar.additional', because the latter doesn't exist [] []
[2024-06-02T17:25:30.602429+00:00] main.INFO: Broken reference: the 'catalog.compare.sidebar' element cannot be added as child to 'sidebar.additional', because the latter doesn't exist [] []
[2024-06-02T17:25:30.603064+00:00] main.INFO: Broken reference: the 'sale.reorder.sidebar' element cannot be added as child to 'sidebar.additional', because the latter doesn't exist [] []
[2024-06-02T17:25:30.603764+00:00] main.INFO: Broken reference: the 'wishlist_sidebar' element cannot be added as child to 'sidebar.additional', because the latter doesn't exist [] []
[2024-06-02T17:38:26.027960+00:00] main.INFO: Broken reference: the 'tracking' element cannot be added as child to 'header', because the latter doesn't exist [] []
[2024-06-02T17:38:26.028681+00:00] main.INFO: Broken reference: the 'notification_area' element cannot be added as child to 'notifications', because the latter doesn't exist [] []
[2024-06-02T17:38:26.029147+00:00] main.INFO: Broken reference: the 'unread_system_messages' element cannot be added as child to 'notifications', because the latter doesn't exist [] []
[2024-06-02T17:38:26.029601+00:00] main.INFO: Broken reference: the 'notification_window' element cannot be added as child to 'notifications', because the latter doesn't exist [] []
[2024-06-02T17:38:26.030050+00:00] main.INFO: Broken reference: the 'notification.messages' element cannot be added as child to 'header', because the latter doesn't exist [] []
[2024-06-02T17:38:26.030532+00:00] main.INFO: Broken reference: the 'global_notices' element cannot be added as child to 'global.notices', because the latter doesn't exist [] []
[2024-06-02T17:38:26.030992+00:00] main.INFO: Broken reference: the 'logo' element cannot be added as child to 'header', because the latter doesn't exist [] []
[2024-06-02T17:38:26.031442+00:00] main.INFO: Broken reference: the 'global.search' element cannot be added as child to 'header', because the latter doesn't exist [] []
[2024-06-02T17:38:26.031890+00:00] main.INFO: Broken reference: the 'user' element cannot be added as child to 'header', because the latter doesn't exist [] []
[2024-06-02T17:38:26.032373+00:00] main.INFO: Broken reference: the 'menu' element cannot be added as child to 'page.menu', because the latter doesn't exist [] []
[2024-06-02T17:38:26.032827+00:00] main.INFO: Broken reference: the 'breadcrumbs' element cannot be added as child to 'page.breadcrumbs', because the latter doesn't exist [] []
[2024-06-02T17:38:26.033277+00:00] main.INFO: Broken reference: the 'formkey' element cannot be added as child to 'page.formkey', because the latter doesn't exist [] []
[2024-06-02T17:38:26.033727+00:00] main.INFO: Broken reference: the 'page.title' element cannot be added as child to 'main.top', because the latter doesn't exist [] []
[2024-06-02T17:38:26.034174+00:00] main.INFO: Broken reference: the 'messages' element cannot be added as child to 'page.messages', because the latter doesn't exist [] []
[2024-06-02T17:38:26.034623+00:00] main.INFO: Broken reference: the 'page.actions.toolbar' element cannot be added as child to 'page.main.actions', because the latter doesn't exist [] []
[2024-06-02T17:38:26.035072+00:00] main.INFO: Broken reference: the 'legal' element cannot be added as child to 'footer', because the latter doesn't exist [] []
[2024-06-02T17:38:26.035618+00:00] main.INFO: Broken reference: the 'header.inner.left' element cannot be added as child to 'header', because the latter doesn't exist [] []
[2024-06-02T17:38:26.036075+00:00] main.INFO: Broken reference: the 'header.inner.right' element cannot be added as child to 'header', because the latter doesn't exist [] []
[2024-06-02T17:38:26.036584+00:00] main.INFO: Broken reference: the 'user' tries to reorder itself towards '', but their parents are different: 'header' and '' respectively. [] []
[2024-06-02T17:38:26.037065+00:00] main.INFO: Broken reference: the 'notification.messages' tries to reorder itself towards 'user', but their parents are different: 'header' and '' respectively. [] []
[2024-06-02T17:38:26.037661+00:00] main.INFO: Broken reference: the 'logo' tries to reorder itself towards '', but their parents are different: 'header' and '' respectively. [] []
[2024-06-02T17:38:26.038143+00:00] main.INFO: Broken reference: the 'global.search' tries to reorder itself towards 'logo', but their parents are different: 'header' and '' respectively. [] []
[2024-06-02T17:38:26.038600+00:00] main.INFO: Broken reference: the 'page.actions.toolbar' tries to reorder itself towards '', but their parents are different: 'page.main.actions' and '' respectively. [] []
[2024-06-02T17:38:26.039075+00:00] main.INFO: Broken reference: the 'header.inner.left' tries to reorder itself towards '', but their parents are different: 'header' and '' respectively. [] []
[2024-06-02T17:38:26.039616+00:00] main.INFO: Broken reference: the 'header.inner.right' tries to reorder itself towards 'header.inner.left', but their parents are different: 'header' and '' respectively. [] []
[2024-06-02T17:38:26.040117+00:00] main.INFO: Broken reference: the 'notification.messages' tries to reorder itself towards 'user', but their parents are different: 'header.inner.right' and '' respectively. [] []
[2024-06-02T17:38:51.483905+00:00] main.INFO: Item Magento_Backend::system_currency was removed [] []
[2024-06-02T17:38:51.490579+00:00] main.INFO: Add of item with id Magento_Config::system_config was processed [] []
[2024-06-02T17:38:51.491420+00:00] main.INFO: Add of item with id Magento_AdminNotification::system_adminnotification was processed [] []
[2024-06-02T17:38:51.492119+00:00] main.INFO: Add of item with id Magento_Theme::design_config was processed [] []
[2024-06-02T17:38:51.492633+00:00] main.INFO: Add of item with id Magento_Theme::system_design_theme was processed [] []
[2024-06-02T17:38:51.493095+00:00] main.INFO: Add of item with id Magento_Backend::system_design_schedule was processed [] []
[2024-06-02T17:38:51.493553+00:00] main.INFO: Add of item with id Magento_Backend::system_store was processed [] []
[2024-06-02T17:38:51.494000+00:00] main.INFO: Add of item with id Magento_Backend::dashboard was processed [] []
[2024-06-02T17:38:51.494443+00:00] main.INFO: Add of item with id Magento_Backend::system was processed [] []
[2024-06-02T17:38:51.494899+00:00] main.INFO: Add of item with id Magento_Backend::system_tools was processed [] []
[2024-06-02T17:38:51.495356+00:00] main.INFO: Add of item with id Magento_Backend::system_design was processed [] []
[2024-06-02T17:38:51.495800+00:00] main.INFO: Add of item with id Magento_Backend::system_convert was processed [] []
[2024-06-02T17:38:51.496250+00:00] main.INFO: Add of item with id Magento_Backend::system_cache was processed [] []
[2024-06-02T17:38:51.496732+00:00] main.INFO: Add of item with id Magento_Backend::marketing was processed [] []
[2024-06-02T17:38:51.497223+00:00] main.INFO: Add of item with id Magento_Backend::marketing_communications was processed [] []
[2024-06-02T17:38:51.497677+00:00] main.INFO: Add of item with id Magento_Backend::marketing_seo was processed [] []
[2024-06-02T17:38:51.498123+00:00] main.INFO: Add of item with id Magento_Backend::marketing_user_content was processed [] []
[2024-06-02T17:38:51.498565+00:00] main.INFO: Add of item with id Magento_Backend::content was processed [] []
[2024-06-02T17:38:51.499008+00:00] main.INFO: Add of item with id Magento_Backend::content_elements was processed [] []
[2024-06-02T17:38:51.499450+00:00] main.INFO: Add of item with id Magento_Backend::stores was processed [] []
[2024-06-02T17:38:51.499901+00:00] main.INFO: Add of item with id Magento_Backend::stores_settings was processed [] []
[2024-06-02T17:38:51.500348+00:00] main.INFO: Add of item with id Magento_Backend::stores_attributes was processed [] []
[2024-06-02T17:38:51.500966+00:00] main.INFO: Add of item with id Magento_Backend::other_settings was processed [] []
[2024-06-02T17:38:51.501460+00:00] main.INFO: Add of item with id Magento_Backend::system_other_settings was processed [] []
[2024-06-02T17:38:51.501925+00:00] main.INFO: Add of item with id Magento_User::system_acl was processed [] []
[2024-06-02T17:38:51.502403+00:00] main.INFO: Add of item with id Magento_User::system_acl_users was processed [] []
[2024-06-02T17:38:51.502861+00:00] main.INFO: Add of item with id Magento_User::system_acl_roles was processed [] []
[2024-06-02T17:38:51.503334+00:00] main.INFO: Add of item with id Magento_User::system_acl_locks was processed [] []
[2024-06-02T17:38:51.503784+00:00] main.INFO: Add of item with id Magento_Customer::customer was processed [] []
[2024-06-02T17:38:51.504242+00:00] main.INFO: Add of item with id Magento_Customer::customer_manage was processed [] []
[2024-06-02T17:38:51.504689+00:00] main.INFO: Add of item with id Magento_Customer::customer_online was processed [] []
[2024-06-02T17:38:51.505133+00:00] main.INFO: Add of item with id Magento_Customer::customer_group was processed [] []
[2024-06-02T17:38:51.505575+00:00] main.INFO: Add of item with id Magento_Backup::system_tools_backup was processed [] []
[2024-06-02T17:38:51.506032+00:00] main.INFO: Add of item with id Magento_Indexer::system_index was processed [] []
[2024-06-02T17:38:51.506810+00:00] main.INFO: Add of item with id Magento_Variable::system_variable was processed [] []
[2024-06-02T17:38:51.507546+00:00] main.INFO: Add of item with id Magento_Cms::cms_page was processed [] []
[2024-06-02T17:38:51.508275+00:00] main.INFO: Add of item with id Magento_Cms::cms_block was processed [] []
[2024-06-02T17:38:51.509001+00:00] main.INFO: Add of item with id Magento_Search::search_terms was processed [] []
[2024-06-02T17:38:51.509642+00:00] main.INFO: Add of item with id Magento_Search::search_synonyms was processed [] []
[2024-06-02T17:38:51.510101+00:00] main.INFO: Add of item with id Magento_Catalog::catalog was processed [] []
[2024-06-02T17:38:51.510718+00:00] main.INFO: Add of item with id Magento_Catalog::catalog_products was processed [] []
[2024-06-02T17:38:51.511191+00:00] main.INFO: Add of item with id Magento_Catalog::catalog_categories was processed [] []
[2024-06-02T17:38:51.511650+00:00] main.INFO: Add of item with id Magento_Catalog::catalog_attributes_attributes was processed [] []
[2024-06-02T17:38:51.512103+00:00] main.INFO: Add of item with id Magento_Catalog::catalog_attributes_sets was processed [] []
[2024-06-02T17:38:51.512559+00:00] main.INFO: Add of item with id Magento_Catalog::inventory was processed [] []
[2024-06-02T17:38:51.513006+00:00] main.INFO: Add of item with id Magento_CatalogRule::promo was processed [] []
[2024-06-02T17:38:51.513461+00:00] main.INFO: Add of item with id Magento_CatalogRule::promo_catalog was processed [] []
[2024-06-02T17:38:51.513909+00:00] main.INFO: Add of item with id Magento_MediaGalleryUi::media was processed [] []
[2024-06-02T17:38:51.514362+00:00] main.INFO: Add of item with id Magento_MediaGalleryUi::media_gallery was processed [] []
[2024-06-02T17:38:51.514807+00:00] main.INFO: Add of item with id Magento_Integration::system_extensions was processed [] []
[2024-06-02T17:38:51.515255+00:00] main.INFO: Add of item with id Magento_Integration::system_integrations was processed [] []
[2024-06-02T17:38:51.515711+00:00] main.INFO: Add of item with id Magento_Sales::sales was processed [] []
[2024-06-02T17:38:51.516189+00:00] main.INFO: Add of item with id Magento_Sales::sales_operation was processed [] []
[2024-06-02T17:38:51.516653+00:00] main.INFO: Add of item with id Magento_Sales::sales_order was processed [] []
[2024-06-02T17:38:51.517099+00:00] main.INFO: Add of item with id Magento_Sales::sales_invoice was processed [] []
[2024-06-02T17:38:51.517550+00:00] main.INFO: Add of item with id Magento_Sales::sales_shipment was processed [] []
[2024-06-02T17:38:51.518029+00:00] main.INFO: Add of item with id Magento_Sales::sales_creditmemo was processed [] []
[2024-06-02T17:38:51.518477+00:00] main.INFO: Add of item with id Magento_Sales::sales_transactions was processed [] []
[2024-06-02T17:38:51.518933+00:00] main.INFO: Add of item with id Magento_Sales::system_order_statuses was processed [] []
[2024-06-02T17:38:51.519378+00:00] main.INFO: Add of item with id Magento_Widget::cms_widget_instance was processed [] []
[2024-06-02T17:38:51.519831+00:00] main.INFO: Add of item with id Magento_Analytics::business_intelligence was processed [] []
[2024-06-02T17:38:51.520286+00:00] main.INFO: Add of item with id Magento_Analytics::advanced_reporting was processed [] []
[2024-06-02T17:38:51.520787+00:00] main.INFO: Add of item with id Magento_Analytics::bi_essentials was processed [] []
[2024-06-02T17:38:51.521243+00:00] main.INFO: Add of item with id Magento_Downloadable::report_products_downloads was processed [] []
[2024-06-02T17:38:51.521695+00:00] main.INFO: Add of item with id Magento_ImportExport::system_convert_import was processed [] []
[2024-06-02T17:38:51.522140+00:00] main.INFO: Add of item with id Magento_ImportExport::system_convert_export was processed [] []
[2024-06-02T17:38:51.522581+00:00] main.INFO: Add of item with id Magento_ImportExport::system_convert_history was processed [] []
[2024-06-02T17:38:51.523421+00:00] main.INFO: Add of item with id Magento_Email::template was processed [] []
[2024-06-02T17:38:51.523901+00:00] main.INFO: Add of item with id Magento_EncryptionKey::system_crypt_key was processed [] []
[2024-06-02T17:38:51.524347+00:00] main.INFO: Add of item with id Magento_InventoryAdminUi::inventory was processed [] []
[2024-06-02T17:38:51.524804+00:00] main.INFO: Add of item with id Magento_InventoryAdminUi::source was processed [] []
[2024-06-02T17:38:51.525276+00:00] main.INFO: Add of item with id Magento_InventoryAdminUi::stock was processed [] []
[2024-06-02T17:38:51.525722+00:00] main.INFO: Add of item with id Magento_Reports::report was processed [] []
[2024-06-02T17:38:51.526167+00:00] main.INFO: Add of item with id Magento_Reports::report_marketing was processed [] []
[2024-06-02T17:38:51.526619+00:00] main.INFO: Add of item with id Magento_Reports::report_salesroot was processed [] []
[2024-06-02T17:38:51.527071+00:00] main.INFO: Add of item with id Magento_Reports::report_salesroot_sales was processed [] []
[2024-06-02T17:38:51.527517+00:00] main.INFO: Add of item with id Magento_Reports::report_salesroot_tax was processed [] []
[2024-06-02T17:38:51.527961+00:00] main.INFO: Add of item with id Magento_Reports::report_salesroot_invoiced was processed [] []
[2024-06-02T17:38:51.528402+00:00] main.INFO: Add of item with id Magento_Reports::report_salesroot_shipping was processed [] []
[2024-06-02T17:38:51.528843+00:00] main.INFO: Add of item with id Magento_Reports::report_salesroot_refunded was processed [] []
[2024-06-02T17:38:51.529280+00:00] main.INFO: Add of item with id Magento_Reports::report_salesroot_coupons was processed [] []
[2024-06-02T17:38:51.529731+00:00] main.INFO: Add of item with id Magento_Reports::report_shopcart_product was processed [] []
[2024-06-02T17:38:51.530176+00:00] main.INFO: Add of item with id Magento_Reports::report_shopcart_abandoned was processed [] []
[2024-06-02T17:38:51.530675+00:00] main.INFO: Add of item with id Magento_Reports::report_products was processed [] []
[2024-06-02T17:38:51.531146+00:00] main.INFO: Add of item with id Magento_Reports::report_products_bestsellers was processed [] []
[2024-06-02T17:38:51.531601+00:00] main.INFO: Add of item with id Magento_Reports::report_products_sold was processed [] []
[2024-06-02T17:38:51.532044+00:00] main.INFO: Add of item with id Magento_Reports::report_products_viewed was processed [] []
[2024-06-02T17:38:51.532484+00:00] main.INFO: Add of item with id Magento_Reports::report_products_lowstock was processed [] []
[2024-06-02T17:38:51.532927+00:00] main.INFO: Add of item with id Magento_Reports::report_customers was processed [] []
[2024-06-02T17:38:51.533384+00:00] main.INFO: Add of item with id Magento_Reports::report_customers_accounts was processed [] []
[2024-06-02T17:38:51.533827+00:00] main.INFO: Add of item with id Magento_Reports::report_customers_totals was processed [] []
[2024-06-02T17:38:51.534278+00:00] main.INFO: Add of item with id Magento_Reports::report_customers_orders was processed [] []
[2024-06-02T17:38:51.534719+00:00] main.INFO: Add of item with id Magento_Reports::report_statistics was processed [] []
[2024-06-02T17:38:51.535172+00:00] main.INFO: Add of item with id Magento_Reports::report_statistics_refresh was processed [] []
[2024-06-02T17:38:51.535616+00:00] main.INFO: Add of item with id Magento_Search::report_search_term was processed [] []
[2024-06-02T17:38:51.536064+00:00] main.INFO: Add of item with id Magento_LoginAsCustomerLog::login_log was processed [] []
[2024-06-02T17:38:51.536506+00:00] main.INFO: Add of item with id Magento_Marketplace::partners was processed [] []
[2024-06-02T17:38:51.536948+00:00] main.INFO: Add of item with id Magento_Newsletter::newsletter_template was processed [] []
[2024-06-02T17:38:51.537424+00:00] main.INFO: Add of item with id Magento_Newsletter::newsletter_queue was processed [] []
[2024-06-02T17:38:51.537870+00:00] main.INFO: Add of item with id Magento_Newsletter::newsletter_subscriber was processed [] []
[2024-06-02T17:38:51.538311+00:00] main.INFO: Add of item with id Magento_Newsletter::newsletter_problem was processed [] []
[2024-06-02T17:38:51.538754+00:00] main.INFO: Add of item with id Magento_SalesRule::promo_quote was processed [] []
[2024-06-02T17:38:51.539235+00:00] main.INFO: Add of item with id Magento_Sitemap::catalog_sitemap was processed [] []
[2024-06-02T17:38:51.540236+00:00] main.INFO: Add of item with id Magento_PageBuilder::templates was processed [] []
[2024-06-02T17:38:51.541196+00:00] main.INFO: Add of item with id Magento_Paypal::report_salesroot_paypal_settlement_reports was processed [] []
[2024-06-02T17:38:51.541891+00:00] main.INFO: Add of item with id Magento_Paypal::paypal_billing_agreement was processed [] []
[2024-06-02T17:38:51.542376+00:00] main.INFO: Add of item with id Magento_CheckoutAgreements::sales_checkoutagreement was processed [] []
[2024-06-02T17:38:51.542935+00:00] main.INFO: Add of item with id Magento_Review::catalog_reviews_ratings_ratings was processed [] []
[2024-06-02T17:38:51.543439+00:00] main.INFO: Add of item with id Magento_Review::catalog_reviews_ratings_pending was processed [] []
[2024-06-02T17:38:51.543912+00:00] main.INFO: Add of item with id Magento_Review::catalog_reviews_ratings_reviews_all was processed [] []
[2024-06-02T17:38:51.544374+00:00] main.INFO: Add of item with id Magento_Review::report_review was processed [] []
[2024-06-02T17:38:51.544837+00:00] main.INFO: Add of item with id Magento_Review::report_review_customer was processed [] []
[2024-06-02T17:38:51.545285+00:00] main.INFO: Add of item with id Magento_Review::report_review_product was processed [] []
[2024-06-02T17:38:51.545729+00:00] main.INFO: Add of item with id Magento_UrlRewrite::urlrewrite was processed [] []
[2024-06-02T17:38:51.546177+00:00] main.INFO: Add of item with id Magento_Tax::sales_tax was processed [] []
[2024-06-02T17:38:51.546633+00:00] main.INFO: Add of item with id Magento_Tax::sales_tax_rules was processed [] []
[2024-06-02T17:38:51.547082+00:00] main.INFO: Add of item with id Magento_Tax::sales_tax_rates was processed [] []
[2024-06-02T17:38:51.547525+00:00] main.INFO: Add of item with id Magento_TaxImportExport::system_convert_tax was processed [] []
[2024-06-02T17:38:51.547972+00:00] main.INFO: Add of item with id Magento_AsynchronousOperations::system_magento_logging was processed [] []
[2024-06-02T17:38:51.548429+00:00] main.INFO: Add of item with id Magento_AsynchronousOperations::system_magento_logging_bulk_operations was processed [] []
[2024-06-02T17:38:51.548879+00:00] main.INFO: Add of item with id Magento_CurrencySymbol::system_currency was processed [] []
[2024-06-02T17:38:51.549331+00:00] main.INFO: Add of item with id Magento_CurrencySymbol::system_currency_rates was processed [] []
[2024-06-02T17:38:51.549777+00:00] main.INFO: Add of item with id Magento_CurrencySymbol::system_currency_symbols was processed [] []
[2024-06-02T17:38:51.550231+00:00] main.INFO: Add of item with id PayPal_Braintree::settlement_report was processed [] []
[2024-06-02T17:38:51.550748+00:00] main.INFO: Add of item with id PayPal_Braintree::virtual_terminal was processed [] []
[2024-06-02T17:39:02.459633+00:00] main.INFO: Broken reference: the 'notification.messages' tries to reorder itself towards 'user', but their parents are different: 'header.inner.right' and 'header' respectively. [] []
[2024-12-29T16:42:05.075766+00:00] main.INFO: Broken reference: the 'tracking' element cannot be added as child to 'header', because the latter doesn't exist [] []
[2024-12-29T16:42:05.077308+00:00] main.INFO: Broken reference: the 'notification_area' element cannot be added as child to 'notifications', because the latter doesn't exist [] []
[2024-12-29T16:42:05.077788+00:00] main.INFO: Broken reference: the 'unread_system_messages' element cannot be added as child to 'notifications', because the latter doesn't exist [] []
[2024-12-29T16:42:05.078322+00:00] main.INFO: Broken reference: the 'notification_window' element cannot be added as child to 'notifications', because the latter doesn't exist [] []
[2024-12-29T16:42:05.078781+00:00] main.INFO: Broken reference: the 'notification.messages' element cannot be added as child to 'header', because the latter doesn't exist [] []
[2024-12-29T16:42:05.079234+00:00] main.INFO: Broken reference: the 'global_notices' element cannot be added as child to 'global.notices', because the latter doesn't exist [] []
[2024-12-29T16:42:05.079680+00:00] main.INFO: Broken reference: the 'logo' element cannot be added as child to 'header', because the latter doesn't exist [] []
[2024-12-29T16:42:05.080141+00:00] main.INFO: Broken reference: the 'global.search' element cannot be added as child to 'header', because the latter doesn't exist [] []
[2024-12-29T16:42:05.080599+00:00] main.INFO: Broken reference: the 'user' element cannot be added as child to 'header', because the latter doesn't exist [] []
[2024-12-29T16:42:05.081045+00:00] main.INFO: Broken reference: the 'menu' element cannot be added as child to 'page.menu', because the latter doesn't exist [] []
[2024-12-29T16:42:05.081576+00:00] main.INFO: Broken reference: the 'breadcrumbs' element cannot be added as child to 'page.breadcrumbs', because the latter doesn't exist [] []
[2024-12-29T16:42:05.082040+00:00] main.INFO: Broken reference: the 'formkey' element cannot be added as child to 'page.formkey', because the latter doesn't exist [] []
[2024-12-29T16:42:05.082635+00:00] main.INFO: Broken reference: the 'page.title' element cannot be added as child to 'main.top', because the latter doesn't exist [] []
[2024-12-29T16:42:05.083422+00:00] main.INFO: Broken reference: the 'messages' element cannot be added as child to 'page.messages', because the latter doesn't exist [] []
[2024-12-29T16:42:05.084187+00:00] main.INFO: Broken reference: the 'page.actions.toolbar' element cannot be added as child to 'page.main.actions', because the latter doesn't exist [] []
[2024-12-29T16:42:05.084824+00:00] main.INFO: Broken reference: the 'legal' element cannot be added as child to 'footer', because the latter doesn't exist [] []
[2024-12-29T16:42:05.085481+00:00] main.INFO: Broken reference: the 'header.inner.left' element cannot be added as child to 'header', because the latter doesn't exist [] []
[2024-12-29T16:42:05.086093+00:00] main.INFO: Broken reference: the 'header.inner.right' element cannot be added as child to 'header', because the latter doesn't exist [] []
[2024-12-29T16:42:05.088424+00:00] main.INFO: Broken reference: the 'user' tries to reorder itself towards '', but their parents are different: 'header' and '' respectively. [] []
[2024-12-29T16:42:05.088955+00:00] main.INFO: Broken reference: the 'notification.messages' tries to reorder itself towards 'user', but their parents are different: 'header' and '' respectively. [] []
[2024-12-29T16:42:05.089422+00:00] main.INFO: Broken reference: the 'logo' tries to reorder itself towards '', but their parents are different: 'header' and '' respectively. [] []
[2024-12-29T16:42:05.089893+00:00] main.INFO: Broken reference: the 'global.search' tries to reorder itself towards 'logo', but their parents are different: 'header' and '' respectively. [] []
[2024-12-29T16:42:05.090343+00:00] main.INFO: Broken reference: the 'page.actions.toolbar' tries to reorder itself towards '', but their parents are different: 'page.main.actions' and '' respectively. [] []
[2024-12-29T16:42:05.090813+00:00] main.INFO: Broken reference: the 'header.inner.left' tries to reorder itself towards '', but their parents are different: 'header' and '' respectively. [] []
[2024-12-29T16:42:05.091267+00:00] main.INFO: Broken reference: the 'header.inner.right' tries to reorder itself towards 'header.inner.left', but their parents are different: 'header' and '' respectively. [] []
[2024-12-29T16:42:05.091788+00:00] main.INFO: Broken reference: the 'notification.messages' tries to reorder itself towards 'user', but their parents are different: 'header.inner.right' and '' respectively. [] []
[2024-12-29T16:42:20.997062+00:00] main.INFO: Item Magento_Backend::system_currency was removed [] []
[2024-12-29T16:42:21.008761+00:00] main.INFO: Add of item with id Magento_Config::system_config was processed [] []
[2024-12-29T16:42:21.009347+00:00] main.INFO: Add of item with id Magento_AdminNotification::system_adminnotification was processed [] []
[2024-12-29T16:42:21.009861+00:00] main.INFO: Add of item with id Magento_Theme::design_config was processed [] []
[2024-12-29T16:42:21.010316+00:00] main.INFO: Add of item with id Magento_Theme::system_design_theme was processed [] []
[2024-12-29T16:42:21.010764+00:00] main.INFO: Add of item with id Magento_Backend::system_design_schedule was processed [] []
[2024-12-29T16:42:21.011207+00:00] main.INFO: Add of item with id Magento_Backend::system_store was processed [] []
[2024-12-29T16:42:21.011702+00:00] main.INFO: Add of item with id Magento_Backend::dashboard was processed [] []
[2024-12-29T16:42:21.012157+00:00] main.INFO: Add of item with id Magento_Backend::system was processed [] []
[2024-12-29T16:42:21.012628+00:00] main.INFO: Add of item with id Magento_Backend::system_tools was processed [] []
[2024-12-29T16:42:21.013096+00:00] main.INFO: Add of item with id Magento_Backend::system_design was processed [] []
[2024-12-29T16:42:21.013541+00:00] main.INFO: Add of item with id Magento_Backend::system_convert was processed [] []
[2024-12-29T16:42:21.014134+00:00] main.INFO: Add of item with id Magento_Backend::system_cache was processed [] []
[2024-12-29T16:42:21.014617+00:00] main.INFO: Add of item with id Magento_Backend::marketing was processed [] []
[2024-12-29T16:42:21.015086+00:00] main.INFO: Add of item with id Magento_Backend::marketing_communications was processed [] []
[2024-12-29T16:42:21.015532+00:00] main.INFO: Add of item with id Magento_Backend::marketing_seo was processed [] []
[2024-12-29T16:42:21.016316+00:00] main.INFO: Add of item with id Magento_Backend::marketing_user_content was processed [] []
[2024-12-29T16:42:21.016864+00:00] main.INFO: Add of item with id Magento_Backend::content was processed [] []
[2024-12-29T16:42:21.017311+00:00] main.INFO: Add of item with id Magento_Backend::content_elements was processed [] []
[2024-12-29T16:42:21.017751+00:00] main.INFO: Add of item with id Magento_Backend::stores was processed [] []
[2024-12-29T16:42:21.018218+00:00] main.INFO: Add of item with id Magento_Backend::stores_settings was processed [] []
[2024-12-29T16:42:21.018661+00:00] main.INFO: Add of item with id Magento_Backend::stores_attributes was processed [] []
[2024-12-29T16:42:21.019109+00:00] main.INFO: Add of item with id Magento_Backend::other_settings was processed [] []
[2024-12-29T16:42:21.019553+00:00] main.INFO: Add of item with id Magento_Backend::system_other_settings was processed [] []
[2024-12-29T16:42:21.019994+00:00] main.INFO: Add of item with id Magento_User::system_acl was processed [] []
[2024-12-29T16:42:21.020456+00:00] main.INFO: Add of item with id Magento_User::system_acl_users was processed [] []
[2024-12-29T16:42:21.020901+00:00] main.INFO: Add of item with id Magento_User::system_acl_roles was processed [] []
[2024-12-29T16:42:21.021403+00:00] main.INFO: Add of item with id Magento_User::system_acl_locks was processed [] []
[2024-12-29T16:42:21.021855+00:00] main.INFO: Add of item with id Magento_Customer::customer was processed [] []
[2024-12-29T16:42:21.022397+00:00] main.INFO: Add of item with id Magento_Customer::customer_manage was processed [] []
[2024-12-29T16:42:21.022951+00:00] main.INFO: Add of item with id Magento_Customer::customer_online was processed [] []
[2024-12-29T16:42:21.023396+00:00] main.INFO: Add of item with id Magento_Customer::customer_group was processed [] []
[2024-12-29T16:42:21.023838+00:00] main.INFO: Add of item with id Magento_Backup::system_tools_backup was processed [] []
[2024-12-29T16:42:21.024304+00:00] main.INFO: Add of item with id Magento_Indexer::system_index was processed [] []
[2024-12-29T16:42:21.024749+00:00] main.INFO: Add of item with id Magento_Variable::system_variable was processed [] []
[2024-12-29T16:42:21.025217+00:00] main.INFO: Add of item with id Magento_Cms::cms_page was processed [] []
[2024-12-29T16:42:21.025668+00:00] main.INFO: Add of item with id Magento_Cms::cms_block was processed [] []
[2024-12-29T16:42:21.026132+00:00] main.INFO: Add of item with id Magento_Search::search_terms was processed [] []
[2024-12-29T16:42:21.026574+00:00] main.INFO: Add of item with id Magento_Search::search_synonyms was processed [] []
[2024-12-29T16:42:21.027016+00:00] main.INFO: Add of item with id Magento_Catalog::catalog was processed [] []
[2024-12-29T16:42:21.027587+00:00] main.INFO: Add of item with id Magento_Catalog::catalog_products was processed [] []
[2024-12-29T16:42:21.028056+00:00] main.INFO: Add of item with id Magento_Catalog::catalog_categories was processed [] []
[2024-12-29T16:42:21.028527+00:00] main.INFO: Add of item with id Magento_Catalog::catalog_attributes_attributes was processed [] []
[2024-12-29T16:42:21.028973+00:00] main.INFO: Add of item with id Magento_Catalog::catalog_attributes_sets was processed [] []
[2024-12-29T16:42:21.029583+00:00] main.INFO: Add of item with id Magento_Catalog::inventory was processed [] []
[2024-12-29T16:42:21.030051+00:00] main.INFO: Add of item with id Magento_CatalogRule::promo was processed [] []
[2024-12-29T16:42:21.030559+00:00] main.INFO: Add of item with id Magento_CatalogRule::promo_catalog was processed [] []
[2024-12-29T16:42:21.031005+00:00] main.INFO: Add of item with id Magento_MediaGalleryUi::media was processed [] []
[2024-12-29T16:42:21.031518+00:00] main.INFO: Add of item with id Magento_MediaGalleryUi::media_gallery was processed [] []
[2024-12-29T16:42:21.031977+00:00] main.INFO: Add of item with id Magento_Integration::system_extensions was processed [] []
[2024-12-29T16:42:21.032622+00:00] main.INFO: Add of item with id Magento_Integration::system_integrations was processed [] []
[2024-12-29T16:42:21.033361+00:00] main.INFO: Add of item with id Magento_Sales::sales was processed [] []
[2024-12-29T16:42:21.033861+00:00] main.INFO: Add of item with id Magento_Sales::sales_operation was processed [] []
[2024-12-29T16:42:21.034336+00:00] main.INFO: Add of item with id Magento_Sales::sales_order was processed [] []
[2024-12-29T16:42:21.034823+00:00] main.INFO: Add of item with id Magento_Sales::sales_invoice was processed [] []
[2024-12-29T16:42:21.035279+00:00] main.INFO: Add of item with id Magento_Sales::sales_shipment was processed [] []
[2024-12-29T16:42:21.035721+00:00] main.INFO: Add of item with id Magento_Sales::sales_creditmemo was processed [] []
[2024-12-29T16:42:21.036168+00:00] main.INFO: Add of item with id Magento_Sales::sales_transactions was processed [] []
[2024-12-29T16:42:21.036606+00:00] main.INFO: Add of item with id Magento_Sales::system_order_statuses was processed [] []
[2024-12-29T16:42:21.037047+00:00] main.INFO: Add of item with id Magento_Widget::cms_widget_instance was processed [] []
[2024-12-29T16:42:21.037512+00:00] main.INFO: Add of item with id Magento_Analytics::business_intelligence was processed [] []
[2024-12-29T16:42:21.037978+00:00] main.INFO: Add of item with id Magento_Analytics::advanced_reporting was processed [] []
[2024-12-29T16:42:21.038424+00:00] main.INFO: Add of item with id Magento_Analytics::bi_essentials was processed [] []
[2024-12-29T16:42:21.038926+00:00] main.INFO: Add of item with id Magento_Downloadable::report_products_downloads was processed [] []
[2024-12-29T16:42:21.039392+00:00] main.INFO: Add of item with id Magento_ImportExport::system_convert_import was processed [] []
[2024-12-29T16:42:21.039842+00:00] main.INFO: Add of item with id Magento_ImportExport::system_convert_export was processed [] []
[2024-12-29T16:42:21.040281+00:00] main.INFO: Add of item with id Magento_ImportExport::system_convert_history was processed [] []
[2024-12-29T16:42:21.040741+00:00] main.INFO: Add of item with id Magento_Email::template was processed [] []
[2024-12-29T16:42:21.041187+00:00] main.INFO: Add of item with id Magento_EncryptionKey::system_crypt_key was processed [] []
[2024-12-29T16:42:21.041657+00:00] main.INFO: Add of item with id Magento_InventoryAdminUi::inventory was processed [] []
[2024-12-29T16:42:21.042116+00:00] main.INFO: Add of item with id Magento_InventoryAdminUi::source was processed [] []
[2024-12-29T16:42:21.042559+00:00] main.INFO: Add of item with id Magento_InventoryAdminUi::stock was processed [] []
[2024-12-29T16:42:21.043000+00:00] main.INFO: Add of item with id Magento_Reports::report was processed [] []
[2024-12-29T16:42:21.043440+00:00] main.INFO: Add of item with id Magento_Reports::report_marketing was processed [] []
[2024-12-29T16:42:21.043879+00:00] main.INFO: Add of item with id Magento_Reports::report_salesroot was processed [] []
[2024-12-29T16:42:21.044358+00:00] main.INFO: Add of item with id Magento_Reports::report_salesroot_sales was processed [] []
[2024-12-29T16:42:21.044809+00:00] main.INFO: Add of item with id Magento_Reports::report_salesroot_tax was processed [] []
[2024-12-29T16:42:21.045329+00:00] main.INFO: Add of item with id Magento_Reports::report_salesroot_invoiced was processed [] []
[2024-12-29T16:42:21.045785+00:00] main.INFO: Add of item with id Magento_Reports::report_salesroot_shipping was processed [] []
[2024-12-29T16:42:21.046227+00:00] main.INFO: Add of item with id Magento_Reports::report_salesroot_refunded was processed [] []
[2024-12-29T16:42:21.046667+00:00] main.INFO: Add of item with id Magento_Reports::report_salesroot_coupons was processed [] []
[2024-12-29T16:42:21.047129+00:00] main.INFO: Add of item with id Magento_Reports::report_shopcart_product was processed [] []
[2024-12-29T16:42:21.047575+00:00] main.INFO: Add of item with id Magento_Reports::report_shopcart_abandoned was processed [] []
[2024-12-29T16:42:21.048014+00:00] main.INFO: Add of item with id Magento_Reports::report_products was processed [] []
[2024-12-29T16:42:21.048506+00:00] main.INFO: Add of item with id Magento_Reports::report_products_bestsellers was processed [] []
[2024-12-29T16:42:21.049284+00:00] main.INFO: Add of item with id Magento_Reports::report_products_sold was processed [] []
[2024-12-29T16:42:21.050187+00:00] main.INFO: Add of item with id Magento_Reports::report_products_viewed was processed [] []
[2024-12-29T16:42:21.050858+00:00] main.INFO: Add of item with id Magento_Reports::report_products_lowstock was processed [] []
[2024-12-29T16:42:21.051402+00:00] main.INFO: Add of item with id Magento_Reports::report_customers was processed [] []
[2024-12-29T16:42:21.051967+00:00] main.INFO: Add of item with id Magento_Reports::report_customers_accounts was processed [] []
[2024-12-29T16:42:21.052496+00:00] main.INFO: Add of item with id Magento_Reports::report_customers_totals was processed [] []
[2024-12-29T16:42:21.053012+00:00] main.INFO: Add of item with id Magento_Reports::report_customers_orders was processed [] []
[2024-12-29T16:42:21.053531+00:00] main.INFO: Add of item with id Magento_Reports::report_statistics was processed [] []
[2024-12-29T16:42:21.054075+00:00] main.INFO: Add of item with id Magento_Reports::report_statistics_refresh was processed [] []
[2024-12-29T16:42:21.055428+00:00] main.INFO: Add of item with id Magento_Search::report_search_term was processed [] []
[2024-12-29T16:42:21.056802+00:00] main.INFO: Add of item with id Magento_LoginAsCustomerLog::login_log was processed [] []
[2024-12-29T16:42:21.057300+00:00] main.INFO: Add of item with id Magento_Marketplace::partners was processed [] []
[2024-12-29T16:42:21.057754+00:00] main.INFO: Add of item with id Magento_Newsletter::newsletter_template was processed [] []
[2024-12-29T16:42:21.058210+00:00] main.INFO: Add of item with id Magento_Newsletter::newsletter_queue was processed [] []
[2024-12-29T16:42:21.058651+00:00] main.INFO: Add of item with id Magento_Newsletter::newsletter_subscriber was processed [] []
[2024-12-29T16:42:21.059091+00:00] main.INFO: Add of item with id Magento_Newsletter::newsletter_problem was processed [] []
[2024-12-29T16:42:21.059531+00:00] main.INFO: Add of item with id Magento_SalesRule::promo_quote was processed [] []
[2024-12-29T16:42:21.059969+00:00] main.INFO: Add of item with id Magento_Sitemap::catalog_sitemap was processed [] []
[2024-12-29T16:42:21.060403+00:00] main.INFO: Add of item with id Magento_PageBuilder::templates was processed [] []
[2024-12-29T16:42:21.060839+00:00] main.INFO: Add of item with id Magento_Paypal::report_salesroot_paypal_settlement_reports was processed [] []
[2024-12-29T16:42:21.061395+00:00] main.INFO: Add of item with id Magento_Paypal::paypal_billing_agreement was processed [] []
[2024-12-29T16:42:21.061878+00:00] main.INFO: Add of item with id Magento_CheckoutAgreements::sales_checkoutagreement was processed [] []
[2024-12-29T16:42:21.062324+00:00] main.INFO: Add of item with id Magento_Review::catalog_reviews_ratings_ratings was processed [] []
[2024-12-29T16:42:21.062803+00:00] main.INFO: Add of item with id Magento_Review::catalog_reviews_ratings_pending was processed [] []
[2024-12-29T16:42:21.063253+00:00] main.INFO: Add of item with id Magento_Review::catalog_reviews_ratings_reviews_all was processed [] []
[2024-12-29T16:42:21.063696+00:00] main.INFO: Add of item with id Magento_Review::report_review was processed [] []
[2024-12-29T16:42:21.064307+00:00] main.INFO: Add of item with id Magento_Review::report_review_customer was processed [] []
[2024-12-29T16:42:21.064782+00:00] main.INFO: Add of item with id Magento_Review::report_review_product was processed [] []
[2024-12-29T16:42:21.065222+00:00] main.INFO: Add of item with id Magento_UrlRewrite::urlrewrite was processed [] []
[2024-12-29T16:42:21.065813+00:00] main.INFO: Add of item with id Magento_Tax::sales_tax was processed [] []
[2024-12-29T16:42:21.066634+00:00] main.INFO: Add of item with id Magento_Tax::sales_tax_rules was processed [] []
[2024-12-29T16:42:21.067447+00:00] main.INFO: Add of item with id Magento_Tax::sales_tax_rates was processed [] []
[2024-12-29T16:42:21.068026+00:00] main.INFO: Add of item with id Magento_TaxImportExport::system_convert_tax was processed [] []
[2024-12-29T16:42:21.068549+00:00] main.INFO: Add of item with id Magento_AsynchronousOperations::system_magento_logging was processed [] []
[2024-12-29T16:42:21.069109+00:00] main.INFO: Add of item with id Magento_AsynchronousOperations::system_magento_logging_bulk_operations was processed [] []
[2024-12-29T16:42:21.069646+00:00] main.INFO: Add of item with id Magento_CurrencySymbol::system_currency was processed [] []
[2024-12-29T16:42:21.070190+00:00] main.INFO: Add of item with id Magento_CurrencySymbol::system_currency_rates was processed [] []
[2024-12-29T16:42:21.070718+00:00] main.INFO: Add of item with id Magento_CurrencySymbol::system_currency_symbols was processed [] []
[2024-12-29T16:42:21.071232+00:00] main.INFO: Add of item with id PayPal_Braintree::settlement_report was processed [] []
[2024-12-29T16:42:21.071812+00:00] main.INFO: Add of item with id PayPal_Braintree::virtual_terminal was processed [] []
[2024-12-29T16:42:23.710650+00:00] main.INFO: Broken reference: the 'notification.messages' tries to reorder itself towards 'user', but their parents are different: 'header.inner.right' and 'header' respectively. [] []
[2024-12-29T16:43:15.658931+00:00] main.INFO: Broken reference: the 'notification.messages' tries to reorder itself towards 'user', but their parents are different: 'header.inner.right' and 'header' respectively. [] []
[2024-12-29T16:43:23.358553+00:00] main.INFO: Broken reference: the 'notification.messages' tries to reorder itself towards 'user', but their parents are different: 'header.inner.right' and 'header' respectively. [] []
[2024-12-29T16:43:47.748489+00:00] main.INFO: Broken reference: the 'notification.messages' tries to reorder itself towards 'user', but their parents are different: 'header.inner.right' and 'header' respectively. [] []
[2025-01-17T06:00:16.062864+00:00] main.INFO: Broken reference: the 'tracking' element cannot be added as child to 'header', because the latter doesn't exist [] []
[2025-01-17T06:00:16.064758+00:00] main.INFO: Broken reference: the 'notification_area' element cannot be added as child to 'notifications', because the latter doesn't exist [] []
[2025-01-17T06:00:16.065284+00:00] main.INFO: Broken reference: the 'unread_system_messages' element cannot be added as child to 'notifications', because the latter doesn't exist [] []
[2025-01-17T06:00:16.065738+00:00] main.INFO: Broken reference: the 'notification_window' element cannot be added as child to 'notifications', because the latter doesn't exist [] []
[2025-01-17T06:00:16.066185+00:00] main.INFO: Broken reference: the 'notification.messages' element cannot be added as child to 'header', because the latter doesn't exist [] []
[2025-01-17T06:00:16.066640+00:00] main.INFO: Broken reference: the 'global_notices' element cannot be added as child to 'global.notices', because the latter doesn't exist [] []
[2025-01-17T06:00:16.067238+00:00] main.INFO: Broken reference: the 'logo' element cannot be added as child to 'header', because the latter doesn't exist [] []
[2025-01-17T06:00:16.067777+00:00] main.INFO: Broken reference: the 'global.search' element cannot be added as child to 'header', because the latter doesn't exist [] []
[2025-01-17T06:00:16.068230+00:00] main.INFO: Broken reference: the 'user' element cannot be added as child to 'header', because the latter doesn't exist [] []
[2025-01-17T06:00:16.068689+00:00] main.INFO: Broken reference: the 'menu' element cannot be added as child to 'page.menu', because the latter doesn't exist [] []
[2025-01-17T06:00:16.069138+00:00] main.INFO: Broken reference: the 'breadcrumbs' element cannot be added as child to 'page.breadcrumbs', because the latter doesn't exist [] []
[2025-01-17T06:00:16.069583+00:00] main.INFO: Broken reference: the 'formkey' element cannot be added as child to 'page.formkey', because the latter doesn't exist [] []
[2025-01-17T06:00:16.070106+00:00] main.INFO: Broken reference: the 'page.title' element cannot be added as child to 'main.top', because the latter doesn't exist [] []
[2025-01-17T06:00:16.070567+00:00] main.INFO: Broken reference: the 'messages' element cannot be added as child to 'page.messages', because the latter doesn't exist [] []
[2025-01-17T06:00:16.071022+00:00] main.INFO: Broken reference: the 'page.actions.toolbar' element cannot be added as child to 'page.main.actions', because the latter doesn't exist [] []
[2025-01-17T06:00:16.071470+00:00] main.INFO: Broken reference: the 'legal' element cannot be added as child to 'footer', because the latter doesn't exist [] []
[2025-01-17T06:00:16.072015+00:00] main.INFO: Broken reference: the 'header.inner.left' element cannot be added as child to 'header', because the latter doesn't exist [] []
[2025-01-17T06:00:16.072466+00:00] main.INFO: Broken reference: the 'header.inner.right' element cannot be added as child to 'header', because the latter doesn't exist [] []
[2025-01-17T06:00:16.072971+00:00] main.INFO: Broken reference: the 'user' tries to reorder itself towards '', but their parents are different: 'header' and '' respectively. [] []
[2025-01-17T06:00:16.073429+00:00] main.INFO: Broken reference: the 'notification.messages' tries to reorder itself towards 'user', but their parents are different: 'header' and '' respectively. [] []
[2025-01-17T06:00:16.073878+00:00] main.INFO: Broken reference: the 'logo' tries to reorder itself towards '', but their parents are different: 'header' and '' respectively. [] []
[2025-01-17T06:00:16.074323+00:00] main.INFO: Broken reference: the 'global.search' tries to reorder itself towards 'logo', but their parents are different: 'header' and '' respectively. [] []
[2025-01-17T06:00:16.074771+00:00] main.INFO: Broken reference: the 'page.actions.toolbar' tries to reorder itself towards '', but their parents are different: 'page.main.actions' and '' respectively. [] []
[2025-01-17T06:00:16.075289+00:00] main.INFO: Broken reference: the 'header.inner.left' tries to reorder itself towards '', but their parents are different: 'header' and '' respectively. [] []
[2025-01-17T06:00:16.075750+00:00] main.INFO: Broken reference: the 'header.inner.right' tries to reorder itself towards 'header.inner.left', but their parents are different: 'header' and '' respectively. [] []
[2025-01-17T06:00:16.076413+00:00] main.INFO: Broken reference: the 'notification.messages' tries to reorder itself towards 'user', but their parents are different: 'header.inner.right' and '' respectively. [] []
[2025-01-17T06:00:21.348548+00:00] main.INFO: Broken reference: the 'tracking' element cannot be added as child to 'header', because the latter doesn't exist [] []
[2025-01-17T06:00:21.349533+00:00] main.INFO: Broken reference: the 'notification_area' element cannot be added as child to 'notifications', because the latter doesn't exist [] []
[2025-01-17T06:00:21.350303+00:00] main.INFO: Broken reference: the 'unread_system_messages' element cannot be added as child to 'notifications', because the latter doesn't exist [] []
[2025-01-17T06:00:21.350775+00:00] main.INFO: Broken reference: the 'notification_window' element cannot be added as child to 'notifications', because the latter doesn't exist [] []
[2025-01-17T06:00:21.351229+00:00] main.INFO: Broken reference: the 'notification.messages' element cannot be added as child to 'header', because the latter doesn't exist [] []
[2025-01-17T06:00:21.351689+00:00] main.INFO: Broken reference: the 'global_notices' element cannot be added as child to 'global.notices', because the latter doesn't exist [] []
[2025-01-17T06:00:21.352138+00:00] main.INFO: Broken reference: the 'logo' element cannot be added as child to 'header', because the latter doesn't exist [] []
[2025-01-17T06:00:21.352588+00:00] main.INFO: Broken reference: the 'global.search' element cannot be added as child to 'header', because the latter doesn't exist [] []
[2025-01-17T06:00:21.353034+00:00] main.INFO: Broken reference: the 'user' element cannot be added as child to 'header', because the latter doesn't exist [] []
[2025-01-17T06:00:21.353480+00:00] main.INFO: Broken reference: the 'menu' element cannot be added as child to 'page.menu', because the latter doesn't exist [] []
[2025-01-17T06:00:21.353927+00:00] main.INFO: Broken reference: the 'breadcrumbs' element cannot be added as child to 'page.breadcrumbs', because the latter doesn't exist [] []
[2025-01-17T06:00:21.354370+00:00] main.INFO: Broken reference: the 'formkey' element cannot be added as child to 'page.formkey', because the latter doesn't exist [] []
[2025-01-17T06:00:21.354815+00:00] main.INFO: Broken reference: the 'page.title' element cannot be added as child to 'main.top', because the latter doesn't exist [] []
[2025-01-17T06:00:21.355259+00:00] main.INFO: Broken reference: the 'messages' element cannot be added as child to 'page.messages', because the latter doesn't exist [] []
[2025-01-17T06:00:21.355722+00:00] main.INFO: Broken reference: the 'page.actions.toolbar' element cannot be added as child to 'page.main.actions', because the latter doesn't exist [] []
[2025-01-17T06:00:21.356178+00:00] main.INFO: Broken reference: the 'legal' element cannot be added as child to 'footer', because the latter doesn't exist [] []
[2025-01-17T06:00:21.356768+00:00] main.INFO: Broken reference: the 'header.inner.left' element cannot be added as child to 'header', because the latter doesn't exist [] []
[2025-01-17T06:00:21.357231+00:00] main.INFO: Broken reference: the 'header.inner.right' element cannot be added as child to 'header', because the latter doesn't exist [] []
[2025-01-17T06:00:21.357744+00:00] main.INFO: Broken reference: the 'user' tries to reorder itself towards '', but their parents are different: 'header' and '' respectively. [] []
[2025-01-17T06:00:21.358345+00:00] main.INFO: Broken reference: the 'notification.messages' tries to reorder itself towards 'user', but their parents are different: 'header' and '' respectively. [] []
[2025-01-17T06:00:21.358846+00:00] main.INFO: Broken reference: the 'logo' tries to reorder itself towards '', but their parents are different: 'header' and '' respectively. [] []
[2025-01-17T06:00:21.359298+00:00] main.INFO: Broken reference: the 'global.search' tries to reorder itself towards 'logo', but their parents are different: 'header' and '' respectively. [] []
[2025-01-17T06:00:21.359747+00:00] main.INFO: Broken reference: the 'page.actions.toolbar' tries to reorder itself towards '', but their parents are different: 'page.main.actions' and '' respectively. [] []
[2025-01-17T06:00:21.360319+00:00] main.INFO: Broken reference: the 'header.inner.left' tries to reorder itself towards '', but their parents are different: 'header' and '' respectively. [] []
[2025-01-17T06:00:21.360825+00:00] main.INFO: Broken reference: the 'header.inner.right' tries to reorder itself towards 'header.inner.left', but their parents are different: 'header' and '' respectively. [] []
[2025-01-17T06:00:21.361308+00:00] main.INFO: Broken reference: the 'notification.messages' tries to reorder itself towards 'user', but their parents are different: 'header.inner.right' and '' respectively. [] []
[2025-01-17T06:00:38.984757+00:00] main.INFO: Broken reference: the 'tracking' element cannot be added as child to 'header', because the latter doesn't exist [] []
[2025-01-17T06:00:38.985398+00:00] main.INFO: Broken reference: the 'notification_area' element cannot be added as child to 'notifications', because the latter doesn't exist [] []
[2025-01-17T06:00:38.985867+00:00] main.INFO: Broken reference: the 'unread_system_messages' element cannot be added as child to 'notifications', because the latter doesn't exist [] []
[2025-01-17T06:00:38.986322+00:00] main.INFO: Broken reference: the 'notification_window' element cannot be added as child to 'notifications', because the latter doesn't exist [] []
[2025-01-17T06:00:38.987098+00:00] main.INFO: Broken reference: the 'notification.messages' element cannot be added as child to 'header', because the latter doesn't exist [] []
[2025-01-17T06:00:38.987627+00:00] main.INFO: Broken reference: the 'global_notices' element cannot be added as child to 'global.notices', because the latter doesn't exist [] []
[2025-01-17T06:00:38.988083+00:00] main.INFO: Broken reference: the 'logo' element cannot be added as child to 'header', because the latter doesn't exist [] []
[2025-01-17T06:00:38.988533+00:00] main.INFO: Broken reference: the 'global.search' element cannot be added as child to 'header', because the latter doesn't exist [] []
[2025-01-17T06:00:38.988978+00:00] main.INFO: Broken reference: the 'user' element cannot be added as child to 'header', because the latter doesn't exist [] []
[2025-01-17T06:00:38.989423+00:00] main.INFO: Broken reference: the 'menu' element cannot be added as child to 'page.menu', because the latter doesn't exist [] []
[2025-01-17T06:00:38.989868+00:00] main.INFO: Broken reference: the 'breadcrumbs' element cannot be added as child to 'page.breadcrumbs', because the latter doesn't exist [] []
[2025-01-17T06:00:38.990377+00:00] main.INFO: Broken reference: the 'formkey' element cannot be added as child to 'page.formkey', because the latter doesn't exist [] []
[2025-01-17T06:00:38.990830+00:00] main.INFO: Broken reference: the 'page.title' element cannot be added as child to 'main.top', because the latter doesn't exist [] []
[2025-01-17T06:00:38.991273+00:00] main.INFO: Broken reference: the 'messages' element cannot be added as child to 'page.messages', because the latter doesn't exist [] []
[2025-01-17T06:00:38.991718+00:00] main.INFO: Broken reference: the 'page.actions.toolbar' element cannot be added as child to 'page.main.actions', because the latter doesn't exist [] []
[2025-01-17T06:00:38.992183+00:00] main.INFO: Broken reference: the 'legal' element cannot be added as child to 'footer', because the latter doesn't exist [] []
[2025-01-17T06:00:38.992749+00:00] main.INFO: Broken reference: the 'header.inner.left' element cannot be added as child to 'header', because the latter doesn't exist [] []
[2025-01-17T06:00:38.993202+00:00] main.INFO: Broken reference: the 'header.inner.right' element cannot be added as child to 'header', because the latter doesn't exist [] []
[2025-01-17T06:00:38.993714+00:00] main.INFO: Broken reference: the 'user' tries to reorder itself towards '', but their parents are different: 'header' and '' respectively. [] []
[2025-01-17T06:00:38.994164+00:00] main.INFO: Broken reference: the 'notification.messages' tries to reorder itself towards 'user', but their parents are different: 'header' and '' respectively. [] []
[2025-01-17T06:00:38.994611+00:00] main.INFO: Broken reference: the 'logo' tries to reorder itself towards '', but their parents are different: 'header' and '' respectively. [] []
[2025-01-17T06:00:38.995053+00:00] main.INFO: Broken reference: the 'global.search' tries to reorder itself towards 'logo', but their parents are different: 'header' and '' respectively. [] []
[2025-01-17T06:00:38.995502+00:00] main.INFO: Broken reference: the 'page.actions.toolbar' tries to reorder itself towards '', but their parents are different: 'page.main.actions' and '' respectively. [] []
[2025-01-17T06:00:38.995967+00:00] main.INFO: Broken reference: the 'header.inner.left' tries to reorder itself towards '', but their parents are different: 'header' and '' respectively. [] []
[2025-01-17T06:00:38.996414+00:00] main.INFO: Broken reference: the 'header.inner.right' tries to reorder itself towards 'header.inner.left', but their parents are different: 'header' and '' respectively. [] []
[2025-01-17T06:00:38.996869+00:00] main.INFO: Broken reference: the 'notification.messages' tries to reorder itself towards 'user', but their parents are different: 'header.inner.right' and '' respectively. [] []
[2025-01-18T09:30:40.873664+00:00] main.INFO: Broken reference: the 'catalog.compare.sidebar' element cannot be added as child to 'sidebar.additional', because the latter doesn't exist [] []
[2025-01-18T09:30:41.034493+00:00] main.INFO: Broken reference: the 'sale.reorder.sidebar' element cannot be added as child to 'sidebar.additional', because the latter doesn't exist [] []
[2025-01-18T09:30:41.035807+00:00] main.INFO: Broken reference: the 'wishlist_sidebar' element cannot be added as child to 'sidebar.additional', because the latter doesn't exist [] []
[2025-01-18T09:30:41.037076+00:00] main.INFO: Broken reference: the 'checkout.cart.item.renderers.gift-card.actions.gift_options' element cannot be added as child to 'checkout.cart.item.renderers.gift-card.actions', because the latter doesn't exist [] []
[2025-01-18T09:30:41.038371+00:00] main.INFO: Broken reference: the 'checkout.cart.item.renderers.gift-card.actions.gift_options' tries to reorder itself towards '', but their parents are different: 'checkout.cart.item.renderers.gift-card.actions' and '' respectively. [] []
[2025-01-18T09:30:46.194938+00:00] main.INFO: Broken reference: the 'header.panel.wrapper' element cannot be added as child to 'header.container', because the latter doesn't exist [] []
[2025-01-18T09:30:46.195743+00:00] main.INFO: Broken reference: the 'header-wrapper' element cannot be added as child to 'header.container', because the latter doesn't exist [] []
[2025-01-18T09:30:46.196286+00:00] main.INFO: Broken reference: the 'navigation.sections' element cannot be added as child to 'page.top', because the latter doesn't exist [] []
[2025-01-18T09:30:46.196787+00:00] main.INFO: Broken reference: the 'top.container' element cannot be added as child to 'page.top', because the latter doesn't exist [] []
[2025-01-18T09:30:46.197243+00:00] main.INFO: Broken reference: the 'breadcrumbs' element cannot be added as child to 'page.top', because the latter doesn't exist [] []
[2025-01-18T09:30:46.197793+00:00] main.INFO: Broken reference: the 'footer' element cannot be added as child to 'footer-container', because the latter doesn't exist [] []
[2025-01-18T09:30:46.198442+00:00] main.INFO: Broken reference: the 'catalog.compare.sidebar' element cannot be added as child to 'sidebar.additional', because the latter doesn't exist [] []
[2025-01-18T09:30:46.198925+00:00] main.INFO: Broken reference: the 'sale.reorder.sidebar' element cannot be added as child to 'sidebar.additional', because the latter doesn't exist [] []
[2025-01-18T09:30:46.199548+00:00] main.INFO: Broken reference: the 'wishlist_sidebar' element cannot be added as child to 'sidebar.additional', because the latter doesn't exist [] []
[2025-01-18T09:30:46.200081+00:00] main.INFO: Broken reference: the 'header.panel.wrapper' tries to reorder itself towards '', but their parents are different: 'header.container' and '' respectively. [] []
[2025-01-18T09:30:46.200567+00:00] main.INFO: Broken reference: the 'navigation.sections' tries to reorder itself towards '', but their parents are different: 'page.top' and '' respectively. [] []
[2025-01-18T09:37:45.544294+00:00] main.INFO: Broken reference: the 'header.panel.wrapper' element cannot be added as child to 'header.container', because the latter doesn't exist [] []
[2025-01-18T09:37:45.545032+00:00] main.INFO: Broken reference: the 'header-wrapper' element cannot be added as child to 'header.container', because the latter doesn't exist [] []
[2025-01-18T09:37:45.545559+00:00] main.INFO: Broken reference: the 'navigation.sections' element cannot be added as child to 'page.top', because the latter doesn't exist [] []
[2025-01-18T09:37:45.546077+00:00] main.INFO: Broken reference: the 'top.container' element cannot be added as child to 'page.top', because the latter doesn't exist [] []
[2025-01-18T09:37:45.546546+00:00] main.INFO: Broken reference: the 'breadcrumbs' element cannot be added as child to 'page.top', because the latter doesn't exist [] []
[2025-01-18T09:37:45.547078+00:00] main.INFO: Broken reference: the 'footer' element cannot be added as child to 'footer-container', because the latter doesn't exist [] []
[2025-01-18T09:37:45.547670+00:00] main.INFO: Broken reference: the 'catalog.compare.sidebar' element cannot be added as child to 'sidebar.additional', because the latter doesn't exist [] []
[2025-01-18T09:37:45.548189+00:00] main.INFO: Broken reference: the 'sale.reorder.sidebar' element cannot be added as child to 'sidebar.additional', because the latter doesn't exist [] []
[2025-01-18T09:37:45.548837+00:00] main.INFO: Broken reference: the 'wishlist_sidebar' element cannot be added as child to 'sidebar.additional', because the latter doesn't exist [] []
[2025-01-18T09:37:45.549470+00:00] main.INFO: Broken reference: the 'header.panel.wrapper' tries to reorder itself towards '', but their parents are different: 'header.container' and '' respectively. [] []
[2025-01-18T09:37:45.549959+00:00] main.INFO: Broken reference: the 'navigation.sections' tries to reorder itself towards '', but their parents are different: 'page.top' and '' respectively. [] []
[2025-01-18T09:43:19.120125+00:00] main.ERROR: Unable to send mail. Please try again later. [] []
[2025-01-18T09:43:19.341934+00:00] main.INFO: Broken reference: the 'catalog.compare.sidebar' element cannot be added as child to 'sidebar.additional', because the latter doesn't exist [] []
[2025-01-18T09:43:19.342612+00:00] main.INFO: Broken reference: the 'sale.reorder.sidebar' element cannot be added as child to 'sidebar.additional', because the latter doesn't exist [] []
[2025-01-18T09:43:19.343272+00:00] main.INFO: Broken reference: the 'wishlist_sidebar' element cannot be added as child to 'sidebar.additional', because the latter doesn't exist [] []
[2025-01-18T09:43:40.867881+00:00] main.INFO: Broken reference: the 'tracking' element cannot be added as child to 'header', because the latter doesn't exist [] []
[2025-01-18T09:43:40.868870+00:00] main.INFO: Broken reference: the 'notification_area' element cannot be added as child to 'notifications', because the latter doesn't exist [] []
[2025-01-18T09:43:40.869656+00:00] main.INFO: Broken reference: the 'unread_system_messages' element cannot be added as child to 'notifications', because the latter doesn't exist [] []
[2025-01-18T09:43:40.870354+00:00] main.INFO: Broken reference: the 'notification_window' element cannot be added as child to 'notifications', because the latter doesn't exist [] []
[2025-01-18T09:43:40.871034+00:00] main.INFO: Broken reference: the 'notification.messages' element cannot be added as child to 'header', because the latter doesn't exist [] []
[2025-01-18T09:43:40.871595+00:00] main.INFO: Broken reference: the 'global_notices' element cannot be added as child to 'global.notices', because the latter doesn't exist [] []
[2025-01-18T09:43:40.872302+00:00] main.INFO: Broken reference: the 'logo' element cannot be added as child to 'header', because the latter doesn't exist [] []
[2025-01-18T09:43:40.873114+00:00] main.INFO: Broken reference: the 'global.search' element cannot be added as child to 'header', because the latter doesn't exist [] []
[2025-01-18T09:43:40.873579+00:00] main.INFO: Broken reference: the 'user' element cannot be added as child to 'header', because the latter doesn't exist [] []
[2025-01-18T09:43:40.874043+00:00] main.INFO: Broken reference: the 'menu' element cannot be added as child to 'page.menu', because the latter doesn't exist [] []
[2025-01-18T09:43:40.874515+00:00] main.INFO: Broken reference: the 'breadcrumbs' element cannot be added as child to 'page.breadcrumbs', because the latter doesn't exist [] []
[2025-01-18T09:43:40.874960+00:00] main.INFO: Broken reference: the 'formkey' element cannot be added as child to 'page.formkey', because the latter doesn't exist [] []
[2025-01-18T09:43:40.875432+00:00] main.INFO: Broken reference: the 'page.title' element cannot be added as child to 'main.top', because the latter doesn't exist [] []
[2025-01-18T09:43:40.875884+00:00] main.INFO: Broken reference: the 'messages' element cannot be added as child to 'page.messages', because the latter doesn't exist [] []
[2025-01-18T09:43:40.876337+00:00] main.INFO: Broken reference: the 'page.actions.toolbar' element cannot be added as child to 'page.main.actions', because the latter doesn't exist [] []
[2025-01-18T09:43:40.876780+00:00] main.INFO: Broken reference: the 'legal' element cannot be added as child to 'footer', because the latter doesn't exist [] []
[2025-01-18T09:43:40.877329+00:00] main.INFO: Broken reference: the 'header.inner.left' element cannot be added as child to 'header', because the latter doesn't exist [] []
[2025-01-18T09:43:40.877808+00:00] main.INFO: Broken reference: the 'header.inner.right' element cannot be added as child to 'header', because the latter doesn't exist [] []
[2025-01-18T09:43:40.878321+00:00] main.INFO: Broken reference: the 'user' tries to reorder itself towards '', but their parents are different: 'header' and '' respectively. [] []
[2025-01-18T09:43:40.878778+00:00] main.INFO: Broken reference: the 'notification.messages' tries to reorder itself towards 'user', but their parents are different: 'header' and '' respectively. [] []
[2025-01-18T09:43:40.879249+00:00] main.INFO: Broken reference: the 'logo' tries to reorder itself towards '', but their parents are different: 'header' and '' respectively. [] []
[2025-01-18T09:43:40.879768+00:00] main.INFO: Broken reference: the 'global.search' tries to reorder itself towards 'logo', but their parents are different: 'header' and '' respectively. [] []
[2025-01-18T09:43:40.880218+00:00] main.INFO: Broken reference: the 'page.actions.toolbar' tries to reorder itself towards '', but their parents are different: 'page.main.actions' and '' respectively. [] []
[2025-01-18T09:43:40.880813+00:00] main.INFO: Broken reference: the 'header.inner.left' tries to reorder itself towards '', but their parents are different: 'header' and '' respectively. [] []
[2025-01-18T09:43:40.881271+00:00] main.INFO: Broken reference: the 'header.inner.right' tries to reorder itself towards 'header.inner.left', but their parents are different: 'header' and '' respectively. [] []
[2025-01-18T09:43:40.881734+00:00] main.INFO: Broken reference: the 'notification.messages' tries to reorder itself towards 'user', but their parents are different: 'header.inner.right' and '' respectively. [] []
[2025-01-18T09:44:01.901286+00:00] main.INFO: Broken reference: the 'tracking' element cannot be added as child to 'header', because the latter doesn't exist [] []
[2025-01-18T09:44:01.901985+00:00] main.INFO: Broken reference: the 'notification_area' element cannot be added as child to 'notifications', because the latter doesn't exist [] []
[2025-01-18T09:44:01.902469+00:00] main.INFO: Broken reference: the 'unread_system_messages' element cannot be added as child to 'notifications', because the latter doesn't exist [] []
[2025-01-18T09:44:01.902919+00:00] main.INFO: Broken reference: the 'notification_window' element cannot be added as child to 'notifications', because the latter doesn't exist [] []
[2025-01-18T09:44:01.903367+00:00] main.INFO: Broken reference: the 'notification.messages' element cannot be added as child to 'header', because the latter doesn't exist [] []
[2025-01-18T09:44:01.903818+00:00] main.INFO: Broken reference: the 'global_notices' element cannot be added as child to 'global.notices', because the latter doesn't exist [] []
[2025-01-18T09:44:01.904264+00:00] main.INFO: Broken reference: the 'logo' element cannot be added as child to 'header', because the latter doesn't exist [] []
[2025-01-18T09:44:01.904733+00:00] main.INFO: Broken reference: the 'global.search' element cannot be added as child to 'header', because the latter doesn't exist [] []
[2025-01-18T09:44:01.905189+00:00] main.INFO: Broken reference: the 'user' element cannot be added as child to 'header', because the latter doesn't exist [] []
[2025-01-18T09:44:01.905727+00:00] main.INFO: Broken reference: the 'menu' element cannot be added as child to 'page.menu', because the latter doesn't exist [] []
[2025-01-18T09:44:01.906188+00:00] main.INFO: Broken reference: the 'breadcrumbs' element cannot be added as child to 'page.breadcrumbs', because the latter doesn't exist [] []
[2025-01-18T09:44:01.906643+00:00] main.INFO: Broken reference: the 'formkey' element cannot be added as child to 'page.formkey', because the latter doesn't exist [] []
[2025-01-18T09:44:01.907089+00:00] main.INFO: Broken reference: the 'page.title' element cannot be added as child to 'main.top', because the latter doesn't exist [] []
[2025-01-18T09:44:01.907528+00:00] main.INFO: Broken reference: the 'messages' element cannot be added as child to 'page.messages', because the latter doesn't exist [] []
[2025-01-18T09:44:01.907969+00:00] main.INFO: Broken reference: the 'page.actions.toolbar' element cannot be added as child to 'page.main.actions', because the latter doesn't exist [] []
[2025-01-18T09:44:01.908422+00:00] main.INFO: Broken reference: the 'legal' element cannot be added as child to 'footer', because the latter doesn't exist [] []
[2025-01-18T09:44:01.908983+00:00] main.INFO: Broken reference: the 'header.inner.left' element cannot be added as child to 'header', because the latter doesn't exist [] []
[2025-01-18T09:44:01.909443+00:00] main.INFO: Broken reference: the 'header.inner.right' element cannot be added as child to 'header', because the latter doesn't exist [] []
[2025-01-18T09:44:01.909952+00:00] main.INFO: Broken reference: the 'user' tries to reorder itself towards '', but their parents are different: 'header' and '' respectively. [] []
[2025-01-18T09:44:01.910398+00:00] main.INFO: Broken reference: the 'notification.messages' tries to reorder itself towards 'user', but their parents are different: 'header' and '' respectively. [] []
[2025-01-18T09:44:01.910880+00:00] main.INFO: Broken reference: the 'logo' tries to reorder itself towards '', but their parents are different: 'header' and '' respectively. [] []
[2025-01-18T09:44:01.911327+00:00] main.INFO: Broken reference: the 'global.search' tries to reorder itself towards 'logo', but their parents are different: 'header' and '' respectively. [] []
[2025-01-18T09:44:01.911771+00:00] main.INFO: Broken reference: the 'page.actions.toolbar' tries to reorder itself towards '', but their parents are different: 'page.main.actions' and '' respectively. [] []
[2025-01-18T09:44:01.912245+00:00] main.INFO: Broken reference: the 'header.inner.left' tries to reorder itself towards '', but their parents are different: 'header' and '' respectively. [] []
[2025-01-18T09:44:01.912691+00:00] main.INFO: Broken reference: the 'header.inner.right' tries to reorder itself towards 'header.inner.left', but their parents are different: 'header' and '' respectively. [] []
[2025-01-18T09:44:01.913145+00:00] main.INFO: Broken reference: the 'notification.messages' tries to reorder itself towards 'user', but their parents are different: 'header.inner.right' and '' respectively. [] []
[2025-01-18T09:44:43.165829+00:00] main.ERROR: An existing user has the given username but different email. Username and email both need to match an existing user or both be new.
#0 /var/www/html/magento2/setup/src/Magento/Setup/Model/AdminAccount.php(113): Magento\Setup\Model\AdminAccount->validateUserMatches()
#1 /var/www/html/magento2/setup/src/Magento/Setup/Model/AdminAccount.php(83): Magento\Setup\Model\AdminAccount->saveAdminUser()
#2 /var/www/html/magento2/setup/src/Magento/Setup/Model/Installer.php(1348): Magento\Setup\Model\AdminAccount->save()
#3 /var/www/html/magento2/setup/src/Magento/Setup/Console/Command/AdminUserCreateCommand.php(166): Magento\Setup\Model\Installer->installAdminUser()
#4 /var/www/html/magento2/vendor/symfony/console/Command/Command.php(298): Magento\Setup\Console\Command\AdminUserCreateCommand->execute()
#5 /var/www/html/magento2/vendor/symfony/console/Application.php(1040): Symfony\Component\Console\Command\Command->run()
#6 /var/www/html/magento2/vendor/symfony/console/Application.php(301): Symfony\Component\Console\Application->doRunCommand()
#7 /var/www/html/magento2/vendor/magento/framework/Console/Cli.php(116): Symfony\Component\Console\Application->doRun()
#8 /var/www/html/magento2/vendor/symfony/console/Application.php(171): Magento\Framework\Console\Cli->doRun()
#9 /var/www/html/magento2/bin/magento(23): Symfony\Component\Console\Application->run()
#10 {main} [] []
[2025-01-18T09:48:18.235761+00:00] main.INFO: Item Magento_Backend::system_currency was removed [] []
[2025-01-18T09:48:18.243340+00:00] main.INFO: Add of item with id Magento_Config::system_config was processed [] []
[2025-01-18T09:48:18.243975+00:00] main.INFO: Add of item with id Magento_AdminNotification::system_adminnotification was processed [] []
[2025-01-18T09:48:18.244461+00:00] main.INFO: Add of item with id Magento_Theme::design_config was processed [] []
[2025-01-18T09:48:18.244913+00:00] main.INFO: Add of item with id Magento_Theme::system_design_theme was processed [] []
[2025-01-18T09:48:18.245358+00:00] main.INFO: Add of item with id Magento_Backend::system_design_schedule was processed [] []
[2025-01-18T09:48:18.245956+00:00] main.INFO: Add of item with id Magento_Backend::system_store was processed [] []
[2025-01-18T09:48:18.246407+00:00] main.INFO: Add of item with id Magento_Backend::dashboard was processed [] []
[2025-01-18T09:48:18.246852+00:00] main.INFO: Add of item with id Magento_Backend::system was processed [] []
[2025-01-18T09:48:18.247311+00:00] main.INFO: Add of item with id Magento_Backend::system_tools was processed [] []
[2025-01-18T09:48:18.247785+00:00] main.INFO: Add of item with id Magento_Backend::system_design was processed [] []
[2025-01-18T09:48:18.248245+00:00] main.INFO: Add of item with id Magento_Backend::system_convert was processed [] []
[2025-01-18T09:48:18.248708+00:00] main.INFO: Add of item with id Magento_Backend::system_cache was processed [] []
[2025-01-18T09:48:18.249154+00:00] main.INFO: Add of item with id Magento_Backend::marketing was processed [] []
[2025-01-18T09:48:18.249906+00:00] main.INFO: Add of item with id Magento_Backend::marketing_communications was processed [] []
[2025-01-18T09:48:18.250439+00:00] main.INFO: Add of item with id Magento_Backend::marketing_seo was processed [] []
[2025-01-18T09:48:18.250902+00:00] main.INFO: Add of item with id Magento_Backend::marketing_user_content was processed [] []
[2025-01-18T09:48:18.251347+00:00] main.INFO: Add of item with id Magento_Backend::content was processed [] []
[2025-01-18T09:48:18.251789+00:00] main.INFO: Add of item with id Magento_Backend::content_elements was processed [] []
[2025-01-18T09:48:18.252228+00:00] main.INFO: Add of item with id Magento_Backend::stores was processed [] []
[2025-01-18T09:48:18.252685+00:00] main.INFO: Add of item with id Magento_Backend::stores_settings was processed [] []
[2025-01-18T09:48:18.253158+00:00] main.INFO: Add of item with id Magento_Backend::stores_attributes was processed [] []
[2025-01-18T09:48:18.253610+00:00] main.INFO: Add of item with id Magento_Backend::other_settings was processed [] []
[2025-01-18T09:48:18.254066+00:00] main.INFO: Add of item with id Magento_Backend::system_other_settings was processed [] []
[2025-01-18T09:48:18.254798+00:00] main.INFO: Add of item with id Magento_User::system_acl was processed [] []
[2025-01-18T09:48:18.255594+00:00] main.INFO: Add of item with id Magento_User::system_acl_users was processed [] []
[2025-01-18T09:48:18.256329+00:00] main.INFO: Add of item with id Magento_User::system_acl_roles was processed [] []
[2025-01-18T09:48:18.257059+00:00] main.INFO: Add of item with id Magento_User::system_acl_locks was processed [] []
[2025-01-18T09:48:18.257800+00:00] main.INFO: Add of item with id Magento_Customer::customer was processed [] []
[2025-01-18T09:48:18.258588+00:00] main.INFO: Add of item with id Magento_Customer::customer_manage was processed [] []
[2025-01-18T09:48:18.259296+00:00] main.INFO: Add of item with id Magento_Customer::customer_online was processed [] []
[2025-01-18T09:48:18.259924+00:00] main.INFO: Add of item with id Magento_Customer::customer_group was processed [] []
[2025-01-18T09:48:18.260451+00:00] main.INFO: Add of item with id Magento_Backup::system_tools_backup was processed [] []
[2025-01-18T09:48:18.260973+00:00] main.INFO: Add of item with id Magento_Indexer::system_index was processed [] []
[2025-01-18T09:48:18.261494+00:00] main.INFO: Add of item with id Magento_Variable::system_variable was processed [] []
[2025-01-18T09:48:18.262846+00:00] main.INFO: Add of item with id Magento_Cms::cms_page was processed [] []
[2025-01-18T09:48:18.263341+00:00] main.INFO: Add of item with id Magento_Cms::cms_block was processed [] []
[2025-01-18T09:48:18.263811+00:00] main.INFO: Add of item with id Magento_Search::search_terms was processed [] []
[2025-01-18T09:48:18.264260+00:00] main.INFO: Add of item with id Magento_Search::search_synonyms was processed [] []
[2025-01-18T09:48:18.264706+00:00] main.INFO: Add of item with id Magento_Catalog::catalog was processed [] []
[2025-01-18T09:48:18.265156+00:00] main.INFO: Add of item with id Magento_Catalog::catalog_products was processed [] []
[2025-01-18T09:48:18.265701+00:00] main.INFO: Add of item with id Magento_Catalog::catalog_categories was processed [] []
[2025-01-18T09:48:18.266176+00:00] main.INFO: Add of item with id Magento_Catalog::catalog_attributes_attributes was processed [] []
[2025-01-18T09:48:18.266620+00:00] main.INFO: Add of item with id Magento_Catalog::catalog_attributes_sets was processed [] []
[2025-01-18T09:48:18.267073+00:00] main.INFO: Add of item with id Magento_Catalog::inventory was processed [] []
[2025-01-18T09:48:18.267519+00:00] main.INFO: Add of item with id Magento_CatalogRule::promo was processed [] []
[2025-01-18T09:48:18.268000+00:00] main.INFO: Add of item with id Magento_CatalogRule::promo_catalog was processed [] []
[2025-01-18T09:48:18.268632+00:00] main.INFO: Add of item with id Magento_MediaGalleryUi::media was processed [] []
[2025-01-18T09:48:18.269117+00:00] main.INFO: Add of item with id Magento_MediaGalleryUi::media_gallery was processed [] []
[2025-01-18T09:48:18.269889+00:00] main.INFO: Add of item with id Magento_Integration::system_extensions was processed [] []
[2025-01-18T09:48:18.270464+00:00] main.INFO: Add of item with id Magento_Integration::system_integrations was processed [] []
[2025-01-18T09:48:18.271038+00:00] main.INFO: Add of item with id Magento_Sales::sales was processed [] []
[2025-01-18T09:48:18.271789+00:00] main.INFO: Add of item with id Magento_Sales::sales_operation was processed [] []
[2025-01-18T09:48:18.272536+00:00] main.INFO: Add of item with id Magento_Sales::sales_order was processed [] []
[2025-01-18T09:48:18.273269+00:00] main.INFO: Add of item with id Magento_Sales::sales_invoice was processed [] []
[2025-01-18T09:48:18.274019+00:00] main.INFO: Add of item with id Magento_Sales::sales_shipment was processed [] []
[2025-01-18T09:48:18.274817+00:00] main.INFO: Add of item with id Magento_Sales::sales_creditmemo was processed [] []
[2025-01-18T09:48:18.275673+00:00] main.INFO: Add of item with id Magento_Sales::sales_transactions was processed [] []
[2025-01-18T09:48:18.276296+00:00] main.INFO: Add of item with id Magento_Sales::system_order_statuses was processed [] []
[2025-01-18T09:48:18.276829+00:00] main.INFO: Add of item with id Magento_Widget::cms_widget_instance was processed [] []
[2025-01-18T09:48:18.277374+00:00] main.INFO: Add of item with id Magento_Analytics::business_intelligence was processed [] []
[2025-01-18T09:48:18.277915+00:00] main.INFO: Add of item with id Magento_Analytics::advanced_reporting was processed [] []
[2025-01-18T09:48:18.278442+00:00] main.INFO: Add of item with id Magento_Analytics::bi_essentials was processed [] []
[2025-01-18T09:48:18.278973+00:00] main.INFO: Add of item with id Magento_Downloadable::report_products_downloads was processed [] []
[2025-01-18T09:48:18.279664+00:00] main.INFO: Add of item with id Magento_ImportExport::system_convert_import was processed [] []
[2025-01-18T09:48:18.280200+00:00] main.INFO: Add of item with id Magento_ImportExport::system_convert_export was processed [] []
[2025-01-18T09:48:18.281788+00:00] main.INFO: Add of item with id Magento_ImportExport::system_convert_history was processed [] []
[2025-01-18T09:48:18.282269+00:00] main.INFO: Add of item with id Magento_Email::template was processed [] []
[2025-01-18T09:48:18.283015+00:00] main.INFO: Add of item with id Magento_EncryptionKey::system_crypt_key was processed [] []
[2025-01-18T09:48:18.283501+00:00] main.INFO: Add of item with id Magento_InventoryAdminUi::inventory was processed [] []
[2025-01-18T09:48:18.283967+00:00] main.INFO: Add of item with id Magento_InventoryAdminUi::source was processed [] []
[2025-01-18T09:48:18.284426+00:00] main.INFO: Add of item with id Magento_InventoryAdminUi::stock was processed [] []
[2025-01-18T09:48:18.284869+00:00] main.INFO: Add of item with id Magento_Reports::report was processed [] []
[2025-01-18T09:48:18.285312+00:00] main.INFO: Add of item with id Magento_Reports::report_marketing was processed [] []
[2025-01-18T09:48:18.285837+00:00] main.INFO: Add of item with id Magento_Reports::report_salesroot was processed [] []
[2025-01-18T09:48:18.286300+00:00] main.INFO: Add of item with id Magento_Reports::report_salesroot_sales was processed [] []
[2025-01-18T09:48:18.286751+00:00] main.INFO: Add of item with id Magento_Reports::report_salesroot_tax was processed [] []
[2025-01-18T09:48:18.287212+00:00] main.INFO: Add of item with id Magento_Reports::report_salesroot_invoiced was processed [] []
[2025-01-18T09:48:18.288314+00:00] main.INFO: Add of item with id Magento_Reports::report_salesroot_shipping was processed [] []
[2025-01-18T09:48:18.289054+00:00] main.INFO: Add of item with id Magento_Reports::report_salesroot_refunded was processed [] []
[2025-01-18T09:48:18.289879+00:00] main.INFO: Add of item with id Magento_Reports::report_salesroot_coupons was processed [] []
[2025-01-18T09:48:18.290609+00:00] main.INFO: Add of item with id Magento_Reports::report_shopcart_product was processed [] []
[2025-01-18T09:48:18.291354+00:00] main.INFO: Add of item with id Magento_Reports::report_shopcart_abandoned was processed [] []
[2025-01-18T09:48:18.292065+00:00] main.INFO: Add of item with id Magento_Reports::report_products was processed [] []
[2025-01-18T09:48:18.292853+00:00] main.INFO: Add of item with id Magento_Reports::report_products_bestsellers was processed [] []
[2025-01-18T09:48:18.293690+00:00] main.INFO: Add of item with id Magento_Reports::report_products_sold was processed [] []
[2025-01-18T09:48:18.294470+00:00] main.INFO: Add of item with id Magento_Reports::report_products_viewed was processed [] []
[2025-01-18T09:48:18.295233+00:00] main.INFO: Add of item with id Magento_Reports::report_products_lowstock was processed [] []
[2025-01-18T09:48:18.296033+00:00] main.INFO: Add of item with id Magento_Reports::report_customers was processed [] []
[2025-01-18T09:48:18.296822+00:00] main.INFO: Add of item with id Magento_Reports::report_customers_accounts was processed [] []
[2025-01-18T09:48:18.297476+00:00] main.INFO: Add of item with id Magento_Reports::report_customers_totals was processed [] []
[2025-01-18T09:48:18.297939+00:00] main.INFO: Add of item with id Magento_Reports::report_customers_orders was processed [] []
[2025-01-18T09:48:18.298466+00:00] main.INFO: Add of item with id Magento_Reports::report_statistics was processed [] []
[2025-01-18T09:48:18.298955+00:00] main.INFO: Add of item with id Magento_Reports::report_statistics_refresh was processed [] []
[2025-01-18T09:48:18.299606+00:00] main.INFO: Add of item with id Magento_Search::report_search_term was processed [] []
[2025-01-18T09:48:18.300069+00:00] main.INFO: Add of item with id Magento_LoginAsCustomerLog::login_log was processed [] []
[2025-01-18T09:48:18.300514+00:00] main.INFO: Add of item with id Magento_Marketplace::partners was processed [] []
[2025-01-18T09:48:18.300962+00:00] main.INFO: Add of item with id Magento_Newsletter::newsletter_template was processed [] []
[2025-01-18T09:48:18.301406+00:00] main.INFO: Add of item with id Magento_Newsletter::newsletter_queue was processed [] []
[2025-01-18T09:48:18.301849+00:00] main.INFO: Add of item with id Magento_Newsletter::newsletter_subscriber was processed [] []
[2025-01-18T09:48:18.302293+00:00] main.INFO: Add of item with id Magento_Newsletter::newsletter_problem was processed [] []
[2025-01-18T09:48:18.302760+00:00] main.INFO: Add of item with id Magento_SalesRule::promo_quote was processed [] []
[2025-01-18T09:48:18.303216+00:00] main.INFO: Add of item with id Magento_Sitemap::catalog_sitemap was processed [] []
[2025-01-18T09:48:18.303763+00:00] main.INFO: Add of item with id Magento_PageBuilder::templates was processed [] []
[2025-01-18T09:48:18.304612+00:00] main.INFO: Add of item with id Magento_Paypal::report_salesroot_paypal_settlement_reports was processed [] []
[2025-01-18T09:48:18.305374+00:00] main.INFO: Add of item with id Magento_Paypal::paypal_billing_agreement was processed [] []
[2025-01-18T09:48:18.309788+00:00] main.INFO: Add of item with id Magento_CheckoutAgreements::sales_checkoutagreement was processed [] []
[2025-01-18T09:48:18.310613+00:00] main.INFO: Add of item with id Magento_Review::catalog_reviews_ratings_ratings was processed [] []
[2025-01-18T09:48:18.311360+00:00] main.INFO: Add of item with id Magento_Review::catalog_reviews_ratings_pending was processed [] []
[2025-01-18T09:48:18.311922+00:00] main.INFO: Add of item with id Magento_Review::catalog_reviews_ratings_reviews_all was processed [] []
[2025-01-18T09:48:18.312463+00:00] main.INFO: Add of item with id Magento_Review::report_review was processed [] []
[2025-01-18T09:48:18.313078+00:00] main.INFO: Add of item with id Magento_Review::report_review_customer was processed [] []
[2025-01-18T09:48:18.313629+00:00] main.INFO: Add of item with id Magento_Review::report_review_product was processed [] []
[2025-01-18T09:48:18.314148+00:00] main.INFO: Add of item with id Magento_UrlRewrite::urlrewrite was processed [] []
[2025-01-18T09:48:18.315046+00:00] main.INFO: Add of item with id Magento_Tax::sales_tax was processed [] []
[2025-01-18T09:48:18.315960+00:00] main.INFO: Add of item with id Magento_Tax::sales_tax_rules was processed [] []
[2025-01-18T09:48:18.316450+00:00] main.INFO: Add of item with id Magento_Tax::sales_tax_rates was processed [] []
[2025-01-18T09:48:18.316912+00:00] main.INFO: Add of item with id Magento_TaxImportExport::system_convert_tax was processed [] []
[2025-01-18T09:48:18.317362+00:00] main.INFO: Add of item with id Magento_AsynchronousOperations::system_magento_logging was processed [] []
[2025-01-18T09:48:18.317820+00:00] main.INFO: Add of item with id Magento_AsynchronousOperations::system_magento_logging_bulk_operations was processed [] []
[2025-01-18T09:48:18.318270+00:00] main.INFO: Add of item with id Magento_CurrencySymbol::system_currency was processed [] []
[2025-01-18T09:48:18.318735+00:00] main.INFO: Add of item with id Magento_CurrencySymbol::system_currency_rates was processed [] []
[2025-01-18T09:48:18.319179+00:00] main.INFO: Add of item with id Magento_CurrencySymbol::system_currency_symbols was processed [] []
[2025-01-18T09:48:18.319859+00:00] main.INFO: Add of item with id PayPal_Braintree::settlement_report was processed [] []
[2025-01-18T09:48:18.320322+00:00] main.INFO: Add of item with id PayPal_Braintree::virtual_terminal was processed [] []
[2025-01-18T09:48:20.501081+00:00] main.INFO: Broken reference: the 'notification.messages' tries to reorder itself towards 'user', but their parents are different: 'header.inner.right' and 'header' respectively. [] []
[2025-01-18T09:48:40.121097+00:00] main.INFO: Broken reference: the 'notification.messages' tries to reorder itself towards 'user', but their parents are different: 'header.inner.right' and 'header' respectively. [] []
[2025-01-18T09:48:51.542647+00:00] main.INFO: Broken reference: the 'notification.messages' tries to reorder itself towards 'user', but their parents are different: 'header.inner.right' and 'header' respectively. [] []
[2025-01-18T09:53:09.663905+00:00] main.INFO: Broken reference: the 'header.panel.wrapper' element cannot be added as child to 'header.container', because the latter doesn't exist [] []
[2025-01-18T09:53:09.664615+00:00] main.INFO: Broken reference: the 'header-wrapper' element cannot be added as child to 'header.container', because the latter doesn't exist [] []
[2025-01-18T09:53:09.665094+00:00] main.INFO: Broken reference: the 'navigation.sections' element cannot be added as child to 'page.top', because the latter doesn't exist [] []
[2025-01-18T09:53:09.665658+00:00] main.INFO: Broken reference: the 'top.container' element cannot be added as child to 'page.top', because the latter doesn't exist [] []
[2025-01-18T09:53:09.666142+00:00] main.INFO: Broken reference: the 'breadcrumbs' element cannot be added as child to 'page.top', because the latter doesn't exist [] []
[2025-01-18T09:53:09.666658+00:00] main.INFO: Broken reference: the 'footer' element cannot be added as child to 'footer-container', because the latter doesn't exist [] []
[2025-01-18T09:53:09.667235+00:00] main.INFO: Broken reference: the 'catalog.compare.sidebar' element cannot be added as child to 'sidebar.additional', because the latter doesn't exist [] []
[2025-01-18T09:53:09.667735+00:00] main.INFO: Broken reference: the 'sale.reorder.sidebar' element cannot be added as child to 'sidebar.additional', because the latter doesn't exist [] []
[2025-01-18T09:53:09.668397+00:00] main.INFO: Broken reference: the 'wishlist_sidebar' element cannot be added as child to 'sidebar.additional', because the latter doesn't exist [] []
[2025-01-18T09:53:09.668935+00:00] main.INFO: Broken reference: the 'header.panel.wrapper' tries to reorder itself towards '', but their parents are different: 'header.container' and '' respectively. [] []
[2025-01-18T09:53:09.669414+00:00] main.INFO: Broken reference: the 'navigation.sections' tries to reorder itself towards '', but their parents are different: 'page.top' and '' respectively. [] []
[2025-01-18T09:54:17.211084+00:00] main.ERROR: Unable to send mail. Please try again later. [] []
[2025-01-18T09:54:17.381259+00:00] main.INFO: Broken reference: the 'catalog.compare.sidebar' element cannot be added as child to 'sidebar.additional', because the latter doesn't exist [] []
[2025-01-18T09:54:17.381905+00:00] main.INFO: Broken reference: the 'sale.reorder.sidebar' element cannot be added as child to 'sidebar.additional', because the latter doesn't exist [] []
[2025-01-18T09:54:17.382632+00:00] main.INFO: Broken reference: the 'wishlist_sidebar' element cannot be added as child to 'sidebar.additional', because the latter doesn't exist [] []
[2025-01-18T09:54:24.949856+00:00] main.INFO: Broken reference: the 'notification.messages' tries to reorder itself towards 'user', but their parents are different: 'header.inner.right' and 'header' respectively. [] []
[2025-01-18T09:54:28.890458+00:00] main.INFO: Broken reference: the 'notification.messages' tries to reorder itself towards 'user', but their parents are different: 'header.inner.right' and 'header' respectively. [] []
[2025-01-18T09:55:28.309338+00:00] main.INFO: Broken reference: the 'catalog.compare.sidebar' element cannot be added as child to 'sidebar.additional', because the latter doesn't exist [] []
[2025-01-18T09:55:28.310030+00:00] main.INFO: Broken reference: the 'sale.reorder.sidebar' element cannot be added as child to 'sidebar.additional', because the latter doesn't exist [] []
[2025-01-18T09:55:28.310744+00:00] main.INFO: Broken reference: the 'wishlist_sidebar' element cannot be added as child to 'sidebar.additional', because the latter doesn't exist [] []
[2025-01-18T09:55:28.311646+00:00] main.INFO: Broken reference: the 'checkout.cart.item.renderers.gift-card.actions.gift_options' element cannot be added as child to 'checkout.cart.item.renderers.gift-card.actions', because the latter doesn't exist [] []
[2025-01-18T09:55:28.312739+00:00] main.INFO: Broken reference: the 'checkout.cart.item.renderers.gift-card.actions.gift_options' tries to reorder itself towards '', but their parents are different: 'checkout.cart.item.renderers.gift-card.actions' and '' respectively. [] []
[2025-01-18T09:55:46.327602+00:00] main.INFO: Broken reference: the 'header.panel.wrapper' element cannot be added as child to 'header.container', because the latter doesn't exist [] []
[2025-01-18T09:55:46.328326+00:00] main.INFO: Broken reference: the 'header-wrapper' element cannot be added as child to 'header.container', because the latter doesn't exist [] []
[2025-01-18T09:55:46.328904+00:00] main.INFO: Broken reference: the 'navigation.sections' element cannot be added as child to 'page.top', because the latter doesn't exist [] []
[2025-01-18T09:55:46.329582+00:00] main.INFO: Broken reference: the 'top.container' element cannot be added as child to 'page.top', because the latter doesn't exist [] []
[2025-01-18T09:55:46.330100+00:00] main.INFO: Broken reference: the 'breadcrumbs' element cannot be added as child to 'page.top', because the latter doesn't exist [] []
[2025-01-18T09:55:46.330652+00:00] main.INFO: Broken reference: the 'footer' element cannot be added as child to 'footer-container', because the latter doesn't exist [] []
[2025-01-18T09:55:46.331270+00:00] main.INFO: Broken reference: the 'catalog.compare.sidebar' element cannot be added as child to 'sidebar.additional', because the latter doesn't exist [] []
[2025-01-18T09:55:46.331753+00:00] main.INFO: Broken reference: the 'sale.reorder.sidebar' element cannot be added as child to 'sidebar.additional', because the latter doesn't exist [] []
[2025-01-18T09:55:46.332383+00:00] main.INFO: Broken reference: the 'wishlist_sidebar' element cannot be added as child to 'sidebar.additional', because the latter doesn't exist [] []
[2025-01-18T09:55:46.333056+00:00] main.INFO: Broken reference: the 'header.panel.wrapper' tries to reorder itself towards '', but their parents are different: 'header.container' and '' respectively. [] []
[2025-01-18T09:55:46.333600+00:00] main.INFO: Broken reference: the 'navigation.sections' tries to reorder itself towards '', but their parents are different: 'page.top' and '' respectively. [] []
[2025-01-18T09:56:36.990807+00:00] main.ERROR: Unable to send mail. Please try again later. [] []
[2025-01-18T09:56:37.178743+00:00] main.INFO: Broken reference: the 'catalog.compare.sidebar' element cannot be added as child to 'sidebar.additional', because the latter doesn't exist [] []
[2025-01-18T09:56:37.179387+00:00] main.INFO: Broken reference: the 'sale.reorder.sidebar' element cannot be added as child to 'sidebar.additional', because the latter doesn't exist [] []
[2025-01-18T09:56:37.180040+00:00] main.INFO: Broken reference: the 'wishlist_sidebar' element cannot be added as child to 'sidebar.additional', because the latter doesn't exist [] []
[2025-01-18T10:09:35.646471+00:00] main.INFO: Broken reference: the 'tracking' element cannot be added as child to 'header', because the latter doesn't exist [] []
[2025-01-18T10:09:35.649155+00:00] main.INFO: Broken reference: the 'notification_area' element cannot be added as child to 'notifications', because the latter doesn't exist [] []
[2025-01-18T10:09:35.649873+00:00] main.INFO: Broken reference: the 'unread_system_messages' element cannot be added as child to 'notifications', because the latter doesn't exist [] []
[2025-01-18T10:09:35.650577+00:00] main.INFO: Broken reference: the 'notification_window' element cannot be added as child to 'notifications', because the latter doesn't exist [] []
[2025-01-18T10:09:35.651046+00:00] main.INFO: Broken reference: the 'notification.messages' element cannot be added as child to 'header', because the latter doesn't exist [] []
[2025-01-18T10:09:35.651512+00:00] main.INFO: Broken reference: the 'global_notices' element cannot be added as child to 'global.notices', because the latter doesn't exist [] []
[2025-01-18T10:09:35.651982+00:00] main.INFO: Broken reference: the 'logo' element cannot be added as child to 'header', because the latter doesn't exist [] []
[2025-01-18T10:09:35.652481+00:00] main.INFO: Broken reference: the 'global.search' element cannot be added as child to 'header', because the latter doesn't exist [] []
[2025-01-18T10:09:35.652983+00:00] main.INFO: Broken reference: the 'user' element cannot be added as child to 'header', because the latter doesn't exist [] []
[2025-01-18T10:09:35.653470+00:00] main.INFO: Broken reference: the 'menu' element cannot be added as child to 'page.menu', because the latter doesn't exist [] []
[2025-01-18T10:09:35.653946+00:00] main.INFO: Broken reference: the 'breadcrumbs' element cannot be added as child to 'page.breadcrumbs', because the latter doesn't exist [] []
[2025-01-18T10:09:35.654409+00:00] main.INFO: Broken reference: the 'formkey' element cannot be added as child to 'page.formkey', because the latter doesn't exist [] []
[2025-01-18T10:09:35.654856+00:00] main.INFO: Broken reference: the 'page.title' element cannot be added as child to 'main.top', because the latter doesn't exist [] []
[2025-01-18T10:09:35.655297+00:00] main.INFO: Broken reference: the 'messages' element cannot be added as child to 'page.messages', because the latter doesn't exist [] []
[2025-01-18T10:09:35.655779+00:00] main.INFO: Broken reference: the 'page.actions.toolbar' element cannot be added as child to 'page.main.actions', because the latter doesn't exist [] []
[2025-01-18T10:09:35.656236+00:00] main.INFO: Broken reference: the 'legal' element cannot be added as child to 'footer', because the latter doesn't exist [] []
[2025-01-18T10:09:35.656821+00:00] main.INFO: Broken reference: the 'header.inner.left' element cannot be added as child to 'header', because the latter doesn't exist [] []
[2025-01-18T10:09:35.657287+00:00] main.INFO: Broken reference: the 'header.inner.right' element cannot be added as child to 'header', because the latter doesn't exist [] []
[2025-01-18T10:09:35.657796+00:00] main.INFO: Broken reference: the 'user' tries to reorder itself towards '', but their parents are different: 'header' and '' respectively. [] []
[2025-01-18T10:09:35.658247+00:00] main.INFO: Broken reference: the 'notification.messages' tries to reorder itself towards 'user', but their parents are different: 'header' and '' respectively. [] []
[2025-01-18T10:09:35.658693+00:00] main.INFO: Broken reference: the 'logo' tries to reorder itself towards '', but their parents are different: 'header' and '' respectively. [] []
[2025-01-18T10:09:35.659144+00:00] main.INFO: Broken reference: the 'global.search' tries to reorder itself towards 'logo', but their parents are different: 'header' and '' respectively. [] []
[2025-01-18T10:09:35.659588+00:00] main.INFO: Broken reference: the 'page.actions.toolbar' tries to reorder itself towards '', but their parents are different: 'page.main.actions' and '' respectively. [] []
[2025-01-18T10:09:35.660093+00:00] main.INFO: Broken reference: the 'header.inner.left' tries to reorder itself towards '', but their parents are different: 'header' and '' respectively. [] []
[2025-01-18T10:09:35.660557+00:00] main.INFO: Broken reference: the 'header.inner.right' tries to reorder itself towards 'header.inner.left', but their parents are different: 'header' and '' respectively. [] []
[2025-01-18T10:09:35.661016+00:00] main.INFO: Broken reference: the 'notification.messages' tries to reorder itself towards 'user', but their parents are different: 'header.inner.right' and '' respectively. [] []
[2025-01-18T10:09:57.537078+00:00] main.INFO: Broken reference: the 'notification.messages' tries to reorder itself towards 'user', but their parents are different: 'header.inner.right' and 'header' respectively. [] []
[2025-01-18T10:10:10.581547+00:00] main.INFO: Broken reference: the 'notification.messages' tries to reorder itself towards 'user', but their parents are different: 'header.inner.right' and 'header' respectively. [] []
[2025-01-18T14:11:57.532424+00:00] main.INFO: Broken reference: the 'tracking' element cannot be added as child to 'header', because the latter doesn't exist [] []
[2025-01-18T14:11:57.535490+00:00] main.INFO: Broken reference: the 'notification_area' element cannot be added as child to 'notifications', because the latter doesn't exist [] []
[2025-01-18T14:11:57.535907+00:00] main.INFO: Broken reference: the 'unread_system_messages' element cannot be added as child to 'notifications', because the latter doesn't exist [] []
[2025-01-18T14:11:57.536290+00:00] main.INFO: Broken reference: the 'notification_window' element cannot be added as child to 'notifications', because the latter doesn't exist [] []
[2025-01-18T14:11:57.536642+00:00] main.INFO: Broken reference: the 'notification.messages' element cannot be added as child to 'header', because the latter doesn't exist [] []
[2025-01-18T14:11:57.537002+00:00] main.INFO: Broken reference: the 'global_notices' element cannot be added as child to 'global.notices', because the latter doesn't exist [] []
[2025-01-18T14:11:57.537350+00:00] main.INFO: Broken reference: the 'logo' element cannot be added as child to 'header', because the latter doesn't exist [] []
[2025-01-18T14:11:57.537696+00:00] main.INFO: Broken reference: the 'global.search' element cannot be added as child to 'header', because the latter doesn't exist [] []
[2025-01-18T14:11:57.538052+00:00] main.INFO: Broken reference: the 'user' element cannot be added as child to 'header', because the latter doesn't exist [] []
[2025-01-18T14:11:57.538397+00:00] main.INFO: Broken reference: the 'menu' element cannot be added as child to 'page.menu', because the latter doesn't exist [] []
[2025-01-18T14:11:57.538743+00:00] main.INFO: Broken reference: the 'breadcrumbs' element cannot be added as child to 'page.breadcrumbs', because the latter doesn't exist [] []
[2025-01-18T14:11:57.539088+00:00] main.INFO: Broken reference: the 'formkey' element cannot be added as child to 'page.formkey', because the latter doesn't exist [] []
[2025-01-18T14:11:57.539435+00:00] main.INFO: Broken reference: the 'page.title' element cannot be added as child to 'main.top', because the latter doesn't exist [] []
[2025-01-18T14:11:57.539870+00:00] main.INFO: Broken reference: the 'messages' element cannot be added as child to 'page.messages', because the latter doesn't exist [] []
[2025-01-18T14:11:57.540221+00:00] main.INFO: Broken reference: the 'page.actions.toolbar' element cannot be added as child to 'page.main.actions', because the latter doesn't exist [] []
[2025-01-18T14:11:57.540566+00:00] main.INFO: Broken reference: the 'legal' element cannot be added as child to 'footer', because the latter doesn't exist [] []
[2025-01-18T14:11:57.541000+00:00] main.INFO: Broken reference: the 'header.inner.left' element cannot be added as child to 'header', because the latter doesn't exist [] []
[2025-01-18T14:11:57.541353+00:00] main.INFO: Broken reference: the 'header.inner.right' element cannot be added as child to 'header', because the latter doesn't exist [] []
[2025-01-18T14:11:57.541750+00:00] main.INFO: Broken reference: the 'user' tries to reorder itself towards '', but their parents are different: 'header' and '' respectively. [] []
[2025-01-18T14:11:57.542102+00:00] main.INFO: Broken reference: the 'notification.messages' tries to reorder itself towards 'user', but their parents are different: 'header' and '' respectively. [] []
[2025-01-18T14:11:57.542450+00:00] main.INFO: Broken reference: the 'logo' tries to reorder itself towards '', but their parents are different: 'header' and '' respectively. [] []
[2025-01-18T14:11:57.542794+00:00] main.INFO: Broken reference: the 'global.search' tries to reorder itself towards 'logo', but their parents are different: 'header' and '' respectively. [] []
[2025-01-18T14:11:57.543157+00:00] main.INFO: Broken reference: the 'page.actions.toolbar' tries to reorder itself towards '', but their parents are different: 'page.main.actions' and '' respectively. [] []
[2025-01-18T14:11:57.543530+00:00] main.INFO: Broken reference: the 'header.inner.left' tries to reorder itself towards '', but their parents are different: 'header' and '' respectively. [] []
[2025-01-18T14:11:57.543880+00:00] main.INFO: Broken reference: the 'header.inner.right' tries to reorder itself towards 'header.inner.left', but their parents are different: 'header' and '' respectively. [] []
[2025-01-18T14:11:57.544232+00:00] main.INFO: Broken reference: the 'notification.messages' tries to reorder itself towards 'user', but their parents are different: 'header.inner.right' and '' respectively. [] []
[2025-01-18T14:12:09.279086+00:00] main.INFO: Broken reference: the 'notification.messages' tries to reorder itself towards 'user', but their parents are different: 'header.inner.right' and 'header' respectively. [] []
[2025-01-18T14:12:48.761631+00:00] main.INFO: Broken reference: the 'notification.messages' tries to reorder itself towards 'user', but their parents are different: 'header.inner.right' and 'header' respectively. [] []
[2025-01-18T14:12:52.674970+00:00] main.INFO: Broken reference: the 'notification.messages' tries to reorder itself towards 'user', but their parents are different: 'header.inner.right' and 'header' respectively. [] []
[2025-01-19T05:53:31.940040+00:00] main.INFO: Broken reference: the 'tracking' element cannot be added as child to 'header', because the latter doesn't exist [] []
[2025-01-19T05:53:31.943434+00:00] main.INFO: Broken reference: the 'notification_area' element cannot be added as child to 'notifications', because the latter doesn't exist [] []
[2025-01-19T05:53:31.944241+00:00] main.INFO: Broken reference: the 'unread_system_messages' element cannot be added as child to 'notifications', because the latter doesn't exist [] []
[2025-01-19T05:53:31.944750+00:00] main.INFO: Broken reference: the 'notification_window' element cannot be added as child to 'notifications', because the latter doesn't exist [] []
[2025-01-19T05:53:31.945203+00:00] main.INFO: Broken reference: the 'notification.messages' element cannot be added as child to 'header', because the latter doesn't exist [] []
[2025-01-19T05:53:31.945658+00:00] main.INFO: Broken reference: the 'global_notices' element cannot be added as child to 'global.notices', because the latter doesn't exist [] []
[2025-01-19T05:53:31.946112+00:00] main.INFO: Broken reference: the 'logo' element cannot be added as child to 'header', because the latter doesn't exist [] []
[2025-01-19T05:53:31.946555+00:00] main.INFO: Broken reference: the 'global.search' element cannot be added as child to 'header', because the latter doesn't exist [] []
[2025-01-19T05:53:31.947008+00:00] main.INFO: Broken reference: the 'user' element cannot be added as child to 'header', because the latter doesn't exist [] []
[2025-01-19T05:53:31.947451+00:00] main.INFO: Broken reference: the 'menu' element cannot be added as child to 'page.menu', because the latter doesn't exist [] []
[2025-01-19T05:53:31.947894+00:00] main.INFO: Broken reference: the 'breadcrumbs' element cannot be added as child to 'page.breadcrumbs', because the latter doesn't exist [] []
[2025-01-19T05:53:31.948335+00:00] main.INFO: Broken reference: the 'formkey' element cannot be added as child to 'page.formkey', because the latter doesn't exist [] []
[2025-01-19T05:53:31.948775+00:00] main.INFO: Broken reference: the 'page.title' element cannot be added as child to 'main.top', because the latter doesn't exist [] []
[2025-01-19T05:53:31.949214+00:00] main.INFO: Broken reference: the 'messages' element cannot be added as child to 'page.messages', because the latter doesn't exist [] []
[2025-01-19T05:53:31.949652+00:00] main.INFO: Broken reference: the 'page.actions.toolbar' element cannot be added as child to 'page.main.actions', because the latter doesn't exist [] []
[2025-01-19T05:53:31.950123+00:00] main.INFO: Broken reference: the 'legal' element cannot be added as child to 'footer', because the latter doesn't exist [] []
[2025-01-19T05:53:31.950679+00:00] main.INFO: Broken reference: the 'header.inner.left' element cannot be added as child to 'header', because the latter doesn't exist [] []
[2025-01-19T05:53:31.951131+00:00] main.INFO: Broken reference: the 'header.inner.right' element cannot be added as child to 'header', because the latter doesn't exist [] []
[2025-01-19T05:53:31.951638+00:00] main.INFO: Broken reference: the 'user' tries to reorder itself towards '', but their parents are different: 'header' and '' respectively. [] []
[2025-01-19T05:53:31.952093+00:00] main.INFO: Broken reference: the 'notification.messages' tries to reorder itself towards 'user', but their parents are different: 'header' and '' respectively. [] []
[2025-01-19T05:53:31.952754+00:00] main.INFO: Broken reference: the 'logo' tries to reorder itself towards '', but their parents are different: 'header' and '' respectively. [] []
[2025-01-19T05:53:31.953222+00:00] main.INFO: Broken reference: the 'global.search' tries to reorder itself towards 'logo', but their parents are different: 'header' and '' respectively. [] []
[2025-01-19T05:53:31.953974+00:00] main.INFO: Broken reference: the 'page.actions.toolbar' tries to reorder itself towards '', but their parents are different: 'page.main.actions' and '' respectively. [] []
[2025-01-19T05:53:31.954877+00:00] main.INFO: Broken reference: the 'header.inner.left' tries to reorder itself towards '', but their parents are different: 'header' and '' respectively. [] []
[2025-01-19T05:53:31.955686+00:00] main.INFO: Broken reference: the 'header.inner.right' tries to reorder itself towards 'header.inner.left', but their parents are different: 'header' and '' respectively. [] []
[2025-01-19T05:53:31.956552+00:00] main.INFO: Broken reference: the 'notification.messages' tries to reorder itself towards 'user', but their parents are different: 'header.inner.right' and '' respectively. [] []
[2025-01-19T05:53:47.235245+00:00] main.INFO: Broken reference: the 'notification.messages' tries to reorder itself towards 'user', but their parents are different: 'header.inner.right' and 'header' respectively. [] []
[2025-01-19T05:54:18.902018+00:00] main.INFO: Broken reference: the 'notification.messages' tries to reorder itself towards 'user', but their parents are different: 'header.inner.right' and 'header' respectively. [] []
[2025-01-19T06:06:54.424426+00:00] main.INFO: Broken reference: the 'catalog.compare.sidebar' element cannot be added as child to 'sidebar.additional', because the latter doesn't exist [] []
[2025-01-19T06:06:54.426164+00:00] main.INFO: Broken reference: the 'sale.reorder.sidebar' element cannot be added as child to 'sidebar.additional', because the latter doesn't exist [] []
[2025-01-19T06:06:54.426857+00:00] main.INFO: Broken reference: the 'wishlist_sidebar' element cannot be added as child to 'sidebar.additional', because the latter doesn't exist [] []
[2025-01-19T06:06:54.427354+00:00] main.INFO: Broken reference: the 'paypal.partner.right.logo' element cannot be added as child to 'sidebar.additional', because the latter doesn't exist [] []
[2025-01-19T06:06:54.427804+00:00] main.INFO: Broken reference: the 'bml.right.logo' element cannot be added as child to 'sidebar.additional', because the latter doesn't exist [] []
[2025-01-19T06:06:54.428420+00:00] main.INFO: Broken reference: the 'sidebar.container.paylater' element cannot be added as child to 'sidebar.additional', because the latter doesn't exist [] []
[2025-01-21T14:31:18.754172+00:00] main.INFO: Broken reference: the 'tracking' element cannot be added as child to 'header', because the latter doesn't exist [] []
[2025-01-21T14:31:18.756025+00:00] main.INFO: Broken reference: the 'notification_area' element cannot be added as child to 'notifications', because the latter doesn't exist [] []
[2025-01-21T14:31:18.756429+00:00] main.INFO: Broken reference: the 'unread_system_messages' element cannot be added as child to 'notifications', because the latter doesn't exist [] []
[2025-01-21T14:31:18.756800+00:00] main.INFO: Broken reference: the 'notification_window' element cannot be added as child to 'notifications', because the latter doesn't exist [] []
[2025-01-21T14:31:18.757171+00:00] main.INFO: Broken reference: the 'notification.messages' element cannot be added as child to 'header', because the latter doesn't exist [] []
[2025-01-21T14:31:18.757866+00:00] main.INFO: Broken reference: the 'global_notices' element cannot be added as child to 'global.notices', because the latter doesn't exist [] []
[2025-01-21T14:31:18.758283+00:00] main.INFO: Broken reference: the 'logo' element cannot be added as child to 'header', because the latter doesn't exist [] []
[2025-01-21T14:31:18.758663+00:00] main.INFO: Broken reference: the 'global.search' element cannot be added as child to 'header', because the latter doesn't exist [] []
[2025-01-21T14:31:18.759016+00:00] main.INFO: Broken reference: the 'user' element cannot be added as child to 'header', because the latter doesn't exist [] []
[2025-01-21T14:31:18.759382+00:00] main.INFO: Broken reference: the 'menu' element cannot be added as child to 'page.menu', because the latter doesn't exist [] []
[2025-01-21T14:31:18.760112+00:00] main.INFO: Broken reference: the 'breadcrumbs' element cannot be added as child to 'page.breadcrumbs', because the latter doesn't exist [] []
[2025-01-21T14:31:18.760489+00:00] main.INFO: Broken reference: the 'formkey' element cannot be added as child to 'page.formkey', because the latter doesn't exist [] []
[2025-01-21T14:31:18.760861+00:00] main.INFO: Broken reference: the 'page.title' element cannot be added as child to 'main.top', because the latter doesn't exist [] []
[2025-01-21T14:31:18.761216+00:00] main.INFO: Broken reference: the 'messages' element cannot be added as child to 'page.messages', because the latter doesn't exist [] []
[2025-01-21T14:31:18.761799+00:00] main.INFO: Broken reference: the 'page.actions.toolbar' element cannot be added as child to 'page.main.actions', because the latter doesn't exist [] []
[2025-01-21T14:31:18.762183+00:00] main.INFO: Broken reference: the 'legal' element cannot be added as child to 'footer', because the latter doesn't exist [] []
[2025-01-21T14:31:18.762744+00:00] main.INFO: Broken reference: the 'header.inner.left' element cannot be added as child to 'header', because the latter doesn't exist [] []
[2025-01-21T14:31:18.763100+00:00] main.INFO: Broken reference: the 'header.inner.right' element cannot be added as child to 'header', because the latter doesn't exist [] []
[2025-01-21T14:31:18.763518+00:00] main.INFO: Broken reference: the 'user' tries to reorder itself towards '', but their parents are different: 'header' and '' respectively. [] []
[2025-01-21T14:31:18.763873+00:00] main.INFO: Broken reference: the 'notification.messages' tries to reorder itself towards 'user', but their parents are different: 'header' and '' respectively. [] []
[2025-01-21T14:31:18.764232+00:00] main.INFO: Broken reference: the 'logo' tries to reorder itself towards '', but their parents are different: 'header' and '' respectively. [] []
[2025-01-21T14:31:18.764604+00:00] main.INFO: Broken reference: the 'global.search' tries to reorder itself towards 'logo', but their parents are different: 'header' and '' respectively. [] []
[2025-01-21T14:31:18.764959+00:00] main.INFO: Broken reference: the 'page.actions.toolbar' tries to reorder itself towards '', but their parents are different: 'page.main.actions' and '' respectively. [] []
[2025-01-21T14:31:18.765326+00:00] main.INFO: Broken reference: the 'header.inner.left' tries to reorder itself towards '', but their parents are different: 'header' and '' respectively. [] []
[2025-01-21T14:31:18.765751+00:00] main.INFO: Broken reference: the 'header.inner.right' tries to reorder itself towards 'header.inner.left', but their parents are different: 'header' and '' respectively. [] []
[2025-01-21T14:31:18.766128+00:00] main.INFO: Broken reference: the 'notification.messages' tries to reorder itself towards 'user', but their parents are different: 'header.inner.right' and '' respectively. [] []
[2025-01-21T14:31:37.330619+00:00] main.INFO: Item Magento_Backend::system_currency was removed [] []
[2025-01-21T14:31:37.335428+00:00] main.INFO: Add of item with id Magento_Config::system_config was processed [] []
[2025-01-21T14:31:37.336023+00:00] main.INFO: Add of item with id Magento_AdminNotification::system_adminnotification was processed [] []
[2025-01-21T14:31:37.336395+00:00] main.INFO: Add of item with id Magento_Theme::design_config was processed [] []
[2025-01-21T14:31:37.336751+00:00] main.INFO: Add of item with id Magento_Theme::system_design_theme was processed [] []
[2025-01-21T14:31:37.337101+00:00] main.INFO: Add of item with id Magento_Backend::system_design_schedule was processed [] []
[2025-01-21T14:31:37.337464+00:00] main.INFO: Add of item with id Magento_Backend::system_store was processed [] []
[2025-01-21T14:31:37.337838+00:00] main.INFO: Add of item with id Magento_Backend::dashboard was processed [] []
[2025-01-21T14:31:37.338189+00:00] main.INFO: Add of item with id Magento_Backend::system was processed [] []
[2025-01-21T14:31:37.338546+00:00] main.INFO: Add of item with id Magento_Backend::system_tools was processed [] []
[2025-01-21T14:31:37.338901+00:00] main.INFO: Add of item with id Magento_Backend::system_design was processed [] []
[2025-01-21T14:31:37.339248+00:00] main.INFO: Add of item with id Magento_Backend::system_convert was processed [] []
[2025-01-21T14:31:37.339668+00:00] main.INFO: Add of item with id Magento_Backend::system_cache was processed [] []
[2025-01-21T14:31:37.340048+00:00] main.INFO: Add of item with id Magento_Backend::marketing was processed [] []
[2025-01-21T14:31:37.340427+00:00] main.INFO: Add of item with id Magento_Backend::marketing_communications was processed [] []
[2025-01-21T14:31:37.340788+00:00] main.INFO: Add of item with id Magento_Backend::marketing_seo was processed [] []
[2025-01-21T14:31:37.341141+00:00] main.INFO: Add of item with id Magento_Backend::marketing_user_content was processed [] []
[2025-01-21T14:31:37.341729+00:00] main.INFO: Add of item with id Magento_Backend::content was processed [] []
[2025-01-21T14:31:37.342097+00:00] main.INFO: Add of item with id Magento_Backend::content_elements was processed [] []
[2025-01-21T14:31:37.342599+00:00] main.INFO: Add of item with id Magento_Backend::stores was processed [] []
[2025-01-21T14:31:37.342964+00:00] main.INFO: Add of item with id Magento_Backend::stores_settings was processed [] []
[2025-01-21T14:31:37.343320+00:00] main.INFO: Add of item with id Magento_Backend::stores_attributes was processed [] []
[2025-01-21T14:31:37.343676+00:00] main.INFO: Add of item with id Magento_Backend::other_settings was processed [] []
[2025-01-21T14:31:37.344033+00:00] main.INFO: Add of item with id Magento_Backend::system_other_settings was processed [] []
[2025-01-21T14:31:37.344400+00:00] main.INFO: Add of item with id Magento_User::system_acl was processed [] []
[2025-01-21T14:31:37.344764+00:00] main.INFO: Add of item with id Magento_User::system_acl_users was processed [] []
[2025-01-21T14:31:37.345117+00:00] main.INFO: Add of item with id Magento_User::system_acl_roles was processed [] []
[2025-01-21T14:31:37.345472+00:00] main.INFO: Add of item with id Magento_User::system_acl_locks was processed [] []
[2025-01-21T14:31:37.345829+00:00] main.INFO: Add of item with id Magento_Customer::customer was processed [] []
[2025-01-21T14:31:37.346214+00:00] main.INFO: Add of item with id Magento_Customer::customer_manage was processed [] []
[2025-01-21T14:31:37.346580+00:00] main.INFO: Add of item with id Magento_Customer::customer_online was processed [] []
[2025-01-21T14:31:37.346985+00:00] main.INFO: Add of item with id Magento_Customer::customer_group was processed [] []
[2025-01-21T14:31:37.347334+00:00] main.INFO: Add of item with id Magento_Backup::system_tools_backup was processed [] []
[2025-01-21T14:31:37.347739+00:00] main.INFO: Add of item with id Magento_Indexer::system_index was processed [] []
[2025-01-21T14:31:37.348096+00:00] main.INFO: Add of item with id Magento_Variable::system_variable was processed [] []
[2025-01-21T14:31:37.348454+00:00] main.INFO: Add of item with id Magento_Cms::cms_page was processed [] []
[2025-01-21T14:31:37.348805+00:00] main.INFO: Add of item with id Magento_Cms::cms_block was processed [] []
[2025-01-21T14:31:37.349246+00:00] main.INFO: Add of item with id Magento_Search::search_terms was processed [] []
[2025-01-21T14:31:37.349617+00:00] main.INFO: Add of item with id Magento_Search::search_synonyms was processed [] []
[2025-01-21T14:31:37.349986+00:00] main.INFO: Add of item with id Magento_Catalog::catalog was processed [] []
[2025-01-21T14:31:37.350374+00:00] main.INFO: Add of item with id Magento_Catalog::catalog_products was processed [] []
[2025-01-21T14:31:37.350833+00:00] main.INFO: Add of item with id Magento_Catalog::catalog_categories was processed [] []
[2025-01-21T14:31:37.351289+00:00] main.INFO: Add of item with id Magento_Catalog::catalog_attributes_attributes was processed [] []
[2025-01-21T14:31:37.351682+00:00] main.INFO: Add of item with id Magento_Catalog::catalog_attributes_sets was processed [] []
[2025-01-21T14:31:37.352094+00:00] main.INFO: Add of item with id Magento_Catalog::inventory was processed [] []
[2025-01-21T14:31:37.352450+00:00] main.INFO: Add of item with id Magento_CatalogRule::promo was processed [] []
[2025-01-21T14:31:37.352806+00:00] main.INFO: Add of item with id Magento_CatalogRule::promo_catalog was processed [] []
[2025-01-21T14:31:37.353155+00:00] main.INFO: Add of item with id Magento_MediaGalleryUi::media was processed [] []
[2025-01-21T14:31:37.353509+00:00] main.INFO: Add of item with id Magento_MediaGalleryUi::media_gallery was processed [] []
[2025-01-21T14:31:37.353855+00:00] main.INFO: Add of item with id Magento_Integration::system_extensions was processed [] []
[2025-01-21T14:31:37.354208+00:00] main.INFO: Add of item with id Magento_Integration::system_integrations was processed [] []
[2025-01-21T14:31:37.354554+00:00] main.INFO: Add of item with id Magento_Sales::sales was processed [] []
[2025-01-21T14:31:37.354904+00:00] main.INFO: Add of item with id Magento_Sales::sales_operation was processed [] []
[2025-01-21T14:31:37.355258+00:00] main.INFO: Add of item with id Magento_Sales::sales_order was processed [] []
[2025-01-21T14:31:37.355604+00:00] main.INFO: Add of item with id Magento_Sales::sales_invoice was processed [] []
[2025-01-21T14:31:37.355978+00:00] main.INFO: Add of item with id Magento_Sales::sales_shipment was processed [] []
[2025-01-21T14:31:37.356327+00:00] main.INFO: Add of item with id Magento_Sales::sales_creditmemo was processed [] []
[2025-01-21T14:31:37.356672+00:00] main.INFO: Add of item with id Magento_Sales::sales_transactions was processed [] []
[2025-01-21T14:31:37.357018+00:00] main.INFO: Add of item with id Magento_Sales::system_order_statuses was processed [] []
[2025-01-21T14:31:37.357382+00:00] main.INFO: Add of item with id Magento_Widget::cms_widget_instance was processed [] []
[2025-01-21T14:31:37.357820+00:00] main.INFO: Add of item with id Magento_Analytics::business_intelligence was processed [] []
[2025-01-21T14:31:37.358186+00:00] main.INFO: Add of item with id Magento_Analytics::advanced_reporting was processed [] []
[2025-01-21T14:31:37.358555+00:00] main.INFO: Add of item with id Magento_Analytics::bi_essentials was processed [] []
[2025-01-21T14:31:37.358919+00:00] main.INFO: Add of item with id Magento_Downloadable::report_products_downloads was processed [] []
[2025-01-21T14:31:37.359307+00:00] main.INFO: Add of item with id Magento_ImportExport::system_convert_import was processed [] []
[2025-01-21T14:31:37.359658+00:00] main.INFO: Add of item with id Magento_ImportExport::system_convert_export was processed [] []
[2025-01-21T14:31:37.360004+00:00] main.INFO: Add of item with id Magento_ImportExport::system_convert_history was processed [] []
[2025-01-21T14:31:37.360357+00:00] main.INFO: Add of item with id Magento_Email::template was processed [] []
[2025-01-21T14:31:37.360705+00:00] main.INFO: Add of item with id Magento_EncryptionKey::system_crypt_key was processed [] []
[2025-01-21T14:31:37.361082+00:00] main.INFO: Add of item with id Magento_InventoryAdminUi::inventory was processed [] []
[2025-01-21T14:31:37.361437+00:00] main.INFO: Add of item with id Magento_InventoryAdminUi::source was processed [] []
[2025-01-21T14:31:37.361784+00:00] main.INFO: Add of item with id Magento_InventoryAdminUi::stock was processed [] []
[2025-01-21T14:31:37.362164+00:00] main.INFO: Add of item with id Magento_Reports::report was processed [] []
[2025-01-21T14:31:37.362515+00:00] main.INFO: Add of item with id Magento_Reports::report_marketing was processed [] []
[2025-01-21T14:31:37.362862+00:00] main.INFO: Add of item with id Magento_Reports::report_salesroot was processed [] []
[2025-01-21T14:31:37.363216+00:00] main.INFO: Add of item with id Magento_Reports::report_salesroot_sales was processed [] []
[2025-01-21T14:31:37.363562+00:00] main.INFO: Add of item with id Magento_Reports::report_salesroot_tax was processed [] []
[2025-01-21T14:31:37.363905+00:00] main.INFO: Add of item with id Magento_Reports::report_salesroot_invoiced was processed [] []
[2025-01-21T14:31:37.364249+00:00] main.INFO: Add of item with id Magento_Reports::report_salesroot_shipping was processed [] []
[2025-01-21T14:31:37.364593+00:00] main.INFO: Add of item with id Magento_Reports::report_salesroot_refunded was processed [] []
[2025-01-21T14:31:37.364936+00:00] main.INFO: Add of item with id Magento_Reports::report_salesroot_coupons was processed [] []
[2025-01-21T14:31:37.365300+00:00] main.INFO: Add of item with id Magento_Reports::report_shopcart_product was processed [] []
[2025-01-21T14:31:37.365721+00:00] main.INFO: Add of item with id Magento_Reports::report_shopcart_abandoned was processed [] []
[2025-01-21T14:31:37.366109+00:00] main.INFO: Add of item with id Magento_Reports::report_products was processed [] []
[2025-01-21T14:31:37.366497+00:00] main.INFO: Add of item with id Magento_Reports::report_products_bestsellers was processed [] []
[2025-01-21T14:31:37.366909+00:00] main.INFO: Add of item with id Magento_Reports::report_products_sold was processed [] []
[2025-01-21T14:31:37.367272+00:00] main.INFO: Add of item with id Magento_Reports::report_products_viewed was processed [] []
[2025-01-21T14:31:37.367640+00:00] main.INFO: Add of item with id Magento_Reports::report_products_lowstock was processed [] []
[2025-01-21T14:31:37.367991+00:00] main.INFO: Add of item with id Magento_Reports::report_customers was processed [] []
[2025-01-21T14:31:37.368350+00:00] main.INFO: Add of item with id Magento_Reports::report_customers_accounts was processed [] []
[2025-01-21T14:31:37.368698+00:00] main.INFO: Add of item with id Magento_Reports::report_customers_totals was processed [] []
[2025-01-21T14:31:37.369052+00:00] main.INFO: Add of item with id Magento_Reports::report_customers_orders was processed [] []
[2025-01-21T14:31:37.369398+00:00] main.INFO: Add of item with id Magento_Reports::report_statistics was processed [] []
[2025-01-21T14:31:37.369751+00:00] main.INFO: Add of item with id Magento_Reports::report_statistics_refresh was processed [] []
[2025-01-21T14:31:37.370095+00:00] main.INFO: Add of item with id Magento_Search::report_search_term was processed [] []
[2025-01-21T14:31:37.370442+00:00] main.INFO: Add of item with id Magento_LoginAsCustomerLog::login_log was processed [] []
[2025-01-21T14:31:37.370788+00:00] main.INFO: Add of item with id Magento_Marketplace::partners was processed [] []
[2025-01-21T14:31:37.371176+00:00] main.INFO: Add of item with id Magento_Newsletter::newsletter_template was processed [] []
[2025-01-21T14:31:37.371524+00:00] main.INFO: Add of item with id Magento_Newsletter::newsletter_queue was processed [] []
[2025-01-21T14:31:37.371875+00:00] main.INFO: Add of item with id Magento_Newsletter::newsletter_subscriber was processed [] []
[2025-01-21T14:31:37.372346+00:00] main.INFO: Add of item with id Magento_Newsletter::newsletter_problem was processed [] []
[2025-01-21T14:31:37.373014+00:00] main.INFO: Add of item with id Magento_SalesRule::promo_quote was processed [] []
[2025-01-21T14:31:37.373606+00:00] main.INFO: Add of item with id Magento_Sitemap::catalog_sitemap was processed [] []
[2025-01-21T14:31:37.373955+00:00] main.INFO: Add of item with id Magento_PageBuilder::templates was processed [] []
[2025-01-21T14:31:37.374384+00:00] main.INFO: Add of item with id Magento_Paypal::report_salesroot_paypal_settlement_reports was processed [] []
[2025-01-21T14:31:37.374731+00:00] main.INFO: Add of item with id Magento_Paypal::paypal_billing_agreement was processed [] []
[2025-01-21T14:31:37.375059+00:00] main.INFO: Add of item with id Magento_CheckoutAgreements::sales_checkoutagreement was processed [] []
[2025-01-21T14:31:37.375406+00:00] main.INFO: Add of item with id Magento_Review::catalog_reviews_ratings_ratings was processed [] []
[2025-01-21T14:31:37.375750+00:00] main.INFO: Add of item with id Magento_Review::catalog_reviews_ratings_pending was processed [] []
[2025-01-21T14:31:37.376079+00:00] main.INFO: Add of item with id Magento_Review::catalog_reviews_ratings_reviews_all was processed [] []
[2025-01-21T14:31:37.376452+00:00] main.INFO: Add of item with id Magento_Review::report_review was processed [] []
[2025-01-21T14:31:37.376797+00:00] main.INFO: Add of item with id Magento_Review::report_review_customer was processed [] []
[2025-01-21T14:31:37.377123+00:00] main.INFO: Add of item with id Magento_Review::report_review_product was processed [] []
[2025-01-21T14:31:37.377471+00:00] main.INFO: Add of item with id Magento_UrlRewrite::urlrewrite was processed [] []
[2025-01-21T14:31:37.377857+00:00] main.INFO: Add of item with id Magento_Tax::sales_tax was processed [] []
[2025-01-21T14:31:37.378200+00:00] main.INFO: Add of item with id Magento_Tax::sales_tax_rules was processed [] []
[2025-01-21T14:31:37.378533+00:00] main.INFO: Add of item with id Magento_Tax::sales_tax_rates was processed [] []
[2025-01-21T14:31:37.378852+00:00] main.INFO: Add of item with id Magento_TaxImportExport::system_convert_tax was processed [] []
[2025-01-21T14:31:37.379169+00:00] main.INFO: Add of item with id Magento_AsynchronousOperations::system_magento_logging was processed [] []
[2025-01-21T14:31:37.379509+00:00] main.INFO: Add of item with id Magento_AsynchronousOperations::system_magento_logging_bulk_operations was processed [] []
[2025-01-21T14:31:37.379828+00:00] main.INFO: Add of item with id Magento_CurrencySymbol::system_currency was processed [] []
[2025-01-21T14:31:37.380151+00:00] main.INFO: Add of item with id Magento_CurrencySymbol::system_currency_rates was processed [] []
[2025-01-21T14:31:37.380469+00:00] main.INFO: Add of item with id Magento_CurrencySymbol::system_currency_symbols was processed [] []
[2025-01-21T14:31:37.380787+00:00] main.INFO: Add of item with id PayPal_Braintree::settlement_report was processed [] []
[2025-01-21T14:31:37.381160+00:00] main.INFO: Add of item with id PayPal_Braintree::virtual_terminal was processed [] []
[2025-01-21T14:31:39.808659+00:00] main.INFO: Broken reference: the 'notification.messages' tries to reorder itself towards 'user', but their parents are different: 'header.inner.right' and 'header' respectively. [] []
[2025-01-21T14:32:16.564504+00:00] main.INFO: Broken reference: the 'notification.messages' tries to reorder itself towards 'user', but their parents are different: 'header.inner.right' and 'header' respectively. [] []
[2025-01-21T15:38:42.631799+00:00] main.CRITICAL: Class "Theshreyas\OrderGridExport\Model\Export\ConvertToCustomCsv" does not exist
Class Ak\OrderGridExport\Controller\Adminhtml\Export\GridToCustomcsv\Interceptor generation error: The requested class did not generate properly, because the 'generated' directory permission is read-only. If --- after running the 'bin/magento setup:di:compile' CLI command when the 'generated' directory permission is set to write --- the requested class did not generate properly, then you must add the generated class object to the signature of the related construct method, only. [] []
[2025-01-21T15:38:42.635378+00:00] main.ERROR: Class "Theshreyas\OrderGridExport\Model\Export\ConvertToCustomCsv" does not exist
Class Ak\OrderGridExport\Controller\Adminhtml\Export\GridToCustomcsv\Interceptor generation error: The requested class did not generate properly, because the 'generated' directory permission is read-only. If --- after running the 'bin/magento setup:di:compile' CLI command when the 'generated' directory permission is set to write --- the requested class did not generate properly, then you must add the generated class object to the signature of the related construct method, only.
#0 /var/www/html/magento2/setup/src/Magento/Setup/Module/Di/Code/Generator.php(69): Magento\Framework\Code\Generator->generateClass()
#1 /var/www/html/magento2/setup/src/Magento/Setup/Module/Di/App/Task/Operation/Interception.php(100): Magento\Setup\Module\Di\Code\Generator->generateList()
#2 /var/www/html/magento2/setup/src/Magento/Setup/Module/Di/App/Task/Manager.php(56): Magento\Setup\Module\Di\App\Task\Operation\Interception->doOperation()
#3 /var/www/html/magento2/setup/src/Magento/Setup/Console/Command/DiCompileCommand.php(216): Magento\Setup\Module\Di\App\Task\Manager->process()
#4 /var/www/html/magento2/vendor/symfony/console/Command/Command.php(298): Magento\Setup\Console\Command\DiCompileCommand->execute()
#5 /var/www/html/magento2/vendor/symfony/console/Application.php(1040): Symfony\Component\Console\Command\Command->run()
#6 /var/www/html/magento2/vendor/symfony/console/Application.php(301): Symfony\Component\Console\Application->doRunCommand()
#7 /var/www/html/magento2/vendor/magento/framework/Console/Cli.php(116): Symfony\Component\Console\Application->doRun()
#8 /var/www/html/magento2/vendor/symfony/console/Application.php(171): Magento\Framework\Console\Cli->doRun()
#9 /var/www/html/magento2/bin/magento(23): Symfony\Component\Console\Application->run()
#10 {main} [] []
[2025-01-21T16:12:39.430104+00:00] main.CRITICAL: Class "Theshreyas\OrderGridExport\Model\Export\ConvertToCustomCsv" does not exist
Class Ak\OrderGridExport\Controller\Adminhtml\Export\GridToCustomcsv\Interceptor generation error: The requested class did not generate properly, because the 'generated' directory permission is read-only. If --- after running the 'bin/magento setup:di:compile' CLI command when the 'generated' directory permission is set to write --- the requested class did not generate properly, then you must add the generated class object to the signature of the related construct method, only. [] []
[2025-01-21T16:12:39.432994+00:00] main.ERROR: Class "Theshreyas\OrderGridExport\Model\Export\ConvertToCustomCsv" does not exist
Class Ak\OrderGridExport\Controller\Adminhtml\Export\GridToCustomcsv\Interceptor generation error: The requested class did not generate properly, because the 'generated' directory permission is read-only. If --- after running the 'bin/magento setup:di:compile' CLI command when the 'generated' directory permission is set to write --- the requested class did not generate properly, then you must add the generated class object to the signature of the related construct method, only.
#0 /var/www/html/magento2/setup/src/Magento/Setup/Module/Di/Code/Generator.php(69): Magento\Framework\Code\Generator->generateClass()
#1 /var/www/html/magento2/setup/src/Magento/Setup/Module/Di/App/Task/Operation/Interception.php(100): Magento\Setup\Module\Di\Code\Generator->generateList()
#2 /var/www/html/magento2/setup/src/Magento/Setup/Module/Di/App/Task/Manager.php(56): Magento\Setup\Module\Di\App\Task\Operation\Interception->doOperation()
#3 /var/www/html/magento2/setup/src/Magento/Setup/Console/Command/DiCompileCommand.php(216): Magento\Setup\Module\Di\App\Task\Manager->process()
#4 /var/www/html/magento2/vendor/symfony/console/Command/Command.php(298): Magento\Setup\Console\Command\DiCompileCommand->execute()
#5 /var/www/html/magento2/vendor/symfony/console/Application.php(1040): Symfony\Component\Console\Command\Command->run()
#6 /var/www/html/magento2/vendor/symfony/console/Application.php(301): Symfony\Component\Console\Application->doRunCommand()
#7 /var/www/html/magento2/vendor/magento/framework/Console/Cli.php(116): Symfony\Component\Console\Application->doRun()
#8 /var/www/html/magento2/vendor/symfony/console/Application.php(171): Magento\Framework\Console\Cli->doRun()
#9 /var/www/html/magento2/bin/magento(23): Symfony\Component\Console\Application->run()
#10 {main} [] []
[2025-01-22T09:02:35.139015+00:00] main.CRITICAL: Class "Theshreyas\OrderGridExport\Model\Export\ConvertToCustomCsv" does not exist
Class Ak\OrderGridExport\Controller\Adminhtml\Export\GridToCustomcsv\Interceptor generation error: The requested class did not generate properly, because the 'generated' directory permission is read-only. If --- after running the 'bin/magento setup:di:compile' CLI command when the 'generated' directory permission is set to write --- the requested class did not generate properly, then you must add the generated class object to the signature of the related construct method, only. [] []
[2025-01-22T09:02:35.142764+00:00] main.ERROR: Class "Theshreyas\OrderGridExport\Model\Export\ConvertToCustomCsv" does not exist
Class Ak\OrderGridExport\Controller\Adminhtml\Export\GridToCustomcsv\Interceptor generation error: The requested class did not generate properly, because the 'generated' directory permission is read-only. If --- after running the 'bin/magento setup:di:compile' CLI command when the 'generated' directory permission is set to write --- the requested class did not generate properly, then you must add the generated class object to the signature of the related construct method, only.
#0 /var/www/html/magento2/setup/src/Magento/Setup/Module/Di/Code/Generator.php(69): Magento\Framework\Code\Generator->generateClass()
#1 /var/www/html/magento2/setup/src/Magento/Setup/Module/Di/App/Task/Operation/Interception.php(100): Magento\Setup\Module\Di\Code\Generator->generateList()
#2 /var/www/html/magento2/setup/src/Magento/Setup/Module/Di/App/Task/Manager.php(56): Magento\Setup\Module\Di\App\Task\Operation\Interception->doOperation()
#3 /var/www/html/magento2/setup/src/Magento/Setup/Console/Command/DiCompileCommand.php(216): Magento\Setup\Module\Di\App\Task\Manager->process()
#4 /var/www/html/magento2/vendor/symfony/console/Command/Command.php(298): Magento\Setup\Console\Command\DiCompileCommand->execute()
#5 /var/www/html/magento2/vendor/symfony/console/Application.php(1040): Symfony\Component\Console\Command\Command->run()
#6 /var/www/html/magento2/vendor/symfony/console/Application.php(301): Symfony\Component\Console\Application->doRunCommand()
#7 /var/www/html/magento2/vendor/magento/framework/Console/Cli.php(116): Symfony\Component\Console\Application->doRun()
#8 /var/www/html/magento2/vendor/symfony/console/Application.php(171): Magento\Framework\Console\Cli->doRun()
#9 /var/www/html/magento2/bin/magento(23): Symfony\Component\Console\Application->run()
#10 {main} [] []
[2025-01-22T09:05:02.952819+00:00] main.CRITICAL: The specified "/var/www/html/magento2/generated/code/Magento/Framework/App/Http/Interceptor.php.406" file couldn't be written. Warning!file_put_contents(/var/www/html/magento2/generated/code/Magento/Framework/App/Http/Interceptor.php.406): Failed to open stream: Permission denied
Class Magento\Framework\App\Http\Interceptor generation error: The requested class did not generate properly, because the 'generated' directory permission is read-only. If --- after running the 'bin/magento setup:di:compile' CLI command when the 'generated' directory permission is set to write --- the requested class did not generate properly, then you must add the generated class object to the signature of the related construct method, only. [] []
[2025-01-22T09:05:04.617758+00:00] main.CRITICAL: The specified "/var/www/html/magento2/generated/code/Magento/Framework/App/Http/Interceptor.php.405" file couldn't be written. Warning!file_put_contents(/var/www/html/magento2/generated/code/Magento/Framework/App/Http/Interceptor.php.405): Failed to open stream: Permission denied
Class Magento\Framework\App\Http\Interceptor generation error: The requested class did not generate properly, because the 'generated' directory permission is read-only. If --- after running the 'bin/magento setup:di:compile' CLI command when the 'generated' directory permission is set to write --- the requested class did not generate properly, then you must add the generated class object to the signature of the related construct method, only. [] []
[2025-01-22T09:13:08.248127+00:00] main.INFO: Broken reference: the 'tracking' element cannot be added as child to 'header', because the latter doesn't exist [] []
[2025-01-22T09:13:08.248742+00:00] main.INFO: Broken reference: the 'notification_area' element cannot be added as child to 'notifications', because the latter doesn't exist [] []
[2025-01-22T09:13:08.249269+00:00] main.INFO: Broken reference: the 'unread_system_messages' element cannot be added as child to 'notifications', because the latter doesn't exist [] []
[2025-01-22T09:13:08.249750+00:00] main.INFO: Broken reference: the 'notification_window' element cannot be added as child to 'notifications', because the latter doesn't exist [] []
[2025-01-22T09:13:08.250201+00:00] main.INFO: Broken reference: the 'notification.messages' element cannot be added as child to 'header', because the latter doesn't exist [] []
[2025-01-22T09:13:08.250665+00:00] main.INFO: Broken reference: the 'global_notices' element cannot be added as child to 'global.notices', because the latter doesn't exist [] []
[2025-01-22T09:13:08.251112+00:00] main.INFO: Broken reference: the 'logo' element cannot be added as child to 'header', because the latter doesn't exist [] []
[2025-01-22T09:13:08.251561+00:00] main.INFO: Broken reference: the 'global.search' element cannot be added as child to 'header', because the latter doesn't exist [] []
[2025-01-22T09:13:08.252007+00:00] main.INFO: Broken reference: the 'user' element cannot be added as child to 'header', because the latter doesn't exist [] []
[2025-01-22T09:13:08.252449+00:00] main.INFO: Broken reference: the 'menu' element cannot be added as child to 'page.menu', because the latter doesn't exist [] []
[2025-01-22T09:13:08.252895+00:00] main.INFO: Broken reference: the 'breadcrumbs' element cannot be added as child to 'page.breadcrumbs', because the latter doesn't exist [] []
[2025-01-22T09:13:08.253340+00:00] main.INFO: Broken reference: the 'formkey' element cannot be added as child to 'page.formkey', because the latter doesn't exist [] []
[2025-01-22T09:13:08.253787+00:00] main.INFO: Broken reference: the 'page.title' element cannot be added as child to 'main.top', because the latter doesn't exist [] []
[2025-01-22T09:13:08.254230+00:00] main.INFO: Broken reference: the 'messages' element cannot be added as child to 'page.messages', because the latter doesn't exist [] []
[2025-01-22T09:13:08.254855+00:00] main.INFO: Broken reference: the 'page.actions.toolbar' element cannot be added as child to 'page.main.actions', because the latter doesn't exist [] []
[2025-01-22T09:13:08.255385+00:00] main.INFO: Broken reference: the 'legal' element cannot be added as child to 'footer', because the latter doesn't exist [] []
[2025-01-22T09:13:08.255938+00:00] main.INFO: Broken reference: the 'header.inner.left' element cannot be added as child to 'header', because the latter doesn't exist [] []
[2025-01-22T09:13:08.256394+00:00] main.INFO: Broken reference: the 'header.inner.right' element cannot be added as child to 'header', because the latter doesn't exist [] []
[2025-01-22T09:13:08.256901+00:00] main.INFO: Broken reference: the 'user' tries to reorder itself towards '', but their parents are different: 'header' and '' respectively. [] []
[2025-01-22T09:13:08.257349+00:00] main.INFO: Broken reference: the 'notification.messages' tries to reorder itself towards 'user', but their parents are different: 'header' and '' respectively. [] []
[2025-01-22T09:13:08.257796+00:00] main.INFO: Broken reference: the 'logo' tries to reorder itself towards '', but their parents are different: 'header' and '' respectively. [] []
[2025-01-22T09:13:08.258238+00:00] main.INFO: Broken reference: the 'global.search' tries to reorder itself towards 'logo', but their parents are different: 'header' and '' respectively. [] []
[2025-01-22T09:13:08.258683+00:00] main.INFO: Broken reference: the 'page.actions.toolbar' tries to reorder itself towards '', but their parents are different: 'page.main.actions' and '' respectively. [] []
[2025-01-22T09:13:08.259149+00:00] main.INFO: Broken reference: the 'header.inner.left' tries to reorder itself towards '', but their parents are different: 'header' and '' respectively. [] []
[2025-01-22T09:13:08.259650+00:00] main.INFO: Broken reference: the 'header.inner.right' tries to reorder itself towards 'header.inner.left', but their parents are different: 'header' and '' respectively. [] []
[2025-01-22T09:13:08.260135+00:00] main.INFO: Broken reference: the 'notification.messages' tries to reorder itself towards 'user', but their parents are different: 'header.inner.right' and '' respectively. [] []
[2025-01-22T09:16:53.343792+00:00] main.INFO: Item Magento_Backend::system_currency was removed [] []
[2025-01-22T09:16:53.350702+00:00] main.INFO: Add of item with id Magento_Config::system_config was processed [] []
[2025-01-22T09:16:53.351265+00:00] main.INFO: Add of item with id Magento_AdminNotification::system_adminnotification was processed [] []
[2025-01-22T09:16:53.351730+00:00] main.INFO: Add of item with id Magento_Theme::design_config was processed [] []
[2025-01-22T09:16:53.352175+00:00] main.INFO: Add of item with id Magento_Theme::system_design_theme was processed [] []
[2025-01-22T09:16:53.352617+00:00] main.INFO: Add of item with id Magento_Backend::system_design_schedule was processed [] []
[2025-01-22T09:16:53.353059+00:00] main.INFO: Add of item with id Magento_Backend::system_store was processed [] []
[2025-01-22T09:16:53.353578+00:00] main.INFO: Add of item with id Magento_Backend::dashboard was processed [] []
[2025-01-22T09:16:53.354336+00:00] main.INFO: Add of item with id Magento_Backend::system was processed [] []
[2025-01-22T09:16:53.354843+00:00] main.INFO: Add of item with id Magento_Backend::system_tools was processed [] []
[2025-01-22T09:16:53.355339+00:00] main.INFO: Add of item with id Magento_Backend::system_design was processed [] []
[2025-01-22T09:16:53.355792+00:00] main.INFO: Add of item with id Magento_Backend::system_convert was processed [] []
[2025-01-22T09:16:53.356242+00:00] main.INFO: Add of item with id Magento_Backend::system_cache was processed [] []
[2025-01-22T09:16:53.356682+00:00] main.INFO: Add of item with id Magento_Backend::marketing was processed [] []
[2025-01-22T09:16:53.357129+00:00] main.INFO: Add of item with id Magento_Backend::marketing_communications was processed [] []
[2025-01-22T09:16:53.357571+00:00] main.INFO: Add of item with id Magento_Backend::marketing_seo was processed [] []
[2025-01-22T09:16:53.358010+00:00] main.INFO: Add of item with id Magento_Backend::marketing_user_content was processed [] []
[2025-01-22T09:16:53.358457+00:00] main.INFO: Add of item with id Magento_Backend::content was processed [] []
[2025-01-22T09:16:53.358927+00:00] main.INFO: Add of item with id Magento_Backend::content_elements was processed [] []
[2025-01-22T09:16:53.359370+00:00] main.INFO: Add of item with id Magento_Backend::stores was processed [] []
[2025-01-22T09:16:53.360432+00:00] main.INFO: Add of item with id Magento_Backend::stores_settings was processed [] []
[2025-01-22T09:16:53.361105+00:00] main.INFO: Add of item with id Magento_Backend::stores_attributes was processed [] []
[2025-01-22T09:16:53.361621+00:00] main.INFO: Add of item with id Magento_Backend::other_settings was processed [] []
[2025-01-22T09:16:53.362124+00:00] main.INFO: Add of item with id Magento_Backend::system_other_settings was processed [] []
[2025-01-22T09:16:53.362590+00:00] main.INFO: Add of item with id Magento_User::system_acl was processed [] []
[2025-01-22T09:16:53.363061+00:00] main.INFO: Add of item with id Magento_User::system_acl_users was processed [] []
[2025-01-22T09:16:53.363517+00:00] main.INFO: Add of item with id Magento_User::system_acl_roles was processed [] []
[2025-01-22T09:16:53.363980+00:00] main.INFO: Add of item with id Magento_User::system_acl_locks was processed [] []
[2025-01-22T09:16:53.364433+00:00] main.INFO: Add of item with id Magento_Customer::customer was processed [] []
[2025-01-22T09:16:53.364942+00:00] main.INFO: Add of item with id Magento_Customer::customer_manage was processed [] []
[2025-01-22T09:16:53.365401+00:00] main.INFO: Add of item with id Magento_Customer::customer_online was processed [] []
[2025-01-22T09:16:53.365856+00:00] main.INFO: Add of item with id Magento_Customer::customer_group was processed [] []
[2025-01-22T09:16:53.366302+00:00] main.INFO: Add of item with id Magento_Backup::system_tools_backup was processed [] []
[2025-01-22T09:16:53.366737+00:00] main.INFO: Add of item with id Magento_Indexer::system_index was processed [] []
[2025-01-22T09:16:53.367172+00:00] main.INFO: Add of item with id Magento_Variable::system_variable was processed [] []
[2025-01-22T09:16:53.367620+00:00] main.INFO: Add of item with id Magento_Cms::cms_page was processed [] []
[2025-01-22T09:16:53.368058+00:00] main.INFO: Add of item with id Magento_Cms::cms_block was processed [] []
[2025-01-22T09:16:53.368526+00:00] main.INFO: Add of item with id Magento_Search::search_terms was processed [] []
[2025-01-22T09:16:53.369031+00:00] main.INFO: Add of item with id Magento_Search::search_synonyms was processed [] []
[2025-01-22T09:16:53.369568+00:00] main.INFO: Add of item with id Magento_Catalog::catalog was processed [] []
[2025-01-22T09:16:53.370095+00:00] main.INFO: Add of item with id Magento_Catalog::catalog_products was processed [] []
[2025-01-22T09:16:53.370620+00:00] main.INFO: Add of item with id Magento_Catalog::catalog_categories was processed [] []
[2025-01-22T09:16:53.371128+00:00] main.INFO: Add of item with id Magento_Catalog::catalog_attributes_attributes was processed [] []
[2025-01-22T09:16:53.371617+00:00] main.INFO: Add of item with id Magento_Catalog::catalog_attributes_sets was processed [] []
[2025-01-22T09:16:53.372094+00:00] main.INFO: Add of item with id Magento_Catalog::inventory was processed [] []
[2025-01-22T09:16:53.372546+00:00] main.INFO: Add of item with id Magento_CatalogRule::promo was processed [] []
[2025-01-22T09:16:53.372999+00:00] main.INFO: Add of item with id Magento_CatalogRule::promo_catalog was processed [] []
[2025-01-22T09:16:53.373438+00:00] main.INFO: Add of item with id Magento_MediaGalleryUi::media was processed [] []
[2025-01-22T09:16:53.373884+00:00] main.INFO: Add of item with id Magento_MediaGalleryUi::media_gallery was processed [] []
[2025-01-22T09:16:53.374323+00:00] main.INFO: Add of item with id Magento_Integration::system_extensions was processed [] []
[2025-01-22T09:16:53.374833+00:00] main.INFO: Add of item with id Magento_Integration::system_integrations was processed [] []
[2025-01-22T09:16:53.375300+00:00] main.INFO: Add of item with id Magento_Sales::sales was processed [] []
[2025-01-22T09:16:53.375783+00:00] main.INFO: Add of item with id Magento_Sales::sales_operation was processed [] []
[2025-01-22T09:16:53.376256+00:00] main.INFO: Add of item with id Magento_Sales::sales_order was processed [] []
[2025-01-22T09:16:53.378370+00:00] main.INFO: Add of item with id Magento_Sales::sales_invoice was processed [] []
[2025-01-22T09:16:53.379293+00:00] main.INFO: Add of item with id Magento_Sales::sales_shipment was processed [] []
[2025-01-22T09:16:53.379790+00:00] main.INFO: Add of item with id Magento_Sales::sales_creditmemo was processed [] []
[2025-01-22T09:16:53.380251+00:00] main.INFO: Add of item with id Magento_Sales::sales_transactions was processed [] []
[2025-01-22T09:16:53.380706+00:00] main.INFO: Add of item with id Magento_Sales::system_order_statuses was processed [] []
[2025-01-22T09:16:53.381159+00:00] main.INFO: Add of item with id Magento_Widget::cms_widget_instance was processed [] []
[2025-01-22T09:16:53.381634+00:00] main.INFO: Add of item with id Magento_Analytics::business_intelligence was processed [] []
[2025-01-22T09:16:53.382107+00:00] main.INFO: Add of item with id Magento_Analytics::advanced_reporting was processed [] []
[2025-01-22T09:16:53.382560+00:00] main.INFO: Add of item with id Magento_Analytics::bi_essentials was processed [] []
[2025-01-22T09:16:53.383007+00:00] main.INFO: Add of item with id Magento_Downloadable::report_products_downloads was processed [] []
[2025-01-22T09:16:53.383467+00:00] main.INFO: Add of item with id Magento_ImportExport::system_convert_import was processed [] []
[2025-01-22T09:16:53.383979+00:00] main.INFO: Add of item with id Magento_ImportExport::system_convert_export was processed [] []
[2025-01-22T09:16:53.384460+00:00] main.INFO: Add of item with id Magento_ImportExport::system_convert_history was processed [] []
[2025-01-22T09:16:53.385075+00:00] main.INFO: Add of item with id Magento_Email::template was processed [] []
[2025-01-22T09:16:53.385540+00:00] main.INFO: Add of item with id Magento_EncryptionKey::system_crypt_key was processed [] []
[2025-01-22T09:16:53.385985+00:00] main.INFO: Add of item with id Magento_InventoryAdminUi::inventory was processed [] []
[2025-01-22T09:16:53.386432+00:00] main.INFO: Add of item with id Magento_InventoryAdminUi::source was processed [] []
[2025-01-22T09:16:53.386873+00:00] main.INFO: Add of item with id Magento_InventoryAdminUi::stock was processed [] []
[2025-01-22T09:16:53.387312+00:00] main.INFO: Add of item with id Magento_Reports::report was processed [] []
[2025-01-22T09:16:53.387749+00:00] main.INFO: Add of item with id Magento_Reports::report_marketing was processed [] []
[2025-01-22T09:16:53.388185+00:00] main.INFO: Add of item with id Magento_Reports::report_salesroot was processed [] []
[2025-01-22T09:16:53.388625+00:00] main.INFO: Add of item with id Magento_Reports::report_salesroot_sales was processed [] []
[2025-01-22T09:16:53.389063+00:00] main.INFO: Add of item with id Magento_Reports::report_salesroot_tax was processed [] []
[2025-01-22T09:16:53.389498+00:00] main.INFO: Add of item with id Magento_Reports::report_salesroot_invoiced was processed [] []
[2025-01-22T09:16:53.389934+00:00] main.INFO: Add of item with id Magento_Reports::report_salesroot_shipping was processed [] []
[2025-01-22T09:16:53.390367+00:00] main.INFO: Add of item with id Magento_Reports::report_salesroot_refunded was processed [] []
[2025-01-22T09:16:53.390803+00:00] main.INFO: Add of item with id Magento_Reports::report_salesroot_coupons was processed [] []
[2025-01-22T09:16:53.391248+00:00] main.INFO: Add of item with id Magento_Reports::report_shopcart_product was processed [] []
[2025-01-22T09:16:53.391684+00:00] main.INFO: Add of item with id Magento_Reports::report_shopcart_abandoned was processed [] []
[2025-01-22T09:16:53.392122+00:00] main.INFO: Add of item with id Magento_Reports::report_products was processed [] []
[2025-01-22T09:16:53.392581+00:00] main.INFO: Add of item with id Magento_Reports::report_products_bestsellers was processed [] []
[2025-01-22T09:16:53.393973+00:00] main.INFO: Add of item with id Magento_Reports::report_products_sold was processed [] []
[2025-01-22T09:16:53.395486+00:00] main.INFO: Add of item with id Magento_Reports::report_products_viewed was processed [] []
[2025-01-22T09:16:53.396053+00:00] main.INFO: Add of item with id Magento_Reports::report_products_lowstock was processed [] []
[2025-01-22T09:16:53.396534+00:00] main.INFO: Add of item with id Magento_Reports::report_customers was processed [] []
[2025-01-22T09:16:53.397029+00:00] main.INFO: Add of item with id Magento_Reports::report_customers_accounts was processed [] []
[2025-01-22T09:16:53.397489+00:00] main.INFO: Add of item with id Magento_Reports::report_customers_totals was processed [] []
[2025-01-22T09:16:53.397942+00:00] main.INFO: Add of item with id Magento_Reports::report_customers_orders was processed [] []
[2025-01-22T09:16:53.398390+00:00] main.INFO: Add of item with id Magento_Reports::report_statistics was processed [] []
[2025-01-22T09:16:53.398854+00:00] main.INFO: Add of item with id Magento_Reports::report_statistics_refresh was processed [] []
[2025-01-22T09:16:53.399311+00:00] main.INFO: Add of item with id Magento_Search::report_search_term was processed [] []
[2025-01-22T09:16:53.399782+00:00] main.INFO: Add of item with id Magento_LoginAsCustomerLog::login_log was processed [] []
[2025-01-22T09:16:53.400237+00:00] main.INFO: Add of item with id Magento_Marketplace::partners was processed [] []
[2025-01-22T09:16:53.400692+00:00] main.INFO: Add of item with id Magento_Newsletter::newsletter_template was processed [] []
[2025-01-22T09:16:53.401158+00:00] main.INFO: Add of item with id Magento_Newsletter::newsletter_queue was processed [] []
[2025-01-22T09:16:53.401608+00:00] main.INFO: Add of item with id Magento_Newsletter::newsletter_subscriber was processed [] []
[2025-01-22T09:16:53.402059+00:00] main.INFO: Add of item with id Magento_Newsletter::newsletter_problem was processed [] []
[2025-01-22T09:16:53.402529+00:00] main.INFO: Add of item with id Magento_SalesRule::promo_quote was processed [] []
[2025-01-22T09:16:53.402989+00:00] main.INFO: Add of item with id Magento_Sitemap::catalog_sitemap was processed [] []
[2025-01-22T09:16:53.403429+00:00] main.INFO: Add of item with id Magento_PageBuilder::templates was processed [] []
[2025-01-22T09:16:53.403865+00:00] main.INFO: Add of item with id Magento_Paypal::report_salesroot_paypal_settlement_reports was processed [] []
[2025-01-22T09:16:53.404306+00:00] main.INFO: Add of item with id Magento_Paypal::paypal_billing_agreement was processed [] []
[2025-01-22T09:16:53.404825+00:00] main.INFO: Add of item with id Magento_CheckoutAgreements::sales_checkoutagreement was processed [] []
[2025-01-22T09:16:53.405287+00:00] main.INFO: Add of item with id Magento_Review::catalog_reviews_ratings_ratings was processed [] []
[2025-01-22T09:16:53.405741+00:00] main.INFO: Add of item with id Magento_Review::catalog_reviews_ratings_pending was processed [] []
[2025-01-22T09:16:53.406184+00:00] main.INFO: Add of item with id Magento_Review::catalog_reviews_ratings_reviews_all was processed [] []
[2025-01-22T09:16:53.406622+00:00] main.INFO: Add of item with id Magento_Review::report_review was processed [] []
[2025-01-22T09:16:53.407070+00:00] main.INFO: Add of item with id Magento_Review::report_review_customer was processed [] []
[2025-01-22T09:16:53.407527+00:00] main.INFO: Add of item with id Magento_Review::report_review_product was processed [] []
[2025-01-22T09:16:53.407974+00:00] main.INFO: Add of item with id Magento_UrlRewrite::urlrewrite was processed [] []
[2025-01-22T09:16:53.408415+00:00] main.INFO: Add of item with id Magento_Tax::sales_tax was processed [] []
[2025-01-22T09:16:53.408864+00:00] main.INFO: Add of item with id Magento_Tax::sales_tax_rules was processed [] []
[2025-01-22T09:16:53.409418+00:00] main.INFO: Add of item with id Magento_Tax::sales_tax_rates was processed [] []
[2025-01-22T09:16:53.410117+00:00] main.INFO: Add of item with id Magento_TaxImportExport::system_convert_tax was processed [] []
[2025-01-22T09:16:53.410948+00:00] main.INFO: Add of item with id Magento_AsynchronousOperations::system_magento_logging was processed [] []
[2025-01-22T09:16:53.411800+00:00] main.INFO: Add of item with id Magento_AsynchronousOperations::system_magento_logging_bulk_operations was processed [] []
[2025-01-22T09:16:53.412430+00:00] main.INFO: Add of item with id Magento_CurrencySymbol::system_currency was processed [] []
[2025-01-22T09:16:53.413190+00:00] main.INFO: Add of item with id Magento_CurrencySymbol::system_currency_rates was processed [] []
[2025-01-22T09:16:53.414944+00:00] main.INFO: Add of item with id Magento_CurrencySymbol::system_currency_symbols was processed [] []
[2025-01-22T09:16:53.415721+00:00] main.INFO: Add of item with id PayPal_Braintree::settlement_report was processed [] []
[2025-01-22T09:16:53.416456+00:00] main.INFO: Add of item with id PayPal_Braintree::virtual_terminal was processed [] []
[2025-01-22T09:16:55.547647+00:00] main.INFO: Broken reference: the 'notification.messages' tries to reorder itself towards 'user', but their parents are different: 'header.inner.right' and 'header' respectively. [] []
[2025-01-22T09:17:09.657114+00:00] main.INFO: Broken reference: the 'notification.messages' tries to reorder itself towards 'user', but their parents are different: 'header.inner.right' and 'header' respectively. [] []
[2025-01-23T11:24:51.751384+00:00] main.INFO: Broken reference: the 'tracking' element cannot be added as child to 'header', because the latter doesn't exist [] []
[2025-01-23T11:24:51.753079+00:00] main.INFO: Broken reference: the 'notification_area' element cannot be added as child to 'notifications', because the latter doesn't exist [] []
[2025-01-23T11:24:51.753543+00:00] main.INFO: Broken reference: the 'unread_system_messages' element cannot be added as child to 'notifications', because the latter doesn't exist [] []
[2025-01-23T11:24:51.754004+00:00] main.INFO: Broken reference: the 'notification_window' element cannot be added as child to 'notifications', because the latter doesn't exist [] []
[2025-01-23T11:24:51.754488+00:00] main.INFO: Broken reference: the 'notification.messages' element cannot be added as child to 'header', because the latter doesn't exist [] []
[2025-01-23T11:24:51.754940+00:00] main.INFO: Broken reference: the 'global_notices' element cannot be added as child to 'global.notices', because the latter doesn't exist [] []
[2025-01-23T11:24:51.755384+00:00] main.INFO: Broken reference: the 'logo' element cannot be added as child to 'header', because the latter doesn't exist [] []
[2025-01-23T11:24:51.755838+00:00] main.INFO: Broken reference: the 'global.search' element cannot be added as child to 'header', because the latter doesn't exist [] []
[2025-01-23T11:24:51.756282+00:00] main.INFO: Broken reference: the 'user' element cannot be added as child to 'header', because the latter doesn't exist [] []
[2025-01-23T11:24:51.758500+00:00] main.INFO: Broken reference: the 'menu' element cannot be added as child to 'page.menu', because the latter doesn't exist [] []
[2025-01-23T11:24:51.759562+00:00] main.INFO: Broken reference: the 'breadcrumbs' element cannot be added as child to 'page.breadcrumbs', because the latter doesn't exist [] []
[2025-01-23T11:24:51.760058+00:00] main.INFO: Broken reference: the 'formkey' element cannot be added as child to 'page.formkey', because the latter doesn't exist [] []
[2025-01-23T11:24:51.760518+00:00] main.INFO: Broken reference: the 'page.title' element cannot be added as child to 'main.top', because the latter doesn't exist [] []
[2025-01-23T11:24:51.760959+00:00] main.INFO: Broken reference: the 'messages' element cannot be added as child to 'page.messages', because the latter doesn't exist [] []
[2025-01-23T11:24:51.761414+00:00] main.INFO: Broken reference: the 'page.actions.toolbar' element cannot be added as child to 'page.main.actions', because the latter doesn't exist [] []
[2025-01-23T11:24:51.761935+00:00] main.INFO: Broken reference: the 'legal' element cannot be added as child to 'footer', because the latter doesn't exist [] []
[2025-01-23T11:24:51.762506+00:00] main.INFO: Broken reference: the 'header.inner.left' element cannot be added as child to 'header', because the latter doesn't exist [] []
[2025-01-23T11:24:51.762981+00:00] main.INFO: Broken reference: the 'header.inner.right' element cannot be added as child to 'header', because the latter doesn't exist [] []
[2025-01-23T11:24:51.763494+00:00] main.INFO: Broken reference: the 'user' tries to reorder itself towards '', but their parents are different: 'header' and '' respectively. [] []
[2025-01-23T11:24:51.763939+00:00] main.INFO: Broken reference: the 'notification.messages' tries to reorder itself towards 'user', but their parents are different: 'header' and '' respectively. [] []
[2025-01-23T11:24:51.764383+00:00] main.INFO: Broken reference: the 'logo' tries to reorder itself towards '', but their parents are different: 'header' and '' respectively. [] []
[2025-01-23T11:24:51.764825+00:00] main.INFO: Broken reference: the 'global.search' tries to reorder itself towards 'logo', but their parents are different: 'header' and '' respectively. [] []
[2025-01-23T11:24:51.765342+00:00] main.INFO: Broken reference: the 'page.actions.toolbar' tries to reorder itself towards '', but their parents are different: 'page.main.actions' and '' respectively. [] []
[2025-01-23T11:24:51.765813+00:00] main.INFO: Broken reference: the 'header.inner.left' tries to reorder itself towards '', but their parents are different: 'header' and '' respectively. [] []
[2025-01-23T11:24:51.766259+00:00] main.INFO: Broken reference: the 'header.inner.right' tries to reorder itself towards 'header.inner.left', but their parents are different: 'header' and '' respectively. [] []
[2025-01-23T11:24:51.766717+00:00] main.INFO: Broken reference: the 'notification.messages' tries to reorder itself towards 'user', but their parents are different: 'header.inner.right' and '' respectively. [] []
[2025-01-23T11:26:15.360366+00:00] main.INFO: Item Magento_Backend::system_currency was removed [] []
[2025-01-23T11:26:15.365991+00:00] main.INFO: Add of item with id Magento_Config::system_config was processed [] []
[2025-01-23T11:26:15.366668+00:00] main.INFO: Add of item with id Magento_AdminNotification::system_adminnotification was processed [] []
[2025-01-23T11:26:15.367133+00:00] main.INFO: Add of item with id Magento_Theme::design_config was processed [] []
[2025-01-23T11:26:15.367581+00:00] main.INFO: Add of item with id Magento_Theme::system_design_theme was processed [] []
[2025-01-23T11:26:15.368033+00:00] main.INFO: Add of item with id Magento_Backend::system_design_schedule was processed [] []
[2025-01-23T11:26:15.368470+00:00] main.INFO: Add of item with id Magento_Backend::system_store was processed [] []
[2025-01-23T11:26:15.368939+00:00] main.INFO: Add of item with id Magento_Backend::dashboard was processed [] []
[2025-01-23T11:26:15.369383+00:00] main.INFO: Add of item with id Magento_Backend::system was processed [] []
[2025-01-23T11:26:15.369830+00:00] main.INFO: Add of item with id Magento_Backend::system_tools was processed [] []
[2025-01-23T11:26:15.370278+00:00] main.INFO: Add of item with id Magento_Backend::system_design was processed [] []
[2025-01-23T11:26:15.370714+00:00] main.INFO: Add of item with id Magento_Backend::system_convert was processed [] []
[2025-01-23T11:26:15.371159+00:00] main.INFO: Add of item with id Magento_Backend::system_cache was processed [] []
[2025-01-23T11:26:15.371692+00:00] main.INFO: Add of item with id Magento_Backend::marketing was processed [] []
[2025-01-23T11:26:15.372159+00:00] main.INFO: Add of item with id Magento_Backend::marketing_communications was processed [] []
[2025-01-23T11:26:15.372602+00:00] main.INFO: Add of item with id Magento_Backend::marketing_seo was processed [] []
[2025-01-23T11:26:15.373604+00:00] main.INFO: Add of item with id Magento_Backend::marketing_user_content was processed [] []
[2025-01-23T11:26:15.374303+00:00] main.INFO: Add of item with id Magento_Backend::content was processed [] []
[2025-01-23T11:26:15.374769+00:00] main.INFO: Add of item with id Magento_Backend::content_elements was processed [] []
[2025-01-23T11:26:15.375210+00:00] main.INFO: Add of item with id Magento_Backend::stores was processed [] []
[2025-01-23T11:26:15.375671+00:00] main.INFO: Add of item with id Magento_Backend::stores_settings was processed [] []
[2025-01-23T11:26:15.376111+00:00] main.INFO: Add of item with id Magento_Backend::stores_attributes was processed [] []
[2025-01-23T11:26:15.376548+00:00] main.INFO: Add of item with id Magento_Backend::other_settings was processed [] []
[2025-01-23T11:26:15.376987+00:00] main.INFO: Add of item with id Magento_Backend::system_other_settings was processed [] []
[2025-01-23T11:26:15.377421+00:00] main.INFO: Add of item with id Magento_User::system_acl was processed [] []
[2025-01-23T11:26:15.377869+00:00] main.INFO: Add of item with id Magento_User::system_acl_users was processed [] []
[2025-01-23T11:26:15.378307+00:00] main.INFO: Add of item with id Magento_User::system_acl_roles was processed [] []
[2025-01-23T11:26:15.378840+00:00] main.INFO: Add of item with id Magento_User::system_acl_locks was processed [] []
[2025-01-23T11:26:15.379338+00:00] main.INFO: Add of item with id Magento_Customer::customer was processed [] []
[2025-01-23T11:26:15.379815+00:00] main.INFO: Add of item with id Magento_Customer::customer_manage was processed [] []
[2025-01-23T11:26:15.380257+00:00] main.INFO: Add of item with id Magento_Customer::customer_online was processed [] []
[2025-01-23T11:26:15.380692+00:00] main.INFO: Add of item with id Magento_Customer::customer_group was processed [] []
[2025-01-23T11:26:15.381159+00:00] main.INFO: Add of item with id Magento_Backup::system_tools_backup was processed [] []
[2025-01-23T11:26:15.381598+00:00] main.INFO: Add of item with id Magento_Indexer::system_index was processed [] []
[2025-01-23T11:26:15.382123+00:00] main.INFO: Add of item with id Magento_Variable::system_variable was processed [] []
[2025-01-23T11:26:15.382578+00:00] main.INFO: Add of item with id Magento_Cms::cms_page was processed [] []
[2025-01-23T11:26:15.383017+00:00] main.INFO: Add of item with id Magento_Cms::cms_block was processed [] []
[2025-01-23T11:26:15.383815+00:00] main.INFO: Add of item with id Magento_Search::search_terms was processed [] []
[2025-01-23T11:26:15.384635+00:00] main.INFO: Add of item with id Magento_Search::search_synonyms was processed [] []
[2025-01-23T11:26:15.385406+00:00] main.INFO: Add of item with id Magento_Catalog::catalog was processed [] []
[2025-01-23T11:26:15.386249+00:00] main.INFO: Add of item with id Magento_Catalog::catalog_products was processed [] []
[2025-01-23T11:26:15.387077+00:00] main.INFO: Add of item with id Magento_Catalog::catalog_categories was processed [] []
[2025-01-23T11:26:15.387891+00:00] main.INFO: Add of item with id Magento_Catalog::catalog_attributes_attributes was processed [] []
[2025-01-23T11:26:15.388500+00:00] main.INFO: Add of item with id Magento_Catalog::catalog_attributes_sets was processed [] []
[2025-01-23T11:26:15.389022+00:00] main.INFO: Add of item with id Magento_Catalog::inventory was processed [] []
[2025-01-23T11:26:15.389482+00:00] main.INFO: Add of item with id Magento_CatalogRule::promo was processed [] []
[2025-01-23T11:26:15.390164+00:00] main.INFO: Add of item with id Magento_CatalogRule::promo_catalog was processed [] []
[2025-01-23T11:26:15.390988+00:00] main.INFO: Add of item with id Magento_MediaGalleryUi::media was processed [] []
[2025-01-23T11:26:15.391812+00:00] main.INFO: Add of item with id Magento_MediaGalleryUi::media_gallery was processed [] []
[2025-01-23T11:26:15.392512+00:00] main.INFO: Add of item with id Magento_Integration::system_extensions was processed [] []
[2025-01-23T11:26:15.393159+00:00] main.INFO: Add of item with id Magento_Integration::system_integrations was processed [] []
[2025-01-23T11:26:15.393785+00:00] main.INFO: Add of item with id Magento_Sales::sales was processed [] []
[2025-01-23T11:26:15.395804+00:00] main.INFO: Add of item with id Magento_Sales::sales_operation was processed [] []
[2025-01-23T11:26:15.396600+00:00] main.INFO: Add of item with id Magento_Sales::sales_order was processed [] []
[2025-01-23T11:26:15.397092+00:00] main.INFO: Add of item with id Magento_Sales::sales_invoice was processed [] []
[2025-01-23T11:26:15.397946+00:00] main.INFO: Add of item with id Magento_Sales::sales_shipment was processed [] []
[2025-01-23T11:26:15.398403+00:00] main.INFO: Add of item with id Magento_Sales::sales_creditmemo was processed [] []
[2025-01-23T11:26:15.398844+00:00] main.INFO: Add of item with id Magento_Sales::sales_transactions was processed [] []
[2025-01-23T11:26:15.399397+00:00] main.INFO: Add of item with id Magento_Sales::system_order_statuses was processed [] []
[2025-01-23T11:26:15.399845+00:00] main.INFO: Add of item with id Magento_Widget::cms_widget_instance was processed [] []
[2025-01-23T11:26:15.400302+00:00] main.INFO: Add of item with id Magento_Analytics::business_intelligence was processed [] []
[2025-01-23T11:26:15.400755+00:00] main.INFO: Add of item with id Magento_Analytics::advanced_reporting was processed [] []
[2025-01-23T11:26:15.401195+00:00] main.INFO: Add of item with id Magento_Analytics::bi_essentials was processed [] []
[2025-01-23T11:26:15.401673+00:00] main.INFO: Add of item with id Magento_Downloadable::report_products_downloads was processed [] []
[2025-01-23T11:26:15.402127+00:00] main.INFO: Add of item with id Magento_ImportExport::system_convert_import was processed [] []
[2025-01-23T11:26:15.402641+00:00] main.INFO: Add of item with id Magento_ImportExport::system_convert_export was processed [] []
[2025-01-23T11:26:15.403091+00:00] main.INFO: Add of item with id Magento_ImportExport::system_convert_history was processed [] []
[2025-01-23T11:26:15.403541+00:00] main.INFO: Add of item with id Magento_Email::template was processed [] []
[2025-01-23T11:26:15.403982+00:00] main.INFO: Add of item with id Magento_EncryptionKey::system_crypt_key was processed [] []
[2025-01-23T11:26:15.404420+00:00] main.INFO: Add of item with id Magento_InventoryAdminUi::inventory was processed [] []
[2025-01-23T11:26:15.404867+00:00] main.INFO: Add of item with id Magento_InventoryAdminUi::source was processed [] []
[2025-01-23T11:26:15.405306+00:00] main.INFO: Add of item with id Magento_InventoryAdminUi::stock was processed [] []
[2025-01-23T11:26:15.405741+00:00] main.INFO: Add of item with id Magento_Reports::report was processed [] []
[2025-01-23T11:26:15.406176+00:00] main.INFO: Add of item with id Magento_Reports::report_marketing was processed [] []
[2025-01-23T11:26:15.406865+00:00] main.INFO: Add of item with id Magento_Reports::report_salesroot was processed [] []
[2025-01-23T11:26:15.407729+00:00] main.INFO: Add of item with id Magento_Reports::report_salesroot_sales was processed [] []
[2025-01-23T11:26:15.408563+00:00] main.INFO: Add of item with id Magento_Reports::report_salesroot_tax was processed [] []
[2025-01-23T11:26:15.409404+00:00] main.INFO: Add of item with id Magento_Reports::report_salesroot_invoiced was processed [] []
[2025-01-23T11:26:15.410056+00:00] main.INFO: Add of item with id Magento_Reports::report_salesroot_shipping was processed [] []
[2025-01-23T11:26:15.410678+00:00] main.INFO: Add of item with id Magento_Reports::report_salesroot_refunded was processed [] []
[2025-01-23T11:26:15.411299+00:00] main.INFO: Add of item with id Magento_Reports::report_salesroot_coupons was processed [] []
[2025-01-23T11:26:15.411940+00:00] main.INFO: Add of item with id Magento_Reports::report_shopcart_product was processed [] []
[2025-01-23T11:26:15.412570+00:00] main.INFO: Add of item with id Magento_Reports::report_shopcart_abandoned was processed [] []
[2025-01-23T11:26:15.414253+00:00] main.INFO: Add of item with id Magento_Reports::report_products was processed [] []
[2025-01-23T11:26:15.415106+00:00] main.INFO: Add of item with id Magento_Reports::report_products_bestsellers was processed [] []
[2025-01-23T11:26:15.415639+00:00] main.INFO: Add of item with id Magento_Reports::report_products_sold was processed [] []
[2025-01-23T11:26:15.416150+00:00] main.INFO: Add of item with id Magento_Reports::report_products_viewed was processed [] []
[2025-01-23T11:26:15.416596+00:00] main.INFO: Add of item with id Magento_Reports::report_products_lowstock was processed [] []
[2025-01-23T11:26:15.417036+00:00] main.INFO: Add of item with id Magento_Reports::report_customers was processed [] []
[2025-01-23T11:26:15.417493+00:00] main.INFO: Add of item with id Magento_Reports::report_customers_accounts was processed [] []
[2025-01-23T11:26:15.417937+00:00] main.INFO: Add of item with id Magento_Reports::report_customers_totals was processed [] []
[2025-01-23T11:26:15.418373+00:00] main.INFO: Add of item with id Magento_Reports::report_customers_orders was processed [] []
[2025-01-23T11:26:15.418835+00:00] main.INFO: Add of item with id Magento_Reports::report_statistics was processed [] []
[2025-01-23T11:26:15.419424+00:00] main.INFO: Add of item with id Magento_Reports::report_statistics_refresh was processed [] []
[2025-01-23T11:26:15.419867+00:00] main.INFO: Add of item with id Magento_Search::report_search_term was processed [] []
[2025-01-23T11:26:15.420301+00:00] main.INFO: Add of item with id Magento_LoginAsCustomerLog::login_log was processed [] []
[2025-01-23T11:26:15.420737+00:00] main.INFO: Add of item with id Magento_Marketplace::partners was processed [] []
[2025-01-23T11:26:15.421170+00:00] main.INFO: Add of item with id Magento_Newsletter::newsletter_template was processed [] []
[2025-01-23T11:26:15.421604+00:00] main.INFO: Add of item with id Magento_Newsletter::newsletter_queue was processed [] []
[2025-01-23T11:26:15.422040+00:00] main.INFO: Add of item with id Magento_Newsletter::newsletter_subscriber was processed [] []
[2025-01-23T11:26:15.422471+00:00] main.INFO: Add of item with id Magento_Newsletter::newsletter_problem was processed [] []
[2025-01-23T11:26:15.422905+00:00] main.INFO: Add of item with id Magento_SalesRule::promo_quote was processed [] []
[2025-01-23T11:26:15.423935+00:00] main.INFO: Add of item with id Magento_Sitemap::catalog_sitemap was processed [] []
[2025-01-23T11:26:15.424396+00:00] main.INFO: Add of item with id Magento_PageBuilder::templates was processed [] []
[2025-01-23T11:26:15.424837+00:00] main.INFO: Add of item with id Magento_Paypal::report_salesroot_paypal_settlement_reports was processed [] []
[2025-01-23T11:26:15.425273+00:00] main.INFO: Add of item with id Magento_Paypal::paypal_billing_agreement was processed [] []
[2025-01-23T11:26:15.425716+00:00] main.INFO: Add of item with id Magento_CheckoutAgreements::sales_checkoutagreement was processed [] []
[2025-01-23T11:26:15.426150+00:00] main.INFO: Add of item with id Magento_Review::catalog_reviews_ratings_ratings was processed [] []
[2025-01-23T11:26:15.426597+00:00] main.INFO: Add of item with id Magento_Review::catalog_reviews_ratings_pending was processed [] []
[2025-01-23T11:26:15.427037+00:00] main.INFO: Add of item with id Magento_Review::catalog_reviews_ratings_reviews_all was processed [] []
[2025-01-23T11:26:15.427473+00:00] main.INFO: Add of item with id Magento_Review::report_review was processed [] []
[2025-01-23T11:26:15.427920+00:00] main.INFO: Add of item with id Magento_Review::report_review_customer was processed [] []
[2025-01-23T11:26:15.428354+00:00] main.INFO: Add of item with id Magento_Review::report_review_product was processed [] []
[2025-01-23T11:26:15.428847+00:00] main.INFO: Add of item with id Magento_UrlRewrite::urlrewrite was processed [] []
[2025-01-23T11:26:15.429457+00:00] main.INFO: Add of item with id Magento_Tax::sales_tax was processed [] []
[2025-01-23T11:26:15.429962+00:00] main.INFO: Add of item with id Magento_Tax::sales_tax_rules was processed [] []
[2025-01-23T11:26:15.430410+00:00] main.INFO: Add of item with id Magento_Tax::sales_tax_rates was processed [] []
[2025-01-23T11:26:15.430850+00:00] main.INFO: Add of item with id Magento_TaxImportExport::system_convert_tax was processed [] []
[2025-01-23T11:26:15.431291+00:00] main.INFO: Add of item with id Magento_AsynchronousOperations::system_magento_logging was processed [] []
[2025-01-23T11:26:15.431745+00:00] main.INFO: Add of item with id Magento_AsynchronousOperations::system_magento_logging_bulk_operations was processed [] []
[2025-01-23T11:26:15.432186+00:00] main.INFO: Add of item with id Magento_CurrencySymbol::system_currency was processed [] []
[2025-01-23T11:26:15.432631+00:00] main.INFO: Add of item with id Magento_CurrencySymbol::system_currency_rates was processed [] []
[2025-01-23T11:26:15.433093+00:00] main.INFO: Add of item with id Magento_CurrencySymbol::system_currency_symbols was processed [] []
[2025-01-23T11:26:15.433533+00:00] main.INFO: Add of item with id PayPal_Braintree::settlement_report was processed [] []
[2025-01-23T11:26:15.433970+00:00] main.INFO: Add of item with id PayPal_Braintree::virtual_terminal was processed [] []
[2025-01-23T11:26:17.784924+00:00] main.INFO: Broken reference: the 'notification.messages' tries to reorder itself towards 'user', but their parents are different: 'header.inner.right' and 'header' respectively. [] []
[2025-01-23T11:32:56.153134+00:00] main.INFO: Broken reference: the 'notification.messages' tries to reorder itself towards 'user', but their parents are different: 'header.inner.right' and 'header' respectively. [] []
[2025-01-23T11:33:10.604497+00:00] main.INFO: Broken reference: the 'notification.messages' tries to reorder itself towards 'user', but their parents are different: 'header.inner.right' and 'header' respectively. [] []
[2025-01-23T11:33:18.525423+00:00] main.INFO: Broken reference: the 'notification.messages' tries to reorder itself towards 'user', but their parents are different: 'header.inner.right' and 'header' respectively. [] []
[2025-01-23T11:33:33.958209+00:00] main.INFO: Broken reference: the 'notification.messages' tries to reorder itself towards 'user', but their parents are different: 'header.inner.right' and 'header' respectively. [] []
[2025-08-13T04:02:39.813779+00:00] main.INFO: Broken reference: the 'catalog.compare.sidebar' element cannot be added as child to 'sidebar.additional', because the latter doesn't exist [] []
[2025-08-13T04:02:39.816531+00:00] main.INFO: Broken reference: the 'sale.reorder.sidebar' element cannot be added as child to 'sidebar.additional', because the latter doesn't exist [] []
[2025-08-13T04:02:39.817732+00:00] main.INFO: Broken reference: the 'wishlist_sidebar' element cannot be added as child to 'sidebar.additional', because the latter doesn't exist [] []
[2025-08-13T04:02:39.818669+00:00] main.INFO: Broken reference: the 'paypal.partner.right.logo' element cannot be added as child to 'sidebar.additional', because the latter doesn't exist [] []
[2025-08-13T04:02:39.819425+00:00] main.INFO: Broken reference: the 'bml.right.logo' element cannot be added as child to 'sidebar.additional', because the latter doesn't exist [] []
[2025-08-13T04:02:39.820097+00:00] main.INFO: Broken reference: the 'sidebar.container.paylater' element cannot be added as child to 'sidebar.additional', because the latter doesn't exist [] []
[2025-08-13T04:03:05.662654+00:00] main.INFO: Broken reference: the 'tracking' element cannot be added as child to 'header', because the latter doesn't exist [] []
[2025-08-13T04:03:05.663886+00:00] main.INFO: Broken reference: the 'notification_area' element cannot be added as child to 'notifications', because the latter doesn't exist [] []
[2025-08-13T04:03:05.670834+00:00] main.INFO: Broken reference: the 'unread_system_messages' element cannot be added as child to 'notifications', because the latter doesn't exist [] []
[2025-08-13T04:03:05.672031+00:00] main.INFO: Broken reference: the 'notification_window' element cannot be added as child to 'notifications', because the latter doesn't exist [] []
[2025-08-13T04:03:05.673141+00:00] main.INFO: Broken reference: the 'notification.messages' element cannot be added as child to 'header', because the latter doesn't exist [] []
[2025-08-13T04:03:05.674188+00:00] main.INFO: Broken reference: the 'global_notices' element cannot be added as child to 'global.notices', because the latter doesn't exist [] []
[2025-08-13T04:03:05.675170+00:00] main.INFO: Broken reference: the 'logo' element cannot be added as child to 'header', because the latter doesn't exist [] []
[2025-08-13T04:03:05.676222+00:00] main.INFO: Broken reference: the 'global.search' element cannot be added as child to 'header', because the latter doesn't exist [] []
[2025-08-13T04:03:05.687445+00:00] main.INFO: Broken reference: the 'user' element cannot be added as child to 'header', because the latter doesn't exist [] []
[2025-08-13T04:03:05.688646+00:00] main.INFO: Broken reference: the 'menu' element cannot be added as child to 'page.menu', because the latter doesn't exist [] []
[2025-08-13T04:03:05.689660+00:00] main.INFO: Broken reference: the 'breadcrumbs' element cannot be added as child to 'page.breadcrumbs', because the latter doesn't exist [] []
[2025-08-13T04:03:05.690754+00:00] main.INFO: Broken reference: the 'formkey' element cannot be added as child to 'page.formkey', because the latter doesn't exist [] []
[2025-08-13T04:03:05.691745+00:00] main.INFO: Broken reference: the 'page.title' element cannot be added as child to 'main.top', because the latter doesn't exist [] []
[2025-08-13T04:03:05.697998+00:00] main.INFO: Broken reference: the 'messages' element cannot be added as child to 'page.messages', because the latter doesn't exist [] []
[2025-08-13T04:03:05.698939+00:00] main.INFO: Broken reference: the 'page.actions.toolbar' element cannot be added as child to 'page.main.actions', because the latter doesn't exist [] []
[2025-08-13T04:03:05.699850+00:00] main.INFO: Broken reference: the 'legal' element cannot be added as child to 'footer', because the latter doesn't exist [] []
[2025-08-13T04:03:05.701313+00:00] main.INFO: Broken reference: the 'header.inner.left' element cannot be added as child to 'header', because the latter doesn't exist [] []
[2025-08-13T04:03:05.701944+00:00] main.INFO: Broken reference: the 'header.inner.right' element cannot be added as child to 'header', because the latter doesn't exist [] []
[2025-08-13T04:03:05.702577+00:00] main.INFO: Broken reference: the 'user' tries to reorder itself towards '', but their parents are different: 'header' and '' respectively. [] []
[2025-08-13T04:03:05.703164+00:00] main.INFO: Broken reference: the 'notification.messages' tries to reorder itself towards 'user', but their parents are different: 'header' and '' respectively. [] []
[2025-08-13T04:03:05.703662+00:00] main.INFO: Broken reference: the 'logo' tries to reorder itself towards '', but their parents are different: 'header' and '' respectively. [] []
[2025-08-13T04:03:05.704168+00:00] main.INFO: Broken reference: the 'global.search' tries to reorder itself towards 'logo', but their parents are different: 'header' and '' respectively. [] []
[2025-08-13T04:03:05.704640+00:00] main.INFO: Broken reference: the 'page.actions.toolbar' tries to reorder itself towards '', but their parents are different: 'page.main.actions' and '' respectively. [] []
[2025-08-13T04:03:05.705150+00:00] main.INFO: Broken reference: the 'header.inner.left' tries to reorder itself towards '', but their parents are different: 'header' and '' respectively. [] []
[2025-08-13T04:03:05.705600+00:00] main.INFO: Broken reference: the 'header.inner.right' tries to reorder itself towards 'header.inner.left', but their parents are different: 'header' and '' respectively. [] []
[2025-08-13T04:03:05.706058+00:00] main.INFO: Broken reference: the 'notification.messages' tries to reorder itself towards 'user', but their parents are different: 'header.inner.right' and '' respectively. [] []
[2025-08-13T04:03:36.307740+00:00] main.INFO: Broken reference: the 'tracking' element cannot be added as child to 'header', because the latter doesn't exist [] []
[2025-08-13T04:03:36.308441+00:00] main.INFO: Broken reference: the 'notification_area' element cannot be added as child to 'notifications', because the latter doesn't exist [] []
[2025-08-13T04:03:36.308931+00:00] main.INFO: Broken reference: the 'unread_system_messages' element cannot be added as child to 'notifications', because the latter doesn't exist [] []
[2025-08-13T04:03:36.309417+00:00] main.INFO: Broken reference: the 'notification_window' element cannot be added as child to 'notifications', because the latter doesn't exist [] []
[2025-08-13T04:03:36.309972+00:00] main.INFO: Broken reference: the 'notification.messages' element cannot be added as child to 'header', because the latter doesn't exist [] []
[2025-08-13T04:03:36.310433+00:00] main.INFO: Broken reference: the 'global_notices' element cannot be added as child to 'global.notices', because the latter doesn't exist [] []
[2025-08-13T04:03:36.310878+00:00] main.INFO: Broken reference: the 'logo' element cannot be added as child to 'header', because the latter doesn't exist [] []
[2025-08-13T04:03:36.311322+00:00] main.INFO: Broken reference: the 'global.search' element cannot be added as child to 'header', because the latter doesn't exist [] []
[2025-08-13T04:03:36.311786+00:00] main.INFO: Broken reference: the 'user' element cannot be added as child to 'header', because the latter doesn't exist [] []
[2025-08-13T04:03:36.312256+00:00] main.INFO: Broken reference: the 'menu' element cannot be added as child to 'page.menu', because the latter doesn't exist [] []
[2025-08-13T04:03:36.312711+00:00] main.INFO: Broken reference: the 'breadcrumbs' element cannot be added as child to 'page.breadcrumbs', because the latter doesn't exist [] []
[2025-08-13T04:03:36.313158+00:00] main.INFO: Broken reference: the 'formkey' element cannot be added as child to 'page.formkey', because the latter doesn't exist [] []
[2025-08-13T04:03:36.313601+00:00] main.INFO: Broken reference: the 'page.title' element cannot be added as child to 'main.top', because the latter doesn't exist [] []
[2025-08-13T04:03:36.314075+00:00] main.INFO: Broken reference: the 'messages' element cannot be added as child to 'page.messages', because the latter doesn't exist [] []
[2025-08-13T04:03:36.314528+00:00] main.INFO: Broken reference: the 'page.actions.toolbar' element cannot be added as child to 'page.main.actions', because the latter doesn't exist [] []
[2025-08-13T04:03:36.314985+00:00] main.INFO: Broken reference: the 'legal' element cannot be added as child to 'footer', because the latter doesn't exist [] []
[2025-08-13T04:03:36.315544+00:00] main.INFO: Broken reference: the 'header.inner.left' element cannot be added as child to 'header', because the latter doesn't exist [] []
[2025-08-13T04:03:36.316021+00:00] main.INFO: Broken reference: the 'header.inner.right' element cannot be added as child to 'header', because the latter doesn't exist [] []
[2025-08-13T04:03:36.316546+00:00] main.INFO: Broken reference: the 'user' tries to reorder itself towards '', but their parents are different: 'header' and '' respectively. [] []
[2025-08-13T04:03:36.317000+00:00] main.INFO: Broken reference: the 'notification.messages' tries to reorder itself towards 'user', but their parents are different: 'header' and '' respectively. [] []
[2025-08-13T04:03:36.317454+00:00] main.INFO: Broken reference: the 'logo' tries to reorder itself towards '', but their parents are different: 'header' and '' respectively. [] []
[2025-08-13T04:03:36.317918+00:00] main.INFO: Broken reference: the 'global.search' tries to reorder itself towards 'logo', but their parents are different: 'header' and '' respectively. [] []
[2025-08-13T04:03:36.318369+00:00] main.INFO: Broken reference: the 'page.actions.toolbar' tries to reorder itself towards '', but their parents are different: 'page.main.actions' and '' respectively. [] []
[2025-08-13T04:03:36.318836+00:00] main.INFO: Broken reference: the 'header.inner.left' tries to reorder itself towards '', but their parents are different: 'header' and '' respectively. [] []
[2025-08-13T04:03:36.319283+00:00] main.INFO: Broken reference: the 'header.inner.right' tries to reorder itself towards 'header.inner.left', but their parents are different: 'header' and '' respectively. [] []
[2025-08-13T04:03:36.319756+00:00] main.INFO: Broken reference: the 'notification.messages' tries to reorder itself towards 'user', but their parents are different: 'header.inner.right' and '' respectively. [] []
[2025-08-13T04:04:00.147540+00:00] main.INFO: Broken reference: the 'tracking' element cannot be added as child to 'header', because the latter doesn't exist [] []
[2025-08-13T04:04:00.148224+00:00] main.INFO: Broken reference: the 'notification_area' element cannot be added as child to 'notifications', because the latter doesn't exist [] []
[2025-08-13T04:04:00.148716+00:00] main.INFO: Broken reference: the 'unread_system_messages' element cannot be added as child to 'notifications', because the latter doesn't exist [] []
[2025-08-13T04:04:00.149241+00:00] main.INFO: Broken reference: the 'notification_window' element cannot be added as child to 'notifications', because the latter doesn't exist [] []
[2025-08-13T04:04:00.150128+00:00] main.INFO: Broken reference: the 'notification.messages' element cannot be added as child to 'header', because the latter doesn't exist [] []
[2025-08-13T04:04:00.150679+00:00] main.INFO: Broken reference: the 'global_notices' element cannot be added as child to 'global.notices', because the latter doesn't exist [] []
[2025-08-13T04:04:00.151151+00:00] main.INFO: Broken reference: the 'logo' element cannot be added as child to 'header', because the latter doesn't exist [] []
[2025-08-13T04:04:00.151613+00:00] main.INFO: Broken reference: the 'global.search' element cannot be added as child to 'header', because the latter doesn't exist [] []
[2025-08-13T04:04:00.152063+00:00] main.INFO: Broken reference: the 'user' element cannot be added as child to 'header', because the latter doesn't exist [] []
[2025-08-13T04:04:00.152533+00:00] main.INFO: Broken reference: the 'menu' element cannot be added as child to 'page.menu', because the latter doesn't exist [] []
[2025-08-13T04:04:00.153024+00:00] main.INFO: Broken reference: the 'breadcrumbs' element cannot be added as child to 'page.breadcrumbs', because the latter doesn't exist [] []
[2025-08-13T04:04:00.153473+00:00] main.INFO: Broken reference: the 'formkey' element cannot be added as child to 'page.formkey', because the latter doesn't exist [] []
[2025-08-13T04:04:00.153917+00:00] main.INFO: Broken reference: the 'page.title' element cannot be added as child to 'main.top', because the latter doesn't exist [] []
[2025-08-13T04:04:00.154359+00:00] main.INFO: Broken reference: the 'messages' element cannot be added as child to 'page.messages', because the latter doesn't exist [] []
[2025-08-13T04:04:00.154848+00:00] main.INFO: Broken reference: the 'page.actions.toolbar' element cannot be added as child to 'page.main.actions', because the latter doesn't exist [] []
[2025-08-13T04:04:00.155294+00:00] main.INFO: Broken reference: the 'legal' element cannot be added as child to 'footer', because the latter doesn't exist [] []
[2025-08-13T04:04:00.155838+00:00] main.INFO: Broken reference: the 'header.inner.left' element cannot be added as child to 'header', because the latter doesn't exist [] []
[2025-08-13T04:04:00.156297+00:00] main.INFO: Broken reference: the 'header.inner.right' element cannot be added as child to 'header', because the latter doesn't exist [] []
[2025-08-13T04:04:00.156841+00:00] main.INFO: Broken reference: the 'user' tries to reorder itself towards '', but their parents are different: 'header' and '' respectively. [] []
[2025-08-13T04:04:00.157299+00:00] main.INFO: Broken reference: the 'notification.messages' tries to reorder itself towards 'user', but their parents are different: 'header' and '' respectively. [] []
[2025-08-13T04:04:00.157745+00:00] main.INFO: Broken reference: the 'logo' tries to reorder itself towards '', but their parents are different: 'header' and '' respectively. [] []
[2025-08-13T04:04:00.158187+00:00] main.INFO: Broken reference: the 'global.search' tries to reorder itself towards 'logo', but their parents are different: 'header' and '' respectively. [] []
[2025-08-13T04:04:00.158660+00:00] main.INFO: Broken reference: the 'page.actions.toolbar' tries to reorder itself towards '', but their parents are different: 'page.main.actions' and '' respectively. [] []
[2025-08-13T04:04:00.159164+00:00] main.INFO: Broken reference: the 'header.inner.left' tries to reorder itself towards '', but their parents are different: 'header' and '' respectively. [] []
[2025-08-13T04:04:00.159617+00:00] main.INFO: Broken reference: the 'header.inner.right' tries to reorder itself towards 'header.inner.left', but their parents are different: 'header' and '' respectively. [] []
[2025-08-13T04:04:00.160105+00:00] main.INFO: Broken reference: the 'notification.messages' tries to reorder itself towards 'user', but their parents are different: 'header.inner.right' and '' respectively. [] []
[2025-08-13T04:04:34.356835+00:00] main.INFO: Broken reference: the 'tracking' element cannot be added as child to 'header', because the latter doesn't exist [] []
[2025-08-13T04:04:34.357476+00:00] main.INFO: Broken reference: the 'notification_area' element cannot be added as child to 'notifications', because the latter doesn't exist [] []
[2025-08-13T04:04:34.357947+00:00] main.INFO: Broken reference: the 'unread_system_messages' element cannot be added as child to 'notifications', because the latter doesn't exist [] []
[2025-08-13T04:04:34.358401+00:00] main.INFO: Broken reference: the 'notification_window' element cannot be added as child to 'notifications', because the latter doesn't exist [] []
[2025-08-13T04:04:34.358995+00:00] main.INFO: Broken reference: the 'notification.messages' element cannot be added as child to 'header', because the latter doesn't exist [] []
[2025-08-13T04:04:34.359496+00:00] main.INFO: Broken reference: the 'global_notices' element cannot be added as child to 'global.notices', because the latter doesn't exist [] []
[2025-08-13T04:04:34.359943+00:00] main.INFO: Broken reference: the 'logo' element cannot be added as child to 'header', because the latter doesn't exist [] []
[2025-08-13T04:04:34.360433+00:00] main.INFO: Broken reference: the 'global.search' element cannot be added as child to 'header', because the latter doesn't exist [] []
[2025-08-13T04:04:34.360903+00:00] main.INFO: Broken reference: the 'user' element cannot be added as child to 'header', because the latter doesn't exist [] []
[2025-08-13T04:04:34.361355+00:00] main.INFO: Broken reference: the 'menu' element cannot be added as child to 'page.menu', because the latter doesn't exist [] []
[2025-08-13T04:04:34.361799+00:00] main.INFO: Broken reference: the 'breadcrumbs' element cannot be added as child to 'page.breadcrumbs', because the latter doesn't exist [] []
[2025-08-13T04:04:34.362241+00:00] main.INFO: Broken reference: the 'formkey' element cannot be added as child to 'page.formkey', because the latter doesn't exist [] []
[2025-08-13T04:04:34.362683+00:00] main.INFO: Broken reference: the 'page.title' element cannot be added as child to 'main.top', because the latter doesn't exist [] []
[2025-08-13T04:04:34.363159+00:00] main.INFO: Broken reference: the 'messages' element cannot be added as child to 'page.messages', because the latter doesn't exist [] []
[2025-08-13T04:04:34.363639+00:00] main.INFO: Broken reference: the 'page.actions.toolbar' element cannot be added as child to 'page.main.actions', because the latter doesn't exist [] []
[2025-08-13T04:04:34.364085+00:00] main.INFO: Broken reference: the 'legal' element cannot be added as child to 'footer', because the latter doesn't exist [] []
[2025-08-13T04:04:34.364653+00:00] main.INFO: Broken reference: the 'header.inner.left' element cannot be added as child to 'header', because the latter doesn't exist [] []
[2025-08-13T04:04:34.365140+00:00] main.INFO: Broken reference: the 'header.inner.right' element cannot be added as child to 'header', because the latter doesn't exist [] []
[2025-08-13T04:04:34.365653+00:00] main.INFO: Broken reference: the 'user' tries to reorder itself towards '', but their parents are different: 'header' and '' respectively. [] []
[2025-08-13T04:04:34.366103+00:00] main.INFO: Broken reference: the 'notification.messages' tries to reorder itself towards 'user', but their parents are different: 'header' and '' respectively. [] []
[2025-08-13T04:04:34.367128+00:00] main.INFO: Broken reference: the 'logo' tries to reorder itself towards '', but their parents are different: 'header' and '' respectively. [] []
[2025-08-13T04:04:34.368178+00:00] main.INFO: Broken reference: the 'global.search' tries to reorder itself towards 'logo', but their parents are different: 'header' and '' respectively. [] []
[2025-08-13T04:04:34.368824+00:00] main.INFO: Broken reference: the 'page.actions.toolbar' tries to reorder itself towards '', but their parents are different: 'page.main.actions' and '' respectively. [] []
[2025-08-13T04:04:34.369318+00:00] main.INFO: Broken reference: the 'header.inner.left' tries to reorder itself towards '', but their parents are different: 'header' and '' respectively. [] []
[2025-08-13T04:04:34.369802+00:00] main.INFO: Broken reference: the 'header.inner.right' tries to reorder itself towards 'header.inner.left', but their parents are different: 'header' and '' respectively. [] []
[2025-08-13T04:04:34.370261+00:00] main.INFO: Broken reference: the 'notification.messages' tries to reorder itself towards 'user', but their parents are different: 'header.inner.right' and '' respectively. [] []
[2025-08-13T04:09:21.295632+00:00] main.ERROR: The "/var/www/html/magento2/var/cache/mage--b/mage---a6b_TRANSLATE_EN_US_ADMINHTML_ADMIN_MAGENTO_BACKEND_MAGENTO_BACKEND" file can't be deleted. Warning!unlink(/var/www/html/magento2/var/cache/mage--b/mage---a6b_TRANSLATE_EN_US_ADMINHTML_ADMIN_MAGENTO_BACKEND_MAGENTO_BACKEND): Permission denied The "/var/www/html/magento2/var/cache/mage--b/mage---a6b_AUTHORIZATION_ROLE_CACHED_DATA" file can't be deleted. Warning!unlink(/var/www/html/magento2/var/cache/mage--b/mage---a6b_AUTHORIZATION_ROLE_CACHED_DATA): Permission denied The "/var/www/html/magento2/var/cache/mage--b/mage---a6b_LAYOUT_FRONTEND_STORE1_3C7461AF04BB11FE209659D7147D2C579_PAGE_LAYOUT_MERGED" file can't be deleted. Warning!unlink(/var/www/html/magento2/var/cache/mage--b/mage---a6b_LAYOUT_FRONTEND_STORE1_3C7461AF04BB11FE209659D7147D2C579_PAGE_LAYOUT_MERGED): Permission denied The "/var/www/html/magento2/var/cache/mage--b/mage---a6b_TRANSLATE_EN_US_ADMINHTML_ADMIN_MAGENTO_BACKEND_" file can't be deleted. Warning!unlink(/var/www/html/magento2/var/cache/mage--b/mage---a6b_TRANSLATE_EN_US_ADMINHTML_ADMIN_MAGENTO_BACKEND_): Permission denied The "/var/www/html/magento2/var/cache/mage--b/mage---a6b_PAYMENT_CONFIG" file can't be deleted. Warning!unlink(/var/www/html/magento2/var/cache/mage--b/mage---a6b_PAYMENT_CONFIG): Permission denied The "/var/www/html/magento2/var/cache/mage--4/mage---a6b_ADDRESS_FORMAT" file can't be deleted. Warning!unlink(/var/www/html/magento2/var/cache/mage--4/mage---a6b_ADDRESS_FORMAT): Permission denied The "/var/www/html/magento2/var/cache/mage--4/mage---a6b_STRUCTURE_LAYOUT_ADMINHTML_STORE1_291FCCD54DA687AFC76A5D6559B714906" file can't be deleted. Warning!unlink(/var/www/html/magento2/var/cache/mage--4/mage---a6b_STRUCTURE_LAYOUT_ADMINHTML_STORE1_291FCCD54DA687AFC76A5D6559B714906): Permission denied The "/var/www/html/magento2/var/cache/mage--4/mage---a6b_ADMIN_USAGE_NOTIFICATION_POPUP" file can't be deleted. Warning!unlink(/var/www/html/magento2/var/cache/mage--4/mage---a6b_ADMIN_USAGE_NOTIFICATION_POPUP): Permission denied The "/var/www/html/magento2/var/cache/mage--4/mage---a6b_BLOCK_3D02A9C6039C035B9A3C11D11BC2715C9929C9DA" file can't be deleted. Warning!unlink(/var/www/html/magento2/var/cache/mage--4/mage---a6b_BLOCK_3D02A9C6039C035B9A3C11D11BC2715C9929C9DA): Permission denied The "/var/www/html/magento2/var/cache/mage--4/mage---a6b_DB_PDO_MYSQL_DDL_CMS_PAGE_3" file can't be deleted. Warning!unlink(/var/www/html/magento2/var/cache/mage--4/mage---a6b_DB_PDO_MYSQL_DDL_CMS_PAGE_3): Permission denied The "/var/www/html/magento2/var/cache/mage--d/mage---a6b_LAYOUT_FRONTEND_STORE1_36F1B068EC7CCF4878F9284DD1137AFD1_PAGE_LAYOUT_MERGED" file can't be deleted. Warning!unlink(/var/www/html/magento2/var/cache/mage--d/mage---a6b_LAYOUT_FRONTEND_STORE1_36F1B068EC7CCF4878F9284DD1137AFD1_PAGE_LAYOUT_MERGED): Permission denied The "/var/www/html/magento2/var/cache/mage--d/mage---a6b_EAV_ENTITY_TYPES" file can't be deleted. Warning!unlink(/var/www/html/magento2/var/cache/mage--d/mage---a6b_EAV_ENTITY_TYPES): Permission denied The "/var/www/html/magento2/var/cache/mage--d/mage---a6b_SYSTEM" file can't be deleted. Warning!unlink(/var/www/html/magento2/var/cache/mage--d/mage---a6b_SYSTEM): Permission denied The "/var/www/html/magento2/var/cache/mage--d/mage---a6b_FRONTEND__ROUTESCONFIG" file can't be deleted. Warning!unlink(/var/www/html/magento2/var/cache/mage--d/mage---a6b_FRONTEND__ROUTESCONFIG): Permission denied The "/var/www/html/magento2/var/cache/mage--d/mage---a6b_SYSTEM_STORES_1" file can't be deleted. Warning!unlink(/var/www/html/magento2/var/cache/mage--d/mage---a6b_SYSTEM_STORES_1): Permission denied The "/var/www/html/magento2/var/cache/mage--d/mage---a6b_STRUCTURE_LAYOUT_ADMINHTML_STORE1_2D41D8CD98F00B204E9800998ECF8427E" file can't be deleted. Warning!unlink(/var/www/html/magento2/var/cache/mage--d/mage---a6b_STRUCTURE_LAYOUT_ADMINHTML_STORE1_2D41D8CD98F00B204E9800998ECF8427E): Permission denied The "/var/www/html/magento2/var/cache/mage--d/mage---a6b_THEMEFRONTEND_MAGENTO_LUMA" file can't be deleted. Warning!unlink(/var/www/html/magento2/var/cache/mage--d/mage---a6b_THEMEFRONTEND_MAGENTO_LUMA): Permission denied The "/var/www/html/magento2/var/cache/mage--d/mage---a6b_APP_108B5EBA5ECACA9F6E9F88D4CD04D6E0" file can't be deleted. Warning!unlink(/var/www/html/magento2/var/cache/mage--d/mage---a6b_APP_108B5EBA5ECACA9F6E9F88D4CD04D6E0): Permission denied The "/var/www/html/magento2/var/cache/mage--d/mage---a6b_THEMEFRONTEND_MAGENTO_BLANK" file can't be deleted. Warning!unlink(/var/www/html/magento2/var/cache/mage--d/mage---a6b_THEMEFRONTEND_MAGENTO_BLANK): Permission denied The "/var/www/html/magento2/var/cache/mage--1/mage---a6b_LAYOUT_ADMINHTML_STORE1_26F1B068EC7CCF4878F9284DD1137AFD1_PAGE_LAYOUT_MERGED" file can't be deleted. Warning!unlink(/var/www/html/magento2/var/cache/mage--1/mage---a6b_LAYOUT_ADMINHTML_STORE1_26F1B068EC7CCF4878F9284DD1137AFD1_PAGE_LAYOUT_MERGED): Permission denied The "/var/www/html/magento2/var/cache/mage--1/mage---a6b_BLOCK_44E9365BAE429F96B52EA7A4099C4E918DF53B9A" file can't be deleted. Warning!unlink(/var/www/html/magento2/var/cache/mage--1/mage---a6b_BLOCK_44E9365BAE429F96B52EA7A4099C4E918DF53B9A): Permission denied The "/var/www/html/magento2/var/cache/mage--1/mage---a6b_CONFIGURATION_FILES_ACCESS_LEVEL_VERIFICATION" file can't be deleted. Warning!unlink(/var/www/html/magento2/var/cache/mage--1/mage---a6b_CONFIGURATION_FILES_ACCESS_LEVEL_VERIFICATION): Permission denied The "/var/www/html/magento2/var/cache/mage--1/mage---a6b_BACKEND_MENU_OBJECT" file can't be deleted. Warning!unlink(/var/www/html/magento2/var/cache/mage--1/mage---a6b_BACKEND_MENU_OBJECT): Permission denied The "/var/www/html/magento2/var/cache/mage--1/mage---a6b_UI_COMPONENT_CONFIGURATION_DEFINITION_DATA" file can't be deleted. Warning!unlink(/var/www/html/magento2/var/cache/mage--1/mage---a6b_UI_COMPONENT_CONFIGURATION_DEFINITION_DATA): Permission denied The "/var/www/html/magento2/var/cache/mage--1/mage---a6b_SECTIONS_INVALIDATION_CONFIG" file can't be deleted. Warning!unlink(/var/www/html/magento2/var/cache/mage--1/mage---a6b_SECTIONS_INVALIDATION_CONFIG): Permission denied The "/var/www/html/magento2/var/cache/mage--1/mage---a6b_SYSTEM_STORES_ADMIN" file can't be deleted. Warning!unlink(/var/www/html/magento2/var/cache/mage--1/mage---a6b_SYSTEM_STORES_ADMIN): Permission denied The "/var/www/html/magento2/var/cache/mage--1/mage---a6b_DB_PDO_MYSQL_DDL_SALES_ORDER_STATUS_1" file can't be deleted. Warning!unlink(/var/www/html/magento2/var/cache/mage--1/mage---a6b_DB_PDO_MYSQL_DDL_SALES_ORDER_STATUS_1): Permission denied The "/var/www/html/magento2/var/cache/mage--6/mage---a6b_THEME_BY_ID_2" file can't be deleted. Warning!unlink(/var/www/html/magento2/var/cache/mage--6/mage---a6b_THEME_BY_ID_2): Permission denied The "/var/www/html/magento2/var/cache/mage--6/mage---a6b_INITIAL_CONFIG" file can't be deleted. Warning!unlink(/var/www/html/magento2/var/cache/mage--6/mage---a6b_INITIAL_CONFIG): Permission denied The "/var/www/html/magento2/var/cache/mage--6/mage---a6b_THEME_LAYOUTS_FILES_MERGED" file can't be deleted. Warning!unlink(/var/www/html/magento2/var/cache/mage--6/mage---a6b_THEME_LAYOUTS_FILES_MERGED): Permission denied The "/var/www/html/magento2/var/cache/mage--6/mage---a6b_APP_4169C5DEEEB8F84FEFBFAC574BE2769B" file can't be deleted. Warning!unlink(/var/www/html/magento2/var/cache/mage--6/mage---a6b_APP_4169C5DEEEB8F84FEFBFAC574BE2769B): Permission denied The "/var/www/html/magento2/var/cache/mage--6/mage---a6b_LAYOUT_FRONTEND_STORE1_3PAGE_LAYOUT" file can't be deleted. Warning!unlink(/var/www/html/magento2/var/cache/mage--6/mage---a6b_LAYOUT_FRONTEND_STORE1_3PAGE_LAYOUT): Permission denied The "/var/www/html/magento2/var/cache/mage--5/mage---a6b_SYSTEM_STORES_FR" file can't be deleted. Warning!unlink(/var/www/html/magento2/var/cache/mage--5/mage---a6b_SYSTEM_STORES_FR): Permission denied The "/var/www/html/magento2/var/cache/mage--5/mage---a6b_SYSTEM_STORES_BE" file can't be deleted. Warning!unlink(/var/www/html/magento2/var/cache/mage--5/mage---a6b_SYSTEM_STORES_BE): Permission denied The "/var/www/html/magento2/var/cache/mage--5/mage---a6b_EAV_ENTITY_ATTRIBUTES_3_0_3" file can't be deleted. Warning!unlink(/var/www/html/magento2/var/cache/mage--5/mage---a6b_EAV_ENTITY_ATTRIBUTES_3_0_3): Permission denied The "/var/www/html/magento2/var/cache/mage--5/mage---a6b_SYSTEM_WEBSITES_ADMIN" file can't be deleted. Warning!unlink(/var/www/html/magento2/var/cache/mage--5/mage---a6b_SYSTEM_WEBSITES_ADMIN): Permission denied The "/var/www/html/magento2/var/cache/mage--5/mage---a6b_ADMINHTML__RESOURCESCACHE" file can't be deleted. Warning!unlink(/var/www/html/magento2/var/cache/mage--5/mage---a6b_ADMINHTML__RESOURCESCACHE): Permission denied The "/var/www/html/magento2/var/cache/mage--5/mage---a6b_DB_PDO_MYSQL_DDL_SALES_ORDER_GRID_1" file can't be deleted. Warning!unlink(/var/www/html/magento2/var/cache/mage--5/mage---a6b_DB_PDO_MYSQL_DDL_SALES_ORDER_GRID_1): Permission denied The "/var/www/html/magento2/var/cache/mage--5/mage---a6b_PROVIDER_ACL_RESOURCES_CACHE" file can't be deleted. Warning!unlink(/var/www/html/magento2/var/cache/mage--5/mage---a6b_PROVIDER_ACL_RESOURCES_CACHE): Permission denied The "/var/www/html/magento2/var/cache/mage--3/mage---a6b_RELEASE_NOTIFICATION_POPUP_2" file can't be deleted. Warning!unlink(/var/www/html/magento2/var/cache/mage--3/mage---a6b_RELEASE_NOTIFICATION_POPUP_2): Permission denied The "/var/www/html/magento2/var/cache/mage--3/mage---a6b_ADMIN_NOTIFICATIONS_LASTCHECK" file can't be deleted. Warning!unlink(/var/www/html/magento2/var/cache/mage--3/mage---a6b_ADMIN_NOTIFICATIONS_LASTCHECK): Permission denied The "/var/www/html/magento2/var/cache/mage--3/mage---a6b_BLOCK_AA0D1879257E4BF454FAF87F1169A1BB7943FAFC" file can't be deleted. Warning!unlink(/var/www/html/magento2/var/cache/mage--3/mage---a6b_BLOCK_AA0D1879257E4BF454FAF87F1169A1BB7943FAFC): Permission denied The "/var/www/html/magento2/var/cache/mage--3/mage---a6b_DB_PDO_MYSQL_DDL_ADMIN_USER_SESSION_1" file can't be deleted. Warning!unlink(/var/www/html/magento2/var/cache/mage--3/mage---a6b_DB_PDO_MYSQL_DDL_ADMIN_USER_SESSION_1): Permission denied The "/var/www/html/magento2/var/cache/mage--3/mage---a6b_SYSTEM_WEBSITES_0" file can't be deleted. Warning!unlink(/var/www/html/magento2/var/cache/mage--3/mage---a6b_SYSTEM_WEBSITES_0): Permission denied The "/var/www/html/magento2/var/cache/mage--3/mage---a6b_CRON_GROUPS_CONFIG_CACHE" file can't be deleted. Warning!unlink(/var/www/html/magento2/var/cache/mage--3/mage---a6b_CRON_GROUPS_CONFIG_CACHE): Permission denied The "/var/www/html/magento2/var/cache/mage--3/mage---a6b_TRANSLATE_EN_US_ADMINHTML_ADMIN_MAGENTO_BACKEND_MAGENTO_UI" file can't be deleted. Warning!unlink(/var/www/html/magento2/var/cache/mage--3/mage---a6b_TRANSLATE_EN_US_ADMINHTML_ADMIN_MAGENTO_BACKEND_MAGENTO_UI): Permission denied The "/var/www/html/magento2/var/cache/mage--3/mage---a6b_ASSIGNED_ROLE_2" file can't be deleted. Warning!unlink(/var/www/html/magento2/var/cache/mage--3/mage---a6b_ASSIGNED_ROLE_2): Permission denied The "/var/www/html/magento2/var/cache/mage--3/mage---a6b_ADMINHTML__EVENT_CONFIG_CACHE" file can't be deleted. Warning!unlink(/var/www/html/magento2/var/cache/mage--3/mage---a6b_ADMINHTML__EVENT_CONFIG_CACHE): Permission denied The "/var/www/html/magento2/var/cache/mage--3/mage---a6b_DB_IS_UP_TO_DATE" file can't be deleted. Warning!unlink(/var/www/html/magento2/var/cache/mage--3/mage---a6b_DB_IS_UP_TO_DATE): Permission denied The "/var/www/html/magento2/var/cache/mage--3/mage---a6b_TRANSLATE_EN_US_FRONTEND_DEFAULT_MAGENTO_LUMA_MAGENTO_CMS" file can't be deleted. Warning!unlink(/var/www/html/magento2/var/cache/mage--3/mage---a6b_TRANSLATE_EN_US_FRONTEND_DEFAULT_MAGENTO_LUMA_MAGENTO_CMS): Permission denied The "/var/www/html/magento2/var/cache/mage--9/mage---a6b_STRUCTURE_LAYOUT_ADMINHTML_STORE1_297367C484975343FEA5D20830D4FB758" file can't be deleted. Warning!unlink(/var/www/html/magento2/var/cache/mage--9/mage---a6b_STRUCTURE_LAYOUT_ADMINHTML_STORE1_297367C484975343FEA5D20830D4FB758): Permission denied The "/var/www/html/magento2/var/cache/mage--9/mage---a6b_FRONTEND__EVENT_CONFIG_CACHE" file can't be deleted. Warning!unlink(/var/www/html/magento2/var/cache/mage--9/mage---a6b_FRONTEND__EVENT_CONFIG_CACHE): Permission denied The "/var/www/html/magento2/var/cache/mage--9/mage---a6b_LAYOUT_ADMINHTML_STORE1_297367C484975343FEA5D20830D4FB758_PAGE_LAYOUT_MERGED" file can't be deleted. Warning!unlink(/var/www/html/magento2/var/cache/mage--9/mage---a6b_LAYOUT_ADMINHTML_STORE1_297367C484975343FEA5D20830D4FB758_PAGE_LAYOUT_MERGED): Permission denied The "/var/www/html/magento2/var/cache/mage--9/mage---a6b_UI_COMPONENT_CONFIGURATION_DATA_NOTIFICATION_AREA" file can't be deleted. Warning!unlink(/var/www/html/magento2/var/cache/mage--9/mage---a6b_UI_COMPONENT_CONFIGURATION_DATA_NOTIFICATION_AREA): Permission denied The "/var/www/html/magento2/var/cache/mage--9/mage---a6b_STRUCTURE_LAYOUT_FRONTEND_STORE1_3C7461AF04BB11FE209659D7147D2C579" file can't be deleted. Warning!unlink(/var/www/html/magento2/var/cache/mage--9/mage---a6b_STRUCTURE_LAYOUT_FRONTEND_STORE1_3C7461AF04BB11FE209659D7147D2C579): Permission denied The "/var/www/html/magento2/var/cache/mage--9/mage---a6b_DB_PDO_MYSQL_DDL_SALES_ORDER_1" file can't be deleted. Warning!unlink(/var/www/html/magento2/var/cache/mage--9/mage---a6b_DB_PDO_MYSQL_DDL_SALES_ORDER_1): Permission denied The "/var/www/html/magento2/var/cache/mage--9/mage---a6b_BLOCK_CA2D04F236756BAF985ADFB6B192354441B4BC96" file can't be deleted. Warning!unlink(/var/www/html/magento2/var/cache/mage--9/mage---a6b_BLOCK_CA2D04F236756BAF985ADFB6B192354441B4BC96): Permission denied The "/var/www/html/magento2/var/cache/mage--9/mage---a6b_DB_PDO_MYSQL_DDL_CATALOG_CATEGORY_ENTITY_3" file can't be deleted. Warning!unlink(/var/www/html/magento2/var/cache/mage--9/mage---a6b_DB_PDO_MYSQL_DDL_CATALOG_CATEGORY_ENTITY_3): Permission denied The "/var/www/html/magento2/var/cache/mage--9/mage---a6b_LAYOUT_ADMINHTML_STORE1_2" file can't be deleted. Warning!unlink(/var/www/html/magento2/var/cache/mage--9/mage---a6b_LAYOUT_ADMINHTML_STORE1_2): Permission denied The "/var/www/html/magento2/var/cache/mage--9/mage---a6b_GLOBAL__RESOURCESCACHE" file can't be deleted. Warning!unlink(/var/www/html/magento2/var/cache/mage--9/mage---a6b_GLOBAL__RESOURCESCACHE): Permission denied The "/var/www/html/magento2/var/cache/mage--9/mage---a6b_SYSTEM_STORES_DEFAULT" file can't be deleted. Warning!unlink(/var/www/html/magento2/var/cache/mage--9/mage---a6b_SYSTEM_STORES_DEFAULT): Permission denied The "/var/www/html/magento2/var/cache/mage--9/mage---a6b_SYSTEM_STORES_2" file can't be deleted. Warning!unlink(/var/www/html/magento2/var/cache/mage--9/mage---a6b_SYSTEM_STORES_2): Permission denied The "/var/www/html/magento2/var/cache/mage--9/mage---a6b_STRUCTURE_LAYOUT_FRONTEND_STORE1_36F1B068EC7CCF4878F9284DD1137AFD1" file can't be deleted. Warning!unlink(/var/www/html/magento2/var/cache/mage--9/mage---a6b_STRUCTURE_LAYOUT_FRONTEND_STORE1_36F1B068EC7CCF4878F9284DD1137AFD1): Permission denied The "/var/www/html/magento2/var/cache/mage--9/mage---a6b_STRUCTURE_LAYOUT_ADMINHTML_STORE1_2C470299521325284ED2F872FB317D47B" file can't be deleted. Warning!unlink(/var/www/html/magento2/var/cache/mage--9/mage---a6b_STRUCTURE_LAYOUT_ADMINHTML_STORE1_2C470299521325284ED2F872FB317D47B): Permission denied The "/var/www/html/magento2/var/cache/mage--9/mage---a6b_UI_COMPONENT_CONFIGURATION_DATA_ADMIN_USAGE_NOTIFICATION" file can't be deleted. Warning!unlink(/var/www/html/magento2/var/cache/mage--9/mage---a6b_UI_COMPONENT_CONFIGURATION_DATA_ADMIN_USAGE_NOTIFICATION): Permission denied The "/var/www/html/magento2/var/cache/mage--e/mage---a6b_FRONTEND__CSP_WHITELIST_CONFIG" file can't be deleted. Warning!unlink(/var/www/html/magento2/var/cache/mage--e/mage---a6b_FRONTEND__CSP_WHITELIST_CONFIG): Permission denied The "/var/www/html/magento2/var/cache/mage--e/mage---a6b_SYSTEM_WEBSITES_1" file can't be deleted. Warning!unlink(/var/www/html/magento2/var/cache/mage--e/mage---a6b_SYSTEM_WEBSITES_1): Permission denied The "/var/www/html/magento2/var/cache/mage--e/mage---a6b_ADMINHTML__CSP_WHITELIST_CONFIG" file can't be deleted. Warning!unlink(/var/www/html/magento2/var/cache/mage--e/mage---a6b_ADMINHTML__CSP_WHITELIST_CONFIG): Permission denied The "/var/www/html/magento2/var/cache/mage--e/mage---a6b_DESIGN_CHANGE_E08D1AFD4BE7C0DFD028563334C7B875" file can't be deleted. Warning!unlink(/var/www/html/magento2/var/cache/mage--e/mage---a6b_DESIGN_CHANGE_E08D1AFD4BE7C0DFD028563334C7B875): Permission denied The "/var/www/html/magento2/var/cache/mage--e/mage---a6b_SYSTEM_STORES_0" file can't be deleted. Warning!unlink(/var/www/html/magento2/var/cache/mage--e/mage---a6b_SYSTEM_STORES_0): Permission denied The "/var/www/html/magento2/var/cache/mage--2/mage---a6b_UI_COMPONENT_CONFIGURATION_DATA_SALES_ORDER_GRID" file can't be deleted. Warning!unlink(/var/www/html/magento2/var/cache/mage--2/mage---a6b_UI_COMPONENT_CONFIGURATION_DATA_SALES_ORDER_GRID): Permission denied The "/var/www/html/magento2/var/cache/mage--2/mage---a6b_EAV_ENTITY_ATTRIBUTES_3_1_3" file can't be deleted. Warning!unlink(/var/www/html/magento2/var/cache/mage--2/mage---a6b_EAV_ENTITY_ATTRIBUTES_3_1_3): Permission denied The "/var/www/html/magento2/var/cache/mage--2/mage---a6b_SYSTEM_WEBSITES_BASE" file can't be deleted. Warning!unlink(/var/www/html/magento2/var/cache/mage--2/mage---a6b_SYSTEM_WEBSITES_BASE): Permission denied The "/var/www/html/magento2/var/cache/mage--2/mage---a6b_THEME_BY_ID_1" file can't be deleted. Warning!unlink(/var/www/html/magento2/var/cache/mage--2/mage---a6b_THEME_BY_ID_1): Permission denied The "/var/www/html/magento2/var/cache/mage--2/mage---a6b_LAYOUT_ADMINHTML_STORE1_231B80C99F1D265B3F83441BDFF2ABF85_PAGE_LAYOUT_MERGED" file can't be deleted. Warning!unlink(/var/www/html/magento2/var/cache/mage--2/mage---a6b_LAYOUT_ADMINHTML_STORE1_231B80C99F1D265B3F83441BDFF2ABF85_PAGE_LAYOUT_MERGED): Permission denied The "/var/www/html/magento2/var/cache/mage--2/mage---a6b_LAYOUT_ADMINHTML_STORE1_2D41D8CD98F00B204E9800998ECF8427E_PAGE_LAYOUT_MERGED" file can't be deleted. Warning!unlink(/var/www/html/magento2/var/cache/mage--2/mage---a6b_LAYOUT_ADMINHTML_STORE1_2D41D8CD98F00B204E9800998ECF8427E_PAGE_LAYOUT_MERGED): Permission denied The "/var/www/html/magento2/var/cache/mage--2/mage---a6b_LAYOUT_FRONTEND_STORE1_30A98983867A1770682B48D9A0AD63441_PAGE_LAYOUT_MERGED" file can't be deleted. Warning!unlink(/var/www/html/magento2/var/cache/mage--2/mage---a6b_LAYOUT_FRONTEND_STORE1_30A98983867A1770682B48D9A0AD63441_PAGE_LAYOUT_MERGED): Permission denied The "/var/www/html/magento2/var/cache/mage--2/mage---a6b_LAYOUT_ADMINHTML_STORE1_2CF9AB1B1723BEDC1DCD665A812B00335_PAGE_LAYOUT_MERGED" file can't be deleted. Warning!unlink(/var/www/html/magento2/var/cache/mage--2/mage---a6b_LAYOUT_ADMINHTML_STORE1_2CF9AB1B1723BEDC1DCD665A812B00335_PAGE_LAYOUT_MERGED): Permission denied The "/var/www/html/magento2/var/cache/mage--7/mage---a6b_BLOCK_CC742745246367A5AFBAED340AC94BC19BB3960D" file can't be deleted. Warning!unlink(/var/www/html/magento2/var/cache/mage--7/mage---a6b_BLOCK_CC742745246367A5AFBAED340AC94BC19BB3960D): Permission denied The "/var/www/html/magento2/var/cache/mage--7/mage---a6b_GLOBAL__EVENT_CONFIG_CACHE" file can't be deleted. Warning!unlink(/var/www/html/magento2/var/cache/mage--7/mage---a6b_GLOBAL__EVENT_CONFIG_CACHE): Permission denied The "/var/www/html/magento2/var/cache/mage--7/mage---a6b_DB_PDO_MYSQL_DDL_THEME_1" file can't be deleted. Warning!unlink(/var/www/html/magento2/var/cache/mage--7/mage---a6b_DB_PDO_MYSQL_DDL_THEME_1): Permission denied The "/var/www/html/magento2/var/cache/mage--7/mage---a6b_GLOBAL__CSP_WHITELIST_CONFIG" file can't be deleted. Warning!unlink(/var/www/html/magento2/var/cache/mage--7/mage---a6b_GLOBAL__CSP_WHITELIST_CONFIG): Permission denied The "/var/www/html/magento2/var/cache/mage--7/mage---a6b_TRANSLATE_EN_US_FRONTEND_DEFAULT_MAGENTO_LUMA_" file can't be deleted. Warning!unlink(/var/www/html/magento2/var/cache/mage--7/mage---a6b_TRANSLATE_EN_US_FRONTEND_DEFAULT_MAGENTO_LUMA_): Permission denied The "/var/www/html/magento2/var/cache/mage--7/mage---a6b_BLOCK_4E82BF2EB76D17FD52C99D4B9A50B0F9968C0D67" file can't be deleted. Warning!unlink(/var/www/html/magento2/var/cache/mage--7/mage---a6b_BLOCK_4E82BF2EB76D17FD52C99D4B9A50B0F9968C0D67): Permission denied The "/var/www/html/magento2/var/cache/mage--f/mage---a6b_EXTENSION_ATTRIBUTES_CONFIG" file can't be deleted. Warning!unlink(/var/www/html/magento2/var/cache/mage--f/mage---a6b_EXTENSION_ATTRIBUTES_CONFIG): Permission denied The "/var/www/html/magento2/var/cache/mage--f/mage---a6b_FRONTEND__RESOURCESCACHE" file can't be deleted. Warning!unlink(/var/www/html/magento2/var/cache/mage--f/mage---a6b_FRONTEND__RESOURCESCACHE): Permission denied The "/var/www/html/magento2/var/cache/mage--f/mage---a6b_LAYOUT_ADMINHTML_STORE1_291FCCD54DA687AFC76A5D6559B714906_PAGE_LAYOUT_MERGED" file can't be deleted. Warning!unlink(/var/www/html/magento2/var/cache/mage--f/mage---a6b_LAYOUT_ADMINHTML_STORE1_291FCCD54DA687AFC76A5D6559B714906_PAGE_LAYOUT_MERGED): Permission denied The "/var/www/html/magento2/var/cache/mage--f/mage---a6b_SYSTEM_DEFAULT" file can't be deleted. Warning!unlink(/var/www/html/magento2/var/cache/mage--f/mage---a6b_SYSTEM_DEFAULT): Permission denied The "/var/www/html/magento2/var/cache/mage--f/mage---a6b_THEMEADMINHTML_MAGENTO_BACKEND" file can't be deleted. Warning!unlink(/var/www/html/magento2/var/cache/mage--f/mage---a6b_THEMEADMINHTML_MAGENTO_BACKEND): Permission denied The "/var/www/html/magento2/var/cache/mage--f/mage---a6b_LAYOUT_ADMINHTML_STORE1_2PAGE_LAYOUT" file can't be deleted. Warning!unlink(/var/www/html/magento2/var/cache/mage--f/mage---a6b_LAYOUT_ADMINHTML_STORE1_2PAGE_LAYOUT): Permission denied The "/var/www/html/magento2/var/cache/mage--c/mage---a6b_SYSTEM_SCOPES" file can't be deleted. Warning!unlink(/var/www/html/magento2/var/cache/mage--c/mage---a6b_SYSTEM_SCOPES): Permission denied The "/var/www/html/magento2/var/cache/mage--c/mage---a6b_DB_PDO_MYSQL_DDL_SETUP_MODULE_5" file can't be deleted. Warning!unlink(/var/www/html/magento2/var/cache/mage--c/mage---a6b_DB_PDO_MYSQL_DDL_SETUP_MODULE_5): Permission denied The "/var/www/html/magento2/var/cache/mage--c/mage---a6b_ADMINHTML__ROUTESCONFIG" file can't be deleted. Warning!unlink(/var/www/html/magento2/var/cache/mage--c/mage---a6b_ADMINHTML__ROUTESCONFIG): Permission denied The "/var/www/html/magento2/var/cache/mage--c/mage---a6b_RELEASE_NOTIFICATION_CONTENT_2__4__6_COMMUNITY_EN_US" file can't be deleted. Warning!unlink(/var/www/html/magento2/var/cache/mage--c/mage---a6b_RELEASE_NOTIFICATION_CONTENT_2__4__6_COMMUNITY_EN_US): Permission denied The "/var/www/html/magento2/var/cache/mage--c/mage---a6b_AUTHORIZATION_RULE_CACHED_DATA" file can't be deleted. Warning!unlink(/var/www/html/magento2/var/cache/mage--c/mage---a6b_AUTHORIZATION_RULE_CACHED_DATA): Permission denied The "/var/www/html/magento2/var/cache/mage--c/mage---a6b_UI_COMPONENT_CONFIGURATION_DATA_RELEASE_NOTIFICATION" file can't be deleted. Warning!unlink(/var/www/html/magento2/var/cache/mage--c/mage---a6b_UI_COMPONENT_CONFIGURATION_DATA_RELEASE_NOTIFICATION): Permission denied The "/var/www/html/magento2/var/cache/mage--0/mage---a6b_INDEXER_CONFIG" file can't be deleted. Warning!unlink(/var/www/html/magento2/var/cache/mage--0/mage---a6b_INDEXER_CONFIG): Permission denied The "/var/www/html/magento2/var/cache/mage--0/mage---a6b_RESOLVED_STORES_D1BEFA03C79CA0B84ECC488DEA96BC68" file can't be deleted. Warning!unlink(/var/www/html/magento2/var/cache/mage--0/mage---a6b_RESOLVED_STORES_D1BEFA03C79CA0B84ECC488DEA96BC68): Permission denied The "/var/www/html/magento2/var/cache/mage--0/mage---a6b_LAYOUT_FRONTEND_STORE1_3" file can't be deleted. Warning!unlink(/var/www/html/magento2/var/cache/mage--0/mage---a6b_LAYOUT_FRONTEND_STORE1_3): Permission denied The "/var/www/html/magento2/var/cache/mage--a/mage---a6b_STRUCTURE_LAYOUT_ADMINHTML_STORE1_26F1B068EC7CCF4878F9284DD1137AFD1" file can't be deleted. Warning!unlink(/var/www/html/magento2/var/cache/mage--a/mage---a6b_STRUCTURE_LAYOUT_ADMINHTML_STORE1_26F1B068EC7CCF4878F9284DD1137AFD1): Permission denied The "/var/www/html/magento2/var/cache/mage--a/mage---a6b_APP_ACTION_LIST" file can't be deleted. Warning!unlink(/var/www/html/magento2/var/cache/mage--a/mage---a6b_APP_ACTION_LIST): Permission denied The "/var/www/html/magento2/var/cache/mage--a/mage---a6b_APP_35C0BF370AE35F8C482DC31B8A81FC2F" file can't be deleted. Warning!unlink(/var/www/html/magento2/var/cache/mage--a/mage---a6b_APP_35C0BF370AE35F8C482DC31B8A81FC2F): Permission denied The "/var/www/html/magento2/var/cache/mage--a/mage---a6b_UI_COMPONENT_TEMPLATES" file can't be deleted. Warning!unlink(/var/www/html/magento2/var/cache/mage--a/mage---a6b_UI_COMPONENT_TEMPLATES): Permission denied The "/var/www/html/magento2/var/cache/mage--8/mage---a6b_APP_CE79F7EF764E9F981C8549B9DBEC468F" file can't be deleted. Warning!unlink(/var/www/html/magento2/var/cache/mage--8/mage---a6b_APP_CE79F7EF764E9F981C8549B9DBEC468F): Permission denied The "/var/www/html/magento2/var/cache/mage--8/mage---a6b_MAGE_VERSION" file can't be deleted. Warning!unlink(/var/www/html/magento2/var/cache/mage--8/mage---a6b_MAGE_VERSION): Permission denied The "/var/www/html/magento2/var/cache/mage--8/mage---a6b_LAYOUT_ADMINHTML_STORE1_2C470299521325284ED2F872FB317D47B_PAGE_LAYOUT_MERGED" file can't be deleted. Warning!unlink(/var/www/html/magento2/var/cache/mage--8/mage---a6b_LAYOUT_ADMINHTML_STORE1_2C470299521325284ED2F872FB317D47B_PAGE_LAYOUT_MERGED): Permission denied The "/var/www/html/magento2/var/cache/mage--8/mage---a6b_TRANSLATE_EN_US_ADMINHTML_ADMIN_MAGENTO_BACKEND_MAGENTO_SALES" file can't be deleted. Warning!unlink(/var/www/html/magento2/var/cache/mage--8/mage---a6b_TRANSLATE_EN_US_ADMINHTML_ADMIN_MAGENTO_BACKEND_MAGENTO_SALES): Permission denied The "/var/www/html/magento2/var/cache/mage--8/mage---a6b_SYSTEM_STORES_3" file can't be deleted. Warning!unlink(/var/www/html/magento2/var/cache/mage--8/mage---a6b_SYSTEM_STORES_3): Permission denied The "/var/www/html/magento2/var/cache/mage--8/mage---a6b_THEME_BY_ID_3" file can't be deleted. Warning!unlink(/var/www/html/magento2/var/cache/mage--8/mage---a6b_THEME_BY_ID_3): Permission denied The "/var/www/html/magento2/var/cache/mage--b/mage---a6b_TRANSLATE_EN_US_ADMINHTML_ADMIN_MAGENTO_BACKEND_MAGENTO_BACKEND" file can't be deleted. Warning!unlink(/var/www/html/magento2/var/cache/mage--b/mage---a6b_TRANSLATE_EN_US_ADMINHTML_ADMIN_MAGENTO_BACKEND_MAGENTO_BACKEND): Permission denied The "/var/www/html/magento2/var/cache/mage--b/mage---a6b_AUTHORIZATION_ROLE_CACHED_DATA" file can't be deleted. Warning!unlink(/var/www/html/magento2/var/cache/mage--b/mage---a6b_AUTHORIZATION_ROLE_CACHED_DATA): Permission denied The "/var/www/html/magento2/var/cache/mage--b/mage---a6b_LAYOUT_FRONTEND_STORE1_3C7461AF04BB11FE209659D7147D2C579_PAGE_LAYOUT_MERGED" file can't be deleted. Warning!unlink(/var/www/html/magento2/var/cache/mage--b/mage---a6b_LAYOUT_FRONTEND_STORE1_3C7461AF04BB11FE209659D7147D2C579_PAGE_LAYOUT_MERGED): Permission denied The "/var/www/html/magento2/var/cache/mage--b/mage---a6b_TRANSLATE_EN_US_ADMINHTML_ADMIN_MAGENTO_BACKEND_" file can't be deleted. Warning!unlink(/var/www/html/magento2/var/cache/mage--b/mage---a6b_TRANSLATE_EN_US_ADMINHTML_ADMIN_MAGENTO_BACKEND_): Permission denied The "/var/www/html/magento2/var/cache/mage--b/mage---a6b_PAYMENT_CONFIG" file can't be deleted. Warning!unlink(/var/www/html/magento2/var/cache/mage--b/mage---a6b_PAYMENT_CONFIG): Permission denied The "/var/www/html/magento2/var/cache/mage--4/mage---a6b_ADDRESS_FORMAT" file can't be deleted. Warning!unlink(/var/www/html/magento2/var/cache/mage--4/mage---a6b_ADDRESS_FORMAT): Permission denied The "/var/www/html/magento2/var/cache/mage--4/mage---a6b_STRUCTURE_LAYOUT_ADMINHTML_STORE1_291FCCD54DA687AFC76A5D6559B714906" file can't be deleted. Warning!unlink(/var/www/html/magento2/var/cache/mage--4/mage---a6b_STRUCTURE_LAYOUT_ADMINHTML_STORE1_291FCCD54DA687AFC76A5D6559B714906): Permission denied The "/var/www/html/magento2/var/cache/mage--4/mage---a6b_ADMIN_USAGE_NOTIFICATION_POPUP" file can't be deleted. Warning!unlink(/var/www/html/magento2/var/cache/mage--4/mage---a6b_ADMIN_USAGE_NOTIFICATION_POPUP): Permission denied The "/var/www/html/magento2/var/cache/mage--4/mage---a6b_BLOCK_3D02A9C6039C035B9A3C11D11BC2715C9929C9DA" file can't be deleted. Warning!unlink(/var/www/html/magento2/var/cache/mage--4/mage---a6b_BLOCK_3D02A9C6039C035B9A3C11D11BC2715C9929C9DA): Permission denied The "/var/www/html/magento2/var/cache/mage--4/mage---a6b_DB_PDO_MYSQL_DDL_CMS_PAGE_3" file can't be deleted. Warning!unlink(/var/www/html/magento2/var/cache/mage--4/mage---a6b_DB_PDO_MYSQL_DDL_CMS_PAGE_3): Permission denied The "/var/www/html/magento2/var/cache/mage--d/mage---a6b_LAYOUT_FRONTEND_STORE1_36F1B068EC7CCF4878F9284DD1137AFD1_PAGE_LAYOUT_MERGED" file can't be deleted. Warning!unlink(/var/www/html/magento2/var/cache/mage--d/mage---a6b_LAYOUT_FRONTEND_STORE1_36F1B068EC7CCF4878F9284DD1137AFD1_PAGE_LAYOUT_MERGED): Permission denied The "/var/www/html/magento2/var/cache/mage--d/mage---a6b_EAV_ENTITY_TYPES" file can't be deleted. Warning!unlink(/var/www/html/magento2/var/cache/mage--d/mage---a6b_EAV_ENTITY_TYPES): Permission denied The "/var/www/html/magento2/var/cache/mage--d/mage---a6b_SYSTEM" file can't be deleted. Warning!unlink(/var/www/html/magento2/var/cache/mage--d/mage---a6b_SYSTEM): Permission denied The "/var/www/html/magento2/var/cache/mage--d/mage---a6b_FRONTEND__ROUTESCONFIG" file can't be deleted. Warning!unlink(/var/www/html/magento2/var/cache/mage--d/mage---a6b_FRONTEND__ROUTESCONFIG): Permission denied The "/var/www/html/magento2/var/cache/mage--d/mage---a6b_SYSTEM_STORES_1" file can't be deleted. Warning!unlink(/var/www/html/magento2/var/cache/mage--d/mage---a6b_SYSTEM_STORES_1): Permission denied The "/var/www/html/magento2/var/cache/mage--d/mage---a6b_STRUCTURE_LAYOUT_ADMINHTML_STORE1_2D41D8CD98F00B204E9800998ECF8427E" file can't be deleted. Warning!unlink(/var/www/html/magento2/var/cache/mage--d/mage---a6b_STRUCTURE_LAYOUT_ADMINHTML_STORE1_2D41D8CD98F00B204E9800998ECF8427E): Permission denied The "/var/www/html/magento2/var/cache/mage--d/mage---a6b_THEMEFRONTEND_MAGENTO_LUMA" file can't be deleted. Warning!unlink(/var/www/html/magento2/var/cache/mage--d/mage---a6b_THEMEFRONTEND_MAGENTO_LUMA): Permission denied The "/var/www/html/magento2/var/cache/mage--d/mage---a6b_APP_108B5EBA5ECACA9F6E9F88D4CD04D6E0" file can't be deleted. Warning!unlink(/var/www/html/magento2/var/cache/mage--d/mage---a6b_APP_108B5EBA5ECACA9F6E9F88D4CD04D6E0): Permission denied The "/var/www/html/magento2/var/cache/mage--d/mage---a6b_THEMEFRONTEND_MAGENTO_BLANK" file can't be deleted. Warning!unlink(/var/www/html/magento2/var/cache/mage--d/mage---a6b_THEMEFRONTEND_MAGENTO_BLANK): Permission denied The "/var/www/html/magento2/var/cache/mage--1/mage---a6b_LAYOUT_ADMINHTML_STORE1_26F1B068EC7CCF4878F9284DD1137AFD1_PAGE_LAYOUT_MERGED" file can't be deleted. Warning!unlink(/var/www/html/magento2/var/cache/mage--1/mage---a6b_LAYOUT_ADMINHTML_STORE1_26F1B068EC7CCF4878F9284DD1137AFD1_PAGE_LAYOUT_MERGED): Permission denied The "/var/www/html/magento2/var/cache/mage--1/mage---a6b_BLOCK_44E9365BAE429F96B52EA7A4099C4E918DF53B9A" file can't be deleted. Warning!unlink(/var/www/html/magento2/var/cache/mage--1/mage---a6b_BLOCK_44E9365BAE429F96B52EA7A4099C4E918DF53B9A): Permission denied The "/var/www/html/magento2/var/cache/mage--1/mage---a6b_CONFIGURATION_FILES_ACCESS_LEVEL_VERIFICATION" file can't be deleted. Warning!unlink(/var/www/html/magento2/var/cache/mage--1/mage---a6b_CONFIGURATION_FILES_ACCESS_LEVEL_VERIFICATION): Permission denied The "/var/www/html/magento2/var/cache/mage--1/mage---a6b_BACKEND_MENU_OBJECT" file can't be deleted. Warning!unlink(/var/www/html/magento2/var/cache/mage--1/mage---a6b_BACKEND_MENU_OBJECT): Permission denied The "/var/www/html/magento2/var/cache/mage--1/mage---a6b_UI_COMPONENT_CONFIGURATION_DEFINITION_DATA" file can't be deleted. Warning!unlink(/var/www/html/magento2/var/cache/mage--1/mage---a6b_UI_COMPONENT_CONFIGURATION_DEFINITION_DATA): Permission denied The "/var/www/html/magento2/var/cache/mage--1/mage---a6b_SECTIONS_INVALIDATION_CONFIG" file can't be deleted. Warning!unlink(/var/www/html/magento2/var/cache/mage--1/mage---a6b_SECTIONS_INVALIDATION_CONFIG): Permission denied The "/var/www/html/magento2/var/cache/mage--1/mage---a6b_SYSTEM_STORES_ADMIN" file can't be deleted. Warning!unlink(/var/www/html/magento2/var/cache/mage--1/mage---a6b_SYSTEM_STORES_ADMIN): Permission denied The "/var/www/html/magento2/var/cache/mage--1/mage---a6b_DB_PDO_MYSQL_DDL_SALES_ORDER_STATUS_1" file can't be deleted. Warning!unlink(/var/www/html/magento2/var/cache/mage--1/mage---a6b_DB_PDO_MYSQL_DDL_SALES_ORDER_STATUS_1): Permission denied The "/var/www/html/magento2/var/cache/mage--6/mage---a6b_THEME_BY_ID_2" file can't be deleted. Warning!unlink(/var/www/html/magento2/var/cache/mage--6/mage---a6b_THEME_BY_ID_2): Permission denied The "/var/www/html/magento2/var/cache/mage--6/mage---a6b_INITIAL_CONFIG" file can't be deleted. Warning!unlink(/var/www/html/magento2/var/cache/mage--6/mage---a6b_INITIAL_CONFIG): Permission denied The "/var/www/html/magento2/var/cache/mage--6/mage---a6b_THEME_LAYOUTS_FILES_MERGED" file can't be deleted. Warning!unlink(/var/www/html/magento2/var/cache/mage--6/mage---a6b_THEME_LAYOUTS_FILES_MERGED): Permission denied The "/var/www/html/magento2/var/cache/mage--6/mage---a6b_APP_4169C5DEEEB8F84FEFBFAC574BE2769B" file can't be deleted. Warning!unlink(/var/www/html/magento2/var/cache/mage--6/mage---a6b_APP_4169C5DEEEB8F84FEFBFAC574BE2769B): Permission denied The "/var/www/html/magento2/var/cache/mage--6/mage---a6b_LAYOUT_FRONTEND_STORE1_3PAGE_LAYOUT" file can't be deleted. Warning!unlink(/var/www/html/magento2/var/cache/mage--6/mage---a6b_LAYOUT_FRONTEND_STORE1_3PAGE_LAYOUT): Permission denied The "/var/www/html/magento2/var/cache/mage--5/mage---a6b_SYSTEM_STORES_FR" file can't be deleted. Warning!unlink(/var/www/html/magento2/var/cache/mage--5/mage---a6b_SYSTEM_STORES_FR): Permission denied The "/var/www/html/magento2/var/cache/mage--5/mage---a6b_SYSTEM_STORES_BE" file can't be deleted. Warning!unlink(/var/www/html/magento2/var/cache/mage--5/mage---a6b_SYSTEM_STORES_BE): Permission denied The "/var/www/html/magento2/var/cache/mage--5/mage---a6b_EAV_ENTITY_ATTRIBUTES_3_0_3" file can't be deleted. Warning!unlink(/var/www/html/magento2/var/cache/mage--5/mage---a6b_EAV_ENTITY_ATTRIBUTES_3_0_3): Permission denied The "/var/www/html/magento2/var/cache/mage--5/mage---a6b_SYSTEM_WEBSITES_ADMIN" file can't be deleted. Warning!unlink(/var/www/html/magento2/var/cache/mage--5/mage---a6b_SYSTEM_WEBSITES_ADMIN): Permission denied The "/var/www/html/magento2/var/cache/mage--5/mage---a6b_ADMINHTML__RESOURCESCACHE" file can't be deleted. Warning!unlink(/var/www/html/magento2/var/cache/mage--5/mage---a6b_ADMINHTML__RESOURCESCACHE): Permission denied The "/var/www/html/magento2/var/cache/mage--5/mage---a6b_DB_PDO_MYSQL_DDL_SALES_ORDER_GRID_1" file can't be deleted. Warning!unlink(/var/www/html/magento2/var/cache/mage--5/mage---a6b_DB_PDO_MYSQL_DDL_SALES_ORDER_GRID_1): Permission denied The "/var/www/html/magento2/var/cache/mage--5/mage---a6b_PROVIDER_ACL_RESOURCES_CACHE" file can't be deleted. Warning!unlink(/var/www/html/magento2/var/cache/mage--5/mage---a6b_PROVIDER_ACL_RESOURCES_CACHE): Permission denied The "/var/www/html/magento2/var/cache/mage--3/mage---a6b_RELEASE_NOTIFICATION_POPUP_2" file can't be deleted. Warning!unlink(/var/www/html/magento2/var/cache/mage--3/mage---a6b_RELEASE_NOTIFICATION_POPUP_2): Permission denied The "/var/www/html/magento2/var/cache/mage--3/mage---a6b_ADMIN_NOTIFICATIONS_LASTCHECK" file can't be deleted. Warning!unlink(/var/www/html/magento2/var/cache/mage--3/mage---a6b_ADMIN_NOTIFICATIONS_LASTCHECK): Permission denied The "/var/www/html/magento2/var/cache/mage--3/mage---a6b_BLOCK_AA0D1879257E4BF454FAF87F1169A1BB7943FAFC" file can't be deleted. Warning!unlink(/var/www/html/magento2/var/cache/mage--3/mage---a6b_BLOCK_AA0D1879257E4BF454FAF87F1169A1BB7943FAFC): Permission denied The "/var/www/html/magento2/var/cache/mage--3/mage---a6b_DB_PDO_MYSQL_DDL_ADMIN_USER_SESSION_1" file can't be deleted. Warning!unlink(/var/www/html/magento2/var/cache/mage--3/mage---a6b_DB_PDO_MYSQL_DDL_ADMIN_USER_SESSION_1): Permission denied The "/var/www/html/magento2/var/cache/mage--3/mage---a6b_SYSTEM_WEBSITES_0" file can't be deleted. Warning!unlink(/var/www/html/magento2/var/cache/mage--3/mage---a6b_SYSTEM_WEBSITES_0): Permission denied The "/var/www/html/magento2/var/cache/mage--3/mage---a6b_CRON_GROUPS_CONFIG_CACHE" file can't be deleted. Warning!unlink(/var/www/html/magento2/var/cache/mage--3/mage---a6b_CRON_GROUPS_CONFIG_CACHE): Permission denied The "/var/www/html/magento2/var/cache/mage--3/mage---a6b_TRANSLATE_EN_US_ADMINHTML_ADMIN_MAGENTO_BACKEND_MAGENTO_UI" file can't be deleted. Warning!unlink(/var/www/html/magento2/var/cache/mage--3/mage---a6b_TRANSLATE_EN_US_ADMINHTML_ADMIN_MAGENTO_BACKEND_MAGENTO_UI): Permission denied The "/var/www/html/magento2/var/cache/mage--3/mage---a6b_ASSIGNED_ROLE_2" file can't be deleted. Warning!unlink(/var/www/html/magento2/var/cache/mage--3/mage---a6b_ASSIGNED_ROLE_2): Permission denied The "/var/www/html/magento2/var/cache/mage--3/mage---a6b_ADMINHTML__EVENT_CONFIG_CACHE" file can't be deleted. Warning!unlink(/var/www/html/magento2/var/cache/mage--3/mage---a6b_ADMINHTML__EVENT_CONFIG_CACHE): Permission denied The "/var/www/html/magento2/var/cache/mage--3/mage---a6b_DB_IS_UP_TO_DATE" file can't be deleted. Warning!unlink(/var/www/html/magento2/var/cache/mage--3/mage---a6b_DB_IS_UP_TO_DATE): Permission denied The "/var/www/html/magento2/var/cache/mage--3/mage---a6b_TRANSLATE_EN_US_FRONTEND_DEFAULT_MAGENTO_LUMA_MAGENTO_CMS" file can't be deleted. Warning!unlink(/var/www/html/magento2/var/cache/mage--3/mage---a6b_TRANSLATE_EN_US_FRONTEND_DEFAULT_MAGENTO_LUMA_MAGENTO_CMS): Permission denied The "/var/www/html/magento2/var/cache/mage--9/mage---a6b_STRUCTURE_LAYOUT_ADMINHTML_STORE1_297367C484975343FEA5D20830D4FB758" file can't be deleted. Warning!unlink(/var/www/html/magento2/var/cache/mage--9/mage---a6b_STRUCTURE_LAYOUT_ADMINHTML_STORE1_297367C484975343FEA5D20830D4FB758): Permission denied The "/var/www/html/magento2/var/cache/mage--9/mage---a6b_FRONTEND__EVENT_CONFIG_CACHE" file can't be deleted. Warning!unlink(/var/www/html/magento2/var/cache/mage--9/mage---a6b_FRONTEND__EVENT_CONFIG_CACHE): Permission denied The "/var/www/html/magento2/var/cache/mage--9/mage---a6b_LAYOUT_ADMINHTML_STORE1_297367C484975343FEA5D20830D4FB758_PAGE_LAYOUT_MERGED" file can't be deleted. Warning!unlink(/var/www/html/magento2/var/cache/mage--9/mage---a6b_LAYOUT_ADMINHTML_STORE1_297367C484975343FEA5D20830D4FB758_PAGE_LAYOUT_MERGED): Permission denied The "/var/www/html/magento2/var/cache/mage--9/mage---a6b_UI_COMPONENT_CONFIGURATION_DATA_NOTIFICATION_AREA" file can't be deleted. Warning!unlink(/var/www/html/magento2/var/cache/mage--9/mage---a6b_UI_COMPONENT_CONFIGURATION_DATA_NOTIFICATION_AREA): Permission denied The "/var/www/html/magento2/var/cache/mage--9/mage---a6b_STRUCTURE_LAYOUT_FRONTEND_STORE1_3C7461AF04BB11FE209659D7147D2C579" file can't be deleted. Warning!unlink(/var/www/html/magento2/var/cache/mage--9/mage---a6b_STRUCTURE_LAYOUT_FRONTEND_STORE1_3C7461AF04BB11FE209659D7147D2C579): Permission denied The "/var/www/html/magento2/var/cache/mage--9/mage---a6b_DB_PDO_MYSQL_DDL_SALES_ORDER_1" file can't be deleted. Warning!unlink(/var/www/html/magento2/var/cache/mage--9/mage---a6b_DB_PDO_MYSQL_DDL_SALES_ORDER_1): Permission denied The "/var/www/html/magento2/var/cache/mage--9/mage---a6b_BLOCK_CA2D04F236756BAF985ADFB6B192354441B4BC96" file can't be deleted. Warning!unlink(/var/www/html/magento2/var/cache/mage--9/mage---a6b_BLOCK_CA2D04F236756BAF985ADFB6B192354441B4BC96): Permission denied The "/var/www/html/magento2/var/cache/mage--9/mage---a6b_DB_PDO_MYSQL_DDL_CATALOG_CATEGORY_ENTITY_3" file can't be deleted. Warning!unlink(/var/www/html/magento2/var/cache/mage--9/mage---a6b_DB_PDO_MYSQL_DDL_CATALOG_CATEGORY_ENTITY_3): Permission denied The "/var/www/html/magento2/var/cache/mage--9/mage---a6b_LAYOUT_ADMINHTML_STORE1_2" file can't be deleted. Warning!unlink(/var/www/html/magento2/var/cache/mage--9/mage---a6b_LAYOUT_ADMINHTML_STORE1_2): Permission denied The "/var/www/html/magento2/var/cache/mage--9/mage---a6b_GLOBAL__RESOURCESCACHE" file can't be deleted. Warning!unlink(/var/www/html/magento2/var/cache/mage--9/mage---a6b_GLOBAL__RESOURCESCACHE): Permission denied The "/var/www/html/magento2/var/cache/mage--9/mage---a6b_SYSTEM_STORES_DEFAULT" file can't be deleted. Warning!unlink(/var/www/html/magento2/var/cache/mage--9/mage---a6b_SYSTEM_STORES_DEFAULT): Permission denied The "/var/www/html/magento2/var/cache/mage--9/mage---a6b_SYSTEM_STORES_2" file can't be deleted. Warning!unlink(/var/www/html/magento2/var/cache/mage--9/mage---a6b_SYSTEM_STORES_2): Permission denied The "/var/www/html/magento2/var/cache/mage--9/mage---a6b_STRUCTURE_LAYOUT_FRONTEND_STORE1_36F1B068EC7CCF4878F9284DD1137AFD1" file can't be deleted. Warning!unlink(/var/www/html/magento2/var/cache/mage--9/mage---a6b_STRUCTURE_LAYOUT_FRONTEND_STORE1_36F1B068EC7CCF4878F9284DD1137AFD1): Permission denied The "/var/www/html/magento2/var/cache/mage--9/mage---a6b_STRUCTURE_LAYOUT_ADMINHTML_STORE1_2C470299521325284ED2F872FB317D47B" file can't be deleted. Warning!unlink(/var/www/html/magento2/var/cache/mage--9/mage---a6b_STRUCTURE_LAYOUT_ADMINHTML_STORE1_2C470299521325284ED2F872FB317D47B): Permission denied The "/var/www/html/magento2/var/cache/mage--9/mage---a6b_UI_COMPONENT_CONFIGURATION_DATA_ADMIN_USAGE_NOTIFICATION" file can't be deleted. Warning!unlink(/var/www/html/magento2/var/cache/mage--9/mage---a6b_UI_COMPONENT_CONFIGURATION_DATA_ADMIN_USAGE_NOTIFICATION): Permission denied The "/var/www/html/magento2/var/cache/mage--e/mage---a6b_FRONTEND__CSP_WHITELIST_CONFIG" file can't be deleted. Warning!unlink(/var/www/html/magento2/var/cache/mage--e/mage---a6b_FRONTEND__CSP_WHITELIST_CONFIG): Permission denied The "/var/www/html/magento2/var/cache/mage--e/mage---a6b_SYSTEM_WEBSITES_1" file can't be deleted. Warning!unlink(/var/www/html/magento2/var/cache/mage--e/mage---a6b_SYSTEM_WEBSITES_1): Permission denied The "/var/www/html/magento2/var/cache/mage--e/mage---a6b_ADMINHTML__CSP_WHITELIST_CONFIG" file can't be deleted. Warning!unlink(/var/www/html/magento2/var/cache/mage--e/mage---a6b_ADMINHTML__CSP_WHITELIST_CONFIG): Permission denied The "/var/www/html/magento2/var/cache/mage--e/mage---a6b_DESIGN_CHANGE_E08D1AFD4BE7C0DFD028563334C7B875" file can't be deleted. Warning!unlink(/var/www/html/magento2/var/cache/mage--e/mage---a6b_DESIGN_CHANGE_E08D1AFD4BE7C0DFD028563334C7B875): Permission denied The "/var/www/html/magento2/var/cache/mage--e/mage---a6b_SYSTEM_STORES_0" file can't be deleted. Warning!unlink(/var/www/html/magento2/var/cache/mage--e/mage---a6b_SYSTEM_STORES_0): Permission denied The "/var/www/html/magento2/var/cache/mage--2/mage---a6b_UI_COMPONENT_CONFIGURATION_DATA_SALES_ORDER_GRID" file can't be deleted. Warning!unlink(/var/www/html/magento2/var/cache/mage--2/mage---a6b_UI_COMPONENT_CONFIGURATION_DATA_SALES_ORDER_GRID): Permission denied The "/var/www/html/magento2/var/cache/mage--2/mage---a6b_EAV_ENTITY_ATTRIBUTES_3_1_3" file can't be deleted. Warning!unlink(/var/www/html/magento2/var/cache/mage--2/mage---a6b_EAV_ENTITY_ATTRIBUTES_3_1_3): Permission denied The "/var/www/html/magento2/var/cache/mage--2/mage---a6b_SYSTEM_WEBSITES_BASE" file can't be deleted. Warning!unlink(/var/www/html/magento2/var/cache/mage--2/mage---a6b_SYSTEM_WEBSITES_BASE): Permission denied The "/var/www/html/magento2/var/cache/mage--2/mage---a6b_THEME_BY_ID_1" file can't be deleted. Warning!unlink(/var/www/html/magento2/var/cache/mage--2/mage---a6b_THEME_BY_ID_1): Permission denied The "/var/www/html/magento2/var/cache/mage--2/mage---a6b_LAYOUT_ADMINHTML_STORE1_231B80C99F1D265B3F83441BDFF2ABF85_PAGE_LAYOUT_MERGED" file can't be deleted. Warning!unlink(/var/www/html/magento2/var/cache/mage--2/mage---a6b_LAYOUT_ADMINHTML_STORE1_231B80C99F1D265B3F83441BDFF2ABF85_PAGE_LAYOUT_MERGED): Permission denied The "/var/www/html/magento2/var/cache/mage--2/mage---a6b_LAYOUT_ADMINHTML_STORE1_2D41D8CD98F00B204E9800998ECF8427E_PAGE_LAYOUT_MERGED" file can't be deleted. Warning!unlink(/var/www/html/magento2/var/cache/mage--2/mage---a6b_LAYOUT_ADMINHTML_STORE1_2D41D8CD98F00B204E9800998ECF8427E_PAGE_LAYOUT_MERGED): Permission denied The "/var/www/html/magento2/var/cache/mage--2/mage---a6b_LAYOUT_FRONTEND_STORE1_30A98983867A1770682B48D9A0AD63441_PAGE_LAYOUT_MERGED" file can't be deleted. Warning!unlink(/var/www/html/magento2/var/cache/mage--2/mage---a6b_LAYOUT_FRONTEND_STORE1_30A98983867A1770682B48D9A0AD63441_PAGE_LAYOUT_MERGED): Permission denied The "/var/www/html/magento2/var/cache/mage--2/mage---a6b_LAYOUT_ADMINHTML_STORE1_2CF9AB1B1723BEDC1DCD665A812B00335_PAGE_LAYOUT_MERGED" file can't be deleted. Warning!unlink(/var/www/html/magento2/var/cache/mage--2/mage---a6b_LAYOUT_ADMINHTML_STORE1_2CF9AB1B1723BEDC1DCD665A812B00335_PAGE_LAYOUT_MERGED): Permission denied The "/var/www/html/magento2/var/cache/mage--7/mage---a6b_BLOCK_CC742745246367A5AFBAED340AC94BC19BB3960D" file can't be deleted. Warning!unlink(/var/www/html/magento2/var/cache/mage--7/mage---a6b_BLOCK_CC742745246367A5AFBAED340AC94BC19BB3960D): Permission denied The "/var/www/html/magento2/var/cache/mage--7/mage---a6b_GLOBAL__EVENT_CONFIG_CACHE" file can't be deleted. Warning!unlink(/var/www/html/magento2/var/cache/mage--7/mage---a6b_GLOBAL__EVENT_CONFIG_CACHE): Permission denied The "/var/www/html/magento2/var/cache/mage--7/mage---a6b_DB_PDO_MYSQL_DDL_THEME_1" file can't be deleted. Warning!unlink(/var/www/html/magento2/var/cache/mage--7/mage---a6b_DB_PDO_MYSQL_DDL_THEME_1): Permission denied The "/var/www/html/magento2/var/cache/mage--7/mage---a6b_GLOBAL__CSP_WHITELIST_CONFIG" file can't be deleted. Warning!unlink(/var/www/html/magento2/var/cache/mage--7/mage---a6b_GLOBAL__CSP_WHITELIST_CONFIG): Permission denied The "/var/www/html/magento2/var/cache/mage--7/mage---a6b_TRANSLATE_EN_US_FRONTEND_DEFAULT_MAGENTO_LUMA_" file can't be deleted. Warning!unlink(/var/www/html/magento2/var/cache/mage--7/mage---a6b_TRANSLATE_EN_US_FRONTEND_DEFAULT_MAGENTO_LUMA_): Permission denied The "/var/www/html/magento2/var/cache/mage--7/mage---a6b_BLOCK_4E82BF2EB76D17FD52C99D4B9A50B0F9968C0D67" file can't be deleted. Warning!unlink(/var/www/html/magento2/var/cache/mage--7/mage---a6b_BLOCK_4E82BF2EB76D17FD52C99D4B9A50B0F9968C0D67): Permission denied The "/var/www/html/magento2/var/cache/mage--f/mage---a6b_EXTENSION_ATTRIBUTES_CONFIG" file can't be deleted. Warning!unlink(/var/www/html/magento2/var/cache/mage--f/mage---a6b_EXTENSION_ATTRIBUTES_CONFIG): Permission denied The "/var/www/html/magento2/var/cache/mage--f/mage---a6b_FRONTEND__RESOURCESCACHE" file can't be deleted. Warning!unlink(/var/www/html/magento2/var/cache/mage--f/mage---a6b_FRONTEND__RESOURCESCACHE): Permission denied The "/var/www/html/magento2/var/cache/mage--f/mage---a6b_LAYOUT_ADMINHTML_STORE1_291FCCD54DA687AFC76A5D6559B714906_PAGE_LAYOUT_MERGED" file can't be deleted. Warning!unlink(/var/www/html/magento2/var/cache/mage--f/mage---a6b_LAYOUT_ADMINHTML_STORE1_291FCCD54DA687AFC76A5D6559B714906_PAGE_LAYOUT_MERGED): Permission denied The "/var/www/html/magento2/var/cache/mage--f/mage---a6b_SYSTEM_DEFAULT" file can't be deleted. Warning!unlink(/var/www/html/magento2/var/cache/mage--f/mage---a6b_SYSTEM_DEFAULT): Permission denied The "/var/www/html/magento2/var/cache/mage--f/mage---a6b_THEMEADMINHTML_MAGENTO_BACKEND" file can't be deleted. Warning!unlink(/var/www/html/magento2/var/cache/mage--f/mage---a6b_THEMEADMINHTML_MAGENTO_BACKEND): Permission denied The "/var/www/html/magento2/var/cache/mage--f/mage---a6b_LAYOUT_ADMINHTML_STORE1_2PAGE_LAYOUT" file can't be deleted. Warning!unlink(/var/www/html/magento2/var/cache/mage--f/mage---a6b_LAYOUT_ADMINHTML_STORE1_2PAGE_LAYOUT): Permission denied The "/var/www/html/magento2/var/cache/mage--c/mage---a6b_SYSTEM_SCOPES" file can't be deleted. Warning!unlink(/var/www/html/magento2/var/cache/mage--c/mage---a6b_SYSTEM_SCOPES): Permission denied The "/var/www/html/magento2/var/cache/mage--c/mage---a6b_DB_PDO_MYSQL_DDL_SETUP_MODULE_5" file can't be deleted. Warning!unlink(/var/www/html/magento2/var/cache/mage--c/mage---a6b_DB_PDO_MYSQL_DDL_SETUP_MODULE_5): Permission denied The "/var/www/html/magento2/var/cache/mage--c/mage---a6b_ADMINHTML__ROUTESCONFIG" file can't be deleted. Warning!unlink(/var/www/html/magento2/var/cache/mage--c/mage---a6b_ADMINHTML__ROUTESCONFIG): Permission denied The "/var/www/html/magento2/var/cache/mage--c/mage---a6b_RELEASE_NOTIFICATION_CONTENT_2__4__6_COMMUNITY_EN_US" file can't be deleted. Warning!unlink(/var/www/html/magento2/var/cache/mage--c/mage---a6b_RELEASE_NOTIFICATION_CONTENT_2__4__6_COMMUNITY_EN_US): Permission denied The "/var/www/html/magento2/var/cache/mage--c/mage---a6b_AUTHORIZATION_RULE_CACHED_DATA" file can't be deleted. Warning!unlink(/var/www/html/magento2/var/cache/mage--c/mage---a6b_AUTHORIZATION_RULE_CACHED_DATA): Permission denied The "/var/www/html/magento2/var/cache/mage--c/mage---a6b_UI_COMPONENT_CONFIGURATION_DATA_RELEASE_NOTIFICATION" file can't be deleted. Warning!unlink(/var/www/html/magento2/var/cache/mage--c/mage---a6b_UI_COMPONENT_CONFIGURATION_DATA_RELEASE_NOTIFICATION): Permission denied The "/var/www/html/magento2/var/cache/mage--0/mage---a6b_INDEXER_CONFIG" file can't be deleted. Warning!unlink(/var/www/html/magento2/var/cache/mage--0/mage---a6b_INDEXER_CONFIG): Permission denied The "/var/www/html/magento2/var/cache/mage--0/mage---a6b_RESOLVED_STORES_D1BEFA03C79CA0B84ECC488DEA96BC68" file can't be deleted. Warning!unlink(/var/www/html/magento2/var/cache/mage--0/mage---a6b_RESOLVED_STORES_D1BEFA03C79CA0B84ECC488DEA96BC68): Permission denied The "/var/www/html/magento2/var/cache/mage--0/mage---a6b_LAYOUT_FRONTEND_STORE1_3" file can't be deleted. Warning!unlink(/var/www/html/magento2/var/cache/mage--0/mage---a6b_LAYOUT_FRONTEND_STORE1_3): Permission denied The "/var/www/html/magento2/var/cache/mage--a/mage---a6b_STRUCTURE_LAYOUT_ADMINHTML_STORE1_26F1B068EC7CCF4878F9284DD1137AFD1" file can't be deleted. Warning!unlink(/var/www/html/magento2/var/cache/mage--a/mage---a6b_STRUCTURE_LAYOUT_ADMINHTML_STORE1_26F1B068EC7CCF4878F9284DD1137AFD1): Permission denied The "/var/www/html/magento2/var/cache/mage--a/mage---a6b_APP_ACTION_LIST" file can't be deleted. Warning!unlink(/var/www/html/magento2/var/cache/mage--a/mage---a6b_APP_ACTION_LIST): Permission denied The "/var/www/html/magento2/var/cache/mage--a/mage---a6b_APP_35C0BF370AE35F8C482DC31B8A81FC2F" file can't be deleted. Warning!unlink(/var/www/html/magento2/var/cache/mage--a/mage---a6b_APP_35C0BF370AE35F8C482DC31B8A81FC2F): Permission denied The "/var/www/html/magento2/var/cache/mage--a/mage---a6b_UI_COMPONENT_TEMPLATES" file can't be deleted. Warning!unlink(/var/www/html/magento2/var/cache/mage--a/mage---a6b_UI_COMPONENT_TEMPLATES): Permission denied The "/var/www/html/magento2/var/cache/mage--8/mage---a6b_APP_CE79F7EF764E9F981C8549B9DBEC468F" file can't be deleted. Warning!unlink(/var/www/html/magento2/var/cache/mage--8/mage---a6b_APP_CE79F7EF764E9F981C8549B9DBEC468F): Permission denied The "/var/www/html/magento2/var/cache/mage--8/mage---a6b_MAGE_VERSION" file can't be deleted. Warning!unlink(/var/www/html/magento2/var/cache/mage--8/mage---a6b_MAGE_VERSION): Permission denied The "/var/www/html/magento2/var/cache/mage--8/mage---a6b_LAYOUT_ADMINHTML_STORE1_2C470299521325284ED2F872FB317D47B_PAGE_LAYOUT_MERGED" file can't be deleted. Warning!unlink(/var/www/html/magento2/var/cache/mage--8/mage---a6b_LAYOUT_ADMINHTML_STORE1_2C470299521325284ED2F872FB317D47B_PAGE_LAYOUT_MERGED): Permission denied The "/var/www/html/magento2/var/cache/mage--8/mage---a6b_TRANSLATE_EN_US_ADMINHTML_ADMIN_MAGENTO_BACKEND_MAGENTO_SALES" file can't be deleted. Warning!unlink(/var/www/html/magento2/var/cache/mage--8/mage---a6b_TRANSLATE_EN_US_ADMINHTML_ADMIN_MAGENTO_BACKEND_MAGENTO_SALES): Permission denied The "/var/www/html/magento2/var/cache/mage--8/mage---a6b_SYSTEM_STORES_3" file can't be deleted. Warning!unlink(/var/www/html/magento2/var/cache/mage--8/mage---a6b_SYSTEM_STORES_3): Permission denied The "/var/www/html/magento2/var/cache/mage--8/mage---a6b_THEME_BY_ID_3" file can't be deleted. Warning!unlink(/var/www/html/magento2/var/cache/mage--8/mage---a6b_THEME_BY_ID_3): Permission denied
#0 /var/www/html/magento2/setup/src/Magento/Setup/Console/Command/DiCompileCommand.php(309): Magento\Framework\Filesystem\Directory\Write->delete()
#1 /var/www/html/magento2/setup/src/Magento/Setup/Console/Command/DiCompileCommand.php(183): Magento\Setup\Console\Command\DiCompileCommand->cleanupFilesystem()
#2 /var/www/html/magento2/vendor/symfony/console/Command/Command.php(298): Magento\Setup\Console\Command\DiCompileCommand->execute()
#3 /var/www/html/magento2/vendor/symfony/console/Application.php(1040): Symfony\Component\Console\Command\Command->run()
#4 /var/www/html/magento2/vendor/symfony/console/Application.php(301): Symfony\Component\Console\Application->doRunCommand()
#5 /var/www/html/magento2/vendor/magento/framework/Console/Cli.php(116): Symfony\Component\Console\Application->doRun()
#6 /var/www/html/magento2/vendor/symfony/console/Application.php(171): Magento\Framework\Console\Cli->doRun()
#7 /var/www/html/magento2/bin/magento(23): Symfony\Component\Console\Application->run()
#8 {main} [] []
[2025-08-13T04:14:04.092210+00:00] main.CRITICAL: Can't create directory /var/www/html/magento2/generated/code/Magento/Framework/App/ResourceConnection/.
Class Magento\Framework\App\ResourceConnection\Proxy generation error: The requested class did not generate properly, because the 'generated' directory permission is read-only. If --- after running the 'bin/magento setup:di:compile' CLI command when the 'generated' directory permission is set to write --- the requested class did not generate properly, then you must add the generated class object to the signature of the related construct method, only. [] []
[2025-08-13T04:14:06.942864+00:00] main.CRITICAL: Can't create directory /var/www/html/magento2/generated/code/Magento/Framework/App/ResourceConnection/.
Class Magento\Framework\App\ResourceConnection\Proxy generation error: The requested class did not generate properly, because the 'generated' directory permission is read-only. If --- after running the 'bin/magento setup:di:compile' CLI command when the 'generated' directory permission is set to write --- the requested class did not generate properly, then you must add the generated class object to the signature of the related construct method, only. [] []
[2025-08-13T04:14:28.243267+00:00] main.ERROR: Command "setup:upgarde" is not defined.

Did you mean one of these?
    setup:backup
    setup:config:set
    setup:db-data:upgrade
    setup:db-declaration:generate-patch
    setup:db-declaration:generate-whitelist
    setup:db-schema:upgrade
    setup:db:status
    setup:di:compile
    setup:install
    setup:performance:generate-fixtures
    setup:rollback
    setup:static-content:deploy
    setup:store-config:set
    setup:uninstall
    setup:upgrade
#0 /var/www/html/magento2/vendor/symfony/console/Application.php(259): Symfony\Component\Console\Application->find()
#1 /var/www/html/magento2/vendor/magento/framework/Console/Cli.php(116): Symfony\Component\Console\Application->doRun()
#2 /var/www/html/magento2/vendor/symfony/console/Application.php(171): Magento\Framework\Console\Cli->doRun()
#3 /var/www/html/magento2/bin/magento(23): Symfony\Component\Console\Application->run()
#4 {main} [] []
[2025-08-13T04:17:10.487753+00:00] main.INFO: Broken reference: the 'catalog.compare.sidebar' element cannot be added as child to 'sidebar.additional', because the latter doesn't exist [] []
[2025-08-13T04:17:10.488660+00:00] main.INFO: Broken reference: the 'sale.reorder.sidebar' element cannot be added as child to 'sidebar.additional', because the latter doesn't exist [] []
[2025-08-13T04:17:10.489896+00:00] main.INFO: Broken reference: the 'wishlist_sidebar' element cannot be added as child to 'sidebar.additional', because the latter doesn't exist [] []
[2025-08-13T04:17:10.490804+00:00] main.INFO: Broken reference: the 'paypal.partner.right.logo' element cannot be added as child to 'sidebar.additional', because the latter doesn't exist [] []
[2025-08-13T04:17:10.491453+00:00] main.INFO: Broken reference: the 'bml.right.logo' element cannot be added as child to 'sidebar.additional', because the latter doesn't exist [] []
[2025-08-13T04:17:10.491921+00:00] main.INFO: Broken reference: the 'sidebar.container.paylater' element cannot be added as child to 'sidebar.additional', because the latter doesn't exist [] []
[2025-08-13T04:29:05.416082+00:00] main.INFO: Broken reference: the 'catalog.compare.sidebar' element cannot be added as child to 'sidebar.additional', because the latter doesn't exist [] []
[2025-08-13T04:29:05.417918+00:00] main.INFO: Broken reference: the 'sale.reorder.sidebar' element cannot be added as child to 'sidebar.additional', because the latter doesn't exist [] []
[2025-08-13T04:29:05.419571+00:00] main.INFO: Broken reference: the 'wishlist_sidebar' element cannot be added as child to 'sidebar.additional', because the latter doesn't exist [] []
[2025-08-13T04:29:05.421051+00:00] main.INFO: Broken reference: the 'paypal.partner.right.logo' element cannot be added as child to 'sidebar.additional', because the latter doesn't exist [] []
[2025-08-13T04:29:05.422309+00:00] main.INFO: Broken reference: the 'bml.right.logo' element cannot be added as child to 'sidebar.additional', because the latter doesn't exist [] []
[2025-08-13T04:29:05.423440+00:00] main.INFO: Broken reference: the 'sidebar.container.paylater' element cannot be added as child to 'sidebar.additional', because the latter doesn't exist [] []
[2025-08-13T04:33:58.841819+00:00] main.INFO: Broken reference: the 'catalog.compare.sidebar' element cannot be added as child to 'sidebar.additional', because the latter doesn't exist [] []
[2025-08-13T04:33:58.843447+00:00] main.INFO: Broken reference: the 'sale.reorder.sidebar' element cannot be added as child to 'sidebar.additional', because the latter doesn't exist [] []
[2025-08-13T04:33:58.845075+00:00] main.INFO: Broken reference: the 'wishlist_sidebar' element cannot be added as child to 'sidebar.additional', because the latter doesn't exist [] []
[2025-08-13T04:33:58.846084+00:00] main.INFO: Broken reference: the 'paypal.partner.right.logo' element cannot be added as child to 'sidebar.additional', because the latter doesn't exist [] []
[2025-08-13T04:33:58.846956+00:00] main.INFO: Broken reference: the 'bml.right.logo' element cannot be added as child to 'sidebar.additional', because the latter doesn't exist [] []
[2025-08-13T04:33:58.847792+00:00] main.INFO: Broken reference: the 'sidebar.container.paylater' element cannot be added as child to 'sidebar.additional', because the latter doesn't exist [] []
[2025-08-13T04:42:10.854952+00:00] main.INFO: Broken reference: the 'catalog.compare.sidebar' element cannot be added as child to 'sidebar.additional', because the latter doesn't exist [] []
[2025-08-13T04:42:10.855772+00:00] main.INFO: Broken reference: the 'sale.reorder.sidebar' element cannot be added as child to 'sidebar.additional', because the latter doesn't exist [] []
[2025-08-13T04:42:10.856568+00:00] main.INFO: Broken reference: the 'wishlist_sidebar' element cannot be added as child to 'sidebar.additional', because the latter doesn't exist [] []
[2025-08-13T04:42:10.857148+00:00] main.INFO: Broken reference: the 'paypal.partner.right.logo' element cannot be added as child to 'sidebar.additional', because the latter doesn't exist [] []
[2025-08-13T04:42:10.857601+00:00] main.INFO: Broken reference: the 'bml.right.logo' element cannot be added as child to 'sidebar.additional', because the latter doesn't exist [] []
[2025-08-13T04:42:10.858144+00:00] main.INFO: Broken reference: the 'sidebar.container.paylater' element cannot be added as child to 'sidebar.additional', because the latter doesn't exist [] []
[2025-08-13T18:12:26.337142+00:00] main.INFO: Broken reference: the 'catalog.compare.sidebar' element cannot be added as child to 'sidebar.additional', because the latter doesn't exist [] []
[2025-08-13T18:12:26.341807+00:00] main.INFO: Broken reference: the 'sale.reorder.sidebar' element cannot be added as child to 'sidebar.additional', because the latter doesn't exist [] []
[2025-08-13T18:12:26.342692+00:00] main.INFO: Broken reference: the 'wishlist_sidebar' element cannot be added as child to 'sidebar.additional', because the latter doesn't exist [] []
[2025-08-13T18:12:26.343351+00:00] main.INFO: Broken reference: the 'paypal.partner.right.logo' element cannot be added as child to 'sidebar.additional', because the latter doesn't exist [] []
[2025-08-13T18:12:26.344387+00:00] main.INFO: Broken reference: the 'bml.right.logo' element cannot be added as child to 'sidebar.additional', because the latter doesn't exist [] []
[2025-08-13T18:12:26.345444+00:00] main.INFO: Broken reference: the 'sidebar.container.paylater' element cannot be added as child to 'sidebar.additional', because the latter doesn't exist [] []
[2025-08-14T17:04:32.265491+00:00] main.INFO: Broken reference: the 'catalog.compare.sidebar' element cannot be added as child to 'sidebar.additional', because the latter doesn't exist [] []
[2025-08-14T17:04:32.268539+00:00] main.INFO: Broken reference: the 'sale.reorder.sidebar' element cannot be added as child to 'sidebar.additional', because the latter doesn't exist [] []
[2025-08-14T17:04:32.269239+00:00] main.INFO: Broken reference: the 'wishlist_sidebar' element cannot be added as child to 'sidebar.additional', because the latter doesn't exist [] []
[2025-08-14T17:04:32.269821+00:00] main.INFO: Broken reference: the 'paypal.partner.right.logo' element cannot be added as child to 'sidebar.additional', because the latter doesn't exist [] []
[2025-08-14T17:04:32.270298+00:00] main.INFO: Broken reference: the 'bml.right.logo' element cannot be added as child to 'sidebar.additional', because the latter doesn't exist [] []
[2025-08-14T17:04:32.270764+00:00] main.INFO: Broken reference: the 'sidebar.container.paylater' element cannot be added as child to 'sidebar.additional', because the latter doesn't exist [] []
[2025-08-14T17:45:05.106984+00:00] main.ERROR: Warning: file_put_contents(/var/www/html/magento2/var/cache//mage-tags/mage---ea6_MAGE): Failed to open stream: Permission denied in /var/www/html/magento2/vendor/colinmollenhour/cache-backend-file/File.php on line 710 [] []
[2025-08-14T17:45:05.563562+00:00] main.ERROR: Warning: file_put_contents(/var/www/html/magento2/var/cache//mage-tags/mage---ea6_MAGE): Failed to open stream: Permission denied in /var/www/html/magento2/vendor/colinmollenhour/cache-backend-file/File.php on line 710 [] []
[2025-08-14T17:45:15.321284+00:00] main.INFO: Broken reference: the 'tracking' element cannot be added as child to 'header', because the latter doesn't exist [] []
[2025-08-14T17:45:15.322373+00:00] main.INFO: Broken reference: the 'notification_area' element cannot be added as child to 'notifications', because the latter doesn't exist [] []
[2025-08-14T17:45:15.322964+00:00] main.INFO: Broken reference: the 'unread_system_messages' element cannot be added as child to 'notifications', because the latter doesn't exist [] []
[2025-08-14T17:45:15.323445+00:00] main.INFO: Broken reference: the 'notification_window' element cannot be added as child to 'notifications', because the latter doesn't exist [] []
[2025-08-14T17:45:15.328323+00:00] main.INFO: Broken reference: the 'notification.messages' element cannot be added as child to 'header', because the latter doesn't exist [] []
[2025-08-14T17:45:15.328833+00:00] main.INFO: Broken reference: the 'global_notices' element cannot be added as child to 'global.notices', because the latter doesn't exist [] []
[2025-08-14T17:45:15.329318+00:00] main.INFO: Broken reference: the 'logo' element cannot be added as child to 'header', because the latter doesn't exist [] []
[2025-08-14T17:45:15.329850+00:00] main.INFO: Broken reference: the 'global.search' element cannot be added as child to 'header', because the latter doesn't exist [] []
[2025-08-14T17:45:15.330323+00:00] main.INFO: Broken reference: the 'user' element cannot be added as child to 'header', because the latter doesn't exist [] []
[2025-08-14T17:45:15.330986+00:00] main.INFO: Broken reference: the 'menu' element cannot be added as child to 'page.menu', because the latter doesn't exist [] []
[2025-08-14T17:45:15.331482+00:00] main.INFO: Broken reference: the 'breadcrumbs' element cannot be added as child to 'page.breadcrumbs', because the latter doesn't exist [] []
[2025-08-14T17:45:15.332192+00:00] main.INFO: Broken reference: the 'formkey' element cannot be added as child to 'page.formkey', because the latter doesn't exist [] []
[2025-08-14T17:45:15.333153+00:00] main.INFO: Broken reference: the 'page.title' element cannot be added as child to 'main.top', because the latter doesn't exist [] []
[2025-08-14T17:45:15.334040+00:00] main.INFO: Broken reference: the 'messages' element cannot be added as child to 'page.messages', because the latter doesn't exist [] []
[2025-08-14T17:45:15.334844+00:00] main.INFO: Broken reference: the 'page.actions.toolbar' element cannot be added as child to 'page.main.actions', because the latter doesn't exist [] []
[2025-08-14T17:45:15.335684+00:00] main.INFO: Broken reference: the 'legal' element cannot be added as child to 'footer', because the latter doesn't exist [] []
[2025-08-14T17:45:15.336742+00:00] main.INFO: Broken reference: the 'header.inner.left' element cannot be added as child to 'header', because the latter doesn't exist [] []
[2025-08-14T17:45:15.338582+00:00] main.INFO: Broken reference: the 'header.inner.right' element cannot be added as child to 'header', because the latter doesn't exist [] []
[2025-08-14T17:45:15.339573+00:00] main.INFO: Broken reference: the 'user' tries to reorder itself towards '', but their parents are different: 'header' and '' respectively. [] []
[2025-08-14T17:45:15.340610+00:00] main.INFO: Broken reference: the 'notification.messages' tries to reorder itself towards 'user', but their parents are different: 'header' and '' respectively. [] []
[2025-08-14T17:45:15.341119+00:00] main.INFO: Broken reference: the 'logo' tries to reorder itself towards '', but their parents are different: 'header' and '' respectively. [] []
[2025-08-14T17:45:15.341593+00:00] main.INFO: Broken reference: the 'global.search' tries to reorder itself towards 'logo', but their parents are different: 'header' and '' respectively. [] []
[2025-08-14T17:45:15.342638+00:00] main.INFO: Broken reference: the 'page.actions.toolbar' tries to reorder itself towards '', but their parents are different: 'page.main.actions' and '' respectively. [] []
[2025-08-14T17:45:15.343447+00:00] main.INFO: Broken reference: the 'header.inner.left' tries to reorder itself towards '', but their parents are different: 'header' and '' respectively. [] []
[2025-08-14T17:45:15.343978+00:00] main.INFO: Broken reference: the 'header.inner.right' tries to reorder itself towards 'header.inner.left', but their parents are different: 'header' and '' respectively. [] []
[2025-08-14T17:45:15.344489+00:00] main.INFO: Broken reference: the 'notification.messages' tries to reorder itself towards 'user', but their parents are different: 'header.inner.right' and '' respectively. [] []
[2025-08-14T17:46:05.057912+00:00] main.ERROR: An existing user has the given username but different email. Username and email both need to match an existing user or both be new.
#0 /var/www/html/magento2/setup/src/Magento/Setup/Model/AdminAccount.php(113): Magento\Setup\Model\AdminAccount->validateUserMatches()
#1 /var/www/html/magento2/setup/src/Magento/Setup/Model/AdminAccount.php(83): Magento\Setup\Model\AdminAccount->saveAdminUser()
#2 /var/www/html/magento2/setup/src/Magento/Setup/Model/Installer.php(1348): Magento\Setup\Model\AdminAccount->save()
#3 /var/www/html/magento2/setup/src/Magento/Setup/Console/Command/AdminUserCreateCommand.php(166): Magento\Setup\Model\Installer->installAdminUser()
#4 /var/www/html/magento2/vendor/symfony/console/Command/Command.php(298): Magento\Setup\Console\Command\AdminUserCreateCommand->execute()
#5 /var/www/html/magento2/vendor/symfony/console/Application.php(1040): Symfony\Component\Console\Command\Command->run()
#6 /var/www/html/magento2/vendor/symfony/console/Application.php(301): Symfony\Component\Console\Application->doRunCommand()
#7 /var/www/html/magento2/vendor/magento/framework/Console/Cli.php(116): Symfony\Component\Console\Application->doRun()
#8 /var/www/html/magento2/vendor/symfony/console/Application.php(171): Magento\Framework\Console\Cli->doRun()
#9 /var/www/html/magento2/bin/magento(23): Symfony\Component\Console\Application->run()
#10 {main} [] []
[2025-08-14T17:47:26.988981+00:00] main.ERROR: Warning: file_put_contents(/var/www/html/magento2/var/cache//mage-tags/mage---ea6_MAGE): Failed to open stream: Permission denied in /var/www/html/magento2/vendor/colinmollenhour/cache-backend-file/File.php on line 710 [] []
[2025-08-14T17:47:27.194242+00:00] main.ERROR: Warning: file_put_contents(/var/www/html/magento2/var/cache//mage-tags/mage---ea6_MAGE): Failed to open stream: Permission denied in /var/www/html/magento2/vendor/colinmollenhour/cache-backend-file/File.php on line 710 [] []
[2025-08-14T17:47:30.204763+00:00] main.INFO: Broken reference: the 'tracking' element cannot be added as child to 'header', because the latter doesn't exist [] []
[2025-08-14T17:47:30.205539+00:00] main.INFO: Broken reference: the 'notification_area' element cannot be added as child to 'notifications', because the latter doesn't exist [] []
[2025-08-14T17:47:30.206143+00:00] main.INFO: Broken reference: the 'unread_system_messages' element cannot be added as child to 'notifications', because the latter doesn't exist [] []
[2025-08-14T17:47:30.206644+00:00] main.INFO: Broken reference: the 'notification_window' element cannot be added as child to 'notifications', because the latter doesn't exist [] []
[2025-08-14T17:47:30.207198+00:00] main.INFO: Broken reference: the 'notification.messages' element cannot be added as child to 'header', because the latter doesn't exist [] []
[2025-08-14T17:47:30.207713+00:00] main.INFO: Broken reference: the 'global_notices' element cannot be added as child to 'global.notices', because the latter doesn't exist [] []
[2025-08-14T17:47:30.208228+00:00] main.INFO: Broken reference: the 'logo' element cannot be added as child to 'header', because the latter doesn't exist [] []
[2025-08-14T17:47:30.208698+00:00] main.INFO: Broken reference: the 'global.search' element cannot be added as child to 'header', because the latter doesn't exist [] []
[2025-08-14T17:47:30.209213+00:00] main.INFO: Broken reference: the 'user' element cannot be added as child to 'header', because the latter doesn't exist [] []
[2025-08-14T17:47:30.209696+00:00] main.INFO: Broken reference: the 'menu' element cannot be added as child to 'page.menu', because the latter doesn't exist [] []
[2025-08-14T17:47:30.210193+00:00] main.INFO: Broken reference: the 'breadcrumbs' element cannot be added as child to 'page.breadcrumbs', because the latter doesn't exist [] []
[2025-08-14T17:47:30.210672+00:00] main.INFO: Broken reference: the 'formkey' element cannot be added as child to 'page.formkey', because the latter doesn't exist [] []
[2025-08-14T17:47:30.211163+00:00] main.INFO: Broken reference: the 'page.title' element cannot be added as child to 'main.top', because the latter doesn't exist [] []
[2025-08-14T17:47:30.211682+00:00] main.INFO: Broken reference: the 'messages' element cannot be added as child to 'page.messages', because the latter doesn't exist [] []
[2025-08-14T17:47:30.212167+00:00] main.INFO: Broken reference: the 'page.actions.toolbar' element cannot be added as child to 'page.main.actions', because the latter doesn't exist [] []
[2025-08-14T17:47:30.212648+00:00] main.INFO: Broken reference: the 'legal' element cannot be added as child to 'footer', because the latter doesn't exist [] []
[2025-08-14T17:47:30.213654+00:00] main.INFO: Broken reference: the 'header.inner.left' element cannot be added as child to 'header', because the latter doesn't exist [] []
[2025-08-14T17:47:30.214481+00:00] main.INFO: Broken reference: the 'header.inner.right' element cannot be added as child to 'header', because the latter doesn't exist [] []
[2025-08-14T17:47:30.215531+00:00] main.INFO: Broken reference: the 'user' tries to reorder itself towards '', but their parents are different: 'header' and '' respectively. [] []
[2025-08-14T17:47:30.216418+00:00] main.INFO: Broken reference: the 'notification.messages' tries to reorder itself towards 'user', but their parents are different: 'header' and '' respectively. [] []
[2025-08-14T17:47:30.217273+00:00] main.INFO: Broken reference: the 'logo' tries to reorder itself towards '', but their parents are different: 'header' and '' respectively. [] []
[2025-08-14T17:47:30.217874+00:00] main.INFO: Broken reference: the 'global.search' tries to reorder itself towards 'logo', but their parents are different: 'header' and '' respectively. [] []
[2025-08-14T17:47:30.218352+00:00] main.INFO: Broken reference: the 'page.actions.toolbar' tries to reorder itself towards '', but their parents are different: 'page.main.actions' and '' respectively. [] []
[2025-08-14T17:47:30.218865+00:00] main.INFO: Broken reference: the 'header.inner.left' tries to reorder itself towards '', but their parents are different: 'header' and '' respectively. [] []
[2025-08-14T17:47:30.219367+00:00] main.INFO: Broken reference: the 'header.inner.right' tries to reorder itself towards 'header.inner.left', but their parents are different: 'header' and '' respectively. [] []
[2025-08-14T17:47:30.219915+00:00] main.INFO: Broken reference: the 'notification.messages' tries to reorder itself towards 'user', but their parents are different: 'header.inner.right' and '' respectively. [] []
[2025-08-14T17:47:38.102845+00:00] main.INFO: Item Magento_Backend::system_currency was removed [] []
[2025-08-14T17:47:38.109430+00:00] main.INFO: Add of item with id Magento_Config::system_config was processed [] []
[2025-08-14T17:47:38.110001+00:00] main.INFO: Add of item with id Magento_AdminNotification::system_adminnotification was processed [] []
[2025-08-14T17:47:38.110514+00:00] main.INFO: Add of item with id Magento_Theme::design_config was processed [] []
[2025-08-14T17:47:38.111008+00:00] main.INFO: Add of item with id Magento_Theme::system_design_theme was processed [] []
[2025-08-14T17:47:38.111476+00:00] main.INFO: Add of item with id Magento_Backend::system_design_schedule was processed [] []
[2025-08-14T17:47:38.111965+00:00] main.INFO: Add of item with id Magento_Backend::system_store was processed [] []
[2025-08-14T17:47:38.112457+00:00] main.INFO: Add of item with id Magento_Backend::dashboard was processed [] []
[2025-08-14T17:47:38.112931+00:00] main.INFO: Add of item with id Magento_Backend::system was processed [] []
[2025-08-14T17:47:38.113406+00:00] main.INFO: Add of item with id Magento_Backend::system_tools was processed [] []
[2025-08-14T17:47:38.113881+00:00] main.INFO: Add of item with id Magento_Backend::system_design was processed [] []
[2025-08-14T17:47:38.114720+00:00] main.INFO: Add of item with id Magento_Backend::system_convert was processed [] []
[2025-08-14T17:47:38.115567+00:00] main.INFO: Add of item with id Magento_Backend::system_cache was processed [] []
[2025-08-14T17:47:38.116131+00:00] main.INFO: Add of item with id Magento_Backend::marketing was processed [] []
[2025-08-14T17:47:38.116645+00:00] main.INFO: Add of item with id Magento_Backend::marketing_communications was processed [] []
[2025-08-14T17:47:38.117134+00:00] main.INFO: Add of item with id Magento_Backend::marketing_seo was processed [] []
[2025-08-14T17:47:38.117627+00:00] main.INFO: Add of item with id Magento_Backend::marketing_user_content was processed [] []
[2025-08-14T17:47:38.118092+00:00] main.INFO: Add of item with id Magento_Backend::content was processed [] []
[2025-08-14T17:47:38.118573+00:00] main.INFO: Add of item with id Magento_Backend::content_elements was processed [] []
[2025-08-14T17:47:38.119044+00:00] main.INFO: Add of item with id Magento_Backend::stores was processed [] []
[2025-08-14T17:47:38.119516+00:00] main.INFO: Add of item with id Magento_Backend::stores_settings was processed [] []
[2025-08-14T17:47:38.119993+00:00] main.INFO: Add of item with id Magento_Backend::stores_attributes was processed [] []
[2025-08-14T17:47:38.120479+00:00] main.INFO: Add of item with id Magento_Backend::other_settings was processed [] []
[2025-08-14T17:47:38.120950+00:00] main.INFO: Add of item with id Magento_Backend::system_other_settings was processed [] []
[2025-08-14T17:47:38.121414+00:00] main.INFO: Add of item with id Magento_User::system_acl was processed [] []
[2025-08-14T17:47:38.121892+00:00] main.INFO: Add of item with id Magento_User::system_acl_users was processed [] []
[2025-08-14T17:47:38.122364+00:00] main.INFO: Add of item with id Magento_User::system_acl_roles was processed [] []
[2025-08-14T17:47:38.122855+00:00] main.INFO: Add of item with id Magento_User::system_acl_locks was processed [] []
[2025-08-14T17:47:38.123316+00:00] main.INFO: Add of item with id Magento_Customer::customer was processed [] []
[2025-08-14T17:47:38.124153+00:00] main.INFO: Add of item with id Magento_Customer::customer_manage was processed [] []
[2025-08-14T17:47:38.124675+00:00] main.INFO: Add of item with id Magento_Customer::customer_online was processed [] []
[2025-08-14T17:47:38.125142+00:00] main.INFO: Add of item with id Magento_Customer::customer_group was processed [] []
[2025-08-14T17:47:38.125625+00:00] main.INFO: Add of item with id Magento_Backup::system_tools_backup was processed [] []
[2025-08-14T17:47:38.126099+00:00] main.INFO: Add of item with id Magento_Indexer::system_index was processed [] []
[2025-08-14T17:47:38.126565+00:00] main.INFO: Add of item with id Magento_Variable::system_variable was processed [] []
[2025-08-14T17:47:38.127039+00:00] main.INFO: Add of item with id Magento_Cms::cms_page was processed [] []
[2025-08-14T17:47:38.127501+00:00] main.INFO: Add of item with id Magento_Cms::cms_block was processed [] []
[2025-08-14T17:47:38.128016+00:00] main.INFO: Add of item with id Magento_Search::search_terms was processed [] []
[2025-08-14T17:47:38.128482+00:00] main.INFO: Add of item with id Magento_Search::search_synonyms was processed [] []
[2025-08-14T17:47:38.128943+00:00] main.INFO: Add of item with id Magento_Catalog::catalog was processed [] []
[2025-08-14T17:47:38.129410+00:00] main.INFO: Add of item with id Magento_Catalog::catalog_products was processed [] []
[2025-08-14T17:47:38.129898+00:00] main.INFO: Add of item with id Magento_Catalog::catalog_categories was processed [] []
[2025-08-14T17:47:38.130394+00:00] main.INFO: Add of item with id Magento_Catalog::catalog_attributes_attributes was processed [] []
[2025-08-14T17:47:38.131481+00:00] main.INFO: Add of item with id Magento_Catalog::catalog_attributes_sets was processed [] []
[2025-08-14T17:47:38.132048+00:00] main.INFO: Add of item with id Magento_Catalog::inventory was processed [] []
[2025-08-14T17:47:38.132516+00:00] main.INFO: Add of item with id Magento_CatalogRule::promo was processed [] []
[2025-08-14T17:47:38.132985+00:00] main.INFO: Add of item with id Magento_CatalogRule::promo_catalog was processed [] []
[2025-08-14T17:47:38.133449+00:00] main.INFO: Add of item with id Magento_MediaGalleryUi::media was processed [] []
[2025-08-14T17:47:38.133953+00:00] main.INFO: Add of item with id Magento_MediaGalleryUi::media_gallery was processed [] []
[2025-08-14T17:47:38.134608+00:00] main.INFO: Add of item with id Magento_Integration::system_extensions was processed [] []
[2025-08-14T17:47:38.135268+00:00] main.INFO: Add of item with id Magento_Integration::system_integrations was processed [] []
[2025-08-14T17:47:38.135953+00:00] main.INFO: Add of item with id Magento_Sales::sales was processed [] []
[2025-08-14T17:47:38.136574+00:00] main.INFO: Add of item with id Magento_Sales::sales_operation was processed [] []
[2025-08-14T17:47:38.137194+00:00] main.INFO: Add of item with id Magento_Sales::sales_order was processed [] []
[2025-08-14T17:47:38.137782+00:00] main.INFO: Add of item with id Magento_Sales::sales_invoice was processed [] []
[2025-08-14T17:47:38.138317+00:00] main.INFO: Add of item with id Magento_Sales::sales_shipment was processed [] []
[2025-08-14T17:47:38.138824+00:00] main.INFO: Add of item with id Magento_Sales::sales_creditmemo was processed [] []
[2025-08-14T17:47:38.139328+00:00] main.INFO: Add of item with id Magento_Sales::sales_transactions was processed [] []
[2025-08-14T17:47:38.139854+00:00] main.INFO: Add of item with id Magento_Sales::system_order_statuses was processed [] []
[2025-08-14T17:47:38.140330+00:00] main.INFO: Add of item with id Magento_Widget::cms_widget_instance was processed [] []
[2025-08-14T17:47:38.140807+00:00] main.INFO: Add of item with id Magento_Analytics::business_intelligence was processed [] []
[2025-08-14T17:47:38.141283+00:00] main.INFO: Add of item with id Magento_Analytics::advanced_reporting was processed [] []
[2025-08-14T17:47:38.141772+00:00] main.INFO: Add of item with id Magento_Analytics::bi_essentials was processed [] []
[2025-08-14T17:47:38.142244+00:00] main.INFO: Add of item with id Magento_Downloadable::report_products_downloads was processed [] []
[2025-08-14T17:47:38.142718+00:00] main.INFO: Add of item with id Magento_ImportExport::system_convert_import was processed [] []
[2025-08-14T17:47:38.143182+00:00] main.INFO: Add of item with id Magento_ImportExport::system_convert_export was processed [] []
[2025-08-14T17:47:38.143680+00:00] main.INFO: Add of item with id Magento_ImportExport::system_convert_history was processed [] []
[2025-08-14T17:47:38.144167+00:00] main.INFO: Add of item with id Magento_Email::template was processed [] []
[2025-08-14T17:47:38.144632+00:00] main.INFO: Add of item with id Magento_EncryptionKey::system_crypt_key was processed [] []
[2025-08-14T17:47:38.145122+00:00] main.INFO: Add of item with id Magento_InventoryAdminUi::inventory was processed [] []
[2025-08-14T17:47:38.145629+00:00] main.INFO: Add of item with id Magento_InventoryAdminUi::source was processed [] []
[2025-08-14T17:47:38.146091+00:00] main.INFO: Add of item with id Magento_InventoryAdminUi::stock was processed [] []
[2025-08-14T17:47:38.146553+00:00] main.INFO: Add of item with id Magento_Reports::report was processed [] []
[2025-08-14T17:47:38.147013+00:00] main.INFO: Add of item with id Magento_Reports::report_marketing was processed [] []
[2025-08-14T17:47:38.147491+00:00] main.INFO: Add of item with id Magento_Reports::report_salesroot was processed [] []
[2025-08-14T17:47:38.148607+00:00] main.INFO: Add of item with id Magento_Reports::report_salesroot_sales was processed [] []
[2025-08-14T17:47:38.149742+00:00] main.INFO: Add of item with id Magento_Reports::report_salesroot_tax was processed [] []
[2025-08-14T17:47:38.150333+00:00] main.INFO: Add of item with id Magento_Reports::report_salesroot_invoiced was processed [] []
[2025-08-14T17:47:38.150808+00:00] main.INFO: Add of item with id Magento_Reports::report_salesroot_shipping was processed [] []
[2025-08-14T17:47:38.151272+00:00] main.INFO: Add of item with id Magento_Reports::report_salesroot_refunded was processed [] []
[2025-08-14T17:47:38.151764+00:00] main.INFO: Add of item with id Magento_Reports::report_salesroot_coupons was processed [] []
[2025-08-14T17:47:38.152276+00:00] main.INFO: Add of item with id Magento_Reports::report_shopcart_product was processed [] []
[2025-08-14T17:47:38.152740+00:00] main.INFO: Add of item with id Magento_Reports::report_shopcart_abandoned was processed [] []
[2025-08-14T17:47:38.153216+00:00] main.INFO: Add of item with id Magento_Reports::report_products was processed [] []
[2025-08-14T17:47:38.153707+00:00] main.INFO: Add of item with id Magento_Reports::report_products_bestsellers was processed [] []
[2025-08-14T17:47:38.154217+00:00] main.INFO: Add of item with id Magento_Reports::report_products_sold was processed [] []
[2025-08-14T17:47:38.154677+00:00] main.INFO: Add of item with id Magento_Reports::report_products_viewed was processed [] []
[2025-08-14T17:47:38.155136+00:00] main.INFO: Add of item with id Magento_Reports::report_products_lowstock was processed [] []
[2025-08-14T17:47:38.155621+00:00] main.INFO: Add of item with id Magento_Reports::report_customers was processed [] []
[2025-08-14T17:47:38.156132+00:00] main.INFO: Add of item with id Magento_Reports::report_customers_accounts was processed [] []
[2025-08-14T17:47:38.156595+00:00] main.INFO: Add of item with id Magento_Reports::report_customers_totals was processed [] []
[2025-08-14T17:47:38.157067+00:00] main.INFO: Add of item with id Magento_Reports::report_customers_orders was processed [] []
[2025-08-14T17:47:38.157535+00:00] main.INFO: Add of item with id Magento_Reports::report_statistics was processed [] []
[2025-08-14T17:47:38.158016+00:00] main.INFO: Add of item with id Magento_Reports::report_statistics_refresh was processed [] []
[2025-08-14T17:47:38.158478+00:00] main.INFO: Add of item with id Magento_Search::report_search_term was processed [] []
[2025-08-14T17:47:38.158961+00:00] main.INFO: Add of item with id Magento_LoginAsCustomerLog::login_log was processed [] []
[2025-08-14T17:47:38.159430+00:00] main.INFO: Add of item with id Magento_Marketplace::partners was processed [] []
[2025-08-14T17:47:38.159901+00:00] main.INFO: Add of item with id Magento_Newsletter::newsletter_template was processed [] []
[2025-08-14T17:47:38.160364+00:00] main.INFO: Add of item with id Magento_Newsletter::newsletter_queue was processed [] []
[2025-08-14T17:47:38.160843+00:00] main.INFO: Add of item with id Magento_Newsletter::newsletter_subscriber was processed [] []
[2025-08-14T17:47:38.161333+00:00] main.INFO: Add of item with id Magento_Newsletter::newsletter_problem was processed [] []
[2025-08-14T17:47:38.161800+00:00] main.INFO: Add of item with id Magento_SalesRule::promo_quote was processed [] []
[2025-08-14T17:47:38.162258+00:00] main.INFO: Add of item with id Magento_Sitemap::catalog_sitemap was processed [] []
[2025-08-14T17:47:38.162715+00:00] main.INFO: Add of item with id Magento_PageBuilder::templates was processed [] []
[2025-08-14T17:47:38.163195+00:00] main.INFO: Add of item with id Magento_Paypal::report_salesroot_paypal_settlement_reports was processed [] []
[2025-08-14T17:47:38.163888+00:00] main.INFO: Add of item with id Magento_Paypal::paypal_billing_agreement was processed [] []
[2025-08-14T17:47:38.165042+00:00] main.INFO: Add of item with id Magento_CheckoutAgreements::sales_checkoutagreement was processed [] []
[2025-08-14T17:47:38.166326+00:00] main.INFO: Add of item with id Magento_Review::catalog_reviews_ratings_ratings was processed [] []
[2025-08-14T17:47:38.166832+00:00] main.INFO: Add of item with id Magento_Review::catalog_reviews_ratings_pending was processed [] []
[2025-08-14T17:47:38.167301+00:00] main.INFO: Add of item with id Magento_Review::catalog_reviews_ratings_reviews_all was processed [] []
[2025-08-14T17:47:38.167784+00:00] main.INFO: Add of item with id Magento_Review::report_review was processed [] []
[2025-08-14T17:47:38.168328+00:00] main.INFO: Add of item with id Magento_Review::report_review_customer was processed [] []
[2025-08-14T17:47:38.168799+00:00] main.INFO: Add of item with id Magento_Review::report_review_product was processed [] []
[2025-08-14T17:47:38.169261+00:00] main.INFO: Add of item with id Magento_UrlRewrite::urlrewrite was processed [] []
[2025-08-14T17:47:38.169724+00:00] main.INFO: Add of item with id Magento_Tax::sales_tax was processed [] []
[2025-08-14T17:47:38.170243+00:00] main.INFO: Add of item with id Magento_Tax::sales_tax_rules was processed [] []
[2025-08-14T17:47:38.170708+00:00] main.INFO: Add of item with id Magento_Tax::sales_tax_rates was processed [] []
[2025-08-14T17:47:38.171173+00:00] main.INFO: Add of item with id Magento_TaxImportExport::system_convert_tax was processed [] []
[2025-08-14T17:47:38.171634+00:00] main.INFO: Add of item with id Magento_AsynchronousOperations::system_magento_logging was processed [] []
[2025-08-14T17:47:38.172144+00:00] main.INFO: Add of item with id Magento_AsynchronousOperations::system_magento_logging_bulk_operations was processed [] []
[2025-08-14T17:47:38.172637+00:00] main.INFO: Add of item with id Magento_CurrencySymbol::system_currency was processed [] []
[2025-08-14T17:47:38.173113+00:00] main.INFO: Add of item with id Magento_CurrencySymbol::system_currency_rates was processed [] []
[2025-08-14T17:47:38.173578+00:00] main.INFO: Add of item with id Magento_CurrencySymbol::system_currency_symbols was processed [] []
[2025-08-14T17:47:38.174058+00:00] main.INFO: Add of item with id PayPal_Braintree::settlement_report was processed [] []
[2025-08-14T17:47:38.174529+00:00] main.INFO: Add of item with id PayPal_Braintree::virtual_terminal was processed [] []
[2025-08-14T17:47:40.681080+00:00] main.INFO: Broken reference: the 'notification.messages' tries to reorder itself towards 'user', but their parents are different: 'header.inner.right' and 'header' respectively. [] []
[2025-08-14T17:47:40.684760+00:00] main.ERROR: Warning: file_put_contents(/var/www/html/magento2/var/cache//mage-tags/mage---ea6_MAGE): Failed to open stream: Permission denied in /var/www/html/magento2/vendor/colinmollenhour/cache-backend-file/File.php on line 710 [] []
[2025-08-14T17:47:42.121772+00:00] main.INFO: Broken reference: the 'notification.messages' tries to reorder itself towards 'user', but their parents are different: 'header.inner.right' and 'header' respectively. [] []
[2025-08-14T17:47:42.132642+00:00] main.ERROR: Warning: file_put_contents(/var/www/html/magento2/var/cache//mage-tags/mage---ea6_MAGE): Failed to open stream: Permission denied in /var/www/html/magento2/vendor/colinmollenhour/cache-backend-file/File.php on line 710 [] []
[2025-08-14T17:47:42.283380+00:00] main.ERROR: Warning: file_put_contents(/var/www/html/magento2/var/cache//mage-tags/mage---ea6_MAGE): Failed to open stream: Permission denied in /var/www/html/magento2/vendor/colinmollenhour/cache-backend-file/File.php on line 710 [] []
[2025-08-14T17:47:54.508198+00:00] main.INFO: Broken reference: the 'notification.messages' tries to reorder itself towards 'user', but their parents are different: 'header.inner.right' and 'header' respectively. [] []
[2025-08-14T17:47:54.857142+00:00] main.ERROR: Warning: file_put_contents(/var/www/html/magento2/var/cache//mage-tags/mage---ea6_MAGE): Failed to open stream: Permission denied in /var/www/html/magento2/vendor/colinmollenhour/cache-backend-file/File.php on line 710 [] []
[2025-08-14T17:47:56.189454+00:00] main.ERROR: Warning: file_put_contents(/var/www/html/magento2/var/cache//mage-tags/mage---ea6_MAGE): Failed to open stream: Permission denied in /var/www/html/magento2/vendor/colinmollenhour/cache-backend-file/File.php on line 710 [] []
[2025-08-14T17:47:59.044175+00:00] main.INFO: Broken reference: the 'notification.messages' tries to reorder itself towards 'user', but their parents are different: 'header.inner.right' and 'header' respectively. [] []
[2025-08-14T17:47:59.434139+00:00] main.ERROR: Warning: file_put_contents(/var/www/html/magento2/var/cache//mage-tags/mage---ea6_MAGE): Failed to open stream: Permission denied in /var/www/html/magento2/vendor/colinmollenhour/cache-backend-file/File.php on line 710 [] []
[2025-08-14T17:48:00.406302+00:00] main.ERROR: Warning: file_put_contents(/var/www/html/magento2/var/cache//mage-tags/mage---ea6_MAGE): Failed to open stream: Permission denied in /var/www/html/magento2/vendor/colinmollenhour/cache-backend-file/File.php on line 710 [] []
[2025-08-14T17:48:10.018055+00:00] main.INFO: Broken reference: the 'notification.messages' tries to reorder itself towards 'user', but their parents are different: 'header.inner.right' and 'header' respectively. [] []
[2025-08-14T17:48:21.280860+00:00] main.INFO: Broken reference: the 'notification.messages' tries to reorder itself towards 'user', but their parents are different: 'header.inner.right' and 'header' respectively. [] []
[2025-08-20T12:34:50.745638+00:00] main.INFO: Broken reference: the 'catalog.compare.sidebar' element cannot be added as child to 'sidebar.additional', because the latter doesn't exist [] []
[2025-08-20T12:34:50.749775+00:00] main.INFO: Broken reference: the 'sale.reorder.sidebar' element cannot be added as child to 'sidebar.additional', because the latter doesn't exist [] []
[2025-08-20T12:34:50.750507+00:00] main.INFO: Broken reference: the 'wishlist_sidebar' element cannot be added as child to 'sidebar.additional', because the latter doesn't exist [] []
[2025-08-20T12:34:50.751080+00:00] main.INFO: Broken reference: the 'paypal.partner.right.logo' element cannot be added as child to 'sidebar.additional', because the latter doesn't exist [] []
[2025-08-20T12:34:50.751526+00:00] main.INFO: Broken reference: the 'bml.right.logo' element cannot be added as child to 'sidebar.additional', because the latter doesn't exist [] []
[2025-08-20T12:34:50.751959+00:00] main.INFO: Broken reference: the 'sidebar.container.paylater' element cannot be added as child to 'sidebar.additional', because the latter doesn't exist [] []
[2025-08-23T17:06:29.908019+00:00] main.INFO: Broken reference: the 'catalog.compare.sidebar' element cannot be added as child to 'sidebar.additional', because the latter doesn't exist [] []
[2025-08-23T17:06:29.912888+00:00] main.INFO: Broken reference: the 'sale.reorder.sidebar' element cannot be added as child to 'sidebar.additional', because the latter doesn't exist [] []
[2025-08-23T17:06:29.914399+00:00] main.INFO: Broken reference: the 'wishlist_sidebar' element cannot be added as child to 'sidebar.additional', because the latter doesn't exist [] []
[2025-08-23T17:06:29.915750+00:00] main.INFO: Broken reference: the 'paypal.partner.right.logo' element cannot be added as child to 'sidebar.additional', because the latter doesn't exist [] []
[2025-08-23T17:06:29.916877+00:00] main.INFO: Broken reference: the 'bml.right.logo' element cannot be added as child to 'sidebar.additional', because the latter doesn't exist [] []
[2025-08-23T17:06:29.917950+00:00] main.INFO: Broken reference: the 'sidebar.container.paylater' element cannot be added as child to 'sidebar.additional', because the latter doesn't exist [] []
[2025-08-24T18:16:15.320485+00:00] main.INFO: Broken reference: the 'catalog.compare.sidebar' element cannot be added as child to 'sidebar.additional', because the latter doesn't exist [] []
[2025-08-24T18:16:15.323298+00:00] main.INFO: Broken reference: the 'sale.reorder.sidebar' element cannot be added as child to 'sidebar.additional', because the latter doesn't exist [] []
[2025-08-24T18:16:15.324042+00:00] main.INFO: Broken reference: the 'wishlist_sidebar' element cannot be added as child to 'sidebar.additional', because the latter doesn't exist [] []
[2025-08-24T18:16:15.324581+00:00] main.INFO: Broken reference: the 'paypal.partner.right.logo' element cannot be added as child to 'sidebar.additional', because the latter doesn't exist [] []
[2025-08-24T18:16:15.325097+00:00] main.INFO: Broken reference: the 'bml.right.logo' element cannot be added as child to 'sidebar.additional', because the latter doesn't exist [] []
[2025-08-24T18:16:15.325567+00:00] main.INFO: Broken reference: the 'sidebar.container.paylater' element cannot be added as child to 'sidebar.additional', because the latter doesn't exist [] []
[2025-12-26T04:46:36.245080+00:00] main.INFO: Broken reference: the 'catalog.compare.sidebar' element cannot be added as child to 'sidebar.additional', because the latter doesn't exist [] []
[2025-12-26T04:46:36.247853+00:00] main.INFO: Broken reference: the 'sale.reorder.sidebar' element cannot be added as child to 'sidebar.additional', because the latter doesn't exist [] []
[2025-12-26T04:46:36.248424+00:00] main.INFO: Broken reference: the 'wishlist_sidebar' element cannot be added as child to 'sidebar.additional', because the latter doesn't exist [] []
[2025-12-26T04:46:36.248834+00:00] main.INFO: Broken reference: the 'paypal.partner.right.logo' element cannot be added as child to 'sidebar.additional', because the latter doesn't exist [] []
[2025-12-26T04:46:36.249201+00:00] main.INFO: Broken reference: the 'bml.right.logo' element cannot be added as child to 'sidebar.additional', because the latter doesn't exist [] []
[2025-12-26T04:46:36.249640+00:00] main.INFO: Broken reference: the 'sidebar.container.paylater' element cannot be added as child to 'sidebar.additional', because the latter doesn't exist [] []
[2026-01-01T21:13:06.306603+00:00] main.INFO: Broken reference: the 'catalog.compare.sidebar' element cannot be added as child to 'sidebar.additional', because the latter doesn't exist [] []
[2026-01-01T21:13:06.314753+00:00] main.INFO: Broken reference: the 'sale.reorder.sidebar' element cannot be added as child to 'sidebar.additional', because the latter doesn't exist [] []
[2026-01-01T21:13:06.315750+00:00] main.INFO: Broken reference: the 'wishlist_sidebar' element cannot be added as child to 'sidebar.additional', because the latter doesn't exist [] []
[2026-01-01T21:13:06.316866+00:00] main.INFO: Broken reference: the 'paypal.partner.right.logo' element cannot be added as child to 'sidebar.additional', because the latter doesn't exist [] []
[2026-01-01T21:13:06.317766+00:00] main.INFO: Broken reference: the 'bml.right.logo' element cannot be added as child to 'sidebar.additional', because the latter doesn't exist [] []
[2026-01-01T21:13:06.318784+00:00] main.INFO: Broken reference: the 'sidebar.container.paylater' element cannot be added as child to 'sidebar.additional', because the latter doesn't exist [] []
[2026-01-27T18:55:21.531167+00:00] main.INFO: Broken reference: the 'catalog.compare.sidebar' element cannot be added as child to 'sidebar.additional', because the latter doesn't exist [] []
[2026-01-27T18:55:21.535699+00:00] main.INFO: Broken reference: the 'sale.reorder.sidebar' element cannot be added as child to 'sidebar.additional', because the latter doesn't exist [] []
[2026-01-27T18:55:21.537123+00:00] main.INFO: Broken reference: the 'wishlist_sidebar' element cannot be added as child to 'sidebar.additional', because the latter doesn't exist [] []
[2026-01-27T18:55:21.538167+00:00] main.INFO: Broken reference: the 'paypal.partner.right.logo' element cannot be added as child to 'sidebar.additional', because the latter doesn't exist [] []
[2026-01-27T18:55:21.539131+00:00] main.INFO: Broken reference: the 'bml.right.logo' element cannot be added as child to 'sidebar.additional', because the latter doesn't exist [] []
[2026-01-27T18:55:21.540103+00:00] main.INFO: Broken reference: the 'sidebar.container.paylater' element cannot be added as child to 'sidebar.additional', because the latter doesn't exist [] []
[2026-01-27T18:55:39.792636+00:00] main.INFO: Broken reference: the 'tracking' element cannot be added as child to 'header', because the latter doesn't exist [] []
[2026-01-27T18:55:39.793336+00:00] main.INFO: Broken reference: the 'notification_area' element cannot be added as child to 'notifications', because the latter doesn't exist [] []
[2026-01-27T18:55:39.793824+00:00] main.INFO: Broken reference: the 'unread_system_messages' element cannot be added as child to 'notifications', because the latter doesn't exist [] []
[2026-01-27T18:55:39.794291+00:00] main.INFO: Broken reference: the 'notification_window' element cannot be added as child to 'notifications', because the latter doesn't exist [] []
[2026-01-27T18:55:39.795034+00:00] main.INFO: Broken reference: the 'notification.messages' element cannot be added as child to 'header', because the latter doesn't exist [] []
[2026-01-27T18:55:39.795532+00:00] main.INFO: Broken reference: the 'global_notices' element cannot be added as child to 'global.notices', because the latter doesn't exist [] []
[2026-01-27T18:55:39.796095+00:00] main.INFO: Broken reference: the 'logo' element cannot be added as child to 'header', because the latter doesn't exist [] []
[2026-01-27T18:55:39.796614+00:00] main.INFO: Broken reference: the 'global.search' element cannot be added as child to 'header', because the latter doesn't exist [] []
[2026-01-27T18:55:39.797085+00:00] main.INFO: Broken reference: the 'user' element cannot be added as child to 'header', because the latter doesn't exist [] []
[2026-01-27T18:55:39.797553+00:00] main.INFO: Broken reference: the 'menu' element cannot be added as child to 'page.menu', because the latter doesn't exist [] []
[2026-01-27T18:55:39.798019+00:00] main.INFO: Broken reference: the 'breadcrumbs' element cannot be added as child to 'page.breadcrumbs', because the latter doesn't exist [] []
[2026-01-27T18:55:39.798560+00:00] main.INFO: Broken reference: the 'formkey' element cannot be added as child to 'page.formkey', because the latter doesn't exist [] []
[2026-01-27T18:55:39.799038+00:00] main.INFO: Broken reference: the 'page.title' element cannot be added as child to 'main.top', because the latter doesn't exist [] []
[2026-01-27T18:55:39.799505+00:00] main.INFO: Broken reference: the 'messages' element cannot be added as child to 'page.messages', because the latter doesn't exist [] []
[2026-01-27T18:55:39.799969+00:00] main.INFO: Broken reference: the 'page.actions.toolbar' element cannot be added as child to 'page.main.actions', because the latter doesn't exist [] []
[2026-01-27T18:55:39.800457+00:00] main.INFO: Broken reference: the 'legal' element cannot be added as child to 'footer', because the latter doesn't exist [] []
[2026-01-27T18:55:39.801306+00:00] main.INFO: Broken reference: the 'header.inner.left' element cannot be added as child to 'header', because the latter doesn't exist [] []
[2026-01-27T18:55:39.801812+00:00] main.INFO: Broken reference: the 'header.inner.right' element cannot be added as child to 'header', because the latter doesn't exist [] []
[2026-01-27T18:55:39.802521+00:00] main.INFO: Broken reference: the 'user' tries to reorder itself towards '', but their parents are different: 'header' and '' respectively. [] []
[2026-01-27T18:55:39.803034+00:00] main.INFO: Broken reference: the 'notification.messages' tries to reorder itself towards 'user', but their parents are different: 'header' and '' respectively. [] []
[2026-01-27T18:55:39.803500+00:00] main.INFO: Broken reference: the 'logo' tries to reorder itself towards '', but their parents are different: 'header' and '' respectively. [] []
[2026-01-27T18:55:39.803988+00:00] main.INFO: Broken reference: the 'global.search' tries to reorder itself towards 'logo', but their parents are different: 'header' and '' respectively. [] []
[2026-01-27T18:55:39.804461+00:00] main.INFO: Broken reference: the 'page.actions.toolbar' tries to reorder itself towards '', but their parents are different: 'page.main.actions' and '' respectively. [] []
[2026-01-27T18:55:39.804950+00:00] main.INFO: Broken reference: the 'header.inner.left' tries to reorder itself towards '', but their parents are different: 'header' and '' respectively. [] []
[2026-01-27T18:55:39.805419+00:00] main.INFO: Broken reference: the 'header.inner.right' tries to reorder itself towards 'header.inner.left', but their parents are different: 'header' and '' respectively. [] []
[2026-01-27T18:55:39.805914+00:00] main.INFO: Broken reference: the 'notification.messages' tries to reorder itself towards 'user', but their parents are different: 'header.inner.right' and '' respectively. [] []
[2026-01-27T18:55:44.378041+00:00] main.INFO: Broken reference: the 'tracking' element cannot be added as child to 'header', because the latter doesn't exist [] []
[2026-01-27T18:55:44.378962+00:00] main.INFO: Broken reference: the 'notification_area' element cannot be added as child to 'notifications', because the latter doesn't exist [] []
[2026-01-27T18:55:44.379869+00:00] main.INFO: Broken reference: the 'unread_system_messages' element cannot be added as child to 'notifications', because the latter doesn't exist [] []
[2026-01-27T18:55:44.380574+00:00] main.INFO: Broken reference: the 'notification_window' element cannot be added as child to 'notifications', because the latter doesn't exist [] []
[2026-01-27T18:55:44.381115+00:00] main.INFO: Broken reference: the 'notification.messages' element cannot be added as child to 'header', because the latter doesn't exist [] []
[2026-01-27T18:55:44.381727+00:00] main.INFO: Broken reference: the 'global_notices' element cannot be added as child to 'global.notices', because the latter doesn't exist [] []
[2026-01-27T18:55:44.382753+00:00] main.INFO: Broken reference: the 'logo' element cannot be added as child to 'header', because the latter doesn't exist [] []
[2026-01-27T18:55:44.383664+00:00] main.INFO: Broken reference: the 'global.search' element cannot be added as child to 'header', because the latter doesn't exist [] []
[2026-01-27T18:55:44.384604+00:00] main.INFO: Broken reference: the 'user' element cannot be added as child to 'header', because the latter doesn't exist [] []
[2026-01-27T18:55:44.385474+00:00] main.INFO: Broken reference: the 'menu' element cannot be added as child to 'page.menu', because the latter doesn't exist [] []
[2026-01-27T18:55:44.386021+00:00] main.INFO: Broken reference: the 'breadcrumbs' element cannot be added as child to 'page.breadcrumbs', because the latter doesn't exist [] []
[2026-01-27T18:55:44.386618+00:00] main.INFO: Broken reference: the 'formkey' element cannot be added as child to 'page.formkey', because the latter doesn't exist [] []
[2026-01-27T18:55:44.387180+00:00] main.INFO: Broken reference: the 'page.title' element cannot be added as child to 'main.top', because the latter doesn't exist [] []
[2026-01-27T18:55:44.387665+00:00] main.INFO: Broken reference: the 'messages' element cannot be added as child to 'page.messages', because the latter doesn't exist [] []
[2026-01-27T18:55:44.388148+00:00] main.INFO: Broken reference: the 'page.actions.toolbar' element cannot be added as child to 'page.main.actions', because the latter doesn't exist [] []
[2026-01-27T18:55:44.388618+00:00] main.INFO: Broken reference: the 'legal' element cannot be added as child to 'footer', because the latter doesn't exist [] []
[2026-01-27T18:55:44.389215+00:00] main.INFO: Broken reference: the 'header.inner.left' element cannot be added as child to 'header', because the latter doesn't exist [] []
[2026-01-27T18:55:44.389689+00:00] main.INFO: Broken reference: the 'header.inner.right' element cannot be added as child to 'header', because the latter doesn't exist [] []
[2026-01-27T18:55:44.390214+00:00] main.INFO: Broken reference: the 'user' tries to reorder itself towards '', but their parents are different: 'header' and '' respectively. [] []
[2026-01-27T18:55:44.390750+00:00] main.INFO: Broken reference: the 'notification.messages' tries to reorder itself towards 'user', but their parents are different: 'header' and '' respectively. [] []
[2026-01-27T18:55:44.391251+00:00] main.INFO: Broken reference: the 'logo' tries to reorder itself towards '', but their parents are different: 'header' and '' respectively. [] []
[2026-01-27T18:55:44.391717+00:00] main.INFO: Broken reference: the 'global.search' tries to reorder itself towards 'logo', but their parents are different: 'header' and '' respectively. [] []
[2026-01-27T18:55:44.392180+00:00] main.INFO: Broken reference: the 'page.actions.toolbar' tries to reorder itself towards '', but their parents are different: 'page.main.actions' and '' respectively. [] []
[2026-01-27T18:55:44.392666+00:00] main.INFO: Broken reference: the 'header.inner.left' tries to reorder itself towards '', but their parents are different: 'header' and '' respectively. [] []
[2026-01-27T18:55:44.393159+00:00] main.INFO: Broken reference: the 'header.inner.right' tries to reorder itself towards 'header.inner.left', but their parents are different: 'header' and '' respectively. [] []
[2026-01-27T18:55:44.393663+00:00] main.INFO: Broken reference: the 'notification.messages' tries to reorder itself towards 'user', but their parents are different: 'header.inner.right' and '' respectively. [] []
[2026-01-27T18:57:36.184235+00:00] main.ERROR: An existing user has the given username but different email. Username and email both need to match an existing user or both be new.
#0 /var/www/html/magento2/setup/src/Magento/Setup/Model/AdminAccount.php(113): Magento\Setup\Model\AdminAccount->validateUserMatches()
#1 /var/www/html/magento2/setup/src/Magento/Setup/Model/AdminAccount.php(83): Magento\Setup\Model\AdminAccount->saveAdminUser()
#2 /var/www/html/magento2/setup/src/Magento/Setup/Model/Installer.php(1348): Magento\Setup\Model\AdminAccount->save()
#3 /var/www/html/magento2/setup/src/Magento/Setup/Console/Command/AdminUserCreateCommand.php(166): Magento\Setup\Model\Installer->installAdminUser()
#4 /var/www/html/magento2/vendor/symfony/console/Command/Command.php(298): Magento\Setup\Console\Command\AdminUserCreateCommand->execute()
#5 /var/www/html/magento2/vendor/symfony/console/Application.php(1040): Symfony\Component\Console\Command\Command->run()
#6 /var/www/html/magento2/vendor/symfony/console/Application.php(301): Symfony\Component\Console\Application->doRunCommand()
#7 /var/www/html/magento2/vendor/magento/framework/Console/Cli.php(116): Symfony\Component\Console\Application->doRun()
#8 /var/www/html/magento2/vendor/symfony/console/Application.php(171): Magento\Framework\Console\Cli->doRun()
#9 /var/www/html/magento2/bin/magento(23): Symfony\Component\Console\Application->run()
#10 {main} [] []
[2026-01-27T18:58:21.876806+00:00] main.ERROR: An existing user has the given email but different username. Username and email both need to match an existing user or both be new.
#0 /var/www/html/magento2/setup/src/Magento/Setup/Model/AdminAccount.php(113): Magento\Setup\Model\AdminAccount->validateUserMatches()
#1 /var/www/html/magento2/setup/src/Magento/Setup/Model/AdminAccount.php(83): Magento\Setup\Model\AdminAccount->saveAdminUser()
#2 /var/www/html/magento2/setup/src/Magento/Setup/Model/Installer.php(1348): Magento\Setup\Model\AdminAccount->save()
#3 /var/www/html/magento2/setup/src/Magento/Setup/Console/Command/AdminUserCreateCommand.php(166): Magento\Setup\Model\Installer->installAdminUser()
#4 /var/www/html/magento2/vendor/symfony/console/Command/Command.php(298): Magento\Setup\Console\Command\AdminUserCreateCommand->execute()
#5 /var/www/html/magento2/vendor/symfony/console/Application.php(1040): Symfony\Component\Console\Command\Command->run()
#6 /var/www/html/magento2/vendor/symfony/console/Application.php(301): Symfony\Component\Console\Application->doRunCommand()
#7 /var/www/html/magento2/vendor/magento/framework/Console/Cli.php(116): Symfony\Component\Console\Application->doRun()
#8 /var/www/html/magento2/vendor/symfony/console/Application.php(171): Magento\Framework\Console\Cli->doRun()
#9 /var/www/html/magento2/bin/magento(23): Symfony\Component\Console\Application->run()
#10 {main} [] []
[2026-01-27T18:59:30.894762+00:00] main.INFO: Broken reference: the 'notification.messages' tries to reorder itself towards 'user', but their parents are different: 'header.inner.right' and 'header' respectively. [] []
[2026-01-27T18:59:56.732683+00:00] main.INFO: Broken reference: the 'notification.messages' tries to reorder itself towards 'user', but their parents are different: 'header.inner.right' and 'header' respectively. [] []
[2026-01-27T19:00:05.695257+00:00] main.INFO: Broken reference: the 'notification.messages' tries to reorder itself towards 'user', but their parents are different: 'header.inner.right' and 'header' respectively. [] []
[2026-01-27T19:00:11.115684+00:00] main.INFO: Broken reference: the 'notification.messages' tries to reorder itself towards 'user', but their parents are different: 'header.inner.right' and 'header' respectively. [] []
[2026-01-27T19:07:32.384279+00:00] main.ERROR: The "/var/www/html/magento2/var/cache/mage--4/mage---ea6_BLOCK_AA0D1879257E4BF454FAF87F1169A1BB7943FAFC" file can't be deleted. Warning!unlink(/var/www/html/magento2/var/cache/mage--4/mage---ea6_BLOCK_AA0D1879257E4BF454FAF87F1169A1BB7943FAFC): Permission denied The "/var/www/html/magento2/var/cache/mage--4/mage---ea6_DESIGN_CHANGE_B04703DCE8DF5A9D55E2EA4DE3D5AA22" file can't be deleted. Warning!unlink(/var/www/html/magento2/var/cache/mage--4/mage---ea6_DESIGN_CHANGE_B04703DCE8DF5A9D55E2EA4DE3D5AA22): Permission denied The "/var/www/html/magento2/var/cache/mage--4/mage---ea6_DESIGN_CHANGE_A2C1C32693F8AFC32458A8B065D680FE" file can't be deleted. Warning!unlink(/var/www/html/magento2/var/cache/mage--4/mage---ea6_DESIGN_CHANGE_A2C1C32693F8AFC32458A8B065D680FE): Permission denied The "/var/www/html/magento2/var/cache/mage--c/mage---ea6_BLOCK_CA2D04F236756BAF985ADFB6B192354441B4BC96" file can't be deleted. Warning!unlink(/var/www/html/magento2/var/cache/mage--c/mage---ea6_BLOCK_CA2D04F236756BAF985ADFB6B192354441B4BC96): Permission denied The "/var/www/html/magento2/var/cache/mage--4/mage---ea6_BLOCK_AA0D1879257E4BF454FAF87F1169A1BB7943FAFC" file can't be deleted. Warning!unlink(/var/www/html/magento2/var/cache/mage--4/mage---ea6_BLOCK_AA0D1879257E4BF454FAF87F1169A1BB7943FAFC): Permission denied The "/var/www/html/magento2/var/cache/mage--4/mage---ea6_DESIGN_CHANGE_B04703DCE8DF5A9D55E2EA4DE3D5AA22" file can't be deleted. Warning!unlink(/var/www/html/magento2/var/cache/mage--4/mage---ea6_DESIGN_CHANGE_B04703DCE8DF5A9D55E2EA4DE3D5AA22): Permission denied The "/var/www/html/magento2/var/cache/mage--4/mage---ea6_DESIGN_CHANGE_A2C1C32693F8AFC32458A8B065D680FE" file can't be deleted. Warning!unlink(/var/www/html/magento2/var/cache/mage--4/mage---ea6_DESIGN_CHANGE_A2C1C32693F8AFC32458A8B065D680FE): Permission denied The "/var/www/html/magento2/var/cache/mage--c/mage---ea6_BLOCK_CA2D04F236756BAF985ADFB6B192354441B4BC96" file can't be deleted. Warning!unlink(/var/www/html/magento2/var/cache/mage--c/mage---ea6_BLOCK_CA2D04F236756BAF985ADFB6B192354441B4BC96): Permission denied
#0 /var/www/html/magento2/setup/src/Magento/Setup/Console/Command/DiCompileCommand.php(309): Magento\Framework\Filesystem\Directory\Write->delete()
#1 /var/www/html/magento2/setup/src/Magento/Setup/Console/Command/DiCompileCommand.php(183): Magento\Setup\Console\Command\DiCompileCommand->cleanupFilesystem()
#2 /var/www/html/magento2/vendor/symfony/console/Command/Command.php(298): Magento\Setup\Console\Command\DiCompileCommand->execute()
#3 /var/www/html/magento2/vendor/symfony/console/Application.php(1040): Symfony\Component\Console\Command\Command->run()
#4 /var/www/html/magento2/vendor/symfony/console/Application.php(301): Symfony\Component\Console\Application->doRunCommand()
#5 /var/www/html/magento2/vendor/magento/framework/Console/Cli.php(116): Symfony\Component\Console\Application->doRun()
#6 /var/www/html/magento2/vendor/symfony/console/Application.php(171): Magento\Framework\Console\Cli->doRun()
#7 /var/www/html/magento2/bin/magento(23): Symfony\Component\Console\Application->run()
#8 {main} [] []
[2026-01-27T19:19:54.385158+00:00] main.INFO: Broken reference: the 'catalog.compare.sidebar' element cannot be added as child to 'sidebar.additional', because the latter doesn't exist [] []
[2026-01-27T19:19:54.388112+00:00] main.INFO: Broken reference: the 'sale.reorder.sidebar' element cannot be added as child to 'sidebar.additional', because the latter doesn't exist [] []
[2026-01-27T19:19:54.388857+00:00] main.INFO: Broken reference: the 'wishlist_sidebar' element cannot be added as child to 'sidebar.additional', because the latter doesn't exist [] []
[2026-01-27T19:19:54.389398+00:00] main.INFO: Broken reference: the 'paypal.partner.right.logo' element cannot be added as child to 'sidebar.additional', because the latter doesn't exist [] []
[2026-01-27T19:19:54.389887+00:00] main.INFO: Broken reference: the 'bml.right.logo' element cannot be added as child to 'sidebar.additional', because the latter doesn't exist [] []
[2026-01-27T19:19:54.390409+00:00] main.INFO: Broken reference: the 'sidebar.container.paylater' element cannot be added as child to 'sidebar.additional', because the latter doesn't exist [] []
